run_id,stage,domain,d,M,k,ell,candidate_id,C,gamma,a,z_raw,z,CircularBaseRange,trials,successes,success_rate,ci_low,ci_high,rho,m_grid_phase,global_classification,is_informative,dataset_seed,placement_words_sha256,config_sha256,threshold_sha256,is_frozen_prediction,status
figure3-wide-r1-20260716T130142Z-99bbe7a-db81c71f9217,figure3a,holdout_figure1b,300,67,2,6,figure3-wide-r1-a-z00-a00,,,0.11570232443340224,0.0,0,8,100,97,0.97,0.9154806357094724,0.9897454759759611,0.22333333333333333,post_freeze_wide_round_1,transition,True,figure1bc|114514|holdout_figure1b|300|67,6645a82b2d79cd282eb0105d089dcc6d4960498bfa991e649b8284621429a21a,c2be2f5ffc7007c1fefbac6a51fb9add9543261d5d5613f9cf5d19f1d5822f52,ef3f0c89d96ab326ed5c33340210b37033e47b033e9f124811cce7c80ef83b87,False,ok
figure3-wide-r1-20260716T130142Z-99bbe7a-db81c71f9217,figure3a,holdout_figure1b,300,67,2,6,figure3-wide-r1-a-z00-a01,,,0.262353279906528,0.0,0,18,100,100,1.0,0.9630065017930143,1.0,0.22333333333333333,post_freeze_wide_round_1,transition,True,figure1bc|114514|holdout_figure1b|300|67,6645a82b2d79cd282eb0105d089dcc6d4960498bfa991e649b8284621429a21a,dc9a322bca28600309b1e1e8d44b28073eae6b6de24f61361ff51df214f57593,ef3f0c89d96ab326ed5c33340210b37033e47b033e9f124811cce7c80ef83b87,False,ok
figure3-wide-r1-20260716T130142Z-99bbe7a-db81c71f9217,figure3a,holdout_figure1b,300,67,2,6,figure3-wide-r1-a-z00-a02,,,0.49155754774001204,0.0,0,33,100,100,1.0,0.9630065017930143,1.0,0.22333333333333333,post_freeze_wide_round_1,transition,True,figure1bc|114514|holdout_figure1b|300|67,6645a82b2d79cd282eb0105d089dcc6d4960498bfa991e649b8284621429a21a,79f60a60f1a34fe9538e68a78ae4d292fcc692215d57fcc8e807eb97ef7b2e5e,ef3f0c89d96ab326ed5c33340210b37033e47b033e9f124811cce7c80ef83b87,False,ok
figure3-wide-r1-20260716T130142Z-99bbe7a-db81c71f9217,figure3a,holdout_figure1b,300,67,2,6,figure3-wide-r1-a-z00-a03,,,0.7243668166820519,0.0,0,49,100,98,0.98,0.929988209271456,0.9944980324498376,0.22333333333333333,post_freeze_wide_round_1,transition,True,figure1bc|114514|holdout_figure1b|300|67,6645a82b2d79cd282eb0105d089dcc6d4960498bfa991e649b8284621429a21a,fbbd27202b834c908d89c729e4f66798efaa44b58b582fa32e414d496d18dc51,ef3f0c89d96ab326ed5c33340210b37033e47b033e9f124811cce7c80ef83b87,False,ok
figure3-wide-r1-20260716T130142Z-99bbe7a-db81c71f9217,figure3a,holdout_figure1b,300,67,2,6,figure3-wide-r1-a-z00-a04,,,0.8772052760707243,0.0,0,59,100,99,0.99,0.9455138038212946,0.9982325679358593,0.22333333333333333,post_freeze_wide_round_1,transition,True,figure1bc|114514|holdout_figure1b|300|67,6645a82b2d79cd282eb0105d089dcc6d4960498bfa991e649b8284621429a21a,20806213de3a267805e236fc8b81f43edbc0099da7d49c47b44705f3c412b5d0,ef3f0c89d96ab326ed5c33340210b37033e47b033e9f124811cce7c80ef83b87,False,ok
figure3-wide-r1-20260716T130142Z-99bbe7a-db81c71f9217,figure3a,holdout_figure1b,300,67,2,6,figure3-wide-r1-a-z00-a05,,,0.9510248413914085,0.0,0,64,100,99,0.99,0.9455138038212946,0.9982325679358593,0.22333333333333333,post_freeze_wide_round_1,transition,True,figure1bc|114514|holdout_figure1b|300|67,6645a82b2d79cd282eb0105d089dcc6d4960498bfa991e649b8284621429a21a,91f393f6697083b24c9d139ca61bb14a6689dfd3ad168a90103d1d5373a6f4a5,ef3f0c89d96ab326ed5c33340210b37033e47b033e9f124811cce7c80ef83b87,False,ok
figure3-wide-r1-20260716T130142Z-99bbe7a-db81c71f9217,figure3a,holdout_figure1b,300,67,2,6,figure3-wide-r1-a-z00-a06,,,0.9814074541817858,0.0,0,66,100,98,0.98,0.929988209271456,0.9944980324498376,0.22333333333333333,post_freeze_wide_round_1,transition,True,figure1bc|114514|holdout_figure1b|300|67,6645a82b2d79cd282eb0105d089dcc6d4960498bfa991e649b8284621429a21a,6b91147da7b28a6ee367cc7caa82d03b754e8bf0ebe6d9c302b679194732ae35,ef3f0c89d96ab326ed5c33340210b37033e47b033e9f124811cce7c80ef83b87,False,ok
figure3-wide-r1-20260716T130142Z-99bbe7a-db81c71f9217,figure3a,holdout_figure1b,300,67,2,6,figure3-wide-r1-a-z01-a00,,,0.11570232443340224,1.0,1,38,100,4,0.04,0.01566330399154762,0.0983707143588792,0.22333333333333333,post_freeze_wide_round_1,transition,True,figure1bc|114514|holdout_figure1b|300|67,6645a82b2d79cd282eb0105d089dcc6d4960498bfa991e649b8284621429a21a,57cb07ec025ea8935fa5d0e85f343772eba1ae21098e8c5fd75316ff86eef777,ef3f0c89d96ab326ed5c33340210b37033e47b033e9f124811cce7c80ef83b87,False,ok
figure3-wide-r1-20260716T130142Z-99bbe7a-db81c71f9217,figure3a,holdout_figure1b,300,67,2,6,figure3-wide-r1-a-z01-a01,,,0.262353279906528,1.0,1,43,100,24,0.24,0.16691325556948772,0.33232336349814473,0.22333333333333333,post_freeze_wide_round_1,transition,True,figure1bc|114514|holdout_figure1b|300|67,6645a82b2d79cd282eb0105d089dcc6d4960498bfa991e649b8284621429a21a,0d283c277e652c8e17b5c02b548401733e29baa1b7b3fd649e7d510d297b3fdb,ef3f0c89d96ab326ed5c33340210b37033e47b033e9f124811cce7c80ef83b87,False,ok
figure3-wide-r1-20260716T130142Z-99bbe7a-db81c71f9217,figure3a,holdout_figure1b,300,67,2,6,figure3-wide-r1-a-z01-a02,,,0.49155754774001204,1.0,1,51,100,99,0.99,0.9455138038212946,0.9982325679358593,0.22333333333333333,post_freeze_wide_round_1,transition,True,figure1bc|114514|holdout_figure1b|300|67,6645a82b2d79cd282eb0105d089dcc6d4960498bfa991e649b8284621429a21a,f9839fc268fbdd1ed7ad3357907d5cbfd7ed70e264d247615f3c1d0ede73accb,ef3f0c89d96ab326ed5c33340210b37033e47b033e9f124811cce7c80ef83b87,False,ok
figure3-wide-r1-20260716T130142Z-99bbe7a-db81c71f9217,figure3a,holdout_figure1b,300,67,2,6,figure3-wide-r1-a-z01-a03,,,0.7243668166820519,1.0,1,58,100,99,0.99,0.9455138038212946,0.9982325679358593,0.22333333333333333,post_freeze_wide_round_1,transition,True,figure1bc|114514|holdout_figure1b|300|67,6645a82b2d79cd282eb0105d089dcc6d4960498bfa991e649b8284621429a21a,a62ee2722da00f152c595e337fb0c0116dbb28480d56c79b1ca8f4eb0eaadce9,ef3f0c89d96ab326ed5c33340210b37033e47b033e9f124811cce7c80ef83b87,False,ok
figure3-wide-r1-20260716T130142Z-99bbe7a-db81c71f9217,figure3a,holdout_figure1b,300,67,2,6,figure3-wide-r1-a-z01-a04,,,0.8772052760707243,1.0,1,63,100,99,0.99,0.9455138038212946,0.9982325679358593,0.22333333333333333,post_freeze_wide_round_1,transition,True,figure1bc|114514|holdout_figure1b|300|67,6645a82b2d79cd282eb0105d089dcc6d4960498bfa991e649b8284621429a21a,d47af8423674a719df05ceb67197c08095162f18e5df6ddd24a0ec7bbb1c3ca0,ef3f0c89d96ab326ed5c33340210b37033e47b033e9f124811cce7c80ef83b87,False,ok
figure3-wide-r1-20260716T130142Z-99bbe7a-db81c71f9217,figure3a,holdout_figure1b,300,67,2,6,figure3-wide-r1-a-z01-a05,,,0.9510248413914085,1.0,1,66,100,99,0.99,0.9455138038212946,0.9982325679358593,0.22333333333333333,post_freeze_wide_round_1,transition,True,figure1bc|114514|holdout_figure1b|300|67,6645a82b2d79cd282eb0105d089dcc6d4960498bfa991e649b8284621429a21a,baf9c6e694baed8aa3ecff93e1d08d22cff4361ed91bb68b021088c5f0e8ab8f,ef3f0c89d96ab326ed5c33340210b37033e47b033e9f124811cce7c80ef83b87,False,ok
figure3-wide-r1-20260716T130142Z-99bbe7a-db81c71f9217,figure3a,holdout_figure1b,300,67,2,6,figure3-wide-r1-a-z01-a06,,,0.9814074541817858,1.0,1,67,100,100,1.0,0.9630065017930143,1.0,0.22333333333333333,post_freeze_wide_round_1,transition,True,figure1bc|114514|holdout_figure1b|300|67,6645a82b2d79cd282eb0105d089dcc6d4960498bfa991e649b8284621429a21a,a6aa7eb0e57a3071cbfc541ae5be8909a81eb92934b9057e99d84f12b12988ef,ef3f0c89d96ab326ed5c33340210b37033e47b033e9f124811cce7c80ef83b87,False,ok
figure3-wide-r1-20260716T130142Z-99bbe7a-db81c71f9217,figure3a,holdout_figure1b,300,67,2,6,figure3-wide-r1-a-z02-a00,,,0.11570232443340224,2.0,2,48,100,10,0.1,0.0552291370606751,0.17436566150491345,0.22333333333333333,post_freeze_wide_round_1,transition,True,figure1bc|114514|holdout_figure1b|300|67,6645a82b2d79cd282eb0105d089dcc6d4960498bfa991e649b8284621429a21a,07339ae906370e50eafa23294644de94bb9c4da6960ce2f18b00606607bb1e9f,ef3f0c89d96ab326ed5c33340210b37033e47b033e9f124811cce7c80ef83b87,False,ok
figure3-wide-r1-20260716T130142Z-99bbe7a-db81c71f9217,figure3a,holdout_figure1b,300,67,2,6,figure3-wide-r1-a-z02-a01,,,0.262353279906528,2.0,2,51,100,22,0.22,0.150012823846054,0.31070353514985793,0.22333333333333333,post_freeze_wide_round_1,transition,True,figure1bc|114514|holdout_figure1b|300|67,6645a82b2d79cd282eb0105d089dcc6d4960498bfa991e649b8284621429a21a,609090584c81e4a0eccd1151cefa43d94ccf3117bd6c9bc0903093b68eae3a23,ef3f0c89d96ab326ed5c33340210b37033e47b033e9f124811cce7c80ef83b87,False,ok
figure3-wide-r1-20260716T130142Z-99bbe7a-db81c71f9217,figure3a,holdout_figure1b,300,67,2,6,figure3-wide-r1-a-z02-a02,,,0.49155754774001204,2.0,2,56,100,84,0.84,0.7557973061072976,0.8990471151119521,0.22333333333333333,post_freeze_wide_round_1,transition,True,figure1bc|114514|holdout_figure1b|300|67,6645a82b2d79cd282eb0105d089dcc6d4960498bfa991e649b8284621429a21a,3fe75a579455b55c61c11d0ffb637d316b7033f9900a55bb51ba167bb2536ce0,ef3f0c89d96ab326ed5c33340210b37033e47b033e9f124811cce7c80ef83b87,False,ok
figure3-wide-r1-20260716T130142Z-99bbe7a-db81c71f9217,figure3a,holdout_figure1b,300,67,2,6,figure3-wide-r1-a-z02-a04,,,0.8772052760707243,2.0,2,65,100,100,1.0,0.9630065017930143,1.0,0.22333333333333333,post_freeze_wide_round_1,transition,True,figure1bc|114514|holdout_figure1b|300|67,6645a82b2d79cd282eb0105d089dcc6d4960498bfa991e649b8284621429a21a,2854eb4f2eca921367df42f92711b0962cda461552f09cce32062cc33eca81bb,ef3f0c89d96ab326ed5c33340210b37033e47b033e9f124811cce7c80ef83b87,False,ok
figure3-wide-r1-20260716T130142Z-99bbe7a-db81c71f9217,figure3a,holdout_figure1b,300,67,2,6,figure3-wide-r1-a-z02-a05,,,0.9510248413914085,2.0,2,66,100,98,0.98,0.929988209271456,0.9944980324498376,0.22333333333333333,post_freeze_wide_round_1,transition,True,figure1bc|114514|holdout_figure1b|300|67,6645a82b2d79cd282eb0105d089dcc6d4960498bfa991e649b8284621429a21a,43d926b5f6610d68eb4c71c6036a81ccb7898b56ea8f8c013c0e4b902df41c3c,ef3f0c89d96ab326ed5c33340210b37033e47b033e9f124811cce7c80ef83b87,False,ok
figure3-wide-r1-20260716T130142Z-99bbe7a-db81c71f9217,figure3a,holdout_figure1b,300,67,2,6,figure3-wide-r1-a-z02-a06,,,0.9814074541817858,2.0,2,67,100,99,0.99,0.9455138038212946,0.9982325679358593,0.22333333333333333,post_freeze_wide_round_1,transition,True,figure1bc|114514|holdout_figure1b|300|67,6645a82b2d79cd282eb0105d089dcc6d4960498bfa991e649b8284621429a21a,191c6b5bafdce500138f85759ad6bcbd99af0bca6c41d450d750dcd0c1c3a734,ef3f0c89d96ab326ed5c33340210b37033e47b033e9f124811cce7c80ef83b87,False,ok
figure3-wide-r1-20260716T130142Z-99bbe7a-db81c71f9217,figure3a,holdout_figure1b,300,67,2,6,figure3-wide-r1-a-z03-a00,,,0.11570232443340224,5.0,5,58,100,15,0.15,0.0930598528365663,0.23283559590832364,0.22333333333333333,post_freeze_wide_round_1,transition,True,figure1bc|114514|holdout_figure1b|300|67,6645a82b2d79cd282eb0105d089dcc6d4960498bfa991e649b8284621429a21a,46ed0279f4303034b255229243c02d4488d4641c2b25e261c3900baedcf55a42,ef3f0c89d96ab326ed5c33340210b37033e47b033e9f124811cce7c80ef83b87,False,ok
figure3-wide-r1-20260716T130142Z-99bbe7a-db81c71f9217,figure3a,holdout_figure1b,300,67,2,6,figure3-wide-r1-a-z03-a01,,,0.262353279906528,5.0,5,59,100,17,0.17,0.10893566114059931,0.25548004767601123,0.22333333333333333,post_freeze_wide_round_1,transition,True,figure1bc|114514|holdout_figure1b|300|67,6645a82b2d79cd282eb0105d089dcc6d4960498bfa991e649b8284621429a21a,a19571b6e3260343193e2557f7aeafb85fa28a99771b9734bd546cb94622a8b0,ef3f0c89d96ab326ed5c33340210b37033e47b033e9f124811cce7c80ef83b87,False,ok
figure3-wide-r1-20260716T130142Z-99bbe7a-db81c71f9217,figure3a,holdout_figure1b,300,67,2,6,figure3-wide-r1-a-z03-a02,,,0.49155754774001204,5.0,5,62,100,44,0.44,0.34672026630160796,0.5377189534832302,0.22333333333333333,post_freeze_wide_round_1,transition,True,figure1bc|114514|holdout_figure1b|300|67,6645a82b2d79cd282eb0105d089dcc6d4960498bfa991e649b8284621429a21a,4b8b9f87ef04cc529e3a78f69b6c3a3d9ecb88fc41d4fa44780b6aafc0ff6d6c,ef3f0c89d96ab326ed5c33340210b37033e47b033e9f124811cce7c80ef83b87,False,ok
figure3-wide-r1-20260716T130142Z-99bbe7a-db81c71f9217,figure3a,holdout_figure1b,300,67,2,6,figure3-wide-r1-a-z03-a03,,,0.7243668166820519,5.0,5,64,100,59,0.59,0.4920143005341078,0.6813268697886348,0.22333333333333333,post_freeze_wide_round_1,transition,True,figure1bc|114514|holdout_figure1b|300|67,6645a82b2d79cd282eb0105d089dcc6d4960498bfa991e649b8284621429a21a,ac4008d3f56f496e03b1e26a85a0f195fb6e21844fbc5aadf95f95bfecbeb8e6,ef3f0c89d96ab326ed5c33340210b37033e47b033e9f124811cce7c80ef83b87,False,ok
figure3-wide-r1-20260716T130142Z-99bbe7a-db81c71f9217,figure3a,holdout_figure1b,300,67,2,6,figure3-wide-r1-a-z03-a04,,,0.8772052760707243,5.0,5,66,100,70,0.7,0.6041514536665332,0.7810511470506724,0.22333333333333333,post_freeze_wide_round_1,transition,True,figure1bc|114514|holdout_figure1b|300|67,6645a82b2d79cd282eb0105d089dcc6d4960498bfa991e649b8284621429a21a,51d75f88f8a6d39b9ce1ab3bfb402cd072b3ba1e5deda777d0313f1e6dcf9066,ef3f0c89d96ab326ed5c33340210b37033e47b033e9f124811cce7c80ef83b87,False,ok
figure3-wide-r1-20260716T130142Z-99bbe7a-db81c71f9217,figure3a,holdout_figure1b,300,67,2,6,figure3-wide-r1-a-z03-a05,,,0.9510248413914085,5.0,5,67,100,74,0.74,0.6462901055081282,0.8159530153525186,0.22333333333333333,post_freeze_wide_round_1,transition,True,figure1bc|114514|holdout_figure1b|300|67,6645a82b2d79cd282eb0105d089dcc6d4960498bfa991e649b8284621429a21a,fcc780ffedd937d04e51c5df07634c78187940f7bc6e3be7ee89fb479821493d,ef3f0c89d96ab326ed5c33340210b37033e47b033e9f124811cce7c80ef83b87,False,ok
figure3-wide-r1-20260716T130142Z-99bbe7a-db81c71f9217,figure3a,holdout_figure1b,300,67,2,6,figure3-wide-r1-a-z03-a06,,,0.9814074541817858,5.0,5,67,100,74,0.74,0.6462901055081282,0.8159530153525186,0.22333333333333333,post_freeze_wide_round_1,transition,True,figure1bc|114514|holdout_figure1b|300|67,6645a82b2d79cd282eb0105d089dcc6d4960498bfa991e649b8284621429a21a,7afc771a6c26f84be76bea26856d7b097add85b862c9040423221baff2dfdada,ef3f0c89d96ab326ed5c33340210b37033e47b033e9f124811cce7c80ef83b87,False,ok
figure3-wide-r1-20260716T130142Z-99bbe7a-db81c71f9217,figure3a,holdout_figure1b,300,67,2,6,figure3-wide-r1-a-z04-a00,,,0.11570232443340224,12.0,12,63,100,1,0.01,0.0017674320641406505,0.054486196178705315,0.22333333333333333,post_freeze_wide_round_1,transition,True,figure1bc|114514|holdout_figure1b|300|67,6645a82b2d79cd282eb0105d089dcc6d4960498bfa991e649b8284621429a21a,28a15e315048186384140af3d397299a7ede754ff4db8594a64cecbff85bcd22,ef3f0c89d96ab326ed5c33340210b37033e47b033e9f124811cce7c80ef83b87,False,ok
figure3-wide-r1-20260716T130142Z-99bbe7a-db81c71f9217,figure3a,holdout_figure1b,300,67,2,6,figure3-wide-r1-a-z04-a01,,,0.262353279906528,12.0,12,64,100,5,0.05,0.02154367915436796,0.11175046923191913,0.22333333333333333,post_freeze_wide_round_1,transition,True,figure1bc|114514|holdout_figure1b|300|67,6645a82b2d79cd282eb0105d089dcc6d4960498bfa991e649b8284621429a21a,fc6403737a00437eb76b662f2ac67bcd3f2968568878272efbfa67c68ad1c708,ef3f0c89d96ab326ed5c33340210b37033e47b033e9f124811cce7c80ef83b87,False,ok
figure3-wide-r1-20260716T130142Z-99bbe7a-db81c71f9217,figure3a,holdout_figure1b,300,67,2,6,figure3-wide-r1-a-z04-a02,,,0.49155754774001204,12.0,12,65,100,2,0.02,0.00550196755016235,0.07001179072854388,0.22333333333333333,post_freeze_wide_round_1,transition,True,figure1bc|114514|holdout_figure1b|300|67,6645a82b2d79cd282eb0105d089dcc6d4960498bfa991e649b8284621429a21a,ec2e68d20da8cee485278eb075e9ce46f4aac684162c225bf5dfc79c26f06e74,ef3f0c89d96ab326ed5c33340210b37033e47b033e9f124811cce7c80ef83b87,False,ok
figure3-wide-r1-20260716T130142Z-99bbe7a-db81c71f9217,figure3a,holdout_figure1b,300,67,2,6,figure3-wide-r1-a-z04-a03,,,0.7243668166820519,12.0,12,66,100,8,0.08,0.041093461484380624,0.14998107700948735,0.22333333333333333,post_freeze_wide_round_1,transition,True,figure1bc|114514|holdout_figure1b|300|67,6645a82b2d79cd282eb0105d089dcc6d4960498bfa991e649b8284621429a21a,084a3c69fd85d9ba91c3b76c3b7d18ad0e4136928392fe4db0ed100225518803,ef3f0c89d96ab326ed5c33340210b37033e47b033e9f124811cce7c80ef83b87,False,ok
figure3-wide-r1-20260716T130142Z-99bbe7a-db81c71f9217,figure3a,holdout_figure1b,300,67,2,6,figure3-wide-r1-a-z04-a04,,,0.8772052760707243,12.0,12,67,100,7,0.07,0.03431926106727268,0.137495147390735,0.22333333333333333,post_freeze_wide_round_1,transition,True,figure1bc|114514|holdout_figure1b|300|67,6645a82b2d79cd282eb0105d089dcc6d4960498bfa991e649b8284621429a21a,045f8b7a4f00aa785f444ffe6d6000b7eaecd317e21bff8376d7c01061220576,ef3f0c89d96ab326ed5c33340210b37033e47b033e9f124811cce7c80ef83b87,False,ok
figure3-wide-r1-20260716T130142Z-99bbe7a-db81c71f9217,figure3a,holdout_figure1b,300,67,2,6,figure3-wide-r1-a-z04-a05,,,0.9510248413914085,12.0,12,67,100,7,0.07,0.03431926106727268,0.137495147390735,0.22333333333333333,post_freeze_wide_round_1,transition,True,figure1bc|114514|holdout_figure1b|300|67,6645a82b2d79cd282eb0105d089dcc6d4960498bfa991e649b8284621429a21a,c023b6d5cd07884ce96ab1e22908d93872e8f30eed7da938078a49941f975e30,ef3f0c89d96ab326ed5c33340210b37033e47b033e9f124811cce7c80ef83b87,False,ok
figure3-wide-r1-20260716T130142Z-99bbe7a-db81c71f9217,figure3a,holdout_figure1b,300,67,2,6,figure3-wide-r1-a-z04-a06,,,0.9814074541817858,12.0,12,67,100,7,0.07,0.03431926106727268,0.137495147390735,0.22333333333333333,post_freeze_wide_round_1,transition,True,figure1bc|114514|holdout_figure1b|300|67,6645a82b2d79cd282eb0105d089dcc6d4960498bfa991e649b8284621429a21a,4a16dfa4eb21386211bbd019d16e797ee9763365131c7a849c0cb421bf5ad3d2,ef3f0c89d96ab326ed5c33340210b37033e47b033e9f124811cce7c80ef83b87,False,ok
figure3-wide-r1-20260716T130142Z-99bbe7a-db81c71f9217,figure3a,holdout_figure1b,300,67,2,6,frozen-prediction,0.875,0.9,0.7243668166820519,1.5481811578463707,2,61,100,99,0.99,0.9455138038212946,0.9982325679358593,0.22333333333333333,post_freeze_wide_round_1,transition,True,figure1bc|114514|holdout_figure1b|300|67,6645a82b2d79cd282eb0105d089dcc6d4960498bfa991e649b8284621429a21a,7ce5e93f15e3dc52eab1d4f63872565994fb10ba8490cd0e25a754114453aab1,ef3f0c89d96ab326ed5c33340210b37033e47b033e9f124811cce7c80ef83b87,True,ok
figure3-wide-r1-20260716T130142Z-99bbe7a-db81c71f9217,figure3b,holdout_figure1b,300,72,2,6,figure3-wide-r1-b-z00-a00,,,0.11570232443340224,0.0,0,9,100,100,1.0,0.9630065017930143,1.0,0.24,post_freeze_wide_round_1,transition,True,figure1bc|114514|holdout_figure1b|300|72,26565b7447de1372231ee5b5c71f23a3563d760c3bf055b955ba8f5be43301c5,b0b6530fc6162d810be1f74c533f7ce547185919656b89e801324dc3c1c3ebd1,ef3f0c89d96ab326ed5c33340210b37033e47b033e9f124811cce7c80ef83b87,False,ok
figure3-wide-r1-20260716T130142Z-99bbe7a-db81c71f9217,figure3b,holdout_figure1b,300,72,2,6,figure3-wide-r1-b-z00-a01,,,0.262353279906528,0.0,0,19,100,100,1.0,0.9630065017930143,1.0,0.24,post_freeze_wide_round_1,transition,True,figure1bc|114514|holdout_figure1b|300|72,26565b7447de1372231ee5b5c71f23a3563d760c3bf055b955ba8f5be43301c5,7b57493fb4b66cdbed49a50779726839601550f02db0ee53e1a1c5a0754df1fc,ef3f0c89d96ab326ed5c33340210b37033e47b033e9f124811cce7c80ef83b87,False,ok
figure3-wide-r1-20260716T130142Z-99bbe7a-db81c71f9217,figure3b,holdout_figure1b,300,72,2,6,figure3-wide-r1-b-z00-a02,,,0.49155754774001204,0.0,0,36,100,100,1.0,0.9630065017930143,1.0,0.24,post_freeze_wide_round_1,transition,True,figure1bc|114514|holdout_figure1b|300|72,26565b7447de1372231ee5b5c71f23a3563d760c3bf055b955ba8f5be43301c5,7187a59d78ffe75e7ba06b283b5f8c56061c38a666e0cf01e591d269540653cb,ef3f0c89d96ab326ed5c33340210b37033e47b033e9f124811cce7c80ef83b87,False,ok
figure3-wide-r1-20260716T130142Z-99bbe7a-db81c71f9217,figure3b,holdout_figure1b,300,72,2,6,figure3-wide-r1-b-z00-a03,,,0.7243668166820519,0.0,0,53,100,100,1.0,0.9630065017930143,1.0,0.24,post_freeze_wide_round_1,transition,True,figure1bc|114514|holdout_figure1b|300|72,26565b7447de1372231ee5b5c71f23a3563d760c3bf055b955ba8f5be43301c5,7705420971c6a0a1561e84689a467447fbf24d62e1a44cf3f64eb2fd0c8136a2,ef3f0c89d96ab326ed5c33340210b37033e47b033e9f124811cce7c80ef83b87,False,ok
figure3-wide-r1-20260716T130142Z-99bbe7a-db81c71f9217,figure3b,holdout_figure1b,300,72,2,6,figure3-wide-r1-b-z00-a04,,,0.8772052760707243,0.0,0,64,100,100,1.0,0.9630065017930143,1.0,0.24,post_freeze_wide_round_1,transition,True,figure1bc|114514|holdout_figure1b|300|72,26565b7447de1372231ee5b5c71f23a3563d760c3bf055b955ba8f5be43301c5,ba35d6622d2335704c5f832838348d7f75d4edc281edcc58e208d39ad1c032be,ef3f0c89d96ab326ed5c33340210b37033e47b033e9f124811cce7c80ef83b87,False,ok
figure3-wide-r1-20260716T130142Z-99bbe7a-db81c71f9217,figure3b,holdout_figure1b,300,72,2,6,figure3-wide-r1-b-z00-a05,,,0.9510248413914085,0.0,0,69,100,100,1.0,0.9630065017930143,1.0,0.24,post_freeze_wide_round_1,transition,True,figure1bc|114514|holdout_figure1b|300|72,26565b7447de1372231ee5b5c71f23a3563d760c3bf055b955ba8f5be43301c5,d27040257487799714396fbbcb3ad95f6e9a65e6d4710e7584252d941a18f976,ef3f0c89d96ab326ed5c33340210b37033e47b033e9f124811cce7c80ef83b87,False,ok
figure3-wide-r1-20260716T130142Z-99bbe7a-db81c71f9217,figure3b,holdout_figure1b,300,72,2,6,figure3-wide-r1-b-z00-a06,,,0.9814074541817858,0.0,0,71,100,100,1.0,0.9630065017930143,1.0,0.24,post_freeze_wide_round_1,transition,True,figure1bc|114514|holdout_figure1b|300|72,26565b7447de1372231ee5b5c71f23a3563d760c3bf055b955ba8f5be43301c5,36445a62b8e6fa61a01c43a2c484033fc7aaefc25ed228e58d0884126a2a611b,ef3f0c89d96ab326ed5c33340210b37033e47b033e9f124811cce7c80ef83b87,False,ok
figure3-wide-r1-20260716T130142Z-99bbe7a-db81c71f9217,figure3b,holdout_figure1b,300,72,2,6,figure3-wide-r1-b-z01-a00,,,0.11570232443340224,1.0,1,41,100,39,0.39,0.3001687400639441,0.4879698295415926,0.24,post_freeze_wide_round_1,transition,True,figure1bc|114514|holdout_figure1b|300|72,26565b7447de1372231ee5b5c71f23a3563d760c3bf055b955ba8f5be43301c5,64dca859d17b10fbd6a7b12ac552ecd4fc9f688ffba092f7e8e969e9cd866505,ef3f0c89d96ab326ed5c33340210b37033e47b033e9f124811cce7c80ef83b87,False,ok
figure3-wide-r1-20260716T130142Z-99bbe7a-db81c71f9217,figure3b,holdout_figure1b,300,72,2,6,figure3-wide-r1-b-z01-a01,,,0.262353279906528,1.0,1,46,100,82,0.82,0.7333264161369926,0.8829977450105364,0.24,post_freeze_wide_round_1,transition,True,figure1bc|114514|holdout_figure1b|300|72,26565b7447de1372231ee5b5c71f23a3563d760c3bf055b955ba8f5be43301c5,1582f056488c0485029da7a147f309772020f6949963b23762809256b84dfa06,ef3f0c89d96ab326ed5c33340210b37033e47b033e9f124811cce7c80ef83b87,False,ok
figure3-wide-r1-20260716T130142Z-99bbe7a-db81c71f9217,figure3b,holdout_figure1b,300,72,2,6,figure3-wide-r1-b-z01-a02,,,0.49155754774001204,1.0,1,54,100,99,0.99,0.9455138038212946,0.9982325679358593,0.24,post_freeze_wide_round_1,transition,True,figure1bc|114514|holdout_figure1b|300|72,26565b7447de1372231ee5b5c71f23a3563d760c3bf055b955ba8f5be43301c5,1d066b86e4f36147f046a0c719e879c111462d908a48d48328d914dcb9db14ee,ef3f0c89d96ab326ed5c33340210b37033e47b033e9f124811cce7c80ef83b87,False,ok
figure3-wide-r1-20260716T130142Z-99bbe7a-db81c71f9217,figure3b,holdout_figure1b,300,72,2,6,figure3-wide-r1-b-z01-a03,,,0.7243668166820519,1.0,1,63,100,100,1.0,0.9630065017930143,1.0,0.24,post_freeze_wide_round_1,transition,True,figure1bc|114514|holdout_figure1b|300|72,26565b7447de1372231ee5b5c71f23a3563d760c3bf055b955ba8f5be43301c5,25041920e0694b71afdfdb6138395b7499711d6bd02749451f09b7ea76aaf9d3,ef3f0c89d96ab326ed5c33340210b37033e47b033e9f124811cce7c80ef83b87,False,ok
figure3-wide-r1-20260716T130142Z-99bbe7a-db81c71f9217,figure3b,holdout_figure1b,300,72,2,6,figure3-wide-r1-b-z01-a04,,,0.8772052760707243,1.0,1,68,100,100,1.0,0.9630065017930143,1.0,0.24,post_freeze_wide_round_1,transition,True,figure1bc|114514|holdout_figure1b|300|72,26565b7447de1372231ee5b5c71f23a3563d760c3bf055b955ba8f5be43301c5,8d4596c9b2998465346af52bd0f24c5742ff3595d62f7fce5d519c12d158e2f8,ef3f0c89d96ab326ed5c33340210b37033e47b033e9f124811cce7c80ef83b87,False,ok
figure3-wide-r1-20260716T130142Z-99bbe7a-db81c71f9217,figure3b,holdout_figure1b,300,72,2,6,figure3-wide-r1-b-z01-a05,,,0.9510248413914085,1.0,1,71,100,100,1.0,0.9630065017930143,1.0,0.24,post_freeze_wide_round_1,transition,True,figure1bc|114514|holdout_figure1b|300|72,26565b7447de1372231ee5b5c71f23a3563d760c3bf055b955ba8f5be43301c5,ef88940f64310493ec04a1a7e67718dc7a1a067a30e81d80eddad44905dbd26c,ef3f0c89d96ab326ed5c33340210b37033e47b033e9f124811cce7c80ef83b87,False,ok
figure3-wide-r1-20260716T130142Z-99bbe7a-db81c71f9217,figure3b,holdout_figure1b,300,72,2,6,figure3-wide-r1-b-z01-a06,,,0.9814074541817858,1.0,1,72,100,100,1.0,0.9630065017930143,1.0,0.24,post_freeze_wide_round_1,transition,True,figure1bc|114514|holdout_figure1b|300|72,26565b7447de1372231ee5b5c71f23a3563d760c3bf055b955ba8f5be43301c5,1ecd5e7c56c4106f9640fa2cad3b886de40c6a406327a4c0fb06712ed8be52c3,ef3f0c89d96ab326ed5c33340210b37033e47b033e9f124811cce7c80ef83b87,False,ok
figure3-wide-r1-20260716T130142Z-99bbe7a-db81c71f9217,figure3b,holdout_figure1b,300,72,2,6,figure3-wide-r1-b-z02-a00,,,0.11570232443340224,2.0,2,51,100,41,0.41,0.3186731302113651,0.5079856994658921,0.24,post_freeze_wide_round_1,transition,True,figure1bc|114514|holdout_figure1b|300|72,26565b7447de1372231ee5b5c71f23a3563d760c3bf055b955ba8f5be43301c5,f89f8a1405dd3d1e7a97fd3289d8cf0fc6c800f1440cd6500674675c4f184e61,ef3f0c89d96ab326ed5c33340210b37033e47b033e9f124811cce7c80ef83b87,False,ok
figure3-wide-r1-20260716T130142Z-99bbe7a-db81c71f9217,figure3b,holdout_figure1b,300,72,2,6,figure3-wide-r1-b-z02-a01,,,0.262353279906528,2.0,2,55,100,78,0.78,0.6892964648501421,0.8499871761539459,0.24,post_freeze_wide_round_1,transition,True,figure1bc|114514|holdout_figure1b|300|72,26565b7447de1372231ee5b5c71f23a3563d760c3bf055b955ba8f5be43301c5,ff4429103297a81948b90f83e0f87a296d1222df639e1b24a99fd5a30ce8d788,ef3f0c89d96ab326ed5c33340210b37033e47b033e9f124811cce7c80ef83b87,False,ok
figure3-wide-r1-20260716T130142Z-99bbe7a-db81c71f9217,figure3b,holdout_figure1b,300,72,2,6,figure3-wide-r1-b-z02-a02,,,0.49155754774001204,2.0,2,60,100,99,0.99,0.9455138038212946,0.9982325679358593,0.24,post_freeze_wide_round_1,transition,True,figure1bc|114514|holdout_figure1b|300|72,26565b7447de1372231ee5b5c71f23a3563d760c3bf055b955ba8f5be43301c5,5da3738ebb7cef9882eca992c0306ac01dd451ed0bc509db2388c165bb76d183,ef3f0c89d96ab326ed5c33340210b37033e47b033e9f124811cce7c80ef83b87,False,ok
figure3-wide-r1-20260716T130142Z-99bbe7a-db81c71f9217,figure3b,holdout_figure1b,300,72,2,6,figure3-wide-r1-b-z02-a04,,,0.8772052760707243,2.0,2,70,100,100,1.0,0.9630065017930143,1.0,0.24,post_freeze_wide_round_1,transition,True,figure1bc|114514|holdout_figure1b|300|72,26565b7447de1372231ee5b5c71f23a3563d760c3bf055b955ba8f5be43301c5,ef0a7efc32fc14c94e6e0f7826b336582773180568d681e8aa615469956822dc,ef3f0c89d96ab326ed5c33340210b37033e47b033e9f124811cce7c80ef83b87,False,ok
figure3-wide-r1-20260716T130142Z-99bbe7a-db81c71f9217,figure3b,holdout_figure1b,300,72,2,6,figure3-wide-r1-b-z02-a05,,,0.9510248413914085,2.0,2,71,100,100,1.0,0.9630065017930143,1.0,0.24,post_freeze_wide_round_1,transition,True,figure1bc|114514|holdout_figure1b|300|72,26565b7447de1372231ee5b5c71f23a3563d760c3bf055b955ba8f5be43301c5,69b1e583f6cb79871f1d71fbcfb4f97a2f5562dfdee19f3a6994c1e3f5c373be,ef3f0c89d96ab326ed5c33340210b37033e47b033e9f124811cce7c80ef83b87,False,ok
figure3-wide-r1-20260716T130142Z-99bbe7a-db81c71f9217,figure3b,holdout_figure1b,300,72,2,6,figure3-wide-r1-b-z02-a06,,,0.9814074541817858,2.0,2,72,100,100,1.0,0.9630065017930143,1.0,0.24,post_freeze_wide_round_1,transition,True,figure1bc|114514|holdout_figure1b|300|72,26565b7447de1372231ee5b5c71f23a3563d760c3bf055b955ba8f5be43301c5,0eb613bb64025d65c46bb624f0ebde12591d65c68fbd5da293bcb4ce2e4a47c9,ef3f0c89d96ab326ed5c33340210b37033e47b033e9f124811cce7c80ef83b87,False,ok
figure3-wide-r1-20260716T130142Z-99bbe7a-db81c71f9217,figure3b,holdout_figure1b,300,72,2,6,figure3-wide-r1-b-z03-a00,,,0.11570232443340224,5.0,5,62,100,60,0.6,0.5020025867910618,0.6905987135675411,0.24,post_freeze_wide_round_1,transition,True,figure1bc|114514|holdout_figure1b|300|72,26565b7447de1372231ee5b5c71f23a3563d760c3bf055b955ba8f5be43301c5,69099a4e7971d226cc4e06e6710812ec1d9adadf47efeb1d61855a8c8cfa2e8e,ef3f0c89d96ab326ed5c33340210b37033e47b033e9f124811cce7c80ef83b87,False,ok
figure3-wide-r1-20260716T130142Z-99bbe7a-db81c71f9217,figure3b,holdout_figure1b,300,72,2,6,figure3-wide-r1-b-z03-a01,,,0.262353279906528,5.0,5,64,100,77,0.77,0.6784561697712622,0.8415673411969654,0.24,post_freeze_wide_round_1,transition,True,figure1bc|114514|holdout_figure1b|300|72,26565b7447de1372231ee5b5c71f23a3563d760c3bf055b955ba8f5be43301c5,0d672f3512990a3db516eab5349c7e4997d5b89662923f6fc373eebfe88a508d,ef3f0c89d96ab326ed5c33340210b37033e47b033e9f124811cce7c80ef83b87,False,ok
figure3-wide-r1-20260716T130142Z-99bbe7a-db81c71f9217,figure3b,holdout_figure1b,300,72,2,6,figure3-wide-r1-b-z03-a02,,,0.49155754774001204,5.0,5,66,100,79,0.79,0.7002003116591013,0.858343459380847,0.24,post_freeze_wide_round_1,transition,True,figure1bc|114514|holdout_figure1b|300|72,26565b7447de1372231ee5b5c71f23a3563d760c3bf055b955ba8f5be43301c5,918b0bac255b99600253ffa6e29f58e6cf923f2ed96d1edde1d7bc39b6e12067,ef3f0c89d96ab326ed5c33340210b37033e47b033e9f124811cce7c80ef83b87,False,ok
figure3-wide-r1-20260716T130142Z-99bbe7a-db81c71f9217,figure3b,holdout_figure1b,300,72,2,6,figure3-wide-r1-b-z03-a03,,,0.7243668166820519,5.0,5,69,100,95,0.95,0.8882495307680808,0.9784563208456319,0.24,post_freeze_wide_round_1,transition,True,figure1bc|114514|holdout_figure1b|300|72,26565b7447de1372231ee5b5c71f23a3563d760c3bf055b955ba8f5be43301c5,9e7cc0b76765bdb6b8a0cb87da204e4addb461ea5b8d72430aa9dcbd721c18e4,ef3f0c89d96ab326ed5c33340210b37033e47b033e9f124811cce7c80ef83b87,False,ok
figure3-wide-r1-20260716T130142Z-99bbe7a-db81c71f9217,figure3b,holdout_figure1b,300,72,2,6,figure3-wide-r1-b-z03-a04,,,0.8772052760707243,5.0,5,71,100,91,0.91,0.837737871472837,0.9519274599974348,0.24,post_freeze_wide_round_1,transition,True,figure1bc|114514|holdout_figure1b|300|72,26565b7447de1372231ee5b5c71f23a3563d760c3bf055b955ba8f5be43301c5,c336e5f6bc4abece1acbe6d0a89ac7a39e86eaebbb27eef3ea5b1583dc3af25c,ef3f0c89d96ab326ed5c33340210b37033e47b033e9f124811cce7c80ef83b87,False,ok
figure3-wide-r1-20260716T130142Z-99bbe7a-db81c71f9217,figure3b,holdout_figure1b,300,72,2,6,figure3-wide-r1-b-z03-a05,,,0.9510248413914085,5.0,5,72,100,96,0.96,0.9016292856411208,0.9843366960084523,0.24,post_freeze_wide_round_1,transition,True,figure1bc|114514|holdout_figure1b|300|72,26565b7447de1372231ee5b5c71f23a3563d760c3bf055b955ba8f5be43301c5,21011edd137d16d6fdf48b2284a754133cdc4b4ada5f437fc8f2e87002d33b04,ef3f0c89d96ab326ed5c33340210b37033e47b033e9f124811cce7c80ef83b87,False,ok
figure3-wide-r1-20260716T130142Z-99bbe7a-db81c71f9217,figure3b,holdout_figure1b,300,72,2,6,figure3-wide-r1-b-z03-a06,,,0.9814074541817858,5.0,5,72,100,96,0.96,0.9016292856411208,0.9843366960084523,0.24,post_freeze_wide_round_1,transition,True,figure1bc|114514|holdout_figure1b|300|72,26565b7447de1372231ee5b5c71f23a3563d760c3bf055b955ba8f5be43301c5,57406716cc10098dc61cdbfb8dd43ca6c72b9d82f44d2efc2ae631869c0f2c19,ef3f0c89d96ab326ed5c33340210b37033e47b033e9f124811cce7c80ef83b87,False,ok
figure3-wide-r1-20260716T130142Z-99bbe7a-db81c71f9217,figure3b,holdout_figure1b,300,72,2,6,figure3-wide-r1-b-z04-a00,,,0.11570232443340224,12.0,12,68,100,10,0.1,0.0552291370606751,0.17436566150491345,0.24,post_freeze_wide_round_1,transition,True,figure1bc|114514|holdout_figure1b|300|72,26565b7447de1372231ee5b5c71f23a3563d760c3bf055b955ba8f5be43301c5,8724e47f9d3eb3632a1f1c7f29c9092870dd3873422b0f66737c1220184cbc28,ef3f0c89d96ab326ed5c33340210b37033e47b033e9f124811cce7c80ef83b87,False,ok
figure3-wide-r1-20260716T130142Z-99bbe7a-db81c71f9217,figure3b,holdout_figure1b,300,72,2,6,figure3-wide-r1-b-z04-a01,,,0.262353279906528,12.0,12,69,100,14,0.14,0.08526343659939134,0.22137188210963837,0.24,post_freeze_wide_round_1,transition,True,figure1bc|114514|holdout_figure1b|300|72,26565b7447de1372231ee5b5c71f23a3563d760c3bf055b955ba8f5be43301c5,0cc6dac847ada204623a0a9e231e93c55585a217b832aa706498dc0d89c24e63,ef3f0c89d96ab326ed5c33340210b37033e47b033e9f124811cce7c80ef83b87,False,ok
figure3-wide-r1-20260716T130142Z-99bbe7a-db81c71f9217,figure3b,holdout_figure1b,300,72,2,6,figure3-wide-r1-b-z04-a02,,,0.49155754774001204,12.0,12,70,100,15,0.15,0.0930598528365663,0.23283559590832364,0.24,post_freeze_wide_round_1,transition,True,figure1bc|114514|holdout_figure1b|300|72,26565b7447de1372231ee5b5c71f23a3563d760c3bf055b955ba8f5be43301c5,790a306294151467a50a1e291a421668f51f4df02ced5813aff3f4b837b84314,ef3f0c89d96ab326ed5c33340210b37033e47b033e9f124811cce7c80ef83b87,False,ok
figure3-wide-r1-20260716T130142Z-99bbe7a-db81c71f9217,figure3b,holdout_figure1b,300,72,2,6,figure3-wide-r1-b-z04-a03,,,0.7243668166820519,12.0,12,71,100,25,0.25,0.17545211362287672,0.34304463548061603,0.24,post_freeze_wide_round_1,transition,True,figure1bc|114514|holdout_figure1b|300|72,26565b7447de1372231ee5b5c71f23a3563d760c3bf055b955ba8f5be43301c5,bae8c63506460235f078f0a1885d1d3139041e409afb85b0591e8c29edd09c3c,ef3f0c89d96ab326ed5c33340210b37033e47b033e9f124811cce7c80ef83b87,False,ok
figure3-wide-r1-20260716T130142Z-99bbe7a-db81c71f9217,figure3b,holdout_figure1b,300,72,2,6,figure3-wide-r1-b-z04-a04,,,0.8772052760707243,12.0,12,72,100,25,0.25,0.17545211362287672,0.34304463548061603,0.24,post_freeze_wide_round_1,transition,True,figure1bc|114514|holdout_figure1b|300|72,26565b7447de1372231ee5b5c71f23a3563d760c3bf055b955ba8f5be43301c5,181dd6d72650a02fbdc7683a65940125c108a2a9078b38357028dfbb30f7cfc6,ef3f0c89d96ab326ed5c33340210b37033e47b033e9f124811cce7c80ef83b87,False,ok
figure3-wide-r1-20260716T130142Z-99bbe7a-db81c71f9217,figure3b,holdout_figure1b,300,72,2,6,figure3-wide-r1-b-z04-a05,,,0.9510248413914085,12.0,12,72,100,25,0.25,0.17545211362287672,0.34304463548061603,0.24,post_freeze_wide_round_1,transition,True,figure1bc|114514|holdout_figure1b|300|72,26565b7447de1372231ee5b5c71f23a3563d760c3bf055b955ba8f5be43301c5,cccecfa15109cda2ac5de233ee7ddc2c450831255cc8068cb98ca9a8acf96308,ef3f0c89d96ab326ed5c33340210b37033e47b033e9f124811cce7c80ef83b87,False,ok
figure3-wide-r1-20260716T130142Z-99bbe7a-db81c71f9217,figure3b,holdout_figure1b,300,72,2,6,figure3-wide-r1-b-z04-a06,,,0.9814074541817858,12.0,12,72,100,25,0.25,0.17545211362287672,0.34304463548061603,0.24,post_freeze_wide_round_1,transition,True,figure1bc|114514|holdout_figure1b|300|72,26565b7447de1372231ee5b5c71f23a3563d760c3bf055b955ba8f5be43301c5,049e1916a2914490ed563d3f578005099ef3e76bb3af4e43fc2b9a4b892cabc8,ef3f0c89d96ab326ed5c33340210b37033e47b033e9f124811cce7c80ef83b87,False,ok
figure3-wide-r1-20260716T130142Z-99bbe7a-db81c71f9217,figure3b,holdout_figure1b,300,72,2,6,frozen-prediction,0.875,0.9,0.7243668166820519,1.5857729624015182,2,66,100,100,1.0,0.9630065017930143,1.0,0.24,post_freeze_wide_round_1,transition,True,figure1bc|114514|holdout_figure1b|300|72,26565b7447de1372231ee5b5c71f23a3563d760c3bf055b955ba8f5be43301c5,4a7c0aafb00c2335d759d0e7159ba4248baf72704a0c6299b07161f8b2c35553,ef3f0c89d96ab326ed5c33340210b37033e47b033e9f124811cce7c80ef83b87,True,ok
figure3-wide-r1-20260716T130142Z-99bbe7a-db81c71f9217,figure3c,holdout_figure1b,1000,211,2,6,figure3-wide-r1-c-z00-a00,,,0.11570232443340224,0.0,0,25,100,97,0.97,0.9154806357094724,0.9897454759759611,0.211,post_freeze_wide_round_1,transition,True,figure1bc|114514|holdout_figure1b|1000|211,67b28e569249f8d4f5c46de41f8e29ace088920455149a8b2781717a21b64091,a6bd2997dd4eff63b0c66f5d8183d426c9d318886dab3e43e95a7503850171eb,ef3f0c89d96ab326ed5c33340210b37033e47b033e9f124811cce7c80ef83b87,False,ok
figure3-wide-r1-20260716T130142Z-99bbe7a-db81c71f9217,figure3c,holdout_figure1b,1000,211,2,6,figure3-wide-r1-c-z00-a01,,,0.262353279906528,0.0,0,56,100,96,0.96,0.9016292856411208,0.9843366960084523,0.211,post_freeze_wide_round_1,transition,True,figure1bc|114514|holdout_figure1b|1000|211,67b28e569249f8d4f5c46de41f8e29ace088920455149a8b2781717a21b64091,1e1e8a63a49a3dd5353376d321d92d6939296ab295f764aa662b4dcab7ff6822,ef3f0c89d96ab326ed5c33340210b37033e47b033e9f124811cce7c80ef83b87,False,ok
figure3-wide-r1-20260716T130142Z-99bbe7a-db81c71f9217,figure3c,holdout_figure1b,1000,211,2,6,figure3-wide-r1-c-z00-a02,,,0.49155754774001204,0.0,0,104,100,95,0.95,0.8882495307680808,0.9784563208456319,0.211,post_freeze_wide_round_1,transition,True,figure1bc|114514|holdout_figure1b|1000|211,67b28e569249f8d4f5c46de41f8e29ace088920455149a8b2781717a21b64091,a80f73a05fe76952c651182ddbe3b3724c27c635d998f1e8c4d7ddea7c9abc62,ef3f0c89d96ab326ed5c33340210b37033e47b033e9f124811cce7c80ef83b87,False,ok
figure3-wide-r1-20260716T130142Z-99bbe7a-db81c71f9217,figure3c,holdout_figure1b,1000,211,2,6,figure3-wide-r1-c-z00-a03,,,0.7243668166820519,0.0,0,153,100,87,0.87,0.7901964855992357,0.9224283257275948,0.211,post_freeze_wide_round_1,transition,True,figure1bc|114514|holdout_figure1b|1000|211,67b28e569249f8d4f5c46de41f8e29ace088920455149a8b2781717a21b64091,b36897ffb235b251059b5fd6d27d6909fc10963d82a0de9e862389920b2da994,ef3f0c89d96ab326ed5c33340210b37033e47b033e9f124811cce7c80ef83b87,False,ok
figure3-wide-r1-20260716T130142Z-99bbe7a-db81c71f9217,figure3c,holdout_figure1b,1000,211,2,6,figure3-wide-r1-c-z00-a04,,,0.8772052760707243,0.0,0,186,100,93,0.93,0.8625048526092651,0.9656807389327273,0.211,post_freeze_wide_round_1,transition,True,figure1bc|114514|holdout_figure1b|1000|211,67b28e569249f8d4f5c46de41f8e29ace088920455149a8b2781717a21b64091,0f549af5ab6670f7c3ed994a09119cbfccb54da8ef14fa8f07f5dc6b4e5fe615,ef3f0c89d96ab326ed5c33340210b37033e47b033e9f124811cce7c80ef83b87,False,ok
figure3-wide-r1-20260716T130142Z-99bbe7a-db81c71f9217,figure3c,holdout_figure1b,1000,211,2,6,figure3-wide-r1-c-z00-a05,,,0.9510248413914085,0.0,0,201,100,95,0.95,0.8882495307680808,0.9784563208456319,0.211,post_freeze_wide_round_1,transition,True,figure1bc|114514|holdout_figure1b|1000|211,67b28e569249f8d4f5c46de41f8e29ace088920455149a8b2781717a21b64091,436ce69eb318894a18923020f176249a34837be5eea1719092429d863b432a5d,ef3f0c89d96ab326ed5c33340210b37033e47b033e9f124811cce7c80ef83b87,False,ok
figure3-wide-r1-20260716T130142Z-99bbe7a-db81c71f9217,figure3c,holdout_figure1b,1000,211,2,6,figure3-wide-r1-c-z00-a06,,,0.9814074541817858,0.0,0,208,100,95,0.95,0.8882495307680808,0.9784563208456319,0.211,post_freeze_wide_round_1,transition,True,figure1bc|114514|holdout_figure1b|1000|211,67b28e569249f8d4f5c46de41f8e29ace088920455149a8b2781717a21b64091,edd588c2cb75ed6a6f5b3e038646b84413c1c5b4a8a0e62ec84a386c1b054763,ef3f0c89d96ab326ed5c33340210b37033e47b033e9f124811cce7c80ef83b87,False,ok
figure3-wide-r1-20260716T130142Z-99bbe7a-db81c71f9217,figure3c,holdout_figure1b,1000,211,2,6,figure3-wide-r1-c-z01-a00,,,0.11570232443340224,1.0,1,119,100,0,0.0,0.0,0.03699349820698568,0.211,post_freeze_wide_round_1,transition,True,figure1bc|114514|holdout_figure1b|1000|211,67b28e569249f8d4f5c46de41f8e29ace088920455149a8b2781717a21b64091,ba712224ecb5b98fc88e202055102fc69dedbf9ba16fe2054e3b99201af5577e,ef3f0c89d96ab326ed5c33340210b37033e47b033e9f124811cce7c80ef83b87,False,ok
figure3-wide-r1-20260716T130142Z-99bbe7a-db81c71f9217,figure3c,holdout_figure1b,1000,211,2,6,figure3-wide-r1-c-z01-a01,,,0.262353279906528,1.0,1,134,100,2,0.02,0.00550196755016235,0.07001179072854388,0.211,post_freeze_wide_round_1,transition,True,figure1bc|114514|holdout_figure1b|1000|211,67b28e569249f8d4f5c46de41f8e29ace088920455149a8b2781717a21b64091,04f6ea5878a80f3d723d8c6f12558b6823b0435459bad834c65ee005906b31cf,ef3f0c89d96ab326ed5c33340210b37033e47b033e9f124811cce7c80ef83b87,False,ok
figure3-wide-r1-20260716T130142Z-99bbe7a-db81c71f9217,figure3c,holdout_figure1b,1000,211,2,6,figure3-wide-r1-c-z01-a02,,,0.49155754774001204,1.0,1,158,100,90,0.9,0.8256343384950865,0.9447708629393249,0.211,post_freeze_wide_round_1,transition,True,figure1bc|114514|holdout_figure1b|1000|211,67b28e569249f8d4f5c46de41f8e29ace088920455149a8b2781717a21b64091,d598d19c053c0edfdc4ce6f194f7719500529c61fc793cdb82dd3d6be0fae19c,ef3f0c89d96ab326ed5c33340210b37033e47b033e9f124811cce7c80ef83b87,False,ok
figure3-wide-r1-20260716T130142Z-99bbe7a-db81c71f9217,figure3c,holdout_figure1b,1000,211,2,6,figure3-wide-r1-c-z01-a03,,,0.7243668166820519,1.0,1,183,100,98,0.98,0.929988209271456,0.9944980324498376,0.211,post_freeze_wide_round_1,transition,True,figure1bc|114514|holdout_figure1b|1000|211,67b28e569249f8d4f5c46de41f8e29ace088920455149a8b2781717a21b64091,05f47d4cf9c388249737f7bfd873dae802199b15ad7f637f91feadab6a4f9a5f,ef3f0c89d96ab326ed5c33340210b37033e47b033e9f124811cce7c80ef83b87,False,ok
figure3-wide-r1-20260716T130142Z-99bbe7a-db81c71f9217,figure3c,holdout_figure1b,1000,211,2,6,figure3-wide-r1-c-z01-a04,,,0.8772052760707243,1.0,1,199,100,93,0.93,0.8625048526092651,0.9656807389327273,0.211,post_freeze_wide_round_1,transition,True,figure1bc|114514|holdout_figure1b|1000|211,67b28e569249f8d4f5c46de41f8e29ace088920455149a8b2781717a21b64091,7ea798698c78d60b5117af117ac3ec1f59702d7f4ebf2cd11be9f3f8ff3382eb,ef3f0c89d96ab326ed5c33340210b37033e47b033e9f124811cce7c80ef83b87,False,ok
figure3-wide-r1-20260716T130142Z-99bbe7a-db81c71f9217,figure3c,holdout_figure1b,1000,211,2,6,figure3-wide-r1-c-z01-a05,,,0.9510248413914085,1.0,1,206,100,93,0.93,0.8625048526092651,0.9656807389327273,0.211,post_freeze_wide_round_1,transition,True,figure1bc|114514|holdout_figure1b|1000|211,67b28e569249f8d4f5c46de41f8e29ace088920455149a8b2781717a21b64091,c7401629f8a1196610d6febe1c0faeff23762af39ae60bd0b91785ab74f8ab39,ef3f0c89d96ab326ed5c33340210b37033e47b033e9f124811cce7c80ef83b87,False,ok
figure3-wide-r1-20260716T130142Z-99bbe7a-db81c71f9217,figure3c,holdout_figure1b,1000,211,2,6,figure3-wide-r1-c-z01-a06,,,0.9814074541817858,1.0,1,210,100,93,0.93,0.8625048526092651,0.9656807389327273,0.211,post_freeze_wide_round_1,transition,True,figure1bc|114514|holdout_figure1b|1000|211,67b28e569249f8d4f5c46de41f8e29ace088920455149a8b2781717a21b64091,7c4c0b6fe8facc3ab8d099af80993364a94bd54aaba542e7032873416aeb15c8,ef3f0c89d96ab326ed5c33340210b37033e47b033e9f124811cce7c80ef83b87,False,ok
figure3-wide-r1-20260716T130142Z-99bbe7a-db81c71f9217,figure3c,holdout_figure1b,1000,211,2,6,figure3-wide-r1-c-z02-a00,,,0.11570232443340224,2.0,2,150,100,0,0.0,0.0,0.03699349820698568,0.211,post_freeze_wide_round_1,transition,True,figure1bc|114514|holdout_figure1b|1000|211,67b28e569249f8d4f5c46de41f8e29ace088920455149a8b2781717a21b64091,3dcd0c68a46c101dcdc0cd666b571f55b9842b7d70672ab29ee046df30b5047f,ef3f0c89d96ab326ed5c33340210b37033e47b033e9f124811cce7c80ef83b87,False,ok
figure3-wide-r1-20260716T130142Z-99bbe7a-db81c71f9217,figure3c,holdout_figure1b,1000,211,2,6,figure3-wide-r1-c-z02-a01,,,0.262353279906528,2.0,2,160,100,1,0.01,0.0017674320641406505,0.054486196178705315,0.211,post_freeze_wide_round_1,transition,True,figure1bc|114514|holdout_figure1b|1000|211,67b28e569249f8d4f5c46de41f8e29ace088920455149a8b2781717a21b64091,ffe0f5502e69cc35ed6ea7f639928a39083b67f7816fda61c1c1e8f3108c532d,ef3f0c89d96ab326ed5c33340210b37033e47b033e9f124811cce7c80ef83b87,False,ok
figure3-wide-r1-20260716T130142Z-99bbe7a-db81c71f9217,figure3c,holdout_figure1b,1000,211,2,6,figure3-wide-r1-c-z02-a02,,,0.49155754774001204,2.0,2,176,100,83,0.83,0.7445199523239887,0.8910643388594006,0.211,post_freeze_wide_round_1,transition,True,figure1bc|114514|holdout_figure1b|1000|211,67b28e569249f8d4f5c46de41f8e29ace088920455149a8b2781717a21b64091,2b2885770395ee32422a5c48ca250f37ef2e1b41bdb915ecfb55b6cf74649c5b,ef3f0c89d96ab326ed5c33340210b37033e47b033e9f124811cce7c80ef83b87,False,ok
figure3-wide-r1-20260716T130142Z-99bbe7a-db81c71f9217,figure3c,holdout_figure1b,1000,211,2,6,figure3-wide-r1-c-z02-a04,,,0.8772052760707243,2.0,2,203,100,99,0.99,0.9455138038212946,0.9982325679358593,0.211,post_freeze_wide_round_1,transition,True,figure1bc|114514|holdout_figure1b|1000|211,67b28e569249f8d4f5c46de41f8e29ace088920455149a8b2781717a21b64091,0604eb4f34ae9c6da4448e06084431edae6143951b07fdcfca96d4c353911ff9,ef3f0c89d96ab326ed5c33340210b37033e47b033e9f124811cce7c80ef83b87,False,ok
figure3-wide-r1-20260716T130142Z-99bbe7a-db81c71f9217,figure3c,holdout_figure1b,1000,211,2,6,figure3-wide-r1-c-z02-a05,,,0.9510248413914085,2.0,2,208,100,98,0.98,0.929988209271456,0.9944980324498376,0.211,post_freeze_wide_round_1,transition,True,figure1bc|114514|holdout_figure1b|1000|211,67b28e569249f8d4f5c46de41f8e29ace088920455149a8b2781717a21b64091,1ed0a4414326f670114662fb4945b22d8e2de4e872a469c4c784cb84d253e12b,ef3f0c89d96ab326ed5c33340210b37033e47b033e9f124811cce7c80ef83b87,False,ok
figure3-wide-r1-20260716T130142Z-99bbe7a-db81c71f9217,figure3c,holdout_figure1b,1000,211,2,6,figure3-wide-r1-c-z02-a06,,,0.9814074541817858,2.0,2,210,100,97,0.97,0.9154806357094724,0.9897454759759611,0.211,post_freeze_wide_round_1,transition,True,figure1bc|114514|holdout_figure1b|1000|211,67b28e569249f8d4f5c46de41f8e29ace088920455149a8b2781717a21b64091,9edc0903645bd65106b2bb11efac317cca3d29f47c422154e4377542e461271b,ef3f0c89d96ab326ed5c33340210b37033e47b033e9f124811cce7c80ef83b87,False,ok
figure3-wide-r1-20260716T130142Z-99bbe7a-db81c71f9217,figure3c,holdout_figure1b,1000,211,2,6,figure3-wide-r1-c-z03-a00,,,0.11570232443340224,5.0,5,181,100,5,0.05,0.02154367915436796,0.11175046923191913,0.211,post_freeze_wide_round_1,transition,True,figure1bc|114514|holdout_figure1b|1000|211,67b28e569249f8d4f5c46de41f8e29ace088920455149a8b2781717a21b64091,d98e9e944ba4eca2ab993daec6936a57d9ba0d43de86c77d61a519dadc5a14e8,ef3f0c89d96ab326ed5c33340210b37033e47b033e9f124811cce7c80ef83b87,False,ok
figure3-wide-r1-20260716T130142Z-99bbe7a-db81c71f9217,figure3c,holdout_figure1b,1000,211,2,6,figure3-wide-r1-c-z03-a01,,,0.262353279906528,5.0,5,186,100,15,0.15,0.0930598528365663,0.23283559590832364,0.211,post_freeze_wide_round_1,transition,True,figure1bc|114514|holdout_figure1b|1000|211,67b28e569249f8d4f5c46de41f8e29ace088920455149a8b2781717a21b64091,1cf69f0b93453396fec91cb74e2d94775d1b15c876c139371f8451d50a299b0f,ef3f0c89d96ab326ed5c33340210b37033e47b033e9f124811cce7c80ef83b87,False,ok
figure3-wide-r1-20260716T130142Z-99bbe7a-db81c71f9217,figure3c,holdout_figure1b,1000,211,2,6,figure3-wide-r1-c-z03-a02,,,0.49155754774001204,5.0,5,194,100,69,0.69,0.5937394428051057,0.7722030278762395,0.211,post_freeze_wide_round_1,transition,True,figure1bc|114514|holdout_figure1b|1000|211,67b28e569249f8d4f5c46de41f8e29ace088920455149a8b2781717a21b64091,725f4d3e5c90e001e8263cf8bb56ec1490e25271061cbcbef2d7b3743405cc73,ef3f0c89d96ab326ed5c33340210b37033e47b033e9f124811cce7c80ef83b87,False,ok
figure3-wide-r1-20260716T130142Z-99bbe7a-db81c71f9217,figure3c,holdout_figure1b,1000,211,2,6,figure3-wide-r1-c-z03-a03,,,0.7243668166820519,5.0,5,202,100,93,0.93,0.8625048526092651,0.9656807389327273,0.211,post_freeze_wide_round_1,transition,True,figure1bc|114514|holdout_figure1b|1000|211,67b28e569249f8d4f5c46de41f8e29ace088920455149a8b2781717a21b64091,d245459dd260ef4b8fdb4b315e6e33cc642dfb7bdc83193f20ef6674aefd4845,ef3f0c89d96ab326ed5c33340210b37033e47b033e9f124811cce7c80ef83b87,False,ok
figure3-wide-r1-20260716T130142Z-99bbe7a-db81c71f9217,figure3c,holdout_figure1b,1000,211,2,6,figure3-wide-r1-c-z03-a04,,,0.8772052760707243,5.0,5,207,100,98,0.98,0.929988209271456,0.9944980324498376,0.211,post_freeze_wide_round_1,transition,True,figure1bc|114514|holdout_figure1b|1000|211,67b28e569249f8d4f5c46de41f8e29ace088920455149a8b2781717a21b64091,800e5c8c66af6c88f2ec34e99875f40b74d53d2a11a2484b18e7d04fa077e357,ef3f0c89d96ab326ed5c33340210b37033e47b033e9f124811cce7c80ef83b87,False,ok
figure3-wide-r1-20260716T130142Z-99bbe7a-db81c71f9217,figure3c,holdout_figure1b,1000,211,2,6,figure3-wide-r1-c-z03-a05,,,0.9510248413914085,5.0,5,210,100,95,0.95,0.8882495307680808,0.9784563208456319,0.211,post_freeze_wide_round_1,transition,True,figure1bc|114514|holdout_figure1b|1000|211,67b28e569249f8d4f5c46de41f8e29ace088920455149a8b2781717a21b64091,fba7dfb21f638cd52b745d974df49858409a301c59f769233b3f0cf1496980b9,ef3f0c89d96ab326ed5c33340210b37033e47b033e9f124811cce7c80ef83b87,False,ok
figure3-wide-r1-20260716T130142Z-99bbe7a-db81c71f9217,figure3c,holdout_figure1b,1000,211,2,6,figure3-wide-r1-c-z03-a06,,,0.9814074541817858,5.0,5,211,100,98,0.98,0.929988209271456,0.9944980324498376,0.211,post_freeze_wide_round_1,transition,True,figure1bc|114514|holdout_figure1b|1000|211,67b28e569249f8d4f5c46de41f8e29ace088920455149a8b2781717a21b64091,787a84eb48766e5dc0bf2d14944fb5bf8430c0c20d6c1844694e5b24e98143fd,ef3f0c89d96ab326ed5c33340210b37033e47b033e9f124811cce7c80ef83b87,False,ok
figure3-wide-r1-20260716T130142Z-99bbe7a-db81c71f9217,figure3c,holdout_figure1b,1000,211,2,6,figure3-wide-r1-c-z04-a00,,,0.11570232443340224,12.0,12,197,100,0,0.0,0.0,0.03699349820698568,0.211,post_freeze_wide_round_1,transition,True,figure1bc|114514|holdout_figure1b|1000|211,67b28e569249f8d4f5c46de41f8e29ace088920455149a8b2781717a21b64091,81a74eb8bb1074931c411f0ec743d16c5f08ecb2d025ac14212e5c81ea4863db,ef3f0c89d96ab326ed5c33340210b37033e47b033e9f124811cce7c80ef83b87,False,ok
figure3-wide-r1-20260716T130142Z-99bbe7a-db81c71f9217,figure3c,holdout_figure1b,1000,211,2,6,figure3-wide-r1-c-z04-a01,,,0.262353279906528,12.0,12,200,100,4,0.04,0.01566330399154762,0.0983707143588792,0.211,post_freeze_wide_round_1,transition,True,figure1bc|114514|holdout_figure1b|1000|211,67b28e569249f8d4f5c46de41f8e29ace088920455149a8b2781717a21b64091,37c186525d3c00277dd4f151cf94309be93b98d9f356a70d49a3dc51270c86b4,ef3f0c89d96ab326ed5c33340210b37033e47b033e9f124811cce7c80ef83b87,False,ok
figure3-wide-r1-20260716T130142Z-99bbe7a-db81c71f9217,figure3c,holdout_figure1b,1000,211,2,6,figure3-wide-r1-c-z04-a02,,,0.49155754774001204,12.0,12,203,100,10,0.1,0.0552291370606751,0.17436566150491345,0.211,post_freeze_wide_round_1,transition,True,figure1bc|114514|holdout_figure1b|1000|211,67b28e569249f8d4f5c46de41f8e29ace088920455149a8b2781717a21b64091,4529172afc2f2eafb7c66f8fac8fc1d5db76ba07ec3e8b09f992631ebfb383ff,ef3f0c89d96ab326ed5c33340210b37033e47b033e9f124811cce7c80ef83b87,False,ok
figure3-wide-r1-20260716T130142Z-99bbe7a-db81c71f9217,figure3c,holdout_figure1b,1000,211,2,6,figure3-wide-r1-c-z04-a03,,,0.7243668166820519,12.0,12,207,100,30,0.3,0.2189488529493276,0.3958485463334666,0.211,post_freeze_wide_round_1,transition,True,figure1bc|114514|holdout_figure1b|1000|211,67b28e569249f8d4f5c46de41f8e29ace088920455149a8b2781717a21b64091,1187f2818848f7ffc4ba9b2d8b2d8694aef07dace673a2a289e5b98c9c184c63,ef3f0c89d96ab326ed5c33340210b37033e47b033e9f124811cce7c80ef83b87,False,ok
figure3-wide-r1-20260716T130142Z-99bbe7a-db81c71f9217,figure3c,holdout_figure1b,1000,211,2,6,figure3-wide-r1-c-z04-a04,,,0.8772052760707243,12.0,12,210,100,34,0.34,0.25461520797348164,0.43722271145275377,0.211,post_freeze_wide_round_1,transition,True,figure1bc|114514|holdout_figure1b|1000|211,67b28e569249f8d4f5c46de41f8e29ace088920455149a8b2781717a21b64091,a3d6cef8cb1b5e48f6269d8eef9580358176a5dcbd5e4e47001fbe405aa323e0,ef3f0c89d96ab326ed5c33340210b37033e47b033e9f124811cce7c80ef83b87,False,ok
figure3-wide-r1-20260716T130142Z-99bbe7a-db81c71f9217,figure3c,holdout_figure1b,1000,211,2,6,figure3-wide-r1-c-z04-a05,,,0.9510248413914085,12.0,12,211,100,27,0.27,0.1926958414957634,0.36432116767944994,0.211,post_freeze_wide_round_1,transition,True,figure1bc|114514|holdout_figure1b|1000|211,67b28e569249f8d4f5c46de41f8e29ace088920455149a8b2781717a21b64091,46470ec5760b72be0abbe20824f22caa5c3bf25380c2100f7d7f922587abf7bc,ef3f0c89d96ab326ed5c33340210b37033e47b033e9f124811cce7c80ef83b87,False,ok
figure3-wide-r1-20260716T130142Z-99bbe7a-db81c71f9217,figure3c,holdout_figure1b,1000,211,2,6,figure3-wide-r1-c-z04-a06,,,0.9814074541817858,12.0,12,211,100,27,0.27,0.1926958414957634,0.36432116767944994,0.211,post_freeze_wide_round_1,transition,True,figure1bc|114514|holdout_figure1b|1000|211,67b28e569249f8d4f5c46de41f8e29ace088920455149a8b2781717a21b64091,08f88acafb48843d2990c462f5228f77c16e62504913622207f1d16a873d733b,ef3f0c89d96ab326ed5c33340210b37033e47b033e9f124811cce7c80ef83b87,False,ok
figure3-wide-r1-20260716T130142Z-99bbe7a-db81c71f9217,figure3c,holdout_figure1b,1000,211,2,6,frozen-prediction,0.875,0.9,0.7243668166820519,2.269295203055566,2,192,100,100,1.0,0.9630065017930143,1.0,0.211,post_freeze_wide_round_1,transition,True,figure1bc|114514|holdout_figure1b|1000|211,67b28e569249f8d4f5c46de41f8e29ace088920455149a8b2781717a21b64091,9197aea246255a22af03bf8a35ed8c8e294873c2be117cc0e8548eb731ed2f2e,ef3f0c89d96ab326ed5c33340210b37033e47b033e9f124811cce7c80ef83b87,True,ok
figure3-wide-r1-20260716T130142Z-99bbe7a-db81c71f9217,figure3d,holdout_figure1b,1000,224,2,6,figure3-wide-r1-d-z00-a00,,,0.11570232443340224,0.0,0,26,100,100,1.0,0.9630065017930143,1.0,0.224,post_freeze_wide_round_1,transition,True,figure1bc|114514|holdout_figure1b|1000|224,07fd5e60a054af08ea73d0e0337afae706d14a83d6411cba1ff370024ffbd84e,f395f2a0f3d4ef49a44988436ea5fc119bce3f109e2b904289ae3502cc33e1e8,ef3f0c89d96ab326ed5c33340210b37033e47b033e9f124811cce7c80ef83b87,False,ok
figure3-wide-r1-20260716T130142Z-99bbe7a-db81c71f9217,figure3d,holdout_figure1b,1000,224,2,6,figure3-wide-r1-d-z00-a01,,,0.262353279906528,0.0,0,59,100,100,1.0,0.9630065017930143,1.0,0.224,post_freeze_wide_round_1,transition,True,figure1bc|114514|holdout_figure1b|1000|224,07fd5e60a054af08ea73d0e0337afae706d14a83d6411cba1ff370024ffbd84e,2b81e15baaabc74b7b974354299cd2b4ab36ba805d229463aeb08e697fa86b4a,ef3f0c89d96ab326ed5c33340210b37033e47b033e9f124811cce7c80ef83b87,False,ok
figure3-wide-r1-20260716T130142Z-99bbe7a-db81c71f9217,figure3d,holdout_figure1b,1000,224,2,6,figure3-wide-r1-d-z00-a02,,,0.49155754774001204,0.0,0,111,100,100,1.0,0.9630065017930143,1.0,0.224,post_freeze_wide_round_1,transition,True,figure1bc|114514|holdout_figure1b|1000|224,07fd5e60a054af08ea73d0e0337afae706d14a83d6411cba1ff370024ffbd84e,e49e1903ecca0aded8b3d06d65313b32b9365f65ea3dbc231820f09dcd5b19d3,ef3f0c89d96ab326ed5c33340210b37033e47b033e9f124811cce7c80ef83b87,False,ok
figure3-wide-r1-20260716T130142Z-99bbe7a-db81c71f9217,figure3d,holdout_figure1b,1000,224,2,6,figure3-wide-r1-d-z00-a03,,,0.7243668166820519,0.0,0,163,100,100,1.0,0.9630065017930143,1.0,0.224,post_freeze_wide_round_1,transition,True,figure1bc|114514|holdout_figure1b|1000|224,07fd5e60a054af08ea73d0e0337afae706d14a83d6411cba1ff370024ffbd84e,c2cb96331095f482806e9030746f34e652363f8fee58f171936fdbf7a2481ba0,ef3f0c89d96ab326ed5c33340210b37033e47b033e9f124811cce7c80ef83b87,False,ok
figure3-wide-r1-20260716T130142Z-99bbe7a-db81c71f9217,figure3d,holdout_figure1b,1000,224,2,6,figure3-wide-r1-d-z00-a04,,,0.8772052760707243,0.0,0,197,100,100,1.0,0.9630065017930143,1.0,0.224,post_freeze_wide_round_1,transition,True,figure1bc|114514|holdout_figure1b|1000|224,07fd5e60a054af08ea73d0e0337afae706d14a83d6411cba1ff370024ffbd84e,5479bdced7096a68630af1f2b3494c37851a12b3f562c0436ea065cc73de26e5,ef3f0c89d96ab326ed5c33340210b37033e47b033e9f124811cce7c80ef83b87,False,ok
figure3-wide-r1-20260716T130142Z-99bbe7a-db81c71f9217,figure3d,holdout_figure1b,1000,224,2,6,figure3-wide-r1-d-z00-a05,,,0.9510248413914085,0.0,0,214,100,100,1.0,0.9630065017930143,1.0,0.224,post_freeze_wide_round_1,transition,True,figure1bc|114514|holdout_figure1b|1000|224,07fd5e60a054af08ea73d0e0337afae706d14a83d6411cba1ff370024ffbd84e,5dce9be1335525be15aaebc3db58615d8293a383ab020e9521f07eb7d9a3a94f,ef3f0c89d96ab326ed5c33340210b37033e47b033e9f124811cce7c80ef83b87,False,ok
figure3-wide-r1-20260716T130142Z-99bbe7a-db81c71f9217,figure3d,holdout_figure1b,1000,224,2,6,figure3-wide-r1-d-z00-a06,,,0.9814074541817858,0.0,0,220,100,100,1.0,0.9630065017930143,1.0,0.224,post_freeze_wide_round_1,transition,True,figure1bc|114514|holdout_figure1b|1000|224,07fd5e60a054af08ea73d0e0337afae706d14a83d6411cba1ff370024ffbd84e,88244ecc3dacaad7588e8c9b752dc22577ab2a182658895d6124bf1e92289776,ef3f0c89d96ab326ed5c33340210b37033e47b033e9f124811cce7c80ef83b87,False,ok
figure3-wide-r1-20260716T130142Z-99bbe7a-db81c71f9217,figure3d,holdout_figure1b,1000,224,2,6,figure3-wide-r1-d-z01-a00,,,0.11570232443340224,1.0,1,125,100,1,0.01,0.0017674320641406505,0.054486196178705315,0.224,post_freeze_wide_round_1,transition,True,figure1bc|114514|holdout_figure1b|1000|224,07fd5e60a054af08ea73d0e0337afae706d14a83d6411cba1ff370024ffbd84e,e41f347522eb11f961b0c7027f2f7f019629a5a3bcf4e06b78b5ecb8e048863f,ef3f0c89d96ab326ed5c33340210b37033e47b033e9f124811cce7c80ef83b87,False,ok
figure3-wide-r1-20260716T130142Z-99bbe7a-db81c71f9217,figure3d,holdout_figure1b,1000,224,2,6,figure3-wide-r1-d-z01-a01,,,0.262353279906528,1.0,1,142,100,56,0.56,0.4622810465167699,0.6532797336983921,0.224,post_freeze_wide_round_1,transition,True,figure1bc|114514|holdout_figure1b|1000|224,07fd5e60a054af08ea73d0e0337afae706d14a83d6411cba1ff370024ffbd84e,3130bdf63afd3b0a3e80a68f5111e41e6b006eb172a84bb3a72633c4149c8a9d,ef3f0c89d96ab326ed5c33340210b37033e47b033e9f124811cce7c80ef83b87,False,ok
figure3-wide-r1-20260716T130142Z-99bbe7a-db81c71f9217,figure3d,holdout_figure1b,1000,224,2,6,figure3-wide-r1-d-z01-a02,,,0.49155754774001204,1.0,1,168,100,100,1.0,0.9630065017930143,1.0,0.224,post_freeze_wide_round_1,transition,True,figure1bc|114514|holdout_figure1b|1000|224,07fd5e60a054af08ea73d0e0337afae706d14a83d6411cba1ff370024ffbd84e,defd7a27cac98fd877755466945f96ba5561e5dfd5236922fa8682d9eb1a4dca,ef3f0c89d96ab326ed5c33340210b37033e47b033e9f124811cce7c80ef83b87,False,ok
figure3-wide-r1-20260716T130142Z-99bbe7a-db81c71f9217,figure3d,holdout_figure1b,1000,224,2,6,figure3-wide-r1-d-z01-a03,,,0.7243668166820519,1.0,1,194,100,100,1.0,0.9630065017930143,1.0,0.224,post_freeze_wide_round_1,transition,True,figure1bc|114514|holdout_figure1b|1000|224,07fd5e60a054af08ea73d0e0337afae706d14a83d6411cba1ff370024ffbd84e,fc6bf200d27b4f1b025a7992531f35a203b20fd5002bfe474e155050326dabca,ef3f0c89d96ab326ed5c33340210b37033e47b033e9f124811cce7c80ef83b87,False,ok
figure3-wide-r1-20260716T130142Z-99bbe7a-db81c71f9217,figure3d,holdout_figure1b,1000,224,2,6,figure3-wide-r1-d-z01-a04,,,0.8772052760707243,1.0,1,211,100,100,1.0,0.9630065017930143,1.0,0.224,post_freeze_wide_round_1,transition,True,figure1bc|114514|holdout_figure1b|1000|224,07fd5e60a054af08ea73d0e0337afae706d14a83d6411cba1ff370024ffbd84e,fd4bf7db2b13ed984b387c54b522bef024761265394c446fbd88fec42f2492f3,ef3f0c89d96ab326ed5c33340210b37033e47b033e9f124811cce7c80ef83b87,False,ok
figure3-wide-r1-20260716T130142Z-99bbe7a-db81c71f9217,figure3d,holdout_figure1b,1000,224,2,6,figure3-wide-r1-d-z01-a05,,,0.9510248413914085,1.0,1,219,100,100,1.0,0.9630065017930143,1.0,0.224,post_freeze_wide_round_1,transition,True,figure1bc|114514|holdout_figure1b|1000|224,07fd5e60a054af08ea73d0e0337afae706d14a83d6411cba1ff370024ffbd84e,49f48819701b00fd1e7fa41ae1e10b339dbba1b8927155b169e897d4196308a1,ef3f0c89d96ab326ed5c33340210b37033e47b033e9f124811cce7c80ef83b87,False,ok
figure3-wide-r1-20260716T130142Z-99bbe7a-db81c71f9217,figure3d,holdout_figure1b,1000,224,2,6,figure3-wide-r1-d-z01-a06,,,0.9814074541817858,1.0,1,222,100,100,1.0,0.9630065017930143,1.0,0.224,post_freeze_wide_round_1,transition,True,figure1bc|114514|holdout_figure1b|1000|224,07fd5e60a054af08ea73d0e0337afae706d14a83d6411cba1ff370024ffbd84e,ea6fbdbf5fadb60d73d6f43a4f3058167edd6171934420a4e391a92dd9f649f4,ef3f0c89d96ab326ed5c33340210b37033e47b033e9f124811cce7c80ef83b87,False,ok
figure3-wide-r1-20260716T130142Z-99bbe7a-db81c71f9217,figure3d,holdout_figure1b,1000,224,2,6,figure3-wide-r1-d-z02-a00,,,0.11570232443340224,2.0,2,159,100,5,0.05,0.02154367915436796,0.11175046923191913,0.224,post_freeze_wide_round_1,transition,True,figure1bc|114514|holdout_figure1b|1000|224,07fd5e60a054af08ea73d0e0337afae706d14a83d6411cba1ff370024ffbd84e,9bf3ea4896894aeeb6aba74c5cc0e8693aa666ac5b91b639ddb7746308bc5438,ef3f0c89d96ab326ed5c33340210b37033e47b033e9f124811cce7c80ef83b87,False,ok
figure3-wide-r1-20260716T130142Z-99bbe7a-db81c71f9217,figure3d,holdout_figure1b,1000,224,2,6,figure3-wide-r1-d-z02-a01,,,0.262353279906528,2.0,2,170,100,52,0.52,0.4231657776522397,0.615354482419481,0.224,post_freeze_wide_round_1,transition,True,figure1bc|114514|holdout_figure1b|1000|224,07fd5e60a054af08ea73d0e0337afae706d14a83d6411cba1ff370024ffbd84e,34e17b8719730560aa610ab24e1258072ed501908c3960fbb0987cd3abd08cb7,ef3f0c89d96ab326ed5c33340210b37033e47b033e9f124811cce7c80ef83b87,False,ok
figure3-wide-r1-20260716T130142Z-99bbe7a-db81c71f9217,figure3d,holdout_figure1b,1000,224,2,6,figure3-wide-r1-d-z02-a02,,,0.49155754774001204,2.0,2,187,100,99,0.99,0.9455138038212946,0.9982325679358593,0.224,post_freeze_wide_round_1,transition,True,figure1bc|114514|holdout_figure1b|1000|224,07fd5e60a054af08ea73d0e0337afae706d14a83d6411cba1ff370024ffbd84e,792fd07c38561233af8b1409e7e973e0663b3066f533f4fa50d225d45e230df5,ef3f0c89d96ab326ed5c33340210b37033e47b033e9f124811cce7c80ef83b87,False,ok
figure3-wide-r1-20260716T130142Z-99bbe7a-db81c71f9217,figure3d,holdout_figure1b,1000,224,2,6,figure3-wide-r1-d-z02-a04,,,0.8772052760707243,2.0,2,215,100,100,1.0,0.9630065017930143,1.0,0.224,post_freeze_wide_round_1,transition,True,figure1bc|114514|holdout_figure1b|1000|224,07fd5e60a054af08ea73d0e0337afae706d14a83d6411cba1ff370024ffbd84e,a348fa6e818c143755fdb00d9dacca4ff5aeeeb4651c4ee7e5461845d04aa0f6,ef3f0c89d96ab326ed5c33340210b37033e47b033e9f124811cce7c80ef83b87,False,ok
figure3-wide-r1-20260716T130142Z-99bbe7a-db81c71f9217,figure3d,holdout_figure1b,1000,224,2,6,figure3-wide-r1-d-z02-a05,,,0.9510248413914085,2.0,2,221,100,100,1.0,0.9630065017930143,1.0,0.224,post_freeze_wide_round_1,transition,True,figure1bc|114514|holdout_figure1b|1000|224,07fd5e60a054af08ea73d0e0337afae706d14a83d6411cba1ff370024ffbd84e,d56c0139fb9444949219a88406cb359f91340d6b3a5c0d3afb5079496e44c0b5,ef3f0c89d96ab326ed5c33340210b37033e47b033e9f124811cce7c80ef83b87,False,ok
figure3-wide-r1-20260716T130142Z-99bbe7a-db81c71f9217,figure3d,holdout_figure1b,1000,224,2,6,figure3-wide-r1-d-z02-a06,,,0.9814074541817858,2.0,2,223,100,100,1.0,0.9630065017930143,1.0,0.224,post_freeze_wide_round_1,transition,True,figure1bc|114514|holdout_figure1b|1000|224,07fd5e60a054af08ea73d0e0337afae706d14a83d6411cba1ff370024ffbd84e,53821cd6338139c8d87e660cfea0f06321b65c0c057e6855afa6d55201e1fa8e,ef3f0c89d96ab326ed5c33340210b37033e47b033e9f124811cce7c80ef83b87,False,ok
figure3-wide-r1-20260716T130142Z-99bbe7a-db81c71f9217,figure3d,holdout_figure1b,1000,224,2,6,figure3-wide-r1-d-z03-a00,,,0.11570232443340224,5.0,5,192,100,62,0.62,0.5220975529551107,0.7090240074752127,0.224,post_freeze_wide_round_1,transition,True,figure1bc|114514|holdout_figure1b|1000|224,07fd5e60a054af08ea73d0e0337afae706d14a83d6411cba1ff370024ffbd84e,f0486b010f33fe6113bf950740e35f79821998c57b341762ddfc60d4cd4545ab,ef3f0c89d96ab326ed5c33340210b37033e47b033e9f124811cce7c80ef83b87,False,ok
figure3-wide-r1-20260716T130142Z-99bbe7a-db81c71f9217,figure3d,holdout_figure1b,1000,224,2,6,figure3-wide-r1-d-z03-a01,,,0.262353279906528,5.0,5,197,100,83,0.83,0.7445199523239887,0.8910643388594006,0.224,post_freeze_wide_round_1,transition,True,figure1bc|114514|holdout_figure1b|1000|224,07fd5e60a054af08ea73d0e0337afae706d14a83d6411cba1ff370024ffbd84e,7b543f0c56cd670cb778e58e0c1ff73485730944b4985648c0b14b608db6927a,ef3f0c89d96ab326ed5c33340210b37033e47b033e9f124811cce7c80ef83b87,False,ok
figure3-wide-r1-20260716T130142Z-99bbe7a-db81c71f9217,figure3d,holdout_figure1b,1000,224,2,6,figure3-wide-r1-d-z03-a02,,,0.49155754774001204,5.0,5,206,100,100,1.0,0.9630065017930143,1.0,0.224,post_freeze_wide_round_1,transition,True,figure1bc|114514|holdout_figure1b|1000|224,07fd5e60a054af08ea73d0e0337afae706d14a83d6411cba1ff370024ffbd84e,4716f3b4859f8fa80d9ef7235b84973e04dc68b5b67e877cc0781abad2b2910b,ef3f0c89d96ab326ed5c33340210b37033e47b033e9f124811cce7c80ef83b87,False,ok
figure3-wide-r1-20260716T130142Z-99bbe7a-db81c71f9217,figure3d,holdout_figure1b,1000,224,2,6,figure3-wide-r1-d-z03-a03,,,0.7243668166820519,5.0,5,214,100,100,1.0,0.9630065017930143,1.0,0.224,post_freeze_wide_round_1,transition,True,figure1bc|114514|holdout_figure1b|1000|224,07fd5e60a054af08ea73d0e0337afae706d14a83d6411cba1ff370024ffbd84e,a590cd2d24a7f06b74add185ae53cb6c2fdc05affb67b498cd39dfe0e56588d9,ef3f0c89d96ab326ed5c33340210b37033e47b033e9f124811cce7c80ef83b87,False,ok
figure3-wide-r1-20260716T130142Z-99bbe7a-db81c71f9217,figure3d,holdout_figure1b,1000,224,2,6,figure3-wide-r1-d-z03-a04,,,0.8772052760707243,5.0,5,220,100,99,0.99,0.9455138038212946,0.9982325679358593,0.224,post_freeze_wide_round_1,transition,True,figure1bc|114514|holdout_figure1b|1000|224,07fd5e60a054af08ea73d0e0337afae706d14a83d6411cba1ff370024ffbd84e,20a76e2fa6b28f8aed6a9f40549b531389c8792f99704552d35178b7c8743b16,ef3f0c89d96ab326ed5c33340210b37033e47b033e9f124811cce7c80ef83b87,False,ok
figure3-wide-r1-20260716T130142Z-99bbe7a-db81c71f9217,figure3d,holdout_figure1b,1000,224,2,6,figure3-wide-r1-d-z03-a05,,,0.9510248413914085,5.0,5,223,100,100,1.0,0.9630065017930143,1.0,0.224,post_freeze_wide_round_1,transition,True,figure1bc|114514|holdout_figure1b|1000|224,07fd5e60a054af08ea73d0e0337afae706d14a83d6411cba1ff370024ffbd84e,cafc9741e7f966278acfa5d99e35a75d6056fc3b92e76034ace6785a4991cfe8,ef3f0c89d96ab326ed5c33340210b37033e47b033e9f124811cce7c80ef83b87,False,ok
figure3-wide-r1-20260716T130142Z-99bbe7a-db81c71f9217,figure3d,holdout_figure1b,1000,224,2,6,figure3-wide-r1-d-z03-a06,,,0.9814074541817858,5.0,5,224,100,100,1.0,0.9630065017930143,1.0,0.224,post_freeze_wide_round_1,transition,True,figure1bc|114514|holdout_figure1b|1000|224,07fd5e60a054af08ea73d0e0337afae706d14a83d6411cba1ff370024ffbd84e,b0c96742bf1240e32d93f271053f450be4f5c87eda9200008ffedb8dfd42bf7f,ef3f0c89d96ab326ed5c33340210b37033e47b033e9f124811cce7c80ef83b87,False,ok
figure3-wide-r1-20260716T130142Z-99bbe7a-db81c71f9217,figure3d,holdout_figure1b,1000,224,2,6,figure3-wide-r1-d-z04-a00,,,0.11570232443340224,12.0,12,209,100,44,0.44,0.34672026630160796,0.5377189534832302,0.224,post_freeze_wide_round_1,transition,True,figure1bc|114514|holdout_figure1b|1000|224,07fd5e60a054af08ea73d0e0337afae706d14a83d6411cba1ff370024ffbd84e,8e0401daabd09c3c24a3fa2cd18fecb7daef1ece148e3641782d7fcab2b28a19,ef3f0c89d96ab326ed5c33340210b37033e47b033e9f124811cce7c80ef83b87,False,ok
figure3-wide-r1-20260716T130142Z-99bbe7a-db81c71f9217,figure3d,holdout_figure1b,1000,224,2,6,figure3-wide-r1-d-z04-a01,,,0.262353279906528,12.0,12,212,100,49,0.49,0.3942199893044113,0.5865198806597283,0.224,post_freeze_wide_round_1,transition,True,figure1bc|114514|holdout_figure1b|1000|224,07fd5e60a054af08ea73d0e0337afae706d14a83d6411cba1ff370024ffbd84e,ffe94e9e5c5c64f13652b5c6a68dfd31ec6c47748b2d61ac80da7d3a28d731c1,ef3f0c89d96ab326ed5c33340210b37033e47b033e9f124811cce7c80ef83b87,False,ok
figure3-wide-r1-20260716T130142Z-99bbe7a-db81c71f9217,figure3d,holdout_figure1b,1000,224,2,6,figure3-wide-r1-d-z04-a02,,,0.49155754774001204,12.0,12,216,100,71,0.71,0.6146110882442888,0.7898516425087772,0.224,post_freeze_wide_round_1,transition,True,figure1bc|114514|holdout_figure1b|1000|224,07fd5e60a054af08ea73d0e0337afae706d14a83d6411cba1ff370024ffbd84e,b59a0bb8ad8aeb9c1246bbd888bc986ba0dbcb8998780b65a3c1e54a98834a38,ef3f0c89d96ab326ed5c33340210b37033e47b033e9f124811cce7c80ef83b87,False,ok
figure3-wide-r1-20260716T130142Z-99bbe7a-db81c71f9217,figure3d,holdout_figure1b,1000,224,2,6,figure3-wide-r1-d-z04-a03,,,0.7243668166820519,12.0,12,220,100,78,0.78,0.6892964648501421,0.8499871761539459,0.224,post_freeze_wide_round_1,transition,True,figure1bc|114514|holdout_figure1b|1000|224,07fd5e60a054af08ea73d0e0337afae706d14a83d6411cba1ff370024ffbd84e,846071af6010c97c4c6f0222177af1ecfb084a4c7adda3f6f3c8f689a51fa54e,ef3f0c89d96ab326ed5c33340210b37033e47b033e9f124811cce7c80ef83b87,False,ok
figure3-wide-r1-20260716T130142Z-99bbe7a-db81c71f9217,figure3d,holdout_figure1b,1000,224,2,6,figure3-wide-r1-d-z04-a04,,,0.8772052760707243,12.0,12,222,100,78,0.78,0.6892964648501421,0.8499871761539459,0.224,post_freeze_wide_round_1,transition,True,figure1bc|114514|holdout_figure1b|1000|224,07fd5e60a054af08ea73d0e0337afae706d14a83d6411cba1ff370024ffbd84e,88fc3685f5fde9ee3d0c9db4c7de41e60bc30ae801f7e6b1d3d4fc26b913458f,ef3f0c89d96ab326ed5c33340210b37033e47b033e9f124811cce7c80ef83b87,False,ok
figure3-wide-r1-20260716T130142Z-99bbe7a-db81c71f9217,figure3d,holdout_figure1b,1000,224,2,6,figure3-wide-r1-d-z04-a05,,,0.9510248413914085,12.0,12,224,100,80,0.8,0.7111708344068411,0.8666330666689676,0.224,post_freeze_wide_round_1,transition,True,figure1bc|114514|holdout_figure1b|1000|224,07fd5e60a054af08ea73d0e0337afae706d14a83d6411cba1ff370024ffbd84e,6875d832bbe3469a0b89c17b3897dd0639d4f8099f7a1e55ce2d256ab286744c,ef3f0c89d96ab326ed5c33340210b37033e47b033e9f124811cce7c80ef83b87,False,ok
figure3-wide-r1-20260716T130142Z-99bbe7a-db81c71f9217,figure3d,holdout_figure1b,1000,224,2,6,figure3-wide-r1-d-z04-a06,,,0.9814074541817858,12.0,12,224,100,80,0.8,0.7111708344068411,0.8666330666689676,0.224,post_freeze_wide_round_1,transition,True,figure1bc|114514|holdout_figure1b|1000|224,07fd5e60a054af08ea73d0e0337afae706d14a83d6411cba1ff370024ffbd84e,064d1ee4a02e851281ef92af7e3c6dcdf2c0f929dc53557a6a83340a34278720,ef3f0c89d96ab326ed5c33340210b37033e47b033e9f124811cce7c80ef83b87,False,ok
figure3-wide-r1-20260716T130142Z-99bbe7a-db81c71f9217,figure3d,holdout_figure1b,1000,224,2,6,frozen-prediction,0.875,0.9,0.7243668166820519,2.314974346784722,2,204,100,100,1.0,0.9630065017930143,1.0,0.224,post_freeze_wide_round_1,transition,True,figure1bc|114514|holdout_figure1b|1000|224,07fd5e60a054af08ea73d0e0337afae706d14a83d6411cba1ff370024ffbd84e,21640949d90ea2b790f18ef366cf7a06ede74d0b9f8ceb0028ac54d5f48566bc,ef3f0c89d96ab326ed5c33340210b37033e47b033e9f124811cce7c80ef83b87,True,ok
figure3-wide-r1-20260716T130142Z-99bbe7a-db81c71f9217,figure3e,holdout_figure1c,3000,596,2,6,figure3-wide-r1-e-z00-a00,,,0.11570232443340224,0.0,0,69,100,0,0.0,0.0,0.03699349820698568,0.19866666666666666,post_freeze_wide_round_1,transition,True,figure1bc|114514|holdout_figure1c|3000|596,bf8db7d70d1b615396a1c599b0cd3d6df167f6c222d8f383df81107734ea9fe6,ec872a243f8c0eb6dccffb50684e61d531b16213705cb02caee5825a2b94bfd1,ef3f0c89d96ab326ed5c33340210b37033e47b033e9f124811cce7c80ef83b87,False,ok
figure3-wide-r1-20260716T130142Z-99bbe7a-db81c71f9217,figure3e,holdout_figure1c,3000,596,2,6,figure3-wide-r1-e-z00-a01,,,0.262353279906528,0.0,0,157,100,0,0.0,0.0,0.03699349820698568,0.19866666666666666,post_freeze_wide_round_1,transition,True,figure1bc|114514|holdout_figure1c|3000|596,bf8db7d70d1b615396a1c599b0cd3d6df167f6c222d8f383df81107734ea9fe6,cd09810b5493c6d2701827bec6fd561c7cb9f63ded785ff6443aa97bf27d90fb,ef3f0c89d96ab326ed5c33340210b37033e47b033e9f124811cce7c80ef83b87,False,ok
figure3-wide-r1-20260716T130142Z-99bbe7a-db81c71f9217,figure3e,holdout_figure1c,3000,596,2,6,figure3-wide-r1-e-z00-a02,,,0.49155754774001204,0.0,0,293,100,0,0.0,0.0,0.03699349820698568,0.19866666666666666,post_freeze_wide_round_1,transition,True,figure1bc|114514|holdout_figure1c|3000|596,bf8db7d70d1b615396a1c599b0cd3d6df167f6c222d8f383df81107734ea9fe6,d15a009f0e07dbbeeb67fa46f9d9c62c2569a53d35315d804a3a5373f136775f,ef3f0c89d96ab326ed5c33340210b37033e47b033e9f124811cce7c80ef83b87,False,ok
figure3-wide-r1-20260716T130142Z-99bbe7a-db81c71f9217,figure3e,holdout_figure1c,3000,596,2,6,figure3-wide-r1-e-z00-a03,,,0.7243668166820519,0.0,0,432,100,1,0.01,0.0017674320641406505,0.054486196178705315,0.19866666666666666,post_freeze_wide_round_1,transition,True,figure1bc|114514|holdout_figure1c|3000|596,bf8db7d70d1b615396a1c599b0cd3d6df167f6c222d8f383df81107734ea9fe6,80201c5caeb90b804211240ca69bee7e8bc23593b3f1125b53ca8fd70008c8f6,ef3f0c89d96ab326ed5c33340210b37033e47b033e9f124811cce7c80ef83b87,False,ok
figure3-wide-r1-20260716T130142Z-99bbe7a-db81c71f9217,figure3e,holdout_figure1c,3000,596,2,6,figure3-wide-r1-e-z00-a04,,,0.8772052760707243,0.0,0,523,100,0,0.0,0.0,0.03699349820698568,0.19866666666666666,post_freeze_wide_round_1,transition,True,figure1bc|114514|holdout_figure1c|3000|596,bf8db7d70d1b615396a1c599b0cd3d6df167f6c222d8f383df81107734ea9fe6,58a641c501b32ca26669940dd1535194d9a977f53d58cf711a0cb4ec98bad516,ef3f0c89d96ab326ed5c33340210b37033e47b033e9f124811cce7c80ef83b87,False,ok
figure3-wide-r1-20260716T130142Z-99bbe7a-db81c71f9217,figure3e,holdout_figure1c,3000,596,2,6,figure3-wide-r1-e-z00-a05,,,0.9510248413914085,0.0,0,567,100,1,0.01,0.0017674320641406505,0.054486196178705315,0.19866666666666666,post_freeze_wide_round_1,transition,True,figure1bc|114514|holdout_figure1c|3000|596,bf8db7d70d1b615396a1c599b0cd3d6df167f6c222d8f383df81107734ea9fe6,8224732b30aa0f3419c1abf364c9ba20fb2b013425b5d649e23a8e5290578dbd,ef3f0c89d96ab326ed5c33340210b37033e47b033e9f124811cce7c80ef83b87,False,ok
figure3-wide-r1-20260716T130142Z-99bbe7a-db81c71f9217,figure3e,holdout_figure1c,3000,596,2,6,figure3-wide-r1-e-z00-a06,,,0.9814074541817858,0.0,0,585,100,0,0.0,0.0,0.03699349820698568,0.19866666666666666,post_freeze_wide_round_1,transition,True,figure1bc|114514|holdout_figure1c|3000|596,bf8db7d70d1b615396a1c599b0cd3d6df167f6c222d8f383df81107734ea9fe6,a19ce6a7c8886a9c7c75029c4a34faaa008c52ea509b228300fc7e6b9f1fb178,ef3f0c89d96ab326ed5c33340210b37033e47b033e9f124811cce7c80ef83b87,False,ok
figure3-wide-r1-20260716T130142Z-99bbe7a-db81c71f9217,figure3e,holdout_figure1c,3000,596,2,6,figure3-wide-r1-e-z01-a00,,,0.11570232443340224,2.0,2,421,100,0,0.0,0.0,0.03699349820698568,0.19866666666666666,post_freeze_wide_round_1,transition,True,figure1bc|114514|holdout_figure1c|3000|596,bf8db7d70d1b615396a1c599b0cd3d6df167f6c222d8f383df81107734ea9fe6,3b35f3dc8512ead973a29cb8f3905314fcb0392743497ffebee78c6932e20b0c,ef3f0c89d96ab326ed5c33340210b37033e47b033e9f124811cce7c80ef83b87,False,ok
figure3-wide-r1-20260716T130142Z-99bbe7a-db81c71f9217,figure3e,holdout_figure1c,3000,596,2,6,figure3-wide-r1-e-z01-a01,,,0.262353279906528,2.0,2,450,100,0,0.0,0.0,0.03699349820698568,0.19866666666666666,post_freeze_wide_round_1,transition,True,figure1bc|114514|holdout_figure1c|3000|596,bf8db7d70d1b615396a1c599b0cd3d6df167f6c222d8f383df81107734ea9fe6,75aec16ede93e3f5cd495730451dd7712b359cb68575ed9745ca09f8bceb8972,ef3f0c89d96ab326ed5c33340210b37033e47b033e9f124811cce7c80ef83b87,False,ok
figure3-wide-r1-20260716T130142Z-99bbe7a-db81c71f9217,figure3e,holdout_figure1c,3000,596,2,6,figure3-wide-r1-e-z01-a02,,,0.49155754774001204,2.0,2,496,100,4,0.04,0.01566330399154762,0.0983707143588792,0.19866666666666666,post_freeze_wide_round_1,transition,True,figure1bc|114514|holdout_figure1c|3000|596,bf8db7d70d1b615396a1c599b0cd3d6df167f6c222d8f383df81107734ea9fe6,ab51d51bfd9595e8fbf302c9943ecd51c29a4c818fc84a2e9668f172733d98d5,ef3f0c89d96ab326ed5c33340210b37033e47b033e9f124811cce7c80ef83b87,False,ok
figure3-wide-r1-20260716T130142Z-99bbe7a-db81c71f9217,figure3e,holdout_figure1c,3000,596,2,6,figure3-wide-r1-e-z01-a03,,,0.7243668166820519,2.0,2,542,100,91,0.91,0.837737871472837,0.9519274599974348,0.19866666666666666,post_freeze_wide_round_1,transition,True,figure1bc|114514|holdout_figure1c|3000|596,bf8db7d70d1b615396a1c599b0cd3d6df167f6c222d8f383df81107734ea9fe6,72edd3962a977ff9b82096b9326b9145d277e4bb6bd255e0932208f7f22a7ad0,ef3f0c89d96ab326ed5c33340210b37033e47b033e9f124811cce7c80ef83b87,False,ok
figure3-wide-r1-20260716T130142Z-99bbe7a-db81c71f9217,figure3e,holdout_figure1c,3000,596,2,6,figure3-wide-r1-e-z01-a04,,,0.8772052760707243,2.0,2,572,100,32,0.32,0.23669147324999093,0.41662618610452384,0.19866666666666666,post_freeze_wide_round_1,transition,True,figure1bc|114514|holdout_figure1c|3000|596,bf8db7d70d1b615396a1c599b0cd3d6df167f6c222d8f383df81107734ea9fe6,45a86b3b30398eeb2c72d869438e737e952c1da1f925b3920a8eb7fda5b77251,ef3f0c89d96ab326ed5c33340210b37033e47b033e9f124811cce7c80ef83b87,False,ok
figure3-wide-r1-20260716T130142Z-99bbe7a-db81c71f9217,figure3e,holdout_figure1c,3000,596,2,6,figure3-wide-r1-e-z01-a05,,,0.9510248413914085,2.0,2,587,100,1,0.01,0.0017674320641406505,0.054486196178705315,0.19866666666666666,post_freeze_wide_round_1,transition,True,figure1bc|114514|holdout_figure1c|3000|596,bf8db7d70d1b615396a1c599b0cd3d6df167f6c222d8f383df81107734ea9fe6,f689f32a6fa1f11593ebc1877db87713f51e7acec13e16445f27d939a8ccd259,ef3f0c89d96ab326ed5c33340210b37033e47b033e9f124811cce7c80ef83b87,False,ok
figure3-wide-r1-20260716T130142Z-99bbe7a-db81c71f9217,figure3e,holdout_figure1c,3000,596,2,6,figure3-wide-r1-e-z01-a06,,,0.9814074541817858,2.0,2,593,100,5,0.05,0.02154367915436796,0.11175046923191913,0.19866666666666666,post_freeze_wide_round_1,transition,True,figure1bc|114514|holdout_figure1c|3000|596,bf8db7d70d1b615396a1c599b0cd3d6df167f6c222d8f383df81107734ea9fe6,f6d473a11bde4d587a988869c3091ebd661c1b7ac3cda082d4c47ea65c8d53e5,ef3f0c89d96ab326ed5c33340210b37033e47b033e9f124811cce7c80ef83b87,False,ok
figure3-wide-r1-20260716T130142Z-99bbe7a-db81c71f9217,figure3e,holdout_figure1c,3000,596,2,6,figure3-wide-r1-e-z02-a00,,,0.11570232443340224,3.0,3,465,100,0,0.0,0.0,0.03699349820698568,0.19866666666666666,post_freeze_wide_round_1,transition,True,figure1bc|114514|holdout_figure1c|3000|596,bf8db7d70d1b615396a1c599b0cd3d6df167f6c222d8f383df81107734ea9fe6,28b11290cc7b6fc89ceec54f8e7a95ca731ee0bd813ee469ca1583b689be88e8,ef3f0c89d96ab326ed5c33340210b37033e47b033e9f124811cce7c80ef83b87,False,ok
figure3-wide-r1-20260716T130142Z-99bbe7a-db81c71f9217,figure3e,holdout_figure1c,3000,596,2,6,figure3-wide-r1-e-z02-a01,,,0.262353279906528,3.0,3,487,100,0,0.0,0.0,0.03699349820698568,0.19866666666666666,post_freeze_wide_round_1,transition,True,figure1bc|114514|holdout_figure1c|3000|596,bf8db7d70d1b615396a1c599b0cd3d6df167f6c222d8f383df81107734ea9fe6,b88a1f8418d53bd35e6d55c3573c9a329636c7d90719a4e869a12c2c264a0d6a,ef3f0c89d96ab326ed5c33340210b37033e47b033e9f124811cce7c80ef83b87,False,ok
figure3-wide-r1-20260716T130142Z-99bbe7a-db81c71f9217,figure3e,holdout_figure1c,3000,596,2,6,figure3-wide-r1-e-z02-a02,,,0.49155754774001204,3.0,3,521,100,32,0.32,0.23669147324999093,0.41662618610452384,0.19866666666666666,post_freeze_wide_round_1,transition,True,figure1bc|114514|holdout_figure1c|3000|596,bf8db7d70d1b615396a1c599b0cd3d6df167f6c222d8f383df81107734ea9fe6,c33b7c26c7d4cc66e27de8559a0bc653de5d4d8fd8489d1f26616dbd61bb871f,ef3f0c89d96ab326ed5c33340210b37033e47b033e9f124811cce7c80ef83b87,False,ok
figure3-wide-r1-20260716T130142Z-99bbe7a-db81c71f9217,figure3e,holdout_figure1c,3000,596,2,6,figure3-wide-r1-e-z02-a04,,,0.8772052760707243,3.0,3,578,100,57,0.57,0.47215389549212305,0.6626670147588988,0.19866666666666666,post_freeze_wide_round_1,transition,True,figure1bc|114514|holdout_figure1c|3000|596,bf8db7d70d1b615396a1c599b0cd3d6df167f6c222d8f383df81107734ea9fe6,b0cff9ef7c2e36203a32d1b3a62f643dfa3f18694850e72953dd2b9751323134,ef3f0c89d96ab326ed5c33340210b37033e47b033e9f124811cce7c80ef83b87,False,ok
figure3-wide-r1-20260716T130142Z-99bbe7a-db81c71f9217,figure3e,holdout_figure1c,3000,596,2,6,figure3-wide-r1-e-z02-a05,,,0.9510248413914085,3.0,3,589,100,18,0.18,0.1170022549894635,0.2666735838630073,0.19866666666666666,post_freeze_wide_round_1,transition,True,figure1bc|114514|holdout_figure1c|3000|596,bf8db7d70d1b615396a1c599b0cd3d6df167f6c222d8f383df81107734ea9fe6,9a1dddb59b2bce5c2b4a3fc913843c410b5061b9fef13182a1d6514ae2a7144c,ef3f0c89d96ab326ed5c33340210b37033e47b033e9f124811cce7c80ef83b87,False,ok
figure3-wide-r1-20260716T130142Z-99bbe7a-db81c71f9217,figure3e,holdout_figure1c,3000,596,2,6,figure3-wide-r1-e-z02-a06,,,0.9814074541817858,3.0,3,594,100,16,0.16,0.10095288488804782,0.24420269389270244,0.19866666666666666,post_freeze_wide_round_1,transition,True,figure1bc|114514|holdout_figure1c|3000|596,bf8db7d70d1b615396a1c599b0cd3d6df167f6c222d8f383df81107734ea9fe6,0b38e184b2719decd2d7e22bf94c5361b42a003f1530a402c0168b87231b9669,ef3f0c89d96ab326ed5c33340210b37033e47b033e9f124811cce7c80ef83b87,False,ok
figure3-wide-r1-20260716T130142Z-99bbe7a-db81c71f9217,figure3e,holdout_figure1c,3000,596,2,6,figure3-wide-r1-e-z03-a00,,,0.11570232443340224,8.0,8,538,100,1,0.01,0.0017674320641406505,0.054486196178705315,0.19866666666666666,post_freeze_wide_round_1,transition,True,figure1bc|114514|holdout_figure1c|3000|596,bf8db7d70d1b615396a1c599b0cd3d6df167f6c222d8f383df81107734ea9fe6,dfd3a9f2aee4e5739d31054373faec1e5cc681aad877bf98eca5d2202021d6b9,ef3f0c89d96ab326ed5c33340210b37033e47b033e9f124811cce7c80ef83b87,False,ok
figure3-wide-r1-20260716T130142Z-99bbe7a-db81c71f9217,figure3e,holdout_figure1c,3000,596,2,6,figure3-wide-r1-e-z03-a01,,,0.262353279906528,8.0,8,548,100,3,0.03,0.010254524024038925,0.0845193642905276,0.19866666666666666,post_freeze_wide_round_1,transition,True,figure1bc|114514|holdout_figure1c|3000|596,bf8db7d70d1b615396a1c599b0cd3d6df167f6c222d8f383df81107734ea9fe6,4d9b4b86d99f88ca3f42ab67d0e1ff02355ec51da74784ab87d00aadf9e137b5,ef3f0c89d96ab326ed5c33340210b37033e47b033e9f124811cce7c80ef83b87,False,ok
figure3-wide-r1-20260716T130142Z-99bbe7a-db81c71f9217,figure3e,holdout_figure1c,3000,596,2,6,figure3-wide-r1-e-z03-a02,,,0.49155754774001204,8.0,8,563,100,25,0.25,0.17545211362287672,0.34304463548061603,0.19866666666666666,post_freeze_wide_round_1,transition,True,figure1bc|114514|holdout_figure1c|3000|596,bf8db7d70d1b615396a1c599b0cd3d6df167f6c222d8f383df81107734ea9fe6,79487f2f6d11c10e4572bce2b1cfad63a6859acfdc1dd91edeed6392d31d6079,ef3f0c89d96ab326ed5c33340210b37033e47b033e9f124811cce7c80ef83b87,False,ok
figure3-wide-r1-20260716T130142Z-99bbe7a-db81c71f9217,figure3e,holdout_figure1c,3000,596,2,6,figure3-wide-r1-e-z03-a03,,,0.7243668166820519,8.0,8,578,100,64,0.64,0.5423540245160874,0.7272877959859567,0.19866666666666666,post_freeze_wide_round_1,transition,True,figure1bc|114514|holdout_figure1c|3000|596,bf8db7d70d1b615396a1c599b0cd3d6df167f6c222d8f383df81107734ea9fe6,91db3403cd75141a71abf5ee9e39562d46947a8944ca2b7d6d7e5ac84f370e2d,ef3f0c89d96ab326ed5c33340210b37033e47b033e9f124811cce7c80ef83b87,False,ok
figure3-wide-r1-20260716T130142Z-99bbe7a-db81c71f9217,figure3e,holdout_figure1c,3000,596,2,6,figure3-wide-r1-e-z03-a04,,,0.8772052760707243,8.0,8,588,100,68,0.68,0.5833738138954762,0.7633085267500092,0.19866666666666666,post_freeze_wide_round_1,transition,True,figure1bc|114514|holdout_figure1c|3000|596,bf8db7d70d1b615396a1c599b0cd3d6df167f6c222d8f383df81107734ea9fe6,47eff3c15edee62f7cea2e701d66560bad00114b955c0c786b80ba5460e2b4c0,ef3f0c89d96ab326ed5c33340210b37033e47b033e9f124811cce7c80ef83b87,False,ok
figure3-wide-r1-20260716T130142Z-99bbe7a-db81c71f9217,figure3e,holdout_figure1c,3000,596,2,6,figure3-wide-r1-e-z03-a05,,,0.9510248413914085,8.0,8,593,100,66,0.66,0.5627772885472462,0.7453847920265184,0.19866666666666666,post_freeze_wide_round_1,transition,True,figure1bc|114514|holdout_figure1c|3000|596,bf8db7d70d1b615396a1c599b0cd3d6df167f6c222d8f383df81107734ea9fe6,3800b9df5220178676a686f828a339790511f21043fc903a62abb8dd7062af21,ef3f0c89d96ab326ed5c33340210b37033e47b033e9f124811cce7c80ef83b87,False,ok
figure3-wide-r1-20260716T130142Z-99bbe7a-db81c71f9217,figure3e,holdout_figure1c,3000,596,2,6,figure3-wide-r1-e-z03-a06,,,0.9814074541817858,8.0,8,595,100,64,0.64,0.5423540245160874,0.7272877959859567,0.19866666666666666,post_freeze_wide_round_1,transition,True,figure1bc|114514|holdout_figure1c|3000|596,bf8db7d70d1b615396a1c599b0cd3d6df167f6c222d8f383df81107734ea9fe6,5e7024396452d310880287327c4f4c133dfa86dec5891f5ead495de0336654a6,ef3f0c89d96ab326ed5c33340210b37033e47b033e9f124811cce7c80ef83b87,False,ok
figure3-wide-r1-20260716T130142Z-99bbe7a-db81c71f9217,figure3e,holdout_figure1c,3000,596,2,6,figure3-wide-r1-e-z04-a00,,,0.11570232443340224,18.0,18,569,100,0,0.0,0.0,0.03699349820698568,0.19866666666666666,post_freeze_wide_round_1,transition,True,figure1bc|114514|holdout_figure1c|3000|596,bf8db7d70d1b615396a1c599b0cd3d6df167f6c222d8f383df81107734ea9fe6,913d6110b4733199a4dfb0476eb7a138465a8aedf5c81841ea6a17e313c5b404,ef3f0c89d96ab326ed5c33340210b37033e47b033e9f124811cce7c80ef83b87,False,ok
figure3-wide-r1-20260716T130142Z-99bbe7a-db81c71f9217,figure3e,holdout_figure1c,3000,596,2,6,figure3-wide-r1-e-z04-a01,,,0.262353279906528,18.0,18,574,100,0,0.0,0.0,0.03699349820698568,0.19866666666666666,post_freeze_wide_round_1,transition,True,figure1bc|114514|holdout_figure1c|3000|596,bf8db7d70d1b615396a1c599b0cd3d6df167f6c222d8f383df81107734ea9fe6,2847fba11406cd5a98795ae1dc29472d123fe3d9f788a768192f0b8ac39f283b,ef3f0c89d96ab326ed5c33340210b37033e47b033e9f124811cce7c80ef83b87,False,ok
figure3-wide-r1-20260716T130142Z-99bbe7a-db81c71f9217,figure3e,holdout_figure1c,3000,596,2,6,figure3-wide-r1-e-z04-a02,,,0.49155754774001204,18.0,18,581,100,1,0.01,0.0017674320641406505,0.054486196178705315,0.19866666666666666,post_freeze_wide_round_1,transition,True,figure1bc|114514|holdout_figure1c|3000|596,bf8db7d70d1b615396a1c599b0cd3d6df167f6c222d8f383df81107734ea9fe6,a429e2df52f762dae886335a039efb9a945676848e690fe74c278352d8cf6a32,ef3f0c89d96ab326ed5c33340210b37033e47b033e9f124811cce7c80ef83b87,False,ok
figure3-wide-r1-20260716T130142Z-99bbe7a-db81c71f9217,figure3e,holdout_figure1c,3000,596,2,6,figure3-wide-r1-e-z04-a03,,,0.7243668166820519,18.0,18,588,100,0,0.0,0.0,0.03699349820698568,0.19866666666666666,post_freeze_wide_round_1,transition,True,figure1bc|114514|holdout_figure1c|3000|596,bf8db7d70d1b615396a1c599b0cd3d6df167f6c222d8f383df81107734ea9fe6,59843453bcf98efcd02156fb0690532f347f9e8b9e5676dacd125aa27a5e252c,ef3f0c89d96ab326ed5c33340210b37033e47b033e9f124811cce7c80ef83b87,False,ok
figure3-wide-r1-20260716T130142Z-99bbe7a-db81c71f9217,figure3e,holdout_figure1c,3000,596,2,6,figure3-wide-r1-e-z04-a04,,,0.8772052760707243,18.0,18,593,100,1,0.01,0.0017674320641406505,0.054486196178705315,0.19866666666666666,post_freeze_wide_round_1,transition,True,figure1bc|114514|holdout_figure1c|3000|596,bf8db7d70d1b615396a1c599b0cd3d6df167f6c222d8f383df81107734ea9fe6,5875ba1d1b63b02a1320cc230081cecf2a14a580db460f652bfe418dd23d14e3,ef3f0c89d96ab326ed5c33340210b37033e47b033e9f124811cce7c80ef83b87,False,ok
figure3-wide-r1-20260716T130142Z-99bbe7a-db81c71f9217,figure3e,holdout_figure1c,3000,596,2,6,figure3-wide-r1-e-z04-a05,,,0.9510248413914085,18.0,18,595,100,5,0.05,0.02154367915436796,0.11175046923191913,0.19866666666666666,post_freeze_wide_round_1,transition,True,figure1bc|114514|holdout_figure1c|3000|596,bf8db7d70d1b615396a1c599b0cd3d6df167f6c222d8f383df81107734ea9fe6,bc285c49d2277ef325d271ffae2885d291b8530531c3cdfc55240596dc319ab5,ef3f0c89d96ab326ed5c33340210b37033e47b033e9f124811cce7c80ef83b87,False,ok
figure3-wide-r1-20260716T130142Z-99bbe7a-db81c71f9217,figure3e,holdout_figure1c,3000,596,2,6,figure3-wide-r1-e-z04-a06,,,0.9814074541817858,18.0,18,596,100,6,0.06,0.027786123963188192,0.1247681544589592,0.19866666666666666,post_freeze_wide_round_1,transition,True,figure1bc|114514|holdout_figure1c|3000|596,bf8db7d70d1b615396a1c599b0cd3d6df167f6c222d8f383df81107734ea9fe6,a11f250164b6b4ee42f708c73a641e980f9d402ebcd5655733d404c08e05f59e,ef3f0c89d96ab326ed5c33340210b37033e47b033e9f124811cce7c80ef83b87,False,ok
figure3-wide-r1-20260716T130142Z-99bbe7a-db81c71f9217,figure3e,holdout_figure1c,3000,596,2,6,frozen-prediction,0.875,0.9,0.7243668166820519,3.2078367850904863,3,555,100,97,0.97,0.9154806357094724,0.9897454759759611,0.19866666666666666,post_freeze_wide_round_1,transition,True,figure1bc|114514|holdout_figure1c|3000|596,bf8db7d70d1b615396a1c599b0cd3d6df167f6c222d8f383df81107734ea9fe6,b2979fca2e5aac4fdaba9332a8246f242a9d62a59b55ee56286be3778ae30f1e,ef3f0c89d96ab326ed5c33340210b37033e47b033e9f124811cce7c80ef83b87,True,ok
figure3-wide-r1-20260716T130142Z-99bbe7a-db81c71f9217,figure3f,holdout_figure1b,3000,621,2,6,figure3-wide-r1-f-z00-a00,,,0.11570232443340224,0.0,0,72,100,90,0.9,0.8256343384950865,0.9447708629393249,0.207,post_freeze_wide_round_1,transition,True,figure1bc|114514|holdout_figure1b|3000|621,d81a7a17dec88fd3c31e381ec7a0699e08acd8a24db1cb3fea282c028a7fcddb,165b3ded872f5297f93813115ddc074555fef797d326b7ea5b1128616822d84c,ef3f0c89d96ab326ed5c33340210b37033e47b033e9f124811cce7c80ef83b87,False,ok
figure3-wide-r1-20260716T130142Z-99bbe7a-db81c71f9217,figure3f,holdout_figure1b,3000,621,2,6,figure3-wide-r1-f-z00-a01,,,0.262353279906528,0.0,0,163,100,89,0.89,0.8136870349691969,0.9374580364293543,0.207,post_freeze_wide_round_1,transition,True,figure1bc|114514|holdout_figure1b|3000|621,d81a7a17dec88fd3c31e381ec7a0699e08acd8a24db1cb3fea282c028a7fcddb,0c3e451c1e2a0080053d6c178ae8b26bde7f5dbba45f1c566caf1fb5a1e6170b,ef3f0c89d96ab326ed5c33340210b37033e47b033e9f124811cce7c80ef83b87,False,ok
figure3-wide-r1-20260716T130142Z-99bbe7a-db81c71f9217,figure3f,holdout_figure1b,3000,621,2,6,figure3-wide-r1-f-z00-a02,,,0.49155754774001204,0.0,0,306,100,96,0.96,0.9016292856411208,0.9843366960084523,0.207,post_freeze_wide_round_1,transition,True,figure1bc|114514|holdout_figure1b|3000|621,d81a7a17dec88fd3c31e381ec7a0699e08acd8a24db1cb3fea282c028a7fcddb,2551ad9e403a917dfa5809c145d75ba7d240a9fa8bcd19e6365c156787a2880e,ef3f0c89d96ab326ed5c33340210b37033e47b033e9f124811cce7c80ef83b87,False,ok
figure3-wide-r1-20260716T130142Z-99bbe7a-db81c71f9217,figure3f,holdout_figure1b,3000,621,2,6,figure3-wide-r1-f-z00-a03,,,0.7243668166820519,0.0,0,450,100,92,0.92,0.8500189229905127,0.9589065385156194,0.207,post_freeze_wide_round_1,transition,True,figure1bc|114514|holdout_figure1b|3000|621,d81a7a17dec88fd3c31e381ec7a0699e08acd8a24db1cb3fea282c028a7fcddb,c8c043dc81d12414a248a328b421827dff4ed71526b0e334d1c387781f99b6d7,ef3f0c89d96ab326ed5c33340210b37033e47b033e9f124811cce7c80ef83b87,False,ok
figure3-wide-r1-20260716T130142Z-99bbe7a-db81c71f9217,figure3f,holdout_figure1b,3000,621,2,6,figure3-wide-r1-f-z00-a04,,,0.8772052760707243,0.0,0,545,100,87,0.87,0.7901964855992357,0.9224283257275948,0.207,post_freeze_wide_round_1,transition,True,figure1bc|114514|holdout_figure1b|3000|621,d81a7a17dec88fd3c31e381ec7a0699e08acd8a24db1cb3fea282c028a7fcddb,63864ca2a474a1cb824abf24dd309a456c0ceb7774f88945484dfad562e3b54b,ef3f0c89d96ab326ed5c33340210b37033e47b033e9f124811cce7c80ef83b87,False,ok
figure3-wide-r1-20260716T130142Z-99bbe7a-db81c71f9217,figure3f,holdout_figure1b,3000,621,2,6,figure3-wide-r1-f-z00-a05,,,0.9510248413914085,0.0,0,591,100,85,0.85,0.7671644040916763,0.9069401471634337,0.207,post_freeze_wide_round_1,transition,True,figure1bc|114514|holdout_figure1b|3000|621,d81a7a17dec88fd3c31e381ec7a0699e08acd8a24db1cb3fea282c028a7fcddb,91a0691af74abd597962b719cfa2e609f32b8e77eb551e37fc49977b6673602c,ef3f0c89d96ab326ed5c33340210b37033e47b033e9f124811cce7c80ef83b87,False,ok
figure3-wide-r1-20260716T130142Z-99bbe7a-db81c71f9217,figure3f,holdout_figure1b,3000,621,2,6,figure3-wide-r1-f-z00-a06,,,0.9814074541817858,0.0,0,610,100,94,0.94,0.8752318455410406,0.9722138760368118,0.207,post_freeze_wide_round_1,transition,True,figure1bc|114514|holdout_figure1b|3000|621,d81a7a17dec88fd3c31e381ec7a0699e08acd8a24db1cb3fea282c028a7fcddb,b63f9ca9ca30e3b9db850f439d37efa46d798c83fe515ed2f0adfe48e93cc37a,ef3f0c89d96ab326ed5c33340210b37033e47b033e9f124811cce7c80ef83b87,False,ok
figure3-wide-r1-20260716T130142Z-99bbe7a-db81c71f9217,figure3f,holdout_figure1b,3000,621,2,6,figure3-wide-r1-f-z01-a00,,,0.11570232443340224,2.0,2,438,100,0,0.0,0.0,0.03699349820698568,0.207,post_freeze_wide_round_1,transition,True,figure1bc|114514|holdout_figure1b|3000|621,d81a7a17dec88fd3c31e381ec7a0699e08acd8a24db1cb3fea282c028a7fcddb,4f8ab496f791bf76aed42922f84c9dcb8f50571f40e46ae292c66964458272f1,ef3f0c89d96ab326ed5c33340210b37033e47b033e9f124811cce7c80ef83b87,False,ok
figure3-wide-r1-20260716T130142Z-99bbe7a-db81c71f9217,figure3f,holdout_figure1b,3000,621,2,6,figure3-wide-r1-f-z01-a01,,,0.262353279906528,2.0,2,469,100,0,0.0,0.0,0.03699349820698568,0.207,post_freeze_wide_round_1,transition,True,figure1bc|114514|holdout_figure1b|3000|621,d81a7a17dec88fd3c31e381ec7a0699e08acd8a24db1cb3fea282c028a7fcddb,ab232e1e6a2d7ddaa947ff8aa468f9cfe8dee2acc8497042da7ebc9c0ee0fa97,ef3f0c89d96ab326ed5c33340210b37033e47b033e9f124811cce7c80ef83b87,False,ok
figure3-wide-r1-20260716T130142Z-99bbe7a-db81c71f9217,figure3f,holdout_figure1b,3000,621,2,6,figure3-wide-r1-f-z01-a02,,,0.49155754774001204,2.0,2,516,100,95,0.95,0.8882495307680808,0.9784563208456319,0.207,post_freeze_wide_round_1,transition,True,figure1bc|114514|holdout_figure1b|3000|621,d81a7a17dec88fd3c31e381ec7a0699e08acd8a24db1cb3fea282c028a7fcddb,5c37b8050262e6c59536663c1d5df0ac64180cc547223673f9ed69344798fa99,ef3f0c89d96ab326ed5c33340210b37033e47b033e9f124811cce7c80ef83b87,False,ok
figure3-wide-r1-20260716T130142Z-99bbe7a-db81c71f9217,figure3f,holdout_figure1b,3000,621,2,6,figure3-wide-r1-f-z01-a03,,,0.7243668166820519,2.0,2,564,100,100,1.0,0.9630065017930143,1.0,0.207,post_freeze_wide_round_1,transition,True,figure1bc|114514|holdout_figure1b|3000|621,d81a7a17dec88fd3c31e381ec7a0699e08acd8a24db1cb3fea282c028a7fcddb,d8a21387ca37f30e80f63e631e441c48c9e1a544513dac5bc3de26194b17eec4,ef3f0c89d96ab326ed5c33340210b37033e47b033e9f124811cce7c80ef83b87,False,ok
figure3-wide-r1-20260716T130142Z-99bbe7a-db81c71f9217,figure3f,holdout_figure1b,3000,621,2,6,figure3-wide-r1-f-z01-a04,,,0.8772052760707243,2.0,2,596,100,98,0.98,0.929988209271456,0.9944980324498376,0.207,post_freeze_wide_round_1,transition,True,figure1bc|114514|holdout_figure1b|3000|621,d81a7a17dec88fd3c31e381ec7a0699e08acd8a24db1cb3fea282c028a7fcddb,4f3f1cd469d3f8ad62c6894b2f9fc186806af073632d2da84e7fe80d9684bc78,ef3f0c89d96ab326ed5c33340210b37033e47b033e9f124811cce7c80ef83b87,False,ok
figure3-wide-r1-20260716T130142Z-99bbe7a-db81c71f9217,figure3f,holdout_figure1b,3000,621,2,6,figure3-wide-r1-f-z01-a05,,,0.9510248413914085,2.0,2,611,100,95,0.95,0.8882495307680808,0.9784563208456319,0.207,post_freeze_wide_round_1,transition,True,figure1bc|114514|holdout_figure1b|3000|621,d81a7a17dec88fd3c31e381ec7a0699e08acd8a24db1cb3fea282c028a7fcddb,ee3b0db15e1db07b06ed55320798b82fb0d414a5f52a744f90acb95431cc73d8,ef3f0c89d96ab326ed5c33340210b37033e47b033e9f124811cce7c80ef83b87,False,ok
figure3-wide-r1-20260716T130142Z-99bbe7a-db81c71f9217,figure3f,holdout_figure1b,3000,621,2,6,figure3-wide-r1-f-z01-a06,,,0.9814074541817858,2.0,2,618,100,93,0.93,0.8625048526092651,0.9656807389327273,0.207,post_freeze_wide_round_1,transition,True,figure1bc|114514|holdout_figure1b|3000|621,d81a7a17dec88fd3c31e381ec7a0699e08acd8a24db1cb3fea282c028a7fcddb,479dd679f3c7a08f0cba34b12a4a7d8b5b1e063c048de5736ea7cdf669be4907,ef3f0c89d96ab326ed5c33340210b37033e47b033e9f124811cce7c80ef83b87,False,ok
figure3-wide-r1-20260716T130142Z-99bbe7a-db81c71f9217,figure3f,holdout_figure1b,3000,621,2,6,figure3-wide-r1-f-z02-a00,,,0.11570232443340224,3.0,3,484,100,0,0.0,0.0,0.03699349820698568,0.207,post_freeze_wide_round_1,transition,True,figure1bc|114514|holdout_figure1b|3000|621,d81a7a17dec88fd3c31e381ec7a0699e08acd8a24db1cb3fea282c028a7fcddb,02cf45112b55e62586044a4949427a40f5f4f98f0fbc21ff5abe3535f8d727b3,ef3f0c89d96ab326ed5c33340210b37033e47b033e9f124811cce7c80ef83b87,False,ok
figure3-wide-r1-20260716T130142Z-99bbe7a-db81c71f9217,figure3f,holdout_figure1b,3000,621,2,6,figure3-wide-r1-f-z02-a01,,,0.262353279906528,3.0,3,507,100,3,0.03,0.010254524024038925,0.0845193642905276,0.207,post_freeze_wide_round_1,transition,True,figure1bc|114514|holdout_figure1b|3000|621,d81a7a17dec88fd3c31e381ec7a0699e08acd8a24db1cb3fea282c028a7fcddb,0ff06e6ed745490da95d9c08351da767a81e5792a2954edaa04a2bd384c4ca49,ef3f0c89d96ab326ed5c33340210b37033e47b033e9f124811cce7c80ef83b87,False,ok
figure3-wide-r1-20260716T130142Z-99bbe7a-db81c71f9217,figure3f,holdout_figure1b,3000,621,2,6,figure3-wide-r1-f-z02-a02,,,0.49155754774001204,3.0,3,543,100,94,0.94,0.8752318455410406,0.9722138760368118,0.207,post_freeze_wide_round_1,transition,True,figure1bc|114514|holdout_figure1b|3000|621,d81a7a17dec88fd3c31e381ec7a0699e08acd8a24db1cb3fea282c028a7fcddb,3cd5cecacc8bffc971d74f88dbfed7cebc942551d4fa20eb00fcc927ad5d3cd1,ef3f0c89d96ab326ed5c33340210b37033e47b033e9f124811cce7c80ef83b87,False,ok
figure3-wide-r1-20260716T130142Z-99bbe7a-db81c71f9217,figure3f,holdout_figure1b,3000,621,2,6,figure3-wide-r1-f-z02-a04,,,0.8772052760707243,3.0,3,602,100,100,1.0,0.9630065017930143,1.0,0.207,post_freeze_wide_round_1,transition,True,figure1bc|114514|holdout_figure1b|3000|621,d81a7a17dec88fd3c31e381ec7a0699e08acd8a24db1cb3fea282c028a7fcddb,d2c129a6292b650514484dcd246a6e7aec07e51b9d5978cf620089cec18d5dda,ef3f0c89d96ab326ed5c33340210b37033e47b033e9f124811cce7c80ef83b87,False,ok
figure3-wide-r1-20260716T130142Z-99bbe7a-db81c71f9217,figure3f,holdout_figure1b,3000,621,2,6,figure3-wide-r1-f-z02-a05,,,0.9510248413914085,3.0,3,614,100,97,0.97,0.9154806357094724,0.9897454759759611,0.207,post_freeze_wide_round_1,transition,True,figure1bc|114514|holdout_figure1b|3000|621,d81a7a17dec88fd3c31e381ec7a0699e08acd8a24db1cb3fea282c028a7fcddb,b617bfb941b09728d2277bd7f3ae91ead8c3f231dfb973e5a12eb882038e3ad5,ef3f0c89d96ab326ed5c33340210b37033e47b033e9f124811cce7c80ef83b87,False,ok
figure3-wide-r1-20260716T130142Z-99bbe7a-db81c71f9217,figure3f,holdout_figure1b,3000,621,2,6,figure3-wide-r1-f-z02-a06,,,0.9814074541817858,3.0,3,619,100,99,0.99,0.9455138038212946,0.9982325679358593,0.207,post_freeze_wide_round_1,transition,True,figure1bc|114514|holdout_figure1b|3000|621,d81a7a17dec88fd3c31e381ec7a0699e08acd8a24db1cb3fea282c028a7fcddb,fc8cb7d089e7e907256336aec0fc3067065bcb82b5e8266b4a6a22cd6a097906,ef3f0c89d96ab326ed5c33340210b37033e47b033e9f124811cce7c80ef83b87,False,ok
figure3-wide-r1-20260716T130142Z-99bbe7a-db81c71f9217,figure3f,holdout_figure1b,3000,621,2,6,figure3-wide-r1-f-z03-a00,,,0.11570232443340224,8.0,8,560,100,30,0.3,0.2189488529493276,0.3958485463334666,0.207,post_freeze_wide_round_1,transition,True,figure1bc|114514|holdout_figure1b|3000|621,d81a7a17dec88fd3c31e381ec7a0699e08acd8a24db1cb3fea282c028a7fcddb,cdaf785a41b6cf08a0cdfa69137f03452131dc475cfa6f38061fef68e7bbefc0,ef3f0c89d96ab326ed5c33340210b37033e47b033e9f124811cce7c80ef83b87,False,ok
figure3-wide-r1-20260716T130142Z-99bbe7a-db81c71f9217,figure3f,holdout_figure1b,3000,621,2,6,figure3-wide-r1-f-z03-a01,,,0.262353279906528,8.0,8,571,100,60,0.6,0.5020025867910618,0.6905987135675411,0.207,post_freeze_wide_round_1,transition,True,figure1bc|114514|holdout_figure1b|3000|621,d81a7a17dec88fd3c31e381ec7a0699e08acd8a24db1cb3fea282c028a7fcddb,48dbbbcce28d2342db28676202656c1d2eb35f7a7ff676cce03bcd6475a4e9f0,ef3f0c89d96ab326ed5c33340210b37033e47b033e9f124811cce7c80ef83b87,False,ok
figure3-wide-r1-20260716T130142Z-99bbe7a-db81c71f9217,figure3f,holdout_figure1b,3000,621,2,6,figure3-wide-r1-f-z03-a02,,,0.49155754774001204,8.0,8,586,100,88,0.88,0.8018790057328857,0.9300059356298052,0.207,post_freeze_wide_round_1,transition,True,figure1bc|114514|holdout_figure1b|3000|621,d81a7a17dec88fd3c31e381ec7a0699e08acd8a24db1cb3fea282c028a7fcddb,ef9bfe880c62c54506006135521c765440ef1ac737d6a5e48cc0d57394413a1c,ef3f0c89d96ab326ed5c33340210b37033e47b033e9f124811cce7c80ef83b87,False,ok
figure3-wide-r1-20260716T130142Z-99bbe7a-db81c71f9217,figure3f,holdout_figure1b,3000,621,2,6,figure3-wide-r1-f-z03-a03,,,0.7243668166820519,8.0,8,602,100,99,0.99,0.9455138038212946,0.9982325679358593,0.207,post_freeze_wide_round_1,transition,True,figure1bc|114514|holdout_figure1b|3000|621,d81a7a17dec88fd3c31e381ec7a0699e08acd8a24db1cb3fea282c028a7fcddb,e692101032e42d650f70ca137089afd5b8f6d0b23e08f48061802ccbb175f9a2,ef3f0c89d96ab326ed5c33340210b37033e47b033e9f124811cce7c80ef83b87,False,ok
figure3-wide-r1-20260716T130142Z-99bbe7a-db81c71f9217,figure3f,holdout_figure1b,3000,621,2,6,figure3-wide-r1-f-z03-a04,,,0.8772052760707243,8.0,8,613,100,99,0.99,0.9455138038212946,0.9982325679358593,0.207,post_freeze_wide_round_1,transition,True,figure1bc|114514|holdout_figure1b|3000|621,d81a7a17dec88fd3c31e381ec7a0699e08acd8a24db1cb3fea282c028a7fcddb,37caad534db63b594af74bff81a75643447054313da57f6e19bd209254931ece,ef3f0c89d96ab326ed5c33340210b37033e47b033e9f124811cce7c80ef83b87,False,ok
figure3-wide-r1-20260716T130142Z-99bbe7a-db81c71f9217,figure3f,holdout_figure1b,3000,621,2,6,figure3-wide-r1-f-z03-a05,,,0.9510248413914085,8.0,8,618,100,100,1.0,0.9630065017930143,1.0,0.207,post_freeze_wide_round_1,transition,True,figure1bc|114514|holdout_figure1b|3000|621,d81a7a17dec88fd3c31e381ec7a0699e08acd8a24db1cb3fea282c028a7fcddb,e2ed3c907080cd0b20e6d69f1b4d0f94ae6a70c98797de264e3b6848b0400937,ef3f0c89d96ab326ed5c33340210b37033e47b033e9f124811cce7c80ef83b87,False,ok
figure3-wide-r1-20260716T130142Z-99bbe7a-db81c71f9217,figure3f,holdout_figure1b,3000,621,2,6,figure3-wide-r1-f-z03-a06,,,0.9814074541817858,8.0,8,620,100,100,1.0,0.9630065017930143,1.0,0.207,post_freeze_wide_round_1,transition,True,figure1bc|114514|holdout_figure1b|3000|621,d81a7a17dec88fd3c31e381ec7a0699e08acd8a24db1cb3fea282c028a7fcddb,bd1ec01dad524e61524bf34ebee5ecc7253c8b120881f32971bca78d8a0c4a24,ef3f0c89d96ab326ed5c33340210b37033e47b033e9f124811cce7c80ef83b87,False,ok
figure3-wide-r1-20260716T130142Z-99bbe7a-db81c71f9217,figure3f,holdout_figure1b,3000,621,2,6,figure3-wide-r1-f-z04-a00,,,0.11570232443340224,18.0,18,593,100,9,0.09,0.04807254000256516,0.1622621285271631,0.207,post_freeze_wide_round_1,transition,True,figure1bc|114514|holdout_figure1b|3000|621,d81a7a17dec88fd3c31e381ec7a0699e08acd8a24db1cb3fea282c028a7fcddb,e713447cf8dd27754377e9eb25447970ed3b444a848c47b2b5e4d878c508c414,ef3f0c89d96ab326ed5c33340210b37033e47b033e9f124811cce7c80ef83b87,False,ok
figure3-wide-r1-20260716T130142Z-99bbe7a-db81c71f9217,figure3f,holdout_figure1b,3000,621,2,6,figure3-wide-r1-f-z04-a01,,,0.262353279906528,18.0,18,598,100,13,0.13,0.07757167427240512,0.20980351440076428,0.207,post_freeze_wide_round_1,transition,True,figure1bc|114514|holdout_figure1b|3000|621,d81a7a17dec88fd3c31e381ec7a0699e08acd8a24db1cb3fea282c028a7fcddb,4c59a5211f87a4d310c15a49cd77c5056f401362cc60215614ab4f97fc5c4024,ef3f0c89d96ab326ed5c33340210b37033e47b033e9f124811cce7c80ef83b87,False,ok
figure3-wide-r1-20260716T130142Z-99bbe7a-db81c71f9217,figure3f,holdout_figure1b,3000,621,2,6,figure3-wide-r1-f-z04-a02,,,0.49155754774001204,18.0,18,605,100,28,0.28,0.20139685211186212,0.3748802870992116,0.207,post_freeze_wide_round_1,transition,True,figure1bc|114514|holdout_figure1b|3000|621,d81a7a17dec88fd3c31e381ec7a0699e08acd8a24db1cb3fea282c028a7fcddb,a91ae549020b358fd949ae6b8d22c9e1095ae7094139d6e42aab4040f77ea6b1,ef3f0c89d96ab326ed5c33340210b37033e47b033e9f124811cce7c80ef83b87,False,ok
figure3-wide-r1-20260716T130142Z-99bbe7a-db81c71f9217,figure3f,holdout_figure1b,3000,621,2,6,figure3-wide-r1-f-z04-a03,,,0.7243668166820519,18.0,18,613,100,56,0.56,0.4622810465167699,0.6532797336983921,0.207,post_freeze_wide_round_1,transition,True,figure1bc|114514|holdout_figure1b|3000|621,d81a7a17dec88fd3c31e381ec7a0699e08acd8a24db1cb3fea282c028a7fcddb,621eb4609c3605f3c6d95746c27926511531f506af62436dfa8e39b9f3d43eda,ef3f0c89d96ab326ed5c33340210b37033e47b033e9f124811cce7c80ef83b87,False,ok
figure3-wide-r1-20260716T130142Z-99bbe7a-db81c71f9217,figure3f,holdout_figure1b,3000,621,2,6,figure3-wide-r1-f-z04-a04,,,0.8772052760707243,18.0,18,618,100,66,0.66,0.5627772885472462,0.7453847920265184,0.207,post_freeze_wide_round_1,transition,True,figure1bc|114514|holdout_figure1b|3000|621,d81a7a17dec88fd3c31e381ec7a0699e08acd8a24db1cb3fea282c028a7fcddb,cc96364fb187470c2d34e5cdbff5e18aabb3ccb27786580d100e26165c9be066,ef3f0c89d96ab326ed5c33340210b37033e47b033e9f124811cce7c80ef83b87,False,ok
figure3-wide-r1-20260716T130142Z-99bbe7a-db81c71f9217,figure3f,holdout_figure1b,3000,621,2,6,figure3-wide-r1-f-z04-a05,,,0.9510248413914085,18.0,18,620,100,63,0.63,0.5322052958094291,0.7181763946567546,0.207,post_freeze_wide_round_1,transition,True,figure1bc|114514|holdout_figure1b|3000|621,d81a7a17dec88fd3c31e381ec7a0699e08acd8a24db1cb3fea282c028a7fcddb,5d87f20ef3546a9ea22bb6522e9a68af4e2cf5c0ec176f37cd4dde01cab6da66,ef3f0c89d96ab326ed5c33340210b37033e47b033e9f124811cce7c80ef83b87,False,ok
figure3-wide-r1-20260716T130142Z-99bbe7a-db81c71f9217,figure3f,holdout_figure1b,3000,621,2,6,figure3-wide-r1-f-z04-a06,,,0.9814074541817858,18.0,18,621,100,57,0.57,0.47215389549212305,0.6626670147588988,0.207,post_freeze_wide_round_1,transition,True,figure1bc|114514|holdout_figure1b|3000|621,d81a7a17dec88fd3c31e381ec7a0699e08acd8a24db1cb3fea282c028a7fcddb,a468bf749f8f5e39fe185f3de89faa80e6bd77c5d42cba436d844856f71dd1e3,ef3f0c89d96ab326ed5c33340210b37033e47b033e9f124811cce7c80ef83b87,False,ok
figure3-wide-r1-20260716T130142Z-99bbe7a-db81c71f9217,figure3f,holdout_figure1b,3000,621,2,6,frozen-prediction,0.875,0.9,0.7243668166820519,3.252076177414614,3,579,100,100,1.0,0.9630065017930143,1.0,0.207,post_freeze_wide_round_1,transition,True,figure1bc|114514|holdout_figure1b|3000|621,d81a7a17dec88fd3c31e381ec7a0699e08acd8a24db1cb3fea282c028a7fcddb,839aa6b29b53cc502fef26a30e0a070de898ee129469d2d4c121f74787a233b2,ef3f0c89d96ab326ed5c33340210b37033e47b033e9f124811cce7c80ef83b87,True,ok
figure3-wide-r1-20260716T130142Z-99bbe7a-db81c71f9217,figure3g,holdout_figure1b,10000,1948,2,6,figure3-wide-r1-g-z00-a00,,,0.11570232443340224,0.0,0,226,100,0,0.0,0.0,0.03699349820698568,0.1948,post_freeze_wide_round_1,transition,True,figure1bc|114514|holdout_figure1b|10000|1948,763e2724b2d1776e3bdb26712d3a2982a210e4c56e46cb75413f409d8f8b2091,c550f21f981f26e0739162809e2a266fa8bd6b665ff9ac71bb00335db245a7ee,ef3f0c89d96ab326ed5c33340210b37033e47b033e9f124811cce7c80ef83b87,False,ok
figure3-wide-r1-20260716T130142Z-99bbe7a-db81c71f9217,figure3g,holdout_figure1b,10000,1948,2,6,figure3-wide-r1-g-z00-a01,,,0.262353279906528,0.0,0,512,100,0,0.0,0.0,0.03699349820698568,0.1948,post_freeze_wide_round_1,transition,True,figure1bc|114514|holdout_figure1b|10000|1948,763e2724b2d1776e3bdb26712d3a2982a210e4c56e46cb75413f409d8f8b2091,d4099fd3f0e447d2742e9ff277b260cfb9fdcee16554d0fa47747b65e098812e,ef3f0c89d96ab326ed5c33340210b37033e47b033e9f124811cce7c80ef83b87,False,ok
figure3-wide-r1-20260716T130142Z-99bbe7a-db81c71f9217,figure3g,holdout_figure1b,10000,1948,2,6,figure3-wide-r1-g-z00-a02,,,0.49155754774001204,0.0,0,958,100,0,0.0,0.0,0.03699349820698568,0.1948,post_freeze_wide_round_1,transition,True,figure1bc|114514|holdout_figure1b|10000|1948,763e2724b2d1776e3bdb26712d3a2982a210e4c56e46cb75413f409d8f8b2091,322561c1bb098525bbeb278eafd13823afe7efa5b504a2e2c057ffa8d5a3a1d2,ef3f0c89d96ab326ed5c33340210b37033e47b033e9f124811cce7c80ef83b87,False,ok
figure3-wide-r1-20260716T130142Z-99bbe7a-db81c71f9217,figure3g,holdout_figure1b,10000,1948,2,6,figure3-wide-r1-g-z00-a03,,,0.7243668166820519,0.0,0,1412,100,0,0.0,0.0,0.03699349820698568,0.1948,post_freeze_wide_round_1,transition,True,figure1bc|114514|holdout_figure1b|10000|1948,763e2724b2d1776e3bdb26712d3a2982a210e4c56e46cb75413f409d8f8b2091,3ef911478757b84f063c80a6a8f8c22785443f9f988ec763071f9513de9cce3a,ef3f0c89d96ab326ed5c33340210b37033e47b033e9f124811cce7c80ef83b87,False,ok
figure3-wide-r1-20260716T130142Z-99bbe7a-db81c71f9217,figure3g,holdout_figure1b,10000,1948,2,6,figure3-wide-r1-g-z00-a04,,,0.8772052760707243,0.0,0,1709,100,0,0.0,0.0,0.03699349820698568,0.1948,post_freeze_wide_round_1,transition,True,figure1bc|114514|holdout_figure1b|10000|1948,763e2724b2d1776e3bdb26712d3a2982a210e4c56e46cb75413f409d8f8b2091,6941454fb0a8985a2c38e93aac28e1fa5135868818e1d7983000e4d5ff2d109d,ef3f0c89d96ab326ed5c33340210b37033e47b033e9f124811cce7c80ef83b87,False,ok
figure3-wide-r1-20260716T130142Z-99bbe7a-db81c71f9217,figure3g,holdout_figure1b,10000,1948,2,6,figure3-wide-r1-g-z00-a05,,,0.9510248413914085,0.0,0,1853,100,0,0.0,0.0,0.03699349820698568,0.1948,post_freeze_wide_round_1,transition,True,figure1bc|114514|holdout_figure1b|10000|1948,763e2724b2d1776e3bdb26712d3a2982a210e4c56e46cb75413f409d8f8b2091,213e24a567cc62a3574f4df001815d5bed7a5a040c03bdb73256a2e31f470caa,ef3f0c89d96ab326ed5c33340210b37033e47b033e9f124811cce7c80ef83b87,False,ok
figure3-wide-r1-20260716T130142Z-99bbe7a-db81c71f9217,figure3g,holdout_figure1b,10000,1948,2,6,figure3-wide-r1-g-z00-a06,,,0.9814074541817858,0.0,0,1912,100,0,0.0,0.0,0.03699349820698568,0.1948,post_freeze_wide_round_1,transition,True,figure1bc|114514|holdout_figure1b|10000|1948,763e2724b2d1776e3bdb26712d3a2982a210e4c56e46cb75413f409d8f8b2091,26bf1acfd51bc33d75964a22e0f926628b5c6f09050985dde72fcdbce472bab3,ef3f0c89d96ab326ed5c33340210b37033e47b033e9f124811cce7c80ef83b87,False,ok
figure3-wide-r1-20260716T130142Z-99bbe7a-db81c71f9217,figure3g,holdout_figure1b,10000,1948,2,6,figure3-wide-r1-g-z01-a00,,,0.11570232443340224,3.0,3,1518,100,0,0.0,0.0,0.03699349820698568,0.1948,post_freeze_wide_round_1,transition,True,figure1bc|114514|holdout_figure1b|10000|1948,763e2724b2d1776e3bdb26712d3a2982a210e4c56e46cb75413f409d8f8b2091,be05b2fab8b2994fd728d36270ec2d297a4f9ad026338d6cf945014493c5a90c,ef3f0c89d96ab326ed5c33340210b37033e47b033e9f124811cce7c80ef83b87,False,ok
figure3-wide-r1-20260716T130142Z-99bbe7a-db81c71f9217,figure3g,holdout_figure1b,10000,1948,2,6,figure3-wide-r1-g-z01-a01,,,0.262353279906528,3.0,3,1589,100,0,0.0,0.0,0.03699349820698568,0.1948,post_freeze_wide_round_1,transition,True,figure1bc|114514|holdout_figure1b|10000|1948,763e2724b2d1776e3bdb26712d3a2982a210e4c56e46cb75413f409d8f8b2091,26696862708419fa821c128da800f0df72e5242f496892c369d125217a493fc1,ef3f0c89d96ab326ed5c33340210b37033e47b033e9f124811cce7c80ef83b87,False,ok
figure3-wide-r1-20260716T130142Z-99bbe7a-db81c71f9217,figure3g,holdout_figure1b,10000,1948,2,6,figure3-wide-r1-g-z01-a02,,,0.49155754774001204,3.0,3,1701,100,27,0.27,0.1926958414957634,0.36432116767944994,0.1948,post_freeze_wide_round_1,transition,True,figure1bc|114514|holdout_figure1b|10000|1948,763e2724b2d1776e3bdb26712d3a2982a210e4c56e46cb75413f409d8f8b2091,2f5ab3a2896e8fff448a8e90a9fabc11324335c8472069452a10fcf3bba1e6d8,ef3f0c89d96ab326ed5c33340210b37033e47b033e9f124811cce7c80ef83b87,False,ok
figure3-wide-r1-20260716T130142Z-99bbe7a-db81c71f9217,figure3g,holdout_figure1b,10000,1948,2,6,figure3-wide-r1-g-z01-a03,,,0.7243668166820519,3.0,3,1814,100,100,1.0,0.9630065017930143,1.0,0.1948,post_freeze_wide_round_1,transition,True,figure1bc|114514|holdout_figure1b|10000|1948,763e2724b2d1776e3bdb26712d3a2982a210e4c56e46cb75413f409d8f8b2091,c6affa34a1081d86ed17e7c23da6d942b7bfaf2d3c5b9c36f008396e65081bd1,ef3f0c89d96ab326ed5c33340210b37033e47b033e9f124811cce7c80ef83b87,False,ok
figure3-wide-r1-20260716T130142Z-99bbe7a-db81c71f9217,figure3g,holdout_figure1b,10000,1948,2,6,figure3-wide-r1-g-z01-a04,,,0.8772052760707243,3.0,3,1889,100,10,0.1,0.0552291370606751,0.17436566150491345,0.1948,post_freeze_wide_round_1,transition,True,figure1bc|114514|holdout_figure1b|10000|1948,763e2724b2d1776e3bdb26712d3a2982a210e4c56e46cb75413f409d8f8b2091,609d91397725ad0884d9d8ea228cf5e0e7a17ccf2c78abc7aa92658fd54a21b4,ef3f0c89d96ab326ed5c33340210b37033e47b033e9f124811cce7c80ef83b87,False,ok
figure3-wide-r1-20260716T130142Z-99bbe7a-db81c71f9217,figure3g,holdout_figure1b,10000,1948,2,6,figure3-wide-r1-g-z01-a05,,,0.9510248413914085,3.0,3,1925,100,0,0.0,0.0,0.03699349820698568,0.1948,post_freeze_wide_round_1,transition,True,figure1bc|114514|holdout_figure1b|10000|1948,763e2724b2d1776e3bdb26712d3a2982a210e4c56e46cb75413f409d8f8b2091,6b6a2232399eadb721a6dabd1ffcae94b81ff11bf5167b0dda7680a893180a16,ef3f0c89d96ab326ed5c33340210b37033e47b033e9f124811cce7c80ef83b87,False,ok
figure3-wide-r1-20260716T130142Z-99bbe7a-db81c71f9217,figure3g,holdout_figure1b,10000,1948,2,6,figure3-wide-r1-g-z01-a06,,,0.9814074541817858,3.0,3,1939,100,0,0.0,0.0,0.03699349820698568,0.1948,post_freeze_wide_round_1,transition,True,figure1bc|114514|holdout_figure1b|10000|1948,763e2724b2d1776e3bdb26712d3a2982a210e4c56e46cb75413f409d8f8b2091,3bc73459307502eb58ef41158066c0264fd0cc3bb1731d035a7b71096ca58b5e,ef3f0c89d96ab326ed5c33340210b37033e47b033e9f124811cce7c80ef83b87,False,ok
figure3-wide-r1-20260716T130142Z-99bbe7a-db81c71f9217,figure3g,holdout_figure1b,10000,1948,2,6,figure3-wide-r1-g-z02-a00,,,0.11570232443340224,5.0,5,1662,100,0,0.0,0.0,0.03699349820698568,0.1948,post_freeze_wide_round_1,transition,True,figure1bc|114514|holdout_figure1b|10000|1948,763e2724b2d1776e3bdb26712d3a2982a210e4c56e46cb75413f409d8f8b2091,04b9c85a0ff0fa4e9640c13a84c024dd00b4dddd67c5c3177e342bf7ab2c9d06,ef3f0c89d96ab326ed5c33340210b37033e47b033e9f124811cce7c80ef83b87,False,ok
figure3-wide-r1-20260716T130142Z-99bbe7a-db81c71f9217,figure3g,holdout_figure1b,10000,1948,2,6,figure3-wide-r1-g-z02-a01,,,0.262353279906528,5.0,5,1710,100,0,0.0,0.0,0.03699349820698568,0.1948,post_freeze_wide_round_1,transition,True,figure1bc|114514|holdout_figure1b|10000|1948,763e2724b2d1776e3bdb26712d3a2982a210e4c56e46cb75413f409d8f8b2091,4dc0a8321eeacf81ac93035b0e86c83c5195b4ec54c1877bbd8de0b393b35751,ef3f0c89d96ab326ed5c33340210b37033e47b033e9f124811cce7c80ef83b87,False,ok
figure3-wide-r1-20260716T130142Z-99bbe7a-db81c71f9217,figure3g,holdout_figure1b,10000,1948,2,6,figure3-wide-r1-g-z02-a02,,,0.49155754774001204,5.0,5,1784,100,94,0.94,0.8752318455410406,0.9722138760368118,0.1948,post_freeze_wide_round_1,transition,True,figure1bc|114514|holdout_figure1b|10000|1948,763e2724b2d1776e3bdb26712d3a2982a210e4c56e46cb75413f409d8f8b2091,3d1b3ca3960969e4651a801c18046469ce117c92a7441c71d0b6cc58b64ce150,ef3f0c89d96ab326ed5c33340210b37033e47b033e9f124811cce7c80ef83b87,False,ok
figure3-wide-r1-20260716T130142Z-99bbe7a-db81c71f9217,figure3g,holdout_figure1b,10000,1948,2,6,figure3-wide-r1-g-z02-a04,,,0.8772052760707243,5.0,5,1909,100,33,0.33,0.24563122734128034,0.4269465620490947,0.1948,post_freeze_wide_round_1,transition,True,figure1bc|114514|holdout_figure1b|10000|1948,763e2724b2d1776e3bdb26712d3a2982a210e4c56e46cb75413f409d8f8b2091,fe8214d8e63ef1728e31e810c6b44e306a9f6ac3dbdfa7d14915f44750d81ad2,ef3f0c89d96ab326ed5c33340210b37033e47b033e9f124811cce7c80ef83b87,False,ok
figure3-wide-r1-20260716T130142Z-99bbe7a-db81c71f9217,figure3g,holdout_figure1b,10000,1948,2,6,figure3-wide-r1-g-z02-a05,,,0.9510248413914085,5.0,5,1933,100,2,0.02,0.00550196755016235,0.07001179072854388,0.1948,post_freeze_wide_round_1,transition,True,figure1bc|114514|holdout_figure1b|10000|1948,763e2724b2d1776e3bdb26712d3a2982a210e4c56e46cb75413f409d8f8b2091,8c4d797fe53eb93347cdcf0bba3dcf3757f98db168543c1e903c97c86d3fdae4,ef3f0c89d96ab326ed5c33340210b37033e47b033e9f124811cce7c80ef83b87,False,ok
figure3-wide-r1-20260716T130142Z-99bbe7a-db81c71f9217,figure3g,holdout_figure1b,10000,1948,2,6,figure3-wide-r1-g-z02-a06,,,0.9814074541817858,5.0,5,1942,100,0,0.0,0.0,0.03699349820698568,0.1948,post_freeze_wide_round_1,transition,True,figure1bc|114514|holdout_figure1b|10000|1948,763e2724b2d1776e3bdb26712d3a2982a210e4c56e46cb75413f409d8f8b2091,f7d6d422682efda575a4eda2293bc1fba3ed100e78c3baca98889bf21296ebb9,ef3f0c89d96ab326ed5c33340210b37033e47b033e9f124811cce7c80ef83b87,False,ok
figure3-wide-r1-20260716T130142Z-99bbe7a-db81c71f9217,figure3g,holdout_figure1b,10000,1948,2,6,figure3-wide-r1-g-z03-a00,,,0.11570232443340224,13.0,13,1826,100,8,0.08,0.041093461484380624,0.14998107700948735,0.1948,post_freeze_wide_round_1,transition,True,figure1bc|114514|holdout_figure1b|10000|1948,763e2724b2d1776e3bdb26712d3a2982a210e4c56e46cb75413f409d8f8b2091,f4755b02ddf7b81e26faf2c720848377f08b5cd06c6da6c8a5ca8999d6d81ce8,ef3f0c89d96ab326ed5c33340210b37033e47b033e9f124811cce7c80ef83b87,False,ok
figure3-wide-r1-20260716T130142Z-99bbe7a-db81c71f9217,figure3g,holdout_figure1b,10000,1948,2,6,figure3-wide-r1-g-z03-a01,,,0.262353279906528,13.0,13,1846,100,25,0.25,0.17545211362287672,0.34304463548061603,0.1948,post_freeze_wide_round_1,transition,True,figure1bc|114514|holdout_figure1b|10000|1948,763e2724b2d1776e3bdb26712d3a2982a210e4c56e46cb75413f409d8f8b2091,e3f7042fc999f5d39e6a30052f8ee9b03eae267ad46ae3231772a6ee35729c05,ef3f0c89d96ab326ed5c33340210b37033e47b033e9f124811cce7c80ef83b87,False,ok
figure3-wide-r1-20260716T130142Z-99bbe7a-db81c71f9217,figure3g,holdout_figure1b,10000,1948,2,6,figure3-wide-r1-g-z03-a02,,,0.49155754774001204,13.0,13,1878,100,68,0.68,0.5833738138954762,0.7633085267500092,0.1948,post_freeze_wide_round_1,transition,True,figure1bc|114514|holdout_figure1b|10000|1948,763e2724b2d1776e3bdb26712d3a2982a210e4c56e46cb75413f409d8f8b2091,d9f3a21c31a458c23325d813f810e67c8f8286db42d4728c6d80946d03166c56,ef3f0c89d96ab326ed5c33340210b37033e47b033e9f124811cce7c80ef83b87,False,ok
figure3-wide-r1-20260716T130142Z-99bbe7a-db81c71f9217,figure3g,holdout_figure1b,10000,1948,2,6,figure3-wide-r1-g-z03-a03,,,0.7243668166820519,13.0,13,1910,100,91,0.91,0.837737871472837,0.9519274599974348,0.1948,post_freeze_wide_round_1,transition,True,figure1bc|114514|holdout_figure1b|10000|1948,763e2724b2d1776e3bdb26712d3a2982a210e4c56e46cb75413f409d8f8b2091,e1feb5adb0084871d58e99a4884c9da18e671559d4df6ef2ad482ffce3500554,ef3f0c89d96ab326ed5c33340210b37033e47b033e9f124811cce7c80ef83b87,False,ok
figure3-wide-r1-20260716T130142Z-99bbe7a-db81c71f9217,figure3g,holdout_figure1b,10000,1948,2,6,figure3-wide-r1-g-z03-a04,,,0.8772052760707243,13.0,13,1931,100,59,0.59,0.4920143005341078,0.6813268697886348,0.1948,post_freeze_wide_round_1,transition,True,figure1bc|114514|holdout_figure1b|10000|1948,763e2724b2d1776e3bdb26712d3a2982a210e4c56e46cb75413f409d8f8b2091,8a0036914ca38d6c2c88b6342859b1051f96c6b1a409858aeebc6956c5f1b420,ef3f0c89d96ab326ed5c33340210b37033e47b033e9f124811cce7c80ef83b87,False,ok
figure3-wide-r1-20260716T130142Z-99bbe7a-db81c71f9217,figure3g,holdout_figure1b,10000,1948,2,6,figure3-wide-r1-g-z03-a05,,,0.9510248413914085,13.0,13,1942,100,18,0.18,0.1170022549894635,0.2666735838630073,0.1948,post_freeze_wide_round_1,transition,True,figure1bc|114514|holdout_figure1b|10000|1948,763e2724b2d1776e3bdb26712d3a2982a210e4c56e46cb75413f409d8f8b2091,008f752225798d962ca442b6b200ece2da14ebc889e9febf55d4009c865ef165,ef3f0c89d96ab326ed5c33340210b37033e47b033e9f124811cce7c80ef83b87,False,ok
figure3-wide-r1-20260716T130142Z-99bbe7a-db81c71f9217,figure3g,holdout_figure1b,10000,1948,2,6,figure3-wide-r1-g-z03-a06,,,0.9814074541817858,13.0,13,1946,100,23,0.23,0.15843265880303448,0.3215438302287378,0.1948,post_freeze_wide_round_1,transition,True,figure1bc|114514|holdout_figure1b|10000|1948,763e2724b2d1776e3bdb26712d3a2982a210e4c56e46cb75413f409d8f8b2091,0bb44f56942a49dc61555603ecc684e4362168c19b53cf319cae8e07bd6434fc,ef3f0c89d96ab326ed5c33340210b37033e47b033e9f124811cce7c80ef83b87,False,ok
figure3-wide-r1-20260716T130142Z-99bbe7a-db81c71f9217,figure3g,holdout_figure1b,10000,1948,2,6,figure3-wide-r1-g-z04-a00,,,0.11570232443340224,30.0,30,1894,100,1,0.01,0.0017674320641406505,0.054486196178705315,0.1948,post_freeze_wide_round_1,transition,True,figure1bc|114514|holdout_figure1b|10000|1948,763e2724b2d1776e3bdb26712d3a2982a210e4c56e46cb75413f409d8f8b2091,d2fe09182fc1ce41d198d85dea2d9fdc8c70b9b19f03b6c1c47c73644ab0bed2,ef3f0c89d96ab326ed5c33340210b37033e47b033e9f124811cce7c80ef83b87,False,ok
figure3-wide-r1-20260716T130142Z-99bbe7a-db81c71f9217,figure3g,holdout_figure1b,10000,1948,2,6,figure3-wide-r1-g-z04-a01,,,0.262353279906528,30.0,30,1903,100,0,0.0,0.0,0.03699349820698568,0.1948,post_freeze_wide_round_1,transition,True,figure1bc|114514|holdout_figure1b|10000|1948,763e2724b2d1776e3bdb26712d3a2982a210e4c56e46cb75413f409d8f8b2091,a4a82f23c18098b2f7ff82dcae6e1b79ad8c591f3cf125022a7876c6ef66e984,ef3f0c89d96ab326ed5c33340210b37033e47b033e9f124811cce7c80ef83b87,False,ok
figure3-wide-r1-20260716T130142Z-99bbe7a-db81c71f9217,figure3g,holdout_figure1b,10000,1948,2,6,figure3-wide-r1-g-z04-a02,,,0.49155754774001204,30.0,30,1917,100,0,0.0,0.0,0.03699349820698568,0.1948,post_freeze_wide_round_1,transition,True,figure1bc|114514|holdout_figure1b|10000|1948,763e2724b2d1776e3bdb26712d3a2982a210e4c56e46cb75413f409d8f8b2091,44d5238bc29ac8c0994b1455743f260fba1784b1444a46cce3ac22671c082b84,ef3f0c89d96ab326ed5c33340210b37033e47b033e9f124811cce7c80ef83b87,False,ok
figure3-wide-r1-20260716T130142Z-99bbe7a-db81c71f9217,figure3g,holdout_figure1b,10000,1948,2,6,figure3-wide-r1-g-z04-a03,,,0.7243668166820519,30.0,30,1931,100,5,0.05,0.02154367915436796,0.11175046923191913,0.1948,post_freeze_wide_round_1,transition,True,figure1bc|114514|holdout_figure1b|10000|1948,763e2724b2d1776e3bdb26712d3a2982a210e4c56e46cb75413f409d8f8b2091,09c8c1cc8a10c29930a524da25d420dc29f086cb3234cb616a77e5f582407dd8,ef3f0c89d96ab326ed5c33340210b37033e47b033e9f124811cce7c80ef83b87,False,ok
figure3-wide-r1-20260716T130142Z-99bbe7a-db81c71f9217,figure3g,holdout_figure1b,10000,1948,2,6,figure3-wide-r1-g-z04-a04,,,0.8772052760707243,30.0,30,1941,100,8,0.08,0.041093461484380624,0.14998107700948735,0.1948,post_freeze_wide_round_1,transition,True,figure1bc|114514|holdout_figure1b|10000|1948,763e2724b2d1776e3bdb26712d3a2982a210e4c56e46cb75413f409d8f8b2091,3de2b41c824c0ae4372758fa238e98c0ec46df59279f8e6dd73ce45cd6513c5f,ef3f0c89d96ab326ed5c33340210b37033e47b033e9f124811cce7c80ef83b87,False,ok
figure3-wide-r1-20260716T130142Z-99bbe7a-db81c71f9217,figure3g,holdout_figure1b,10000,1948,2,6,figure3-wide-r1-g-z04-a05,,,0.9510248413914085,30.0,30,1945,100,3,0.03,0.010254524024038925,0.0845193642905276,0.1948,post_freeze_wide_round_1,transition,True,figure1bc|114514|holdout_figure1b|10000|1948,763e2724b2d1776e3bdb26712d3a2982a210e4c56e46cb75413f409d8f8b2091,5f72f9e3edb5659efdd2324d6dde7681c411238f314823ada5f15aa69ccc0bc9,ef3f0c89d96ab326ed5c33340210b37033e47b033e9f124811cce7c80ef83b87,False,ok
figure3-wide-r1-20260716T130142Z-99bbe7a-db81c71f9217,figure3g,holdout_figure1b,10000,1948,2,6,figure3-wide-r1-g-z04-a06,,,0.9814074541817858,30.0,30,1947,100,2,0.02,0.00550196755016235,0.07001179072854388,0.1948,post_freeze_wide_round_1,transition,True,figure1bc|114514|holdout_figure1b|10000|1948,763e2724b2d1776e3bdb26712d3a2982a210e4c56e46cb75413f409d8f8b2091,f900f740f459e45b4129fb35fc010ec516017c22d15d206130e9e2679b6944a9,ef3f0c89d96ab326ed5c33340210b37033e47b033e9f124811cce7c80ef83b87,False,ok
figure3-wide-r1-20260716T130142Z-99bbe7a-db81c71f9217,figure3g,holdout_figure1b,10000,1948,2,6,frozen-prediction,0.875,0.9,0.7243668166820519,4.760579559155621,5,1859,100,100,1.0,0.9630065017930143,1.0,0.1948,post_freeze_wide_round_1,transition,True,figure1bc|114514|holdout_figure1b|10000|1948,763e2724b2d1776e3bdb26712d3a2982a210e4c56e46cb75413f409d8f8b2091,7c5a598de8ba513c2281dd6c36c845420c17cfc8b1634ceb9980ca707573447b,ef3f0c89d96ab326ed5c33340210b37033e47b033e9f124811cce7c80ef83b87,True,ok
figure3-wide-r1-20260716T130142Z-99bbe7a-db81c71f9217,figure3h,holdout_figure1b,10000,2036,2,6,figure3-wide-r1-h-z00-a00,,,0.11570232443340224,0.0,0,236,100,67,0.67,0.5730534379509052,0.7543687726587197,0.2036,post_freeze_wide_round_1,transition,True,figure1bc|114514|holdout_figure1b|10000|2036,cb985cbeabd16d6310f98ee1ba823dfaf41a5d9a68c25d058546cd59159c986b,094fb774aebf077545966e20ded44bbe5f57e0ddd515a8088ae8a07ab94f0fa3,ef3f0c89d96ab326ed5c33340210b37033e47b033e9f124811cce7c80ef83b87,False,ok
figure3-wide-r1-20260716T130142Z-99bbe7a-db81c71f9217,figure3h,holdout_figure1b,10000,2036,2,6,figure3-wide-r1-h-z00-a01,,,0.262353279906528,0.0,0,535,100,65,0.65,0.5525444329688796,0.7363575175690247,0.2036,post_freeze_wide_round_1,transition,True,figure1bc|114514|holdout_figure1b|10000|2036,cb985cbeabd16d6310f98ee1ba823dfaf41a5d9a68c25d058546cd59159c986b,f34a61fa68b2be90487dd3c04fc550c3ee0aed9dbda452f19583aa85d74c9b55,ef3f0c89d96ab326ed5c33340210b37033e47b033e9f124811cce7c80ef83b87,False,ok
figure3-wide-r1-20260716T130142Z-99bbe7a-db81c71f9217,figure3h,holdout_figure1b,10000,2036,2,6,figure3-wide-r1-h-z00-a02,,,0.49155754774001204,0.0,0,1001,100,70,0.7,0.6041514536665332,0.7810511470506724,0.2036,post_freeze_wide_round_1,transition,True,figure1bc|114514|holdout_figure1b|10000|2036,cb985cbeabd16d6310f98ee1ba823dfaf41a5d9a68c25d058546cd59159c986b,993be7d7cc1cadd40cd0f6f291a6ff34da4d737766055264f17f5499449a5f63,ef3f0c89d96ab326ed5c33340210b37033e47b033e9f124811cce7c80ef83b87,False,ok
figure3-wide-r1-20260716T130142Z-99bbe7a-db81c71f9217,figure3h,holdout_figure1b,10000,2036,2,6,figure3-wide-r1-h-z00-a03,,,0.7243668166820519,0.0,0,1475,100,72,0.72,0.6251197129007884,0.7986031478881379,0.2036,post_freeze_wide_round_1,transition,True,figure1bc|114514|holdout_figure1b|10000|2036,cb985cbeabd16d6310f98ee1ba823dfaf41a5d9a68c25d058546cd59159c986b,4524c8cebde059926ef5db8687ae420ddb271351ed0225383b3c53b2e6efb7fe,ef3f0c89d96ab326ed5c33340210b37033e47b033e9f124811cce7c80ef83b87,False,ok
figure3-wide-r1-20260716T130142Z-99bbe7a-db81c71f9217,figure3h,holdout_figure1b,10000,2036,2,6,figure3-wide-r1-h-z00-a04,,,0.8772052760707243,0.0,0,1786,100,56,0.56,0.4622810465167699,0.6532797336983921,0.2036,post_freeze_wide_round_1,transition,True,figure1bc|114514|holdout_figure1b|10000|2036,cb985cbeabd16d6310f98ee1ba823dfaf41a5d9a68c25d058546cd59159c986b,4c4909734fb26191e38fe118bb8914403857edd619690f6a2d9fa9a1f59efbed,ef3f0c89d96ab326ed5c33340210b37033e47b033e9f124811cce7c80ef83b87,False,ok
figure3-wide-r1-20260716T130142Z-99bbe7a-db81c71f9217,figure3h,holdout_figure1b,10000,2036,2,6,figure3-wide-r1-h-z00-a05,,,0.9510248413914085,0.0,0,1937,100,62,0.62,0.5220975529551107,0.7090240074752127,0.2036,post_freeze_wide_round_1,transition,True,figure1bc|114514|holdout_figure1b|10000|2036,cb985cbeabd16d6310f98ee1ba823dfaf41a5d9a68c25d058546cd59159c986b,19b9fe248a9d2d1d2c8c3b07ceb906f9f67dc28acb8053c6f9c3400a7b5aac37,ef3f0c89d96ab326ed5c33340210b37033e47b033e9f124811cce7c80ef83b87,False,ok
figure3-wide-r1-20260716T130142Z-99bbe7a-db81c71f9217,figure3h,holdout_figure1b,10000,2036,2,6,figure3-wide-r1-h-z00-a06,,,0.9814074541817858,0.0,0,1999,100,69,0.69,0.5937394428051057,0.7722030278762395,0.2036,post_freeze_wide_round_1,transition,True,figure1bc|114514|holdout_figure1b|10000|2036,cb985cbeabd16d6310f98ee1ba823dfaf41a5d9a68c25d058546cd59159c986b,eb1247b26d2a41f74d04b95e0949f89ac4644753675156f2d11f667bf14930f9,ef3f0c89d96ab326ed5c33340210b37033e47b033e9f124811cce7c80ef83b87,False,ok
figure3-wide-r1-20260716T130142Z-99bbe7a-db81c71f9217,figure3h,holdout_figure1b,10000,2036,2,6,figure3-wide-r1-h-z01-a00,,,0.11570232443340224,3.0,3,1586,100,0,0.0,0.0,0.03699349820698568,0.2036,post_freeze_wide_round_1,transition,True,figure1bc|114514|holdout_figure1b|10000|2036,cb985cbeabd16d6310f98ee1ba823dfaf41a5d9a68c25d058546cd59159c986b,75cb716ad2584c1df8497bc775c8f7678a7b36d11602d306cda9b43627e2b2e9,ef3f0c89d96ab326ed5c33340210b37033e47b033e9f124811cce7c80ef83b87,False,ok
figure3-wide-r1-20260716T130142Z-99bbe7a-db81c71f9217,figure3h,holdout_figure1b,10000,2036,2,6,figure3-wide-r1-h-z01-a01,,,0.262353279906528,3.0,3,1661,100,1,0.01,0.0017674320641406505,0.054486196178705315,0.2036,post_freeze_wide_round_1,transition,True,figure1bc|114514|holdout_figure1b|10000|2036,cb985cbeabd16d6310f98ee1ba823dfaf41a5d9a68c25d058546cd59159c986b,23d3235e5875a5ba61bc2ff46c9e28efa92ae87257e36d0e23a44f7a1f33a6ce,ef3f0c89d96ab326ed5c33340210b37033e47b033e9f124811cce7c80ef83b87,False,ok
figure3-wide-r1-20260716T130142Z-99bbe7a-db81c71f9217,figure3h,holdout_figure1b,10000,2036,2,6,figure3-wide-r1-h-z01-a02,,,0.49155754774001204,3.0,3,1778,100,100,1.0,0.9630065017930143,1.0,0.2036,post_freeze_wide_round_1,transition,True,figure1bc|114514|holdout_figure1b|10000|2036,cb985cbeabd16d6310f98ee1ba823dfaf41a5d9a68c25d058546cd59159c986b,b7c00ae8dd60258dcaa90af597d15b2a6e85f368a0f5c0277e584d66d33a4c12,ef3f0c89d96ab326ed5c33340210b37033e47b033e9f124811cce7c80ef83b87,False,ok
figure3-wide-r1-20260716T130142Z-99bbe7a-db81c71f9217,figure3h,holdout_figure1b,10000,2036,2,6,figure3-wide-r1-h-z01-a03,,,0.7243668166820519,3.0,3,1896,100,100,1.0,0.9630065017930143,1.0,0.2036,post_freeze_wide_round_1,transition,True,figure1bc|114514|holdout_figure1b|10000|2036,cb985cbeabd16d6310f98ee1ba823dfaf41a5d9a68c25d058546cd59159c986b,8dab3a6a231196a8b8be5c022d2412f1e55699d54d6cf31725be212e7424ae56,ef3f0c89d96ab326ed5c33340210b37033e47b033e9f124811cce7c80ef83b87,False,ok
figure3-wide-r1-20260716T130142Z-99bbe7a-db81c71f9217,figure3h,holdout_figure1b,10000,2036,2,6,figure3-wide-r1-h-z01-a04,,,0.8772052760707243,3.0,3,1974,100,100,1.0,0.9630065017930143,1.0,0.2036,post_freeze_wide_round_1,transition,True,figure1bc|114514|holdout_figure1b|10000|2036,cb985cbeabd16d6310f98ee1ba823dfaf41a5d9a68c25d058546cd59159c986b,e9c19bbf11b60101c0b1ad67f00ae1d1fa21de3f92eae933b65cf1d4f104b641,ef3f0c89d96ab326ed5c33340210b37033e47b033e9f124811cce7c80ef83b87,False,ok
figure3-wide-r1-20260716T130142Z-99bbe7a-db81c71f9217,figure3h,holdout_figure1b,10000,2036,2,6,figure3-wide-r1-h-z01-a05,,,0.9510248413914085,3.0,3,2012,100,93,0.93,0.8625048526092651,0.9656807389327273,0.2036,post_freeze_wide_round_1,transition,True,figure1bc|114514|holdout_figure1b|10000|2036,cb985cbeabd16d6310f98ee1ba823dfaf41a5d9a68c25d058546cd59159c986b,0aba41108ab8d77e1dd7bcbe596c13a5964234e73ae00c5a1161883bf1ddc1b8,ef3f0c89d96ab326ed5c33340210b37033e47b033e9f124811cce7c80ef83b87,False,ok
figure3-wide-r1-20260716T130142Z-99bbe7a-db81c71f9217,figure3h,holdout_figure1b,10000,2036,2,6,figure3-wide-r1-h-z01-a06,,,0.9814074541817858,3.0,3,2027,100,80,0.8,0.7111708344068411,0.8666330666689676,0.2036,post_freeze_wide_round_1,transition,True,figure1bc|114514|holdout_figure1b|10000|2036,cb985cbeabd16d6310f98ee1ba823dfaf41a5d9a68c25d058546cd59159c986b,01c19ec5d68cdfd174868f8a9cf66b2bebbba6f53b3839bcdee7fa2a36a4e175,ef3f0c89d96ab326ed5c33340210b37033e47b033e9f124811cce7c80ef83b87,False,ok
figure3-wide-r1-20260716T130142Z-99bbe7a-db81c71f9217,figure3h,holdout_figure1b,10000,2036,2,6,figure3-wide-r1-h-z02-a00,,,0.11570232443340224,5.0,5,1737,100,12,0.12,0.06999406437019488,0.19812099426711421,0.2036,post_freeze_wide_round_1,transition,True,figure1bc|114514|holdout_figure1b|10000|2036,cb985cbeabd16d6310f98ee1ba823dfaf41a5d9a68c25d058546cd59159c986b,a5b2b9a5d741560a0e410e2b3f4a0f37a2db77a37e675e875e4f1854c2705fe3,ef3f0c89d96ab326ed5c33340210b37033e47b033e9f124811cce7c80ef83b87,False,ok
figure3-wide-r1-20260716T130142Z-99bbe7a-db81c71f9217,figure3h,holdout_figure1b,10000,2036,2,6,figure3-wide-r1-h-z02-a01,,,0.262353279906528,5.0,5,1786,100,91,0.91,0.837737871472837,0.9519274599974348,0.2036,post_freeze_wide_round_1,transition,True,figure1bc|114514|holdout_figure1b|10000|2036,cb985cbeabd16d6310f98ee1ba823dfaf41a5d9a68c25d058546cd59159c986b,eb8519410b7e991c092be6e00bb508bf31b9adc39f455e361187edf3c5831004,ef3f0c89d96ab326ed5c33340210b37033e47b033e9f124811cce7c80ef83b87,False,ok
figure3-wide-r1-20260716T130142Z-99bbe7a-db81c71f9217,figure3h,holdout_figure1b,10000,2036,2,6,figure3-wide-r1-h-z02-a02,,,0.49155754774001204,5.0,5,1864,100,100,1.0,0.9630065017930143,1.0,0.2036,post_freeze_wide_round_1,transition,True,figure1bc|114514|holdout_figure1b|10000|2036,cb985cbeabd16d6310f98ee1ba823dfaf41a5d9a68c25d058546cd59159c986b,8918e41c37839593d118e7ccae9df74ed044a532073c87ca74c25de30bf3239b,ef3f0c89d96ab326ed5c33340210b37033e47b033e9f124811cce7c80ef83b87,False,ok
figure3-wide-r1-20260716T130142Z-99bbe7a-db81c71f9217,figure3h,holdout_figure1b,10000,2036,2,6,figure3-wide-r1-h-z02-a04,,,0.8772052760707243,5.0,5,1995,100,100,1.0,0.9630065017930143,1.0,0.2036,post_freeze_wide_round_1,transition,True,figure1bc|114514|holdout_figure1b|10000|2036,cb985cbeabd16d6310f98ee1ba823dfaf41a5d9a68c25d058546cd59159c986b,f01a2288746c53d548bb01df8da3ce736cb97ce4ddad83ec7750c037d2955b53,ef3f0c89d96ab326ed5c33340210b37033e47b033e9f124811cce7c80ef83b87,False,ok
figure3-wide-r1-20260716T130142Z-99bbe7a-db81c71f9217,figure3h,holdout_figure1b,10000,2036,2,6,figure3-wide-r1-h-z02-a05,,,0.9510248413914085,5.0,5,2020,100,95,0.95,0.8882495307680808,0.9784563208456319,0.2036,post_freeze_wide_round_1,transition,True,figure1bc|114514|holdout_figure1b|10000|2036,cb985cbeabd16d6310f98ee1ba823dfaf41a5d9a68c25d058546cd59159c986b,ba4a4847abe5586aef1ae699d014d61f6d2493e281e03d0adef11f37bd7b710a,ef3f0c89d96ab326ed5c33340210b37033e47b033e9f124811cce7c80ef83b87,False,ok
figure3-wide-r1-20260716T130142Z-99bbe7a-db81c71f9217,figure3h,holdout_figure1b,10000,2036,2,6,figure3-wide-r1-h-z02-a06,,,0.9814074541817858,5.0,5,2030,100,94,0.94,0.8752318455410406,0.9722138760368118,0.2036,post_freeze_wide_round_1,transition,True,figure1bc|114514|holdout_figure1b|10000|2036,cb985cbeabd16d6310f98ee1ba823dfaf41a5d9a68c25d058546cd59159c986b,395800cd3f7f0a7ff6827d15c00d23133d6006a74857a47f73b48840c818f04c,ef3f0c89d96ab326ed5c33340210b37033e47b033e9f124811cce7c80ef83b87,False,ok
figure3-wide-r1-20260716T130142Z-99bbe7a-db81c71f9217,figure3h,holdout_figure1b,10000,2036,2,6,figure3-wide-r1-h-z03-a00,,,0.11570232443340224,13.0,13,1908,100,94,0.94,0.8752318455410406,0.9722138760368118,0.2036,post_freeze_wide_round_1,transition,True,figure1bc|114514|holdout_figure1b|10000|2036,cb985cbeabd16d6310f98ee1ba823dfaf41a5d9a68c25d058546cd59159c986b,0bc9cac1a26fd2ad51ec61ff0d7e40b54d53f1a97b439470b386fa67da85c270,ef3f0c89d96ab326ed5c33340210b37033e47b033e9f124811cce7c80ef83b87,False,ok
figure3-wide-r1-20260716T130142Z-99bbe7a-db81c71f9217,figure3h,holdout_figure1b,10000,2036,2,6,figure3-wide-r1-h-z03-a01,,,0.262353279906528,13.0,13,1930,100,98,0.98,0.929988209271456,0.9944980324498376,0.2036,post_freeze_wide_round_1,transition,True,figure1bc|114514|holdout_figure1b|10000|2036,cb985cbeabd16d6310f98ee1ba823dfaf41a5d9a68c25d058546cd59159c986b,09b93eb10963cb1792e4ce44a632c069f954442f36e4679072250b619c1e67af,ef3f0c89d96ab326ed5c33340210b37033e47b033e9f124811cce7c80ef83b87,False,ok
figure3-wide-r1-20260716T130142Z-99bbe7a-db81c71f9217,figure3h,holdout_figure1b,10000,2036,2,6,figure3-wide-r1-h-z03-a02,,,0.49155754774001204,13.0,13,1963,100,100,1.0,0.9630065017930143,1.0,0.2036,post_freeze_wide_round_1,transition,True,figure1bc|114514|holdout_figure1b|10000|2036,cb985cbeabd16d6310f98ee1ba823dfaf41a5d9a68c25d058546cd59159c986b,4a233f584cc29a073bbdd21b4b90c51859646926abf102f099857289213e9bde,ef3f0c89d96ab326ed5c33340210b37033e47b033e9f124811cce7c80ef83b87,False,ok
figure3-wide-r1-20260716T130142Z-99bbe7a-db81c71f9217,figure3h,holdout_figure1b,10000,2036,2,6,figure3-wide-r1-h-z03-a03,,,0.7243668166820519,13.0,13,1997,100,100,1.0,0.9630065017930143,1.0,0.2036,post_freeze_wide_round_1,transition,True,figure1bc|114514|holdout_figure1b|10000|2036,cb985cbeabd16d6310f98ee1ba823dfaf41a5d9a68c25d058546cd59159c986b,f6849bbad8db98f0853b540af170f76f8131fd764e7053005ab9383bcc1e3274,ef3f0c89d96ab326ed5c33340210b37033e47b033e9f124811cce7c80ef83b87,False,ok
figure3-wide-r1-20260716T130142Z-99bbe7a-db81c71f9217,figure3h,holdout_figure1b,10000,2036,2,6,figure3-wide-r1-h-z03-a04,,,0.8772052760707243,13.0,13,2019,100,100,1.0,0.9630065017930143,1.0,0.2036,post_freeze_wide_round_1,transition,True,figure1bc|114514|holdout_figure1b|10000|2036,cb985cbeabd16d6310f98ee1ba823dfaf41a5d9a68c25d058546cd59159c986b,eee8140f635e1d0982db3d6db76ca7289919bf576942d1124c1144d9754f3b78,ef3f0c89d96ab326ed5c33340210b37033e47b033e9f124811cce7c80ef83b87,False,ok
figure3-wide-r1-20260716T130142Z-99bbe7a-db81c71f9217,figure3h,holdout_figure1b,10000,2036,2,6,figure3-wide-r1-h-z03-a05,,,0.9510248413914085,13.0,13,2029,100,99,0.99,0.9455138038212946,0.9982325679358593,0.2036,post_freeze_wide_round_1,transition,True,figure1bc|114514|holdout_figure1b|10000|2036,cb985cbeabd16d6310f98ee1ba823dfaf41a5d9a68c25d058546cd59159c986b,38dbfa6517d61962987328ca7feebc517d85315a584b67d9c4e3fa3d9dc1271d,ef3f0c89d96ab326ed5c33340210b37033e47b033e9f124811cce7c80ef83b87,False,ok
figure3-wide-r1-20260716T130142Z-99bbe7a-db81c71f9217,figure3h,holdout_figure1b,10000,2036,2,6,figure3-wide-r1-h-z03-a06,,,0.9814074541817858,13.0,13,2034,100,100,1.0,0.9630065017930143,1.0,0.2036,post_freeze_wide_round_1,transition,True,figure1bc|114514|holdout_figure1b|10000|2036,cb985cbeabd16d6310f98ee1ba823dfaf41a5d9a68c25d058546cd59159c986b,050727fd986d376631c51b55a8500bac9e30207a01549d5e183c1a875f16422b,ef3f0c89d96ab326ed5c33340210b37033e47b033e9f124811cce7c80ef83b87,False,ok
figure3-wide-r1-20260716T130142Z-99bbe7a-db81c71f9217,figure3h,holdout_figure1b,10000,2036,2,6,figure3-wide-r1-h-z04-a00,,,0.11570232443340224,30.0,30,1979,100,51,0.51,0.4134801193402717,0.6057800106955886,0.2036,post_freeze_wide_round_1,transition,True,figure1bc|114514|holdout_figure1b|10000|2036,cb985cbeabd16d6310f98ee1ba823dfaf41a5d9a68c25d058546cd59159c986b,75f20618daf7bb95cf5194c0d5ecc8b80ce86ad03e8a5a582e153cebddfccba0,ef3f0c89d96ab326ed5c33340210b37033e47b033e9f124811cce7c80ef83b87,False,ok
figure3-wide-r1-20260716T130142Z-99bbe7a-db81c71f9217,figure3h,holdout_figure1b,10000,2036,2,6,figure3-wide-r1-h-z04-a01,,,0.262353279906528,30.0,30,1989,100,71,0.71,0.6146110882442888,0.7898516425087772,0.2036,post_freeze_wide_round_1,transition,True,figure1bc|114514|holdout_figure1b|10000|2036,cb985cbeabd16d6310f98ee1ba823dfaf41a5d9a68c25d058546cd59159c986b,be785c9e2ea396a3b9d08a9dc222f938385883bab12f101c96b3c5763b7d1051,ef3f0c89d96ab326ed5c33340210b37033e47b033e9f124811cce7c80ef83b87,False,ok
figure3-wide-r1-20260716T130142Z-99bbe7a-db81c71f9217,figure3h,holdout_figure1b,10000,2036,2,6,figure3-wide-r1-h-z04-a02,,,0.49155754774001204,30.0,30,2003,100,81,0.81,0.7222115462093562,0.8748524849023126,0.2036,post_freeze_wide_round_1,transition,True,figure1bc|114514|holdout_figure1b|10000|2036,cb985cbeabd16d6310f98ee1ba823dfaf41a5d9a68c25d058546cd59159c986b,353d9c1f92388ceafb71b836a1057ff003080c8de59a7fc11211514499b89e0d,ef3f0c89d96ab326ed5c33340210b37033e47b033e9f124811cce7c80ef83b87,False,ok
figure3-wide-r1-20260716T130142Z-99bbe7a-db81c71f9217,figure3h,holdout_figure1b,10000,2036,2,6,figure3-wide-r1-h-z04-a03,,,0.7243668166820519,30.0,30,2019,100,92,0.92,0.8500189229905127,0.9589065385156194,0.2036,post_freeze_wide_round_1,transition,True,figure1bc|114514|holdout_figure1b|10000|2036,cb985cbeabd16d6310f98ee1ba823dfaf41a5d9a68c25d058546cd59159c986b,aad4e3791bc43b7e3e2b9663f20616973cf1beb7d54ed171cf43111ea94ed383,ef3f0c89d96ab326ed5c33340210b37033e47b033e9f124811cce7c80ef83b87,False,ok
figure3-wide-r1-20260716T130142Z-99bbe7a-db81c71f9217,figure3h,holdout_figure1b,10000,2036,2,6,figure3-wide-r1-h-z04-a04,,,0.8772052760707243,30.0,30,2029,100,87,0.87,0.7901964855992357,0.9224283257275948,0.2036,post_freeze_wide_round_1,transition,True,figure1bc|114514|holdout_figure1b|10000|2036,cb985cbeabd16d6310f98ee1ba823dfaf41a5d9a68c25d058546cd59159c986b,8782afb15824d3bce994c40a021ac9a27775dfb55b5023658a0ad422407492b7,ef3f0c89d96ab326ed5c33340210b37033e47b033e9f124811cce7c80ef83b87,False,ok
figure3-wide-r1-20260716T130142Z-99bbe7a-db81c71f9217,figure3h,holdout_figure1b,10000,2036,2,6,figure3-wide-r1-h-z04-a05,,,0.9510248413914085,30.0,30,2033,100,90,0.9,0.8256343384950865,0.9447708629393249,0.2036,post_freeze_wide_round_1,transition,True,figure1bc|114514|holdout_figure1b|10000|2036,cb985cbeabd16d6310f98ee1ba823dfaf41a5d9a68c25d058546cd59159c986b,b814d852171c97de434bce6b34f352697fbee677bbe7c89186699fb8aae5b302,ef3f0c89d96ab326ed5c33340210b37033e47b033e9f124811cce7c80ef83b87,False,ok
figure3-wide-r1-20260716T130142Z-99bbe7a-db81c71f9217,figure3h,holdout_figure1b,10000,2036,2,6,figure3-wide-r1-h-z04-a06,,,0.9814074541817858,30.0,30,2035,100,94,0.94,0.8752318455410406,0.9722138760368118,0.2036,post_freeze_wide_round_1,transition,True,figure1bc|114514|holdout_figure1b|10000|2036,cb985cbeabd16d6310f98ee1ba823dfaf41a5d9a68c25d058546cd59159c986b,17d6023c7c10db480f2328d8a398fbc68490bdfb57fdd6ec8c46cb9eda217ed5,ef3f0c89d96ab326ed5c33340210b37033e47b033e9f124811cce7c80ef83b87,False,ok
figure3-wide-r1-20260716T130142Z-99bbe7a-db81c71f9217,figure3h,holdout_figure1b,10000,2036,2,6,frozen-prediction,0.875,0.9,0.7243668166820519,4.831212065620817,5,1943,100,100,1.0,0.9630065017930143,1.0,0.2036,post_freeze_wide_round_1,transition,True,figure1bc|114514|holdout_figure1b|10000|2036,cb985cbeabd16d6310f98ee1ba823dfaf41a5d9a68c25d058546cd59159c986b,f28c942388befe1e5d718a0562827aacd032cb5d26c3df2b0f395107a3d03e2c,ef3f0c89d96ab326ed5c33340210b37033e47b033e9f124811cce7c80ef83b87,True,ok
figure3-wide-r1-20260716T130142Z-99bbe7a-db81c71f9217,figure3i,holdout_figure1b,100000,18155,2,6,figure3-wide-r1-i-z00-a00,,,0.11570232443340224,0.0,0,2101,100,0,0.0,0.0,0.03699349820698568,0.18155,post_freeze_wide_round_1,transition,True,figure1bc|114514|holdout_figure1b|100000|18155,3d56d929981c50f51337e1d705da14156e61cb2b15ab6b471c7bb18100a36265,04e8b52b3d9ca13c84f62cefb6df45f15ccf051e065a4371d48fcd0a622239a7,ef3f0c89d96ab326ed5c33340210b37033e47b033e9f124811cce7c80ef83b87,False,ok
figure3-wide-r1-20260716T130142Z-99bbe7a-db81c71f9217,figure3i,holdout_figure1b,100000,18155,2,6,figure3-wide-r1-i-z00-a01,,,0.262353279906528,0.0,0,4764,100,0,0.0,0.0,0.03699349820698568,0.18155,post_freeze_wide_round_1,transition,True,figure1bc|114514|holdout_figure1b|100000|18155,3d56d929981c50f51337e1d705da14156e61cb2b15ab6b471c7bb18100a36265,8156e4bc8cf0b9af119a3a13a83c887285d3987b08bc1c0d88f2414e90f9d381,ef3f0c89d96ab326ed5c33340210b37033e47b033e9f124811cce7c80ef83b87,False,ok
figure3-wide-r1-20260716T130142Z-99bbe7a-db81c71f9217,figure3i,holdout_figure1b,100000,18155,2,6,figure3-wide-r1-i-z00-a02,,,0.49155754774001204,0.0,0,8925,100,0,0.0,0.0,0.03699349820698568,0.18155,post_freeze_wide_round_1,transition,True,figure1bc|114514|holdout_figure1b|100000|18155,3d56d929981c50f51337e1d705da14156e61cb2b15ab6b471c7bb18100a36265,1ae602df6cd366c94f533624c7c997545788abfcaa5e27f93471a34ca2f65556,ef3f0c89d96ab326ed5c33340210b37033e47b033e9f124811cce7c80ef83b87,False,ok
figure3-wide-r1-20260716T130142Z-99bbe7a-db81c71f9217,figure3i,holdout_figure1b,100000,18155,2,6,figure3-wide-r1-i-z00-a03,,,0.7243668166820519,0.0,0,13151,100,0,0.0,0.0,0.03699349820698568,0.18155,post_freeze_wide_round_1,transition,True,figure1bc|114514|holdout_figure1b|100000|18155,3d56d929981c50f51337e1d705da14156e61cb2b15ab6b471c7bb18100a36265,c4c3ec76d615bb8dfd086f89eb8d69da4b54d198f5cb454f05feb811a699e9c0,ef3f0c89d96ab326ed5c33340210b37033e47b033e9f124811cce7c80ef83b87,False,ok
figure3-wide-r1-20260716T130142Z-99bbe7a-db81c71f9217,figure3i,holdout_figure1b,100000,18155,2,6,figure3-wide-r1-i-z00-a04,,,0.8772052760707243,0.0,0,15926,100,0,0.0,0.0,0.03699349820698568,0.18155,post_freeze_wide_round_1,transition,True,figure1bc|114514|holdout_figure1b|100000|18155,3d56d929981c50f51337e1d705da14156e61cb2b15ab6b471c7bb18100a36265,cff6bbbce082a2020bfb617e1fa567c3fb681911e816f5f1c42ffc00f3de20be,ef3f0c89d96ab326ed5c33340210b37033e47b033e9f124811cce7c80ef83b87,False,ok
figure3-wide-r1-20260716T130142Z-99bbe7a-db81c71f9217,figure3i,holdout_figure1b,100000,18155,2,6,figure3-wide-r1-i-z00-a05,,,0.9510248413914085,0.0,0,17266,100,0,0.0,0.0,0.03699349820698568,0.18155,post_freeze_wide_round_1,transition,True,figure1bc|114514|holdout_figure1b|100000|18155,3d56d929981c50f51337e1d705da14156e61cb2b15ab6b471c7bb18100a36265,339dcd6dcd08069ca9b9d4b8ef7e2c4ced10c37e8f24a62c46b82a7e00a8f54d,ef3f0c89d96ab326ed5c33340210b37033e47b033e9f124811cce7c80ef83b87,False,ok
figure3-wide-r1-20260716T130142Z-99bbe7a-db81c71f9217,figure3i,holdout_figure1b,100000,18155,2,6,figure3-wide-r1-i-z00-a06,,,0.9814074541817858,0.0,0,17818,100,0,0.0,0.0,0.03699349820698568,0.18155,post_freeze_wide_round_1,transition,True,figure1bc|114514|holdout_figure1b|100000|18155,3d56d929981c50f51337e1d705da14156e61cb2b15ab6b471c7bb18100a36265,4d51509bd44a84b5207376eb8930da3b0a4b81096b8a3709095751b905876bc0,ef3f0c89d96ab326ed5c33340210b37033e47b033e9f124811cce7c80ef83b87,False,ok
figure3-wide-r1-20260716T130142Z-99bbe7a-db81c71f9217,figure3i,holdout_figure1b,100000,18155,2,6,figure3-wide-r1-i-z01-a00,,,0.11570232443340224,5.0,5,15480,100,0,0.0,0.0,0.03699349820698568,0.18155,post_freeze_wide_round_1,transition,True,figure1bc|114514|holdout_figure1b|100000|18155,3d56d929981c50f51337e1d705da14156e61cb2b15ab6b471c7bb18100a36265,e3687106f596e9190507ec2a8dcfe0bdb30f7059d0f229326a9c0d6bfedfedd9,ef3f0c89d96ab326ed5c33340210b37033e47b033e9f124811cce7c80ef83b87,False,ok
figure3-wide-r1-20260716T130142Z-99bbe7a-db81c71f9217,figure3i,holdout_figure1b,100000,18155,2,6,figure3-wide-r1-i-z01-a01,,,0.262353279906528,5.0,5,15924,100,0,0.0,0.0,0.03699349820698568,0.18155,post_freeze_wide_round_1,transition,True,figure1bc|114514|holdout_figure1b|100000|18155,3d56d929981c50f51337e1d705da14156e61cb2b15ab6b471c7bb18100a36265,66ce084624a767f559356102c8d730a35dd88fe22162d1a76f880f3cc83519e6,ef3f0c89d96ab326ed5c33340210b37033e47b033e9f124811cce7c80ef83b87,False,ok
figure3-wide-r1-20260716T130142Z-99bbe7a-db81c71f9217,figure3i,holdout_figure1b,100000,18155,2,6,figure3-wide-r1-i-z01-a02,,,0.49155754774001204,5.0,5,16617,100,0,0.0,0.0,0.03699349820698568,0.18155,post_freeze_wide_round_1,transition,True,figure1bc|114514|holdout_figure1b|100000|18155,3d56d929981c50f51337e1d705da14156e61cb2b15ab6b471c7bb18100a36265,f4069f90d67a5bfae270c79f3f8cea677a6c3ffd1dce1d419b47cef4df3bf4df,ef3f0c89d96ab326ed5c33340210b37033e47b033e9f124811cce7c80ef83b87,False,ok
figure3-wide-r1-20260716T130142Z-99bbe7a-db81c71f9217,figure3i,holdout_figure1b,100000,18155,2,6,figure3-wide-r1-i-z01-a03,,,0.7243668166820519,5.0,5,17322,100,88,0.88,0.8018790057328857,0.9300059356298052,0.18155,post_freeze_wide_round_1,transition,True,figure1bc|114514|holdout_figure1b|100000|18155,3d56d929981c50f51337e1d705da14156e61cb2b15ab6b471c7bb18100a36265,c0b8e54b7f52cdc354cd3c81b5cb30fdf0cc1deb42fbb674ec9eb889cfb538e4,ef3f0c89d96ab326ed5c33340210b37033e47b033e9f124811cce7c80ef83b87,False,ok
figure3-wide-r1-20260716T130142Z-99bbe7a-db81c71f9217,figure3i,holdout_figure1b,100000,18155,2,6,figure3-wide-r1-i-z01-a04,,,0.8772052760707243,5.0,5,17784,100,0,0.0,0.0,0.03699349820698568,0.18155,post_freeze_wide_round_1,transition,True,figure1bc|114514|holdout_figure1b|100000|18155,3d56d929981c50f51337e1d705da14156e61cb2b15ab6b471c7bb18100a36265,13d9f3167137700ecaf232369567c0d2d12c7b50cc190e8d10892bc339a8a920,ef3f0c89d96ab326ed5c33340210b37033e47b033e9f124811cce7c80ef83b87,False,ok
figure3-wide-r1-20260716T130142Z-99bbe7a-db81c71f9217,figure3i,holdout_figure1b,100000,18155,2,6,figure3-wide-r1-i-z01-a05,,,0.9510248413914085,5.0,5,18007,100,0,0.0,0.0,0.03699349820698568,0.18155,post_freeze_wide_round_1,transition,True,figure1bc|114514|holdout_figure1b|100000|18155,3d56d929981c50f51337e1d705da14156e61cb2b15ab6b471c7bb18100a36265,ecad937874d9fd137929ad5fcbffeecf8d9e2621286c442a10777bb21a1d2dee,ef3f0c89d96ab326ed5c33340210b37033e47b033e9f124811cce7c80ef83b87,False,ok
figure3-wide-r1-20260716T130142Z-99bbe7a-db81c71f9217,figure3i,holdout_figure1b,100000,18155,2,6,figure3-wide-r1-i-z01-a06,,,0.9814074541817858,5.0,5,18099,100,0,0.0,0.0,0.03699349820698568,0.18155,post_freeze_wide_round_1,transition,True,figure1bc|114514|holdout_figure1b|100000|18155,3d56d929981c50f51337e1d705da14156e61cb2b15ab6b471c7bb18100a36265,810f7791d6c46b16c1fa0b0c8ffc59e61a6db861c58b8d23dcedc17ad859041b,ef3f0c89d96ab326ed5c33340210b37033e47b033e9f124811cce7c80ef83b87,False,ok
figure3-wide-r1-20260716T130142Z-99bbe7a-db81c71f9217,figure3i,holdout_figure1b,100000,18155,2,6,figure3-wide-r1-i-z02-a00,,,0.11570232443340224,10.0,10,16696,100,0,0.0,0.0,0.03699349820698568,0.18155,post_freeze_wide_round_1,transition,True,figure1bc|114514|holdout_figure1b|100000|18155,3d56d929981c50f51337e1d705da14156e61cb2b15ab6b471c7bb18100a36265,d1e0d9283cce6dac95276f116239e899a600b213a43b416e0a09da8abc68650f,ef3f0c89d96ab326ed5c33340210b37033e47b033e9f124811cce7c80ef83b87,False,ok
figure3-wide-r1-20260716T130142Z-99bbe7a-db81c71f9217,figure3i,holdout_figure1b,100000,18155,2,6,figure3-wide-r1-i-z02-a01,,,0.262353279906528,10.0,10,16938,100,0,0.0,0.0,0.03699349820698568,0.18155,post_freeze_wide_round_1,transition,True,figure1bc|114514|holdout_figure1b|100000|18155,3d56d929981c50f51337e1d705da14156e61cb2b15ab6b471c7bb18100a36265,6d3b24b6ce04f712260f3bd26c4fdac43820712c133a71f9f71df543fa363ae0,ef3f0c89d96ab326ed5c33340210b37033e47b033e9f124811cce7c80ef83b87,False,ok
figure3-wide-r1-20260716T130142Z-99bbe7a-db81c71f9217,figure3i,holdout_figure1b,100000,18155,2,6,figure3-wide-r1-i-z02-a02,,,0.49155754774001204,10.0,10,17317,100,62,0.62,0.5220975529551107,0.7090240074752127,0.18155,post_freeze_wide_round_1,transition,True,figure1bc|114514|holdout_figure1b|100000|18155,3d56d929981c50f51337e1d705da14156e61cb2b15ab6b471c7bb18100a36265,44ac91770fd0821ae181e633a6255102bdef3d9f5b102866470a137d5a32a418,ef3f0c89d96ab326ed5c33340210b37033e47b033e9f124811cce7c80ef83b87,False,ok
figure3-wide-r1-20260716T130142Z-99bbe7a-db81c71f9217,figure3i,holdout_figure1b,100000,18155,2,6,figure3-wide-r1-i-z02-a04,,,0.8772052760707243,10.0,10,17953,100,0,0.0,0.0,0.03699349820698568,0.18155,post_freeze_wide_round_1,transition,True,figure1bc|114514|holdout_figure1b|100000|18155,3d56d929981c50f51337e1d705da14156e61cb2b15ab6b471c7bb18100a36265,91c4608b431bdcb41f632434db0b24ec9f498117cff674fcda400d5a5fdd89a5,ef3f0c89d96ab326ed5c33340210b37033e47b033e9f124811cce7c80ef83b87,False,ok
figure3-wide-r1-20260716T130142Z-99bbe7a-db81c71f9217,figure3i,holdout_figure1b,100000,18155,2,6,figure3-wide-r1-i-z02-a05,,,0.9510248413914085,10.0,10,18075,100,0,0.0,0.0,0.03699349820698568,0.18155,post_freeze_wide_round_1,transition,True,figure1bc|114514|holdout_figure1b|100000|18155,3d56d929981c50f51337e1d705da14156e61cb2b15ab6b471c7bb18100a36265,d3d843797af01e768d0fbf0deb0647fcf43a346e62f50ccb4fb4699e5457717f,ef3f0c89d96ab326ed5c33340210b37033e47b033e9f124811cce7c80ef83b87,False,ok
figure3-wide-r1-20260716T130142Z-99bbe7a-db81c71f9217,figure3i,holdout_figure1b,100000,18155,2,6,figure3-wide-r1-i-z02-a06,,,0.9814074541817858,10.0,10,18125,100,0,0.0,0.0,0.03699349820698568,0.18155,post_freeze_wide_round_1,transition,True,figure1bc|114514|holdout_figure1b|100000|18155,3d56d929981c50f51337e1d705da14156e61cb2b15ab6b471c7bb18100a36265,7b736a4380a8b84b467fad8f996661563d1df1889dd6bb40a7ca81c757c0ced9,ef3f0c89d96ab326ed5c33340210b37033e47b033e9f124811cce7c80ef83b87,False,ok
figure3-wide-r1-20260716T130142Z-99bbe7a-db81c71f9217,figure3i,holdout_figure1b,100000,18155,2,6,figure3-wide-r1-i-z03-a00,,,0.11570232443340224,25.0,25,17538,100,0,0.0,0.0,0.03699349820698568,0.18155,post_freeze_wide_round_1,transition,True,figure1bc|114514|holdout_figure1b|100000|18155,3d56d929981c50f51337e1d705da14156e61cb2b15ab6b471c7bb18100a36265,5aa390661487f644cef856d1d0e96224c77699413fdca7d7a4f466b6509b91b8,ef3f0c89d96ab326ed5c33340210b37033e47b033e9f124811cce7c80ef83b87,False,ok
figure3-wide-r1-20260716T130142Z-99bbe7a-db81c71f9217,figure3i,holdout_figure1b,100000,18155,2,6,figure3-wide-r1-i-z03-a01,,,0.262353279906528,25.0,25,17641,100,11,0.11,0.06254196357064568,0.18631296503080313,0.18155,post_freeze_wide_round_1,transition,True,figure1bc|114514|holdout_figure1b|100000|18155,3d56d929981c50f51337e1d705da14156e61cb2b15ab6b471c7bb18100a36265,d22215e51377f16457951203fc6927ae6ec6c146f0db54b7ed16322ea4c0c8be,ef3f0c89d96ab326ed5c33340210b37033e47b033e9f124811cce7c80ef83b87,False,ok
figure3-wide-r1-20260716T130142Z-99bbe7a-db81c71f9217,figure3i,holdout_figure1b,100000,18155,2,6,figure3-wide-r1-i-z03-a02,,,0.49155754774001204,25.0,25,17801,100,69,0.69,0.5937394428051057,0.7722030278762395,0.18155,post_freeze_wide_round_1,transition,True,figure1bc|114514|holdout_figure1b|100000|18155,3d56d929981c50f51337e1d705da14156e61cb2b15ab6b471c7bb18100a36265,1da5a9dc9e887c69e2fde653968d8ce843a2073c86ba98223b275359afe58d2a,ef3f0c89d96ab326ed5c33340210b37033e47b033e9f124811cce7c80ef83b87,False,ok
figure3-wide-r1-20260716T130142Z-99bbe7a-db81c71f9217,figure3i,holdout_figure1b,100000,18155,2,6,figure3-wide-r1-i-z03-a03,,,0.7243668166820519,25.0,25,17963,100,93,0.93,0.8625048526092651,0.9656807389327273,0.18155,post_freeze_wide_round_1,transition,True,figure1bc|114514|holdout_figure1b|100000|18155,3d56d929981c50f51337e1d705da14156e61cb2b15ab6b471c7bb18100a36265,29601894bf40dcd0ad3389bd3e395a7ee8b3e997182226b878391d8365f77c9a,ef3f0c89d96ab326ed5c33340210b37033e47b033e9f124811cce7c80ef83b87,False,ok
figure3-wide-r1-20260716T130142Z-99bbe7a-db81c71f9217,figure3i,holdout_figure1b,100000,18155,2,6,figure3-wide-r1-i-z03-a04,,,0.8772052760707243,25.0,25,18070,100,0,0.0,0.0,0.03699349820698568,0.18155,post_freeze_wide_round_1,transition,True,figure1bc|114514|holdout_figure1b|100000|18155,3d56d929981c50f51337e1d705da14156e61cb2b15ab6b471c7bb18100a36265,15734ba83a32a7cfe35375df45998c10066d7a27dea232e37e00bfbcadc056a3,ef3f0c89d96ab326ed5c33340210b37033e47b033e9f124811cce7c80ef83b87,False,ok
figure3-wide-r1-20260716T130142Z-99bbe7a-db81c71f9217,figure3i,holdout_figure1b,100000,18155,2,6,figure3-wide-r1-i-z03-a05,,,0.9510248413914085,25.0,25,18121,100,0,0.0,0.0,0.03699349820698568,0.18155,post_freeze_wide_round_1,transition,True,figure1bc|114514|holdout_figure1b|100000|18155,3d56d929981c50f51337e1d705da14156e61cb2b15ab6b471c7bb18100a36265,718ed2677b749ad49376a8198a491c8e782f1305200cc7f2c5e05b206126bbf4,ef3f0c89d96ab326ed5c33340210b37033e47b033e9f124811cce7c80ef83b87,False,ok
figure3-wide-r1-20260716T130142Z-99bbe7a-db81c71f9217,figure3i,holdout_figure1b,100000,18155,2,6,figure3-wide-r1-i-z03-a06,,,0.9814074541817858,25.0,25,18143,100,0,0.0,0.0,0.03699349820698568,0.18155,post_freeze_wide_round_1,transition,True,figure1bc|114514|holdout_figure1b|100000|18155,3d56d929981c50f51337e1d705da14156e61cb2b15ab6b471c7bb18100a36265,e4539cee8e37884ac0353f79fd63aaa80e6bd0f85688c870b1df697f877c6006,ef3f0c89d96ab326ed5c33340210b37033e47b033e9f124811cce7c80ef83b87,False,ok
figure3-wide-r1-20260716T130142Z-99bbe7a-db81c71f9217,figure3i,holdout_figure1b,100000,18155,2,6,figure3-wide-r1-i-z04-a00,,,0.11570232443340224,60.0,60,17893,100,0,0.0,0.0,0.03699349820698568,0.18155,post_freeze_wide_round_1,transition,True,figure1bc|114514|holdout_figure1b|100000|18155,3d56d929981c50f51337e1d705da14156e61cb2b15ab6b471c7bb18100a36265,f6c656b1fe0e6485b89d6c7e951860435ea1017ca56b027b46239f4644a2e27e,ef3f0c89d96ab326ed5c33340210b37033e47b033e9f124811cce7c80ef83b87,False,ok
figure3-wide-r1-20260716T130142Z-99bbe7a-db81c71f9217,figure3i,holdout_figure1b,100000,18155,2,6,figure3-wide-r1-i-z04-a01,,,0.262353279906528,60.0,60,17936,100,0,0.0,0.0,0.03699349820698568,0.18155,post_freeze_wide_round_1,transition,True,figure1bc|114514|holdout_figure1b|100000|18155,3d56d929981c50f51337e1d705da14156e61cb2b15ab6b471c7bb18100a36265,3eed2994025fe67aa2d1c4a72179482535f3db30f1f762690c45e6ab9d9d8eff,ef3f0c89d96ab326ed5c33340210b37033e47b033e9f124811cce7c80ef83b87,False,ok
figure3-wide-r1-20260716T130142Z-99bbe7a-db81c71f9217,figure3i,holdout_figure1b,100000,18155,2,6,figure3-wide-r1-i-z04-a02,,,0.49155754774001204,60.0,60,18004,100,0,0.0,0.0,0.03699349820698568,0.18155,post_freeze_wide_round_1,transition,True,figure1bc|114514|holdout_figure1b|100000|18155,3d56d929981c50f51337e1d705da14156e61cb2b15ab6b471c7bb18100a36265,2b38d0d9f9ef977362cd4e6de24c28ffc5be37127e2f4c5b5dda9c289df0f343,ef3f0c89d96ab326ed5c33340210b37033e47b033e9f124811cce7c80ef83b87,False,ok
figure3-wide-r1-20260716T130142Z-99bbe7a-db81c71f9217,figure3i,holdout_figure1b,100000,18155,2,6,figure3-wide-r1-i-z04-a03,,,0.7243668166820519,60.0,60,18074,100,0,0.0,0.0,0.03699349820698568,0.18155,post_freeze_wide_round_1,transition,True,figure1bc|114514|holdout_figure1b|100000|18155,3d56d929981c50f51337e1d705da14156e61cb2b15ab6b471c7bb18100a36265,b2a0a4a794b8cde3b63dccee012673f4519daa8ae7d587cfbb9b62c7f4928d65,ef3f0c89d96ab326ed5c33340210b37033e47b033e9f124811cce7c80ef83b87,False,ok
figure3-wide-r1-20260716T130142Z-99bbe7a-db81c71f9217,figure3i,holdout_figure1b,100000,18155,2,6,figure3-wide-r1-i-z04-a04,,,0.8772052760707243,60.0,60,18119,100,0,0.0,0.0,0.03699349820698568,0.18155,post_freeze_wide_round_1,transition,True,figure1bc|114514|holdout_figure1b|100000|18155,3d56d929981c50f51337e1d705da14156e61cb2b15ab6b471c7bb18100a36265,08a5d56e40e4a79b49cd368960400dd9716d0e1ed5fc8c7d1fb1a17a0c24c8de,ef3f0c89d96ab326ed5c33340210b37033e47b033e9f124811cce7c80ef83b87,False,ok
figure3-wide-r1-20260716T130142Z-99bbe7a-db81c71f9217,figure3i,holdout_figure1b,100000,18155,2,6,figure3-wide-r1-i-z04-a05,,,0.9510248413914085,60.0,60,18141,100,0,0.0,0.0,0.03699349820698568,0.18155,post_freeze_wide_round_1,transition,True,figure1bc|114514|holdout_figure1b|100000|18155,3d56d929981c50f51337e1d705da14156e61cb2b15ab6b471c7bb18100a36265,dfbc38f29a8852c569f1e7ab86736aa1cfbd4b255f81afd4e4f4108c630eb7d6,ef3f0c89d96ab326ed5c33340210b37033e47b033e9f124811cce7c80ef83b87,False,ok
figure3-wide-r1-20260716T130142Z-99bbe7a-db81c71f9217,figure3i,holdout_figure1b,100000,18155,2,6,figure3-wide-r1-i-z04-a06,,,0.9814074541817858,60.0,60,18150,100,0,0.0,0.0,0.03699349820698568,0.18155,post_freeze_wide_round_1,transition,True,figure1bc|114514|holdout_figure1b|100000|18155,3d56d929981c50f51337e1d705da14156e61cb2b15ab6b471c7bb18100a36265,983590f0c6112e05ebaca5ef9356e5dbbff29883eb93c0d2c57f5f46c8e6e6ce,ef3f0c89d96ab326ed5c33340210b37033e47b033e9f124811cce7c80ef83b87,False,ok
figure3-wide-r1-20260716T130142Z-99bbe7a-db81c71f9217,figure3i,holdout_figure1b,100000,18155,2,6,frozen-prediction,0.875,0.9,0.7243668166820519,10.018336028423183,10,17701,100,100,1.0,0.9630065017930143,1.0,0.18155,post_freeze_wide_round_1,transition,True,figure1bc|114514|holdout_figure1b|100000|18155,3d56d929981c50f51337e1d705da14156e61cb2b15ab6b471c7bb18100a36265,90c20dba3e64ee0029f29b3f400e0297a493f85df2b29f761db25aa687889eca,ef3f0c89d96ab326ed5c33340210b37033e47b033e9f124811cce7c80ef83b87,True,ok
figure3-wide-r1-20260716T130142Z-99bbe7a-db81c71f9217,figure3j,holdout_figure1b,100000,18940,2,6,figure3-wide-r1-j-z00-a00,,,0.11570232443340224,0.0,0,2192,100,0,0.0,0.0,0.03699349820698568,0.1894,post_freeze_wide_round_1,transition,True,figure1bc|114514|holdout_figure1b|100000|18940,e3076a81629c1bb1bd10153bd093e471a59da641b11d517114d129160bc9b9ca,b9e765e0e6cf980e98ab8173a36e16c9f7496dde2c96ab67411d86033159fd94,ef3f0c89d96ab326ed5c33340210b37033e47b033e9f124811cce7c80ef83b87,False,ok
figure3-wide-r1-20260716T130142Z-99bbe7a-db81c71f9217,figure3j,holdout_figure1b,100000,18940,2,6,figure3-wide-r1-j-z00-a01,,,0.262353279906528,0.0,0,4969,100,0,0.0,0.0,0.03699349820698568,0.1894,post_freeze_wide_round_1,transition,True,figure1bc|114514|holdout_figure1b|100000|18940,e3076a81629c1bb1bd10153bd093e471a59da641b11d517114d129160bc9b9ca,9000cb3dfb05ff999ccecddac885ce3504d80bdf7a82ff28a6bb8bc2f0f8a54c,ef3f0c89d96ab326ed5c33340210b37033e47b033e9f124811cce7c80ef83b87,False,ok
figure3-wide-r1-20260716T130142Z-99bbe7a-db81c71f9217,figure3j,holdout_figure1b,100000,18940,2,6,figure3-wide-r1-j-z00-a02,,,0.49155754774001204,0.0,0,9311,100,0,0.0,0.0,0.03699349820698568,0.1894,post_freeze_wide_round_1,transition,True,figure1bc|114514|holdout_figure1b|100000|18940,e3076a81629c1bb1bd10153bd093e471a59da641b11d517114d129160bc9b9ca,7924e23b88e2635e1a9ccb5f0d20748d341221a8e688b65daa633025b280e684,ef3f0c89d96ab326ed5c33340210b37033e47b033e9f124811cce7c80ef83b87,False,ok
figure3-wide-r1-20260716T130142Z-99bbe7a-db81c71f9217,figure3j,holdout_figure1b,100000,18940,2,6,figure3-wide-r1-j-z00-a03,,,0.7243668166820519,0.0,0,13720,100,0,0.0,0.0,0.03699349820698568,0.1894,post_freeze_wide_round_1,transition,True,figure1bc|114514|holdout_figure1b|100000|18940,e3076a81629c1bb1bd10153bd093e471a59da641b11d517114d129160bc9b9ca,b6914445fa9d30a708d8cb34e94ac77bf11ce4354cb73e68eed4641a6ef2db99,ef3f0c89d96ab326ed5c33340210b37033e47b033e9f124811cce7c80ef83b87,False,ok
figure3-wide-r1-20260716T130142Z-99bbe7a-db81c71f9217,figure3j,holdout_figure1b,100000,18940,2,6,figure3-wide-r1-j-z00-a04,,,0.8772052760707243,0.0,0,16615,100,0,0.0,0.0,0.03699349820698568,0.1894,post_freeze_wide_round_1,transition,True,figure1bc|114514|holdout_figure1b|100000|18940,e3076a81629c1bb1bd10153bd093e471a59da641b11d517114d129160bc9b9ca,3fa2cf22d2da57f9796a3f0aefc6b0404de18f8a2d3f093e5889cd4140d204aa,ef3f0c89d96ab326ed5c33340210b37033e47b033e9f124811cce7c80ef83b87,False,ok
figure3-wide-r1-20260716T130142Z-99bbe7a-db81c71f9217,figure3j,holdout_figure1b,100000,18940,2,6,figure3-wide-r1-j-z00-a05,,,0.9510248413914085,0.0,0,18013,100,0,0.0,0.0,0.03699349820698568,0.1894,post_freeze_wide_round_1,transition,True,figure1bc|114514|holdout_figure1b|100000|18940,e3076a81629c1bb1bd10153bd093e471a59da641b11d517114d129160bc9b9ca,1c723a31f5761ae43cb48a380220ad11c3652f14f9ab8949b5027318ce0ce523,ef3f0c89d96ab326ed5c33340210b37033e47b033e9f124811cce7c80ef83b87,False,ok
figure3-wide-r1-20260716T130142Z-99bbe7a-db81c71f9217,figure3j,holdout_figure1b,100000,18940,2,6,figure3-wide-r1-j-z00-a06,,,0.9814074541817858,0.0,0,18588,100,0,0.0,0.0,0.03699349820698568,0.1894,post_freeze_wide_round_1,transition,True,figure1bc|114514|holdout_figure1b|100000|18940,e3076a81629c1bb1bd10153bd093e471a59da641b11d517114d129160bc9b9ca,49d3cfa418cdeca3fccfed63f888f39cdc946c70a3c0e23ed0be374b9b84d270,ef3f0c89d96ab326ed5c33340210b37033e47b033e9f124811cce7c80ef83b87,False,ok
figure3-wide-r1-20260716T130142Z-99bbe7a-db81c71f9217,figure3j,holdout_figure1b,100000,18940,2,6,figure3-wide-r1-j-z01-a00,,,0.11570232443340224,5.0,5,16150,100,0,0.0,0.0,0.03699349820698568,0.1894,post_freeze_wide_round_1,transition,True,figure1bc|114514|holdout_figure1b|100000|18940,e3076a81629c1bb1bd10153bd093e471a59da641b11d517114d129160bc9b9ca,8341a17146d217b6daf5e11ff5530846f1211f4e27fdf672a91a9639caf5d65d,ef3f0c89d96ab326ed5c33340210b37033e47b033e9f124811cce7c80ef83b87,False,ok
figure3-wide-r1-20260716T130142Z-99bbe7a-db81c71f9217,figure3j,holdout_figure1b,100000,18940,2,6,figure3-wide-r1-j-z01-a01,,,0.262353279906528,5.0,5,16612,100,0,0.0,0.0,0.03699349820698568,0.1894,post_freeze_wide_round_1,transition,True,figure1bc|114514|holdout_figure1b|100000|18940,e3076a81629c1bb1bd10153bd093e471a59da641b11d517114d129160bc9b9ca,e6d862e3f6dada54f24321a9dca80a6e5b50f4ad388d0f7fa51e738e6e86c138,ef3f0c89d96ab326ed5c33340210b37033e47b033e9f124811cce7c80ef83b87,False,ok
figure3-wide-r1-20260716T130142Z-99bbe7a-db81c71f9217,figure3j,holdout_figure1b,100000,18940,2,6,figure3-wide-r1-j-z01-a02,,,0.49155754774001204,5.0,5,17336,100,100,1.0,0.9630065017930143,1.0,0.1894,post_freeze_wide_round_1,transition,True,figure1bc|114514|holdout_figure1b|100000|18940,e3076a81629c1bb1bd10153bd093e471a59da641b11d517114d129160bc9b9ca,6cc1bcaf0cad74d31ca3aa32da65d5322f0a9777b81f12352db336e0522ebfb9,ef3f0c89d96ab326ed5c33340210b37033e47b033e9f124811cce7c80ef83b87,False,ok
figure3-wide-r1-20260716T130142Z-99bbe7a-db81c71f9217,figure3j,holdout_figure1b,100000,18940,2,6,figure3-wide-r1-j-z01-a03,,,0.7243668166820519,5.0,5,18071,100,100,1.0,0.9630065017930143,1.0,0.1894,post_freeze_wide_round_1,transition,True,figure1bc|114514|holdout_figure1b|100000|18940,e3076a81629c1bb1bd10153bd093e471a59da641b11d517114d129160bc9b9ca,2837d26c6b4969da79f9f831bfb047ea3cdfb4d70aa110a06005ea74300994f8,ef3f0c89d96ab326ed5c33340210b37033e47b033e9f124811cce7c80ef83b87,False,ok
figure3-wide-r1-20260716T130142Z-99bbe7a-db81c71f9217,figure3j,holdout_figure1b,100000,18940,2,6,figure3-wide-r1-j-z01-a04,,,0.8772052760707243,5.0,5,18553,100,0,0.0,0.0,0.03699349820698568,0.1894,post_freeze_wide_round_1,transition,True,figure1bc|114514|holdout_figure1b|100000|18940,e3076a81629c1bb1bd10153bd093e471a59da641b11d517114d129160bc9b9ca,0acdf8607807bd8a7e038630b69f8a68dc630ab69db38fa16410020ff6395763,ef3f0c89d96ab326ed5c33340210b37033e47b033e9f124811cce7c80ef83b87,False,ok
figure3-wide-r1-20260716T130142Z-99bbe7a-db81c71f9217,figure3j,holdout_figure1b,100000,18940,2,6,figure3-wide-r1-j-z01-a05,,,0.9510248413914085,5.0,5,18786,100,0,0.0,0.0,0.03699349820698568,0.1894,post_freeze_wide_round_1,transition,True,figure1bc|114514|holdout_figure1b|100000|18940,e3076a81629c1bb1bd10153bd093e471a59da641b11d517114d129160bc9b9ca,f36c3957532d7652ba3597df0f72d5661747bb6a1c68657127ccd8e00d4c89a3,ef3f0c89d96ab326ed5c33340210b37033e47b033e9f124811cce7c80ef83b87,False,ok
figure3-wide-r1-20260716T130142Z-99bbe7a-db81c71f9217,figure3j,holdout_figure1b,100000,18940,2,6,figure3-wide-r1-j-z01-a06,,,0.9814074541817858,5.0,5,18882,100,0,0.0,0.0,0.03699349820698568,0.1894,post_freeze_wide_round_1,transition,True,figure1bc|114514|holdout_figure1b|100000|18940,e3076a81629c1bb1bd10153bd093e471a59da641b11d517114d129160bc9b9ca,31aa6c41c4cf25deaf16d2cdea16b31b83db86d9e5634184f08d310dd38465cc,ef3f0c89d96ab326ed5c33340210b37033e47b033e9f124811cce7c80ef83b87,False,ok
figure3-wide-r1-20260716T130142Z-99bbe7a-db81c71f9217,figure3j,holdout_figure1b,100000,18940,2,6,figure3-wide-r1-j-z02-a00,,,0.11570232443340224,10.0,10,17419,100,97,0.97,0.9154806357094724,0.9897454759759611,0.1894,post_freeze_wide_round_1,transition,True,figure1bc|114514|holdout_figure1b|100000|18940,e3076a81629c1bb1bd10153bd093e471a59da641b11d517114d129160bc9b9ca,cd5d22ed55d3c044990042c545388d940ad52e9fb425930c9032031b088e905d,ef3f0c89d96ab326ed5c33340210b37033e47b033e9f124811cce7c80ef83b87,False,ok
figure3-wide-r1-20260716T130142Z-99bbe7a-db81c71f9217,figure3j,holdout_figure1b,100000,18940,2,6,figure3-wide-r1-j-z02-a01,,,0.262353279906528,10.0,10,17671,100,100,1.0,0.9630065017930143,1.0,0.1894,post_freeze_wide_round_1,transition,True,figure1bc|114514|holdout_figure1b|100000|18940,e3076a81629c1bb1bd10153bd093e471a59da641b11d517114d129160bc9b9ca,88634ccb1949e533bf05db3cc3181899044f12b8a077de9c261d1c6b42c01617,ef3f0c89d96ab326ed5c33340210b37033e47b033e9f124811cce7c80ef83b87,False,ok
figure3-wide-r1-20260716T130142Z-99bbe7a-db81c71f9217,figure3j,holdout_figure1b,100000,18940,2,6,figure3-wide-r1-j-z02-a02,,,0.49155754774001204,10.0,10,18065,100,100,1.0,0.9630065017930143,1.0,0.1894,post_freeze_wide_round_1,transition,True,figure1bc|114514|holdout_figure1b|100000|18940,e3076a81629c1bb1bd10153bd093e471a59da641b11d517114d129160bc9b9ca,65d547c56488296b96d45a8f113b2f7775b0adffe3c288ecc96871155ddbf27c,ef3f0c89d96ab326ed5c33340210b37033e47b033e9f124811cce7c80ef83b87,False,ok
figure3-wide-r1-20260716T130142Z-99bbe7a-db81c71f9217,figure3j,holdout_figure1b,100000,18940,2,6,figure3-wide-r1-j-z02-a04,,,0.8772052760707243,10.0,10,18729,100,1,0.01,0.0017674320641406505,0.054486196178705315,0.1894,post_freeze_wide_round_1,transition,True,figure1bc|114514|holdout_figure1b|100000|18940,e3076a81629c1bb1bd10153bd093e471a59da641b11d517114d129160bc9b9ca,4f371d535acefc02771ce7ffbeaef7db9aae430eed381bdbc8980d05a383c644,ef3f0c89d96ab326ed5c33340210b37033e47b033e9f124811cce7c80ef83b87,False,ok
figure3-wide-r1-20260716T130142Z-99bbe7a-db81c71f9217,figure3j,holdout_figure1b,100000,18940,2,6,figure3-wide-r1-j-z02-a05,,,0.9510248413914085,10.0,10,18856,100,0,0.0,0.0,0.03699349820698568,0.1894,post_freeze_wide_round_1,transition,True,figure1bc|114514|holdout_figure1b|100000|18940,e3076a81629c1bb1bd10153bd093e471a59da641b11d517114d129160bc9b9ca,8a9b9018e6a282a44f1607cf23e1f46b840b7de06456e30e694c5b9e2a9686f3,ef3f0c89d96ab326ed5c33340210b37033e47b033e9f124811cce7c80ef83b87,False,ok
figure3-wide-r1-20260716T130142Z-99bbe7a-db81c71f9217,figure3j,holdout_figure1b,100000,18940,2,6,figure3-wide-r1-j-z02-a06,,,0.9814074541817858,10.0,10,18909,100,0,0.0,0.0,0.03699349820698568,0.1894,post_freeze_wide_round_1,transition,True,figure1bc|114514|holdout_figure1b|100000|18940,e3076a81629c1bb1bd10153bd093e471a59da641b11d517114d129160bc9b9ca,c5930f945e4a2c8c808628ecc0f812788fc6240693c737b1f9c35df03c62cb25,ef3f0c89d96ab326ed5c33340210b37033e47b033e9f124811cce7c80ef83b87,False,ok
figure3-wide-r1-20260716T130142Z-99bbe7a-db81c71f9217,figure3j,holdout_figure1b,100000,18940,2,6,figure3-wide-r1-j-z03-a00,,,0.11570232443340224,25.0,25,18297,100,100,1.0,0.9630065017930143,1.0,0.1894,post_freeze_wide_round_1,transition,True,figure1bc|114514|holdout_figure1b|100000|18940,e3076a81629c1bb1bd10153bd093e471a59da641b11d517114d129160bc9b9ca,5c0f036a7a3962e0b565fd448089bfc418a67ac23f9fafefa8dcd3fcd0f1b28d,ef3f0c89d96ab326ed5c33340210b37033e47b033e9f124811cce7c80ef83b87,False,ok
figure3-wide-r1-20260716T130142Z-99bbe7a-db81c71f9217,figure3j,holdout_figure1b,100000,18940,2,6,figure3-wide-r1-j-z03-a01,,,0.262353279906528,25.0,25,18403,100,100,1.0,0.9630065017930143,1.0,0.1894,post_freeze_wide_round_1,transition,True,figure1bc|114514|holdout_figure1b|100000|18940,e3076a81629c1bb1bd10153bd093e471a59da641b11d517114d129160bc9b9ca,717b1c132716a8fc115c9cdc443ec007de410af5963773b95f490eb6f8d6a859,ef3f0c89d96ab326ed5c33340210b37033e47b033e9f124811cce7c80ef83b87,False,ok
figure3-wide-r1-20260716T130142Z-99bbe7a-db81c71f9217,figure3j,holdout_figure1b,100000,18940,2,6,figure3-wide-r1-j-z03-a02,,,0.49155754774001204,25.0,25,18570,100,100,1.0,0.9630065017930143,1.0,0.1894,post_freeze_wide_round_1,transition,True,figure1bc|114514|holdout_figure1b|100000|18940,e3076a81629c1bb1bd10153bd093e471a59da641b11d517114d129160bc9b9ca,c2f122a07931bf4bac95c89b67f11ea661a7380c9dfcfd0e33589771869c0fe3,ef3f0c89d96ab326ed5c33340210b37033e47b033e9f124811cce7c80ef83b87,False,ok
figure3-wide-r1-20260716T130142Z-99bbe7a-db81c71f9217,figure3j,holdout_figure1b,100000,18940,2,6,figure3-wide-r1-j-z03-a03,,,0.7243668166820519,25.0,25,18740,100,100,1.0,0.9630065017930143,1.0,0.1894,post_freeze_wide_round_1,transition,True,figure1bc|114514|holdout_figure1b|100000|18940,e3076a81629c1bb1bd10153bd093e471a59da641b11d517114d129160bc9b9ca,97c448a3a49256d5aa12199b340627a3a827d30ca65a90e012439bdb47ffc712,ef3f0c89d96ab326ed5c33340210b37033e47b033e9f124811cce7c80ef83b87,False,ok
figure3-wide-r1-20260716T130142Z-99bbe7a-db81c71f9217,figure3j,holdout_figure1b,100000,18940,2,6,figure3-wide-r1-j-z03-a04,,,0.8772052760707243,25.0,25,18851,100,10,0.1,0.0552291370606751,0.17436566150491345,0.1894,post_freeze_wide_round_1,transition,True,figure1bc|114514|holdout_figure1b|100000|18940,e3076a81629c1bb1bd10153bd093e471a59da641b11d517114d129160bc9b9ca,253243f319e68930ea87d66009681b050874fee5c8fe4f169cbc9cb7a86ab8a6,ef3f0c89d96ab326ed5c33340210b37033e47b033e9f124811cce7c80ef83b87,False,ok
figure3-wide-r1-20260716T130142Z-99bbe7a-db81c71f9217,figure3j,holdout_figure1b,100000,18940,2,6,figure3-wide-r1-j-z03-a05,,,0.9510248413914085,25.0,25,18905,100,0,0.0,0.0,0.03699349820698568,0.1894,post_freeze_wide_round_1,transition,True,figure1bc|114514|holdout_figure1b|100000|18940,e3076a81629c1bb1bd10153bd093e471a59da641b11d517114d129160bc9b9ca,3725b21ed92ddd2675de1d6ceed54e66c650cd3d23e88446224417f8ec0a0608,ef3f0c89d96ab326ed5c33340210b37033e47b033e9f124811cce7c80ef83b87,False,ok
figure3-wide-r1-20260716T130142Z-99bbe7a-db81c71f9217,figure3j,holdout_figure1b,100000,18940,2,6,figure3-wide-r1-j-z03-a06,,,0.9814074541817858,25.0,25,18927,100,0,0.0,0.0,0.03699349820698568,0.1894,post_freeze_wide_round_1,transition,True,figure1bc|114514|holdout_figure1b|100000|18940,e3076a81629c1bb1bd10153bd093e471a59da641b11d517114d129160bc9b9ca,729700d326713768b96fc850aa7da238e23fd6980569de380f86e9153c102c38,ef3f0c89d96ab326ed5c33340210b37033e47b033e9f124811cce7c80ef83b87,False,ok
figure3-wide-r1-20260716T130142Z-99bbe7a-db81c71f9217,figure3j,holdout_figure1b,100000,18940,2,6,figure3-wide-r1-j-z04-a00,,,0.11570232443340224,60.0,60,18666,100,86,0.86,0.7786281178903616,0.9147365634006086,0.1894,post_freeze_wide_round_1,transition,True,figure1bc|114514|holdout_figure1b|100000|18940,e3076a81629c1bb1bd10153bd093e471a59da641b11d517114d129160bc9b9ca,809e14996980c3f2040356ec8f8a5cb7a296f56ddbd9703175a5e8e444fe034a,ef3f0c89d96ab326ed5c33340210b37033e47b033e9f124811cce7c80ef83b87,False,ok
figure3-wide-r1-20260716T130142Z-99bbe7a-db81c71f9217,figure3j,holdout_figure1b,100000,18940,2,6,figure3-wide-r1-j-z04-a01,,,0.262353279906528,60.0,60,18712,100,91,0.91,0.837737871472837,0.9519274599974348,0.1894,post_freeze_wide_round_1,transition,True,figure1bc|114514|holdout_figure1b|100000|18940,e3076a81629c1bb1bd10153bd093e471a59da641b11d517114d129160bc9b9ca,7a4da2dc69f91b5456cc4223fc5ed85fe0d4fb2134c27f3545608c777135188d,ef3f0c89d96ab326ed5c33340210b37033e47b033e9f124811cce7c80ef83b87,False,ok
figure3-wide-r1-20260716T130142Z-99bbe7a-db81c71f9217,figure3j,holdout_figure1b,100000,18940,2,6,figure3-wide-r1-j-z04-a02,,,0.49155754774001204,60.0,60,18783,100,97,0.97,0.9154806357094724,0.9897454759759611,0.1894,post_freeze_wide_round_1,transition,True,figure1bc|114514|holdout_figure1b|100000|18940,e3076a81629c1bb1bd10153bd093e471a59da641b11d517114d129160bc9b9ca,be1baace8cbd312ebae7653db12c192c36ecc57e777a3b8adfa7712b1421e92b,ef3f0c89d96ab326ed5c33340210b37033e47b033e9f124811cce7c80ef83b87,False,ok
figure3-wide-r1-20260716T130142Z-99bbe7a-db81c71f9217,figure3j,holdout_figure1b,100000,18940,2,6,figure3-wide-r1-j-z04-a03,,,0.7243668166820519,60.0,60,18855,100,99,0.99,0.9455138038212946,0.9982325679358593,0.1894,post_freeze_wide_round_1,transition,True,figure1bc|114514|holdout_figure1b|100000|18940,e3076a81629c1bb1bd10153bd093e471a59da641b11d517114d129160bc9b9ca,a6a56b4e82de0978305571d7e5761ec82f2495667295d3784c3a5824334e763f,ef3f0c89d96ab326ed5c33340210b37033e47b033e9f124811cce7c80ef83b87,False,ok
figure3-wide-r1-20260716T130142Z-99bbe7a-db81c71f9217,figure3j,holdout_figure1b,100000,18940,2,6,figure3-wide-r1-j-z04-a04,,,0.8772052760707243,60.0,60,18902,100,17,0.17,0.10893566114059931,0.25548004767601123,0.1894,post_freeze_wide_round_1,transition,True,figure1bc|114514|holdout_figure1b|100000|18940,e3076a81629c1bb1bd10153bd093e471a59da641b11d517114d129160bc9b9ca,240e25116faeb45b109092b481a9e14e48d1afa09722a721dcc7c122464de91a,ef3f0c89d96ab326ed5c33340210b37033e47b033e9f124811cce7c80ef83b87,False,ok
figure3-wide-r1-20260716T130142Z-99bbe7a-db81c71f9217,figure3j,holdout_figure1b,100000,18940,2,6,figure3-wide-r1-j-z04-a05,,,0.9510248413914085,60.0,60,18925,100,0,0.0,0.0,0.03699349820698568,0.1894,post_freeze_wide_round_1,transition,True,figure1bc|114514|holdout_figure1b|100000|18940,e3076a81629c1bb1bd10153bd093e471a59da641b11d517114d129160bc9b9ca,0d9dee636c6cee95d27ade29ed22e758510a6134ba7294a6d0202bd4b0f39abb,ef3f0c89d96ab326ed5c33340210b37033e47b033e9f124811cce7c80ef83b87,False,ok
figure3-wide-r1-20260716T130142Z-99bbe7a-db81c71f9217,figure3j,holdout_figure1b,100000,18940,2,6,figure3-wide-r1-j-z04-a06,,,0.9814074541817858,60.0,60,18935,100,0,0.0,0.0,0.03699349820698568,0.1894,post_freeze_wide_round_1,transition,True,figure1bc|114514|holdout_figure1b|100000|18940,e3076a81629c1bb1bd10153bd093e471a59da641b11d517114d129160bc9b9ca,9865799d7ad4e41249a17a604bea4147782bcef44c91346d45f7eb308d178c8d,ef3f0c89d96ab326ed5c33340210b37033e47b033e9f124811cce7c80ef83b87,False,ok
figure3-wide-r1-20260716T130142Z-99bbe7a-db81c71f9217,figure3j,holdout_figure1b,100000,18940,2,6,frozen-prediction,0.875,0.9,0.7243668166820519,10.16069702346925,10,18466,100,100,1.0,0.9630065017930143,1.0,0.1894,post_freeze_wide_round_1,transition,True,figure1bc|114514|holdout_figure1b|100000|18940,e3076a81629c1bb1bd10153bd093e471a59da641b11d517114d129160bc9b9ca,4c6902a61541babf64548a6cb8155b25a2390cfd1db2c05110adef1cf49e87a8,ef3f0c89d96ab326ed5c33340210b37033e47b033e9f124811cce7c80ef83b87,True,ok
figure3-wide-r1-20260716T130142Z-99bbe7a-db81c71f9217,figure3k,holdout_figure1b,1000000,178767,2,6,figure3-wide-r1-k-z00-a00,,,0.11570232443340224,0.0,0,20684,100,0,0.0,0.0,0.03699349820698568,0.178767,post_freeze_wide_round_1,transition,True,figure1bc|114514|holdout_figure1b|1000000|178767,57520cc1db84157419b1a62354ddc37857e0a10096c58b819290bdc8df742fa7,40b503ee08a24df1280e56a15d397e4680e28d73c03966c5d4a9ca7dcdb5852f,ef3f0c89d96ab326ed5c33340210b37033e47b033e9f124811cce7c80ef83b87,False,ok
figure3-wide-r1-20260716T130142Z-99bbe7a-db81c71f9217,figure3k,holdout_figure1b,1000000,178767,2,6,figure3-wide-r1-k-z00-a01,,,0.262353279906528,0.0,0,46901,100,0,0.0,0.0,0.03699349820698568,0.178767,post_freeze_wide_round_1,transition,True,figure1bc|114514|holdout_figure1b|1000000|178767,57520cc1db84157419b1a62354ddc37857e0a10096c58b819290bdc8df742fa7,a3133513e9bf0189f37d4b2b90f334bcc624348c7fb031f6acd9012bc546f554,ef3f0c89d96ab326ed5c33340210b37033e47b033e9f124811cce7c80ef83b87,False,ok
figure3-wide-r1-20260716T130142Z-99bbe7a-db81c71f9217,figure3k,holdout_figure1b,1000000,178767,2,6,figure3-wide-r1-k-z00-a02,,,0.49155754774001204,0.0,0,87875,100,0,0.0,0.0,0.03699349820698568,0.178767,post_freeze_wide_round_1,transition,True,figure1bc|114514|holdout_figure1b|1000000|178767,57520cc1db84157419b1a62354ddc37857e0a10096c58b819290bdc8df742fa7,3813b1e44552e3d387cde2c698382d2495394bbe08d637fcbb229693c26073b8,ef3f0c89d96ab326ed5c33340210b37033e47b033e9f124811cce7c80ef83b87,False,ok
figure3-wide-r1-20260716T130142Z-99bbe7a-db81c71f9217,figure3k,holdout_figure1b,1000000,178767,2,6,figure3-wide-r1-k-z00-a03,,,0.7243668166820519,0.0,0,129493,100,0,0.0,0.0,0.03699349820698568,0.178767,post_freeze_wide_round_1,transition,True,figure1bc|114514|holdout_figure1b|1000000|178767,57520cc1db84157419b1a62354ddc37857e0a10096c58b819290bdc8df742fa7,a6a52a393523598d06dcc8cb368f831186310f72b2d39b6f5a290c18c42e43ce,ef3f0c89d96ab326ed5c33340210b37033e47b033e9f124811cce7c80ef83b87,False,ok
figure3-wide-r1-20260716T130142Z-99bbe7a-db81c71f9217,figure3k,holdout_figure1b,1000000,178767,2,6,figure3-wide-r1-k-z00-a04,,,0.8772052760707243,0.0,0,156816,100,0,0.0,0.0,0.03699349820698568,0.178767,post_freeze_wide_round_1,transition,True,figure1bc|114514|holdout_figure1b|1000000|178767,57520cc1db84157419b1a62354ddc37857e0a10096c58b819290bdc8df742fa7,6c11828db7b9476c92965cdb794bcba5936118d57141afb202cedf33115e5fb6,ef3f0c89d96ab326ed5c33340210b37033e47b033e9f124811cce7c80ef83b87,False,ok
figure3-wide-r1-20260716T130142Z-99bbe7a-db81c71f9217,figure3k,holdout_figure1b,1000000,178767,2,6,figure3-wide-r1-k-z00-a05,,,0.9510248413914085,0.0,0,170012,100,0,0.0,0.0,0.03699349820698568,0.178767,post_freeze_wide_round_1,transition,True,figure1bc|114514|holdout_figure1b|1000000|178767,57520cc1db84157419b1a62354ddc37857e0a10096c58b819290bdc8df742fa7,3de5e702b23a7854b178325d8e6098c0c3a50c350fbfab1c9a52fcbd8d4f6f1c,ef3f0c89d96ab326ed5c33340210b37033e47b033e9f124811cce7c80ef83b87,False,ok
figure3-wide-r1-20260716T130142Z-99bbe7a-db81c71f9217,figure3k,holdout_figure1b,1000000,178767,2,6,figure3-wide-r1-k-z00-a06,,,0.9814074541817858,0.0,0,175444,100,0,0.0,0.0,0.03699349820698568,0.178767,post_freeze_wide_round_1,transition,True,figure1bc|114514|holdout_figure1b|1000000|178767,57520cc1db84157419b1a62354ddc37857e0a10096c58b819290bdc8df742fa7,31ba9d239a9959aa5096abc523f9ce0937decef00dd0944c0ba0f9a05ad09a2a,ef3f0c89d96ab326ed5c33340210b37033e47b033e9f124811cce7c80ef83b87,False,ok
figure3-wide-r1-20260716T130142Z-99bbe7a-db81c71f9217,figure3k,holdout_figure1b,1000000,178767,2,6,figure3-wide-r1-k-z01-a00,,,0.11570232443340224,11.0,11,165594,100,0,0.0,0.0,0.03699349820698568,0.178767,post_freeze_wide_round_1,transition,True,figure1bc|114514|holdout_figure1b|1000000|178767,57520cc1db84157419b1a62354ddc37857e0a10096c58b819290bdc8df742fa7,d78cd57b9025842c7036dd9502f46b3959dc047ccd7a271d107b32f827c2b3d3,ef3f0c89d96ab326ed5c33340210b37033e47b033e9f124811cce7c80ef83b87,False,ok
figure3-wide-r1-20260716T130142Z-99bbe7a-db81c71f9217,figure3k,holdout_figure1b,1000000,178767,2,6,figure3-wide-r1-k-z01-a01,,,0.262353279906528,11.0,11,167779,100,0,0.0,0.0,0.03699349820698568,0.178767,post_freeze_wide_round_1,transition,True,figure1bc|114514|holdout_figure1b|1000000|178767,57520cc1db84157419b1a62354ddc37857e0a10096c58b819290bdc8df742fa7,80d4d72c81d2ac5cecc6d3c5dc5f535efc6fd2b5f6bf9ef6a2853456a190c935,ef3f0c89d96ab326ed5c33340210b37033e47b033e9f124811cce7c80ef83b87,False,ok
figure3-wide-r1-20260716T130142Z-99bbe7a-db81c71f9217,figure3k,holdout_figure1b,1000000,178767,2,6,figure3-wide-r1-k-z01-a02,,,0.49155754774001204,11.0,11,171193,100,100,1.0,0.9630065017930143,1.0,0.178767,post_freeze_wide_round_1,transition,True,figure1bc|114514|holdout_figure1b|1000000|178767,57520cc1db84157419b1a62354ddc37857e0a10096c58b819290bdc8df742fa7,33f8ebacb721edbbb381f1fef532fef00b17189b583c494f83d53d61f7a72b29,ef3f0c89d96ab326ed5c33340210b37033e47b033e9f124811cce7c80ef83b87,False,ok
figure3-wide-r1-20260716T130142Z-99bbe7a-db81c71f9217,figure3k,holdout_figure1b,1000000,178767,2,6,figure3-wide-r1-k-z01-a03,,,0.7243668166820519,11.0,11,174661,100,100,1.0,0.9630065017930143,1.0,0.178767,post_freeze_wide_round_1,transition,True,figure1bc|114514|holdout_figure1b|1000000|178767,57520cc1db84157419b1a62354ddc37857e0a10096c58b819290bdc8df742fa7,89c3b358f4943a4b80e6376e77ec76606ac0323281acb0bdac32356ea6c3060f,ef3f0c89d96ab326ed5c33340210b37033e47b033e9f124811cce7c80ef83b87,False,ok
figure3-wide-r1-20260716T130142Z-99bbe7a-db81c71f9217,figure3k,holdout_figure1b,1000000,178767,2,6,figure3-wide-r1-k-z01-a04,,,0.8772052760707243,11.0,11,176938,100,0,0.0,0.0,0.03699349820698568,0.178767,post_freeze_wide_round_1,transition,True,figure1bc|114514|holdout_figure1b|1000000|178767,57520cc1db84157419b1a62354ddc37857e0a10096c58b819290bdc8df742fa7,6d6eeb11aabbe0cfb953e584490c0acb738b81da9f852687166bd3b6ae112d20,ef3f0c89d96ab326ed5c33340210b37033e47b033e9f124811cce7c80ef83b87,False,ok
figure3-wide-r1-20260716T130142Z-99bbe7a-db81c71f9217,figure3k,holdout_figure1b,1000000,178767,2,6,figure3-wide-r1-k-z01-a05,,,0.9510248413914085,11.0,11,178038,100,0,0.0,0.0,0.03699349820698568,0.178767,post_freeze_wide_round_1,transition,True,figure1bc|114514|holdout_figure1b|1000000|178767,57520cc1db84157419b1a62354ddc37857e0a10096c58b819290bdc8df742fa7,5b0370776e2997312059c23e65d1cee36d6aa628faf32d3699ce02c75d0de45f,ef3f0c89d96ab326ed5c33340210b37033e47b033e9f124811cce7c80ef83b87,False,ok
figure3-wide-r1-20260716T130142Z-99bbe7a-db81c71f9217,figure3k,holdout_figure1b,1000000,178767,2,6,figure3-wide-r1-k-z01-a06,,,0.9814074541817858,11.0,11,178491,100,0,0.0,0.0,0.03699349820698568,0.178767,post_freeze_wide_round_1,transition,True,figure1bc|114514|holdout_figure1b|1000000|178767,57520cc1db84157419b1a62354ddc37857e0a10096c58b819290bdc8df742fa7,ef61ffe2b7a933e2ab2618ce3364b891a41035d716816096914f236fdef68ae6,ef3f0c89d96ab326ed5c33340210b37033e47b033e9f124811cce7c80ef83b87,False,ok
figure3-wide-r1-20260716T130142Z-99bbe7a-db81c71f9217,figure3k,holdout_figure1b,1000000,178767,2,6,figure3-wide-r1-k-z02-a00,,,0.11570232443340224,21.0,21,171583,100,99,0.99,0.9455138038212946,0.9982325679358593,0.178767,post_freeze_wide_round_1,transition,True,figure1bc|114514|holdout_figure1b|1000000|178767,57520cc1db84157419b1a62354ddc37857e0a10096c58b819290bdc8df742fa7,90dfeb0f8f17778d9def1a93a0e8207c6d97a5ec6fb6e20bf38f369f31fdf072,ef3f0c89d96ab326ed5c33340210b37033e47b033e9f124811cce7c80ef83b87,False,ok
figure3-wide-r1-20260716T130142Z-99bbe7a-db81c71f9217,figure3k,holdout_figure1b,1000000,178767,2,6,figure3-wide-r1-k-z02-a01,,,0.262353279906528,21.0,21,172774,100,100,1.0,0.9630065017930143,1.0,0.178767,post_freeze_wide_round_1,transition,True,figure1bc|114514|holdout_figure1b|1000000|178767,57520cc1db84157419b1a62354ddc37857e0a10096c58b819290bdc8df742fa7,6be977c444b3fa1a9ae3259b9f7607f3b548ddbbce0393796462acf66e794076,ef3f0c89d96ab326ed5c33340210b37033e47b033e9f124811cce7c80ef83b87,False,ok
figure3-wide-r1-20260716T130142Z-99bbe7a-db81c71f9217,figure3k,holdout_figure1b,1000000,178767,2,6,figure3-wide-r1-k-z02-a02,,,0.49155754774001204,21.0,21,174636,100,100,1.0,0.9630065017930143,1.0,0.178767,post_freeze_wide_round_1,transition,True,figure1bc|114514|holdout_figure1b|1000000|178767,57520cc1db84157419b1a62354ddc37857e0a10096c58b819290bdc8df742fa7,265d692e87c49ca73c6fb0081c3495ff4873f3df5a8d11f4d011bb85bf4907d1,ef3f0c89d96ab326ed5c33340210b37033e47b033e9f124811cce7c80ef83b87,False,ok
figure3-wide-r1-20260716T130142Z-99bbe7a-db81c71f9217,figure3k,holdout_figure1b,1000000,178767,2,6,figure3-wide-r1-k-z02-a04,,,0.8772052760707243,21.0,21,177770,100,0,0.0,0.0,0.03699349820698568,0.178767,post_freeze_wide_round_1,transition,True,figure1bc|114514|holdout_figure1b|1000000|178767,57520cc1db84157419b1a62354ddc37857e0a10096c58b819290bdc8df742fa7,e20b58432e6f66d6111d067a5f5db85cdbbcfce305b4dee83d5b4c37b2ec7a1a,ef3f0c89d96ab326ed5c33340210b37033e47b033e9f124811cce7c80ef83b87,False,ok
figure3-wide-r1-20260716T130142Z-99bbe7a-db81c71f9217,figure3k,holdout_figure1b,1000000,178767,2,6,figure3-wide-r1-k-z02-a05,,,0.9510248413914085,21.0,21,178370,100,0,0.0,0.0,0.03699349820698568,0.178767,post_freeze_wide_round_1,transition,True,figure1bc|114514|holdout_figure1b|1000000|178767,57520cc1db84157419b1a62354ddc37857e0a10096c58b819290bdc8df742fa7,f367c44bc376a79b108f5fdc740a4da3ada460b6966493b20f96e290a4c6ee4b,ef3f0c89d96ab326ed5c33340210b37033e47b033e9f124811cce7c80ef83b87,False,ok
figure3-wide-r1-20260716T130142Z-99bbe7a-db81c71f9217,figure3k,holdout_figure1b,1000000,178767,2,6,figure3-wide-r1-k-z02-a06,,,0.9814074541817858,21.0,21,178616,100,0,0.0,0.0,0.03699349820698568,0.178767,post_freeze_wide_round_1,transition,True,figure1bc|114514|holdout_figure1b|1000000|178767,57520cc1db84157419b1a62354ddc37857e0a10096c58b819290bdc8df742fa7,5cf8ee3fedd40fbbfcf5ce74e72186564a013f489481212b9363606329336647,ef3f0c89d96ab326ed5c33340210b37033e47b033e9f124811cce7c80ef83b87,False,ok
figure3-wide-r1-20260716T130142Z-99bbe7a-db81c71f9217,figure3k,holdout_figure1b,1000000,178767,2,6,figure3-wide-r1-k-z03-a00,,,0.11570232443340224,53.0,53,175840,100,100,1.0,0.9630065017930143,1.0,0.178767,post_freeze_wide_round_1,transition,True,figure1bc|114514|holdout_figure1b|1000000|178767,57520cc1db84157419b1a62354ddc37857e0a10096c58b819290bdc8df742fa7,8542dfe8c2b5e198f5f6051731dac5648718f72b31076531e21b97afdd530767,ef3f0c89d96ab326ed5c33340210b37033e47b033e9f124811cce7c80ef83b87,False,ok
figure3-wide-r1-20260716T130142Z-99bbe7a-db81c71f9217,figure3k,holdout_figure1b,1000000,178767,2,6,figure3-wide-r1-k-z03-a01,,,0.262353279906528,53.0,53,176326,100,100,1.0,0.9630065017930143,1.0,0.178767,post_freeze_wide_round_1,transition,True,figure1bc|114514|holdout_figure1b|1000000|178767,57520cc1db84157419b1a62354ddc37857e0a10096c58b819290bdc8df742fa7,0095794ee8a30b1dd259a45ca5876b20decd71ddfdd13e79154c77bca3759a67,ef3f0c89d96ab326ed5c33340210b37033e47b033e9f124811cce7c80ef83b87,False,ok
figure3-wide-r1-20260716T130142Z-99bbe7a-db81c71f9217,figure3k,holdout_figure1b,1000000,178767,2,6,figure3-wide-r1-k-z03-a02,,,0.49155754774001204,53.0,53,177085,100,100,1.0,0.9630065017930143,1.0,0.178767,post_freeze_wide_round_1,transition,True,figure1bc|114514|holdout_figure1b|1000000|178767,57520cc1db84157419b1a62354ddc37857e0a10096c58b819290bdc8df742fa7,85f66acde13632584802f650b8f42096c6a573e4368236e0f3b4d736e191b2b7,ef3f0c89d96ab326ed5c33340210b37033e47b033e9f124811cce7c80ef83b87,False,ok
figure3-wide-r1-20260716T130142Z-99bbe7a-db81c71f9217,figure3k,holdout_figure1b,1000000,178767,2,6,figure3-wide-r1-k-z03-a03,,,0.7243668166820519,53.0,53,177855,100,100,1.0,0.9630065017930143,1.0,0.178767,post_freeze_wide_round_1,transition,True,figure1bc|114514|holdout_figure1b|1000000|178767,57520cc1db84157419b1a62354ddc37857e0a10096c58b819290bdc8df742fa7,ea8cf973d134f97a0f74b2b966c0c56cb2befdc2aa1ed84e77fdf9e59639c1a9,ef3f0c89d96ab326ed5c33340210b37033e47b033e9f124811cce7c80ef83b87,False,ok
figure3-wide-r1-20260716T130142Z-99bbe7a-db81c71f9217,figure3k,holdout_figure1b,1000000,178767,2,6,figure3-wide-r1-k-z03-a04,,,0.8772052760707243,53.0,53,178361,100,0,0.0,0.0,0.03699349820698568,0.178767,post_freeze_wide_round_1,transition,True,figure1bc|114514|holdout_figure1b|1000000|178767,57520cc1db84157419b1a62354ddc37857e0a10096c58b819290bdc8df742fa7,dd7458d7a5e3e9c5a206995c99b55378e0306bf7dccdb78fd88066f19b908937,ef3f0c89d96ab326ed5c33340210b37033e47b033e9f124811cce7c80ef83b87,False,ok
figure3-wide-r1-20260716T130142Z-99bbe7a-db81c71f9217,figure3k,holdout_figure1b,1000000,178767,2,6,figure3-wide-r1-k-z03-a05,,,0.9510248413914085,53.0,53,178605,100,0,0.0,0.0,0.03699349820698568,0.178767,post_freeze_wide_round_1,transition,True,figure1bc|114514|holdout_figure1b|1000000|178767,57520cc1db84157419b1a62354ddc37857e0a10096c58b819290bdc8df742fa7,99d8f2a6c60033a4c09d3965cb9bf3f40505a6ed95f45757e9cba45030be35a9,ef3f0c89d96ab326ed5c33340210b37033e47b033e9f124811cce7c80ef83b87,False,ok
figure3-wide-r1-20260716T130142Z-99bbe7a-db81c71f9217,figure3k,holdout_figure1b,1000000,178767,2,6,figure3-wide-r1-k-z03-a06,,,0.9814074541817858,53.0,53,178706,100,0,0.0,0.0,0.03699349820698568,0.178767,post_freeze_wide_round_1,transition,True,figure1bc|114514|holdout_figure1b|1000000|178767,57520cc1db84157419b1a62354ddc37857e0a10096c58b819290bdc8df742fa7,69df9760fc6beaf9e71a8f601e63618bc8535ceb98a5eb23b3b37c48f4ed275f,ef3f0c89d96ab326ed5c33340210b37033e47b033e9f124811cce7c80ef83b87,False,ok
figure3-wide-r1-20260716T130142Z-99bbe7a-db81c71f9217,figure3k,holdout_figure1b,1000000,178767,2,6,figure3-wide-r1-k-z04-a00,,,0.11570232443340224,126.0,126,177523,100,93,0.93,0.8625048526092651,0.9656807389327273,0.178767,post_freeze_wide_round_1,transition,True,figure1bc|114514|holdout_figure1b|1000000|178767,57520cc1db84157419b1a62354ddc37857e0a10096c58b819290bdc8df742fa7,1cc94153816d6170e41352ce2b38004f991e1cdd88139d3c9104ded158ce6a58,ef3f0c89d96ab326ed5c33340210b37033e47b033e9f124811cce7c80ef83b87,False,ok
figure3-wide-r1-20260716T130142Z-99bbe7a-db81c71f9217,figure3k,holdout_figure1b,1000000,178767,2,6,figure3-wide-r1-k-z04-a01,,,0.262353279906528,126.0,126,177730,100,98,0.98,0.929988209271456,0.9944980324498376,0.178767,post_freeze_wide_round_1,transition,True,figure1bc|114514|holdout_figure1b|1000000|178767,57520cc1db84157419b1a62354ddc37857e0a10096c58b819290bdc8df742fa7,5e7348c6b3e7fb3a04e13d1618cc9041eb9454215124f8b193fcbd73a99d485b,ef3f0c89d96ab326ed5c33340210b37033e47b033e9f124811cce7c80ef83b87,False,ok
figure3-wide-r1-20260716T130142Z-99bbe7a-db81c71f9217,figure3k,holdout_figure1b,1000000,178767,2,6,figure3-wide-r1-k-z04-a02,,,0.49155754774001204,126.0,126,178052,100,97,0.97,0.9154806357094724,0.9897454759759611,0.178767,post_freeze_wide_round_1,transition,True,figure1bc|114514|holdout_figure1b|1000000|178767,57520cc1db84157419b1a62354ddc37857e0a10096c58b819290bdc8df742fa7,4f4db1cd61c668ed44f614a168f6ea975f2f40f7b2b586ea03b199282424f4fe,ef3f0c89d96ab326ed5c33340210b37033e47b033e9f124811cce7c80ef83b87,False,ok
figure3-wide-r1-20260716T130142Z-99bbe7a-db81c71f9217,figure3k,holdout_figure1b,1000000,178767,2,6,figure3-wide-r1-k-z04-a03,,,0.7243668166820519,126.0,126,178380,100,99,0.99,0.9455138038212946,0.9982325679358593,0.178767,post_freeze_wide_round_1,transition,True,figure1bc|114514|holdout_figure1b|1000000|178767,57520cc1db84157419b1a62354ddc37857e0a10096c58b819290bdc8df742fa7,dce65c7a0e6f883c3788f37b5cd9298ed7481c1bf30b9f58b920e963c0b7c7b5,ef3f0c89d96ab326ed5c33340210b37033e47b033e9f124811cce7c80ef83b87,False,ok
figure3-wide-r1-20260716T130142Z-99bbe7a-db81c71f9217,figure3k,holdout_figure1b,1000000,178767,2,6,figure3-wide-r1-k-z04-a04,,,0.8772052760707243,126.0,126,178595,100,0,0.0,0.0,0.03699349820698568,0.178767,post_freeze_wide_round_1,transition,True,figure1bc|114514|holdout_figure1b|1000000|178767,57520cc1db84157419b1a62354ddc37857e0a10096c58b819290bdc8df742fa7,eda764e23f27d6bc7b631e1be6f10e32d0f755c06f21289b7734e3ff1ff6763a,ef3f0c89d96ab326ed5c33340210b37033e47b033e9f124811cce7c80ef83b87,False,ok
figure3-wide-r1-20260716T130142Z-99bbe7a-db81c71f9217,figure3k,holdout_figure1b,1000000,178767,2,6,figure3-wide-r1-k-z04-a05,,,0.9510248413914085,126.0,126,178699,100,0,0.0,0.0,0.03699349820698568,0.178767,post_freeze_wide_round_1,transition,True,figure1bc|114514|holdout_figure1b|1000000|178767,57520cc1db84157419b1a62354ddc37857e0a10096c58b819290bdc8df742fa7,3dae60e2bfe91c542637e1ef0913fa40e0ed22d3ad8173f90c1b7c67f8f4b51f,ef3f0c89d96ab326ed5c33340210b37033e47b033e9f124811cce7c80ef83b87,False,ok
figure3-wide-r1-20260716T130142Z-99bbe7a-db81c71f9217,figure3k,holdout_figure1b,1000000,178767,2,6,figure3-wide-r1-k-z04-a06,,,0.9814074541817858,126.0,126,178741,100,0,0.0,0.0,0.03699349820698568,0.178767,post_freeze_wide_round_1,transition,True,figure1bc|114514|holdout_figure1b|1000000|178767,57520cc1db84157419b1a62354ddc37857e0a10096c58b819290bdc8df742fa7,b047818143db093b98c0d5079f197677d16577451d003eb0fef94bf0507e17e3,ef3f0c89d96ab326ed5c33340210b37033e47b033e9f124811cce7c80ef83b87,False,ok
figure3-wide-r1-20260716T130142Z-99bbe7a-db81c71f9217,figure3k,holdout_figure1b,1000000,178767,2,6,frozen-prediction,0.875,0.9,0.7243668166820519,21.472995216117184,21,176528,100,100,1.0,0.9630065017930143,1.0,0.178767,post_freeze_wide_round_1,transition,True,figure1bc|114514|holdout_figure1b|1000000|178767,57520cc1db84157419b1a62354ddc37857e0a10096c58b819290bdc8df742fa7,bd1d58acf7ff0814ea13e23359506d96ef311e635775b52c697b8e88611a5a05,ef3f0c89d96ab326ed5c33340210b37033e47b033e9f124811cce7c80ef83b87,True,ok
figure3-wide-r1-20260716T130142Z-99bbe7a-db81c71f9217,figure3l,holdout_figure1b,1000000,183767,2,6,figure3-wide-r1-l-z00-a00,,,0.11570232443340224,0.0,0,21263,100,0,0.0,0.0,0.03699349820698568,0.183767,post_freeze_wide_round_1,transition,True,figure1bc|114514|holdout_figure1b|1000000|183767,2462c843689b1b33b809fe4e7ef7d0912e7c5e07ddd43c7e82dfd287a7be71f2,1de59b4082455f9beafa4d725f5b8500fd448dcfa042862a5262f2c66477588e,ef3f0c89d96ab326ed5c33340210b37033e47b033e9f124811cce7c80ef83b87,False,ok
figure3-wide-r1-20260716T130142Z-99bbe7a-db81c71f9217,figure3l,holdout_figure1b,1000000,183767,2,6,figure3-wide-r1-l-z00-a01,,,0.262353279906528,0.0,0,48212,100,0,0.0,0.0,0.03699349820698568,0.183767,post_freeze_wide_round_1,transition,True,figure1bc|114514|holdout_figure1b|1000000|183767,2462c843689b1b33b809fe4e7ef7d0912e7c5e07ddd43c7e82dfd287a7be71f2,39145b4feddb7fa7b1364d5569db8d463b6e6dba2850e6405b2455ece7338a10,ef3f0c89d96ab326ed5c33340210b37033e47b033e9f124811cce7c80ef83b87,False,ok
figure3-wide-r1-20260716T130142Z-99bbe7a-db81c71f9217,figure3l,holdout_figure1b,1000000,183767,2,6,figure3-wide-r1-l-z00-a02,,,0.49155754774001204,0.0,0,90333,100,0,0.0,0.0,0.03699349820698568,0.183767,post_freeze_wide_round_1,transition,True,figure1bc|114514|holdout_figure1b|1000000|183767,2462c843689b1b33b809fe4e7ef7d0912e7c5e07ddd43c7e82dfd287a7be71f2,31d1eeb4202d72b97d5bf7ae3d0403511a1a6dfbe27d3669976081a68e2e404c,ef3f0c89d96ab326ed5c33340210b37033e47b033e9f124811cce7c80ef83b87,False,ok
figure3-wide-r1-20260716T130142Z-99bbe7a-db81c71f9217,figure3l,holdout_figure1b,1000000,183767,2,6,figure3-wide-r1-l-z00-a03,,,0.7243668166820519,0.0,0,133115,100,0,0.0,0.0,0.03699349820698568,0.183767,post_freeze_wide_round_1,transition,True,figure1bc|114514|holdout_figure1b|1000000|183767,2462c843689b1b33b809fe4e7ef7d0912e7c5e07ddd43c7e82dfd287a7be71f2,019ef6d786eb355ad812d6df2675f8216bcde74050cc7798bb270848b8677911,ef3f0c89d96ab326ed5c33340210b37033e47b033e9f124811cce7c80ef83b87,False,ok
figure3-wide-r1-20260716T130142Z-99bbe7a-db81c71f9217,figure3l,holdout_figure1b,1000000,183767,2,6,figure3-wide-r1-l-z00-a04,,,0.8772052760707243,0.0,0,161202,100,0,0.0,0.0,0.03699349820698568,0.183767,post_freeze_wide_round_1,transition,True,figure1bc|114514|holdout_figure1b|1000000|183767,2462c843689b1b33b809fe4e7ef7d0912e7c5e07ddd43c7e82dfd287a7be71f2,7f5f41781b5bea389b91c6c82a8c674701d922dfd700794b7b9ab83e2e1e7c37,ef3f0c89d96ab326ed5c33340210b37033e47b033e9f124811cce7c80ef83b87,False,ok
figure3-wide-r1-20260716T130142Z-99bbe7a-db81c71f9217,figure3l,holdout_figure1b,1000000,183767,2,6,figure3-wide-r1-l-z00-a05,,,0.9510248413914085,0.0,0,174767,100,0,0.0,0.0,0.03699349820698568,0.183767,post_freeze_wide_round_1,transition,True,figure1bc|114514|holdout_figure1b|1000000|183767,2462c843689b1b33b809fe4e7ef7d0912e7c5e07ddd43c7e82dfd287a7be71f2,24e698ef5bb97b694d4d441c6b3d948a68036cd8f4f72bc62104f404cb06bb0d,ef3f0c89d96ab326ed5c33340210b37033e47b033e9f124811cce7c80ef83b87,False,ok
figure3-wide-r1-20260716T130142Z-99bbe7a-db81c71f9217,figure3l,holdout_figure1b,1000000,183767,2,6,figure3-wide-r1-l-z00-a06,,,0.9814074541817858,0.0,0,180351,100,0,0.0,0.0,0.03699349820698568,0.183767,post_freeze_wide_round_1,transition,True,figure1bc|114514|holdout_figure1b|1000000|183767,2462c843689b1b33b809fe4e7ef7d0912e7c5e07ddd43c7e82dfd287a7be71f2,7391ad39ebb8123930d743ca51a3ad8a3f2331e55d446d2a718058148b4f331a,ef3f0c89d96ab326ed5c33340210b37033e47b033e9f124811cce7c80ef83b87,False,ok
figure3-wide-r1-20260716T130142Z-99bbe7a-db81c71f9217,figure3l,holdout_figure1b,1000000,183767,2,6,figure3-wide-r1-l-z01-a00,,,0.11570232443340224,11.0,11,170226,100,99,0.99,0.9455138038212946,0.9982325679358593,0.183767,post_freeze_wide_round_1,transition,True,figure1bc|114514|holdout_figure1b|1000000|183767,2462c843689b1b33b809fe4e7ef7d0912e7c5e07ddd43c7e82dfd287a7be71f2,9543da70b4289d434daee1591d75ec6b24376c7ced937e6264bf294ead994375,ef3f0c89d96ab326ed5c33340210b37033e47b033e9f124811cce7c80ef83b87,False,ok
figure3-wide-r1-20260716T130142Z-99bbe7a-db81c71f9217,figure3l,holdout_figure1b,1000000,183767,2,6,figure3-wide-r1-l-z01-a01,,,0.262353279906528,11.0,11,172472,100,100,1.0,0.9630065017930143,1.0,0.183767,post_freeze_wide_round_1,transition,True,figure1bc|114514|holdout_figure1b|1000000|183767,2462c843689b1b33b809fe4e7ef7d0912e7c5e07ddd43c7e82dfd287a7be71f2,b6b9a63d5797931795de06b5e23d60af5d1fb01d378b410da2b4e1adfec23237,ef3f0c89d96ab326ed5c33340210b37033e47b033e9f124811cce7c80ef83b87,False,ok
figure3-wide-r1-20260716T130142Z-99bbe7a-db81c71f9217,figure3l,holdout_figure1b,1000000,183767,2,6,figure3-wide-r1-l-z01-a02,,,0.49155754774001204,11.0,11,175982,100,100,1.0,0.9630065017930143,1.0,0.183767,post_freeze_wide_round_1,transition,True,figure1bc|114514|holdout_figure1b|1000000|183767,2462c843689b1b33b809fe4e7ef7d0912e7c5e07ddd43c7e82dfd287a7be71f2,b8be6197e268a953b8b8f79131258b991467ddb0169d2045afb7e5269bc40000,ef3f0c89d96ab326ed5c33340210b37033e47b033e9f124811cce7c80ef83b87,False,ok
figure3-wide-r1-20260716T130142Z-99bbe7a-db81c71f9217,figure3l,holdout_figure1b,1000000,183767,2,6,figure3-wide-r1-l-z01-a03,,,0.7243668166820519,11.0,11,179547,100,100,1.0,0.9630065017930143,1.0,0.183767,post_freeze_wide_round_1,transition,True,figure1bc|114514|holdout_figure1b|1000000|183767,2462c843689b1b33b809fe4e7ef7d0912e7c5e07ddd43c7e82dfd287a7be71f2,bebc33ba8784f925728e6b9b874db1aeb472b36036b281f7443b938d05e71ba2,ef3f0c89d96ab326ed5c33340210b37033e47b033e9f124811cce7c80ef83b87,False,ok
figure3-wide-r1-20260716T130142Z-99bbe7a-db81c71f9217,figure3l,holdout_figure1b,1000000,183767,2,6,figure3-wide-r1-l-z01-a04,,,0.8772052760707243,11.0,11,181887,100,0,0.0,0.0,0.03699349820698568,0.183767,post_freeze_wide_round_1,transition,True,figure1bc|114514|holdout_figure1b|1000000|183767,2462c843689b1b33b809fe4e7ef7d0912e7c5e07ddd43c7e82dfd287a7be71f2,4b1661ce2fd8734b76c5678c0ebae6c71f0fdca3a7873043404fa4515b1af2e9,ef3f0c89d96ab326ed5c33340210b37033e47b033e9f124811cce7c80ef83b87,False,ok
figure3-wide-r1-20260716T130142Z-99bbe7a-db81c71f9217,figure3l,holdout_figure1b,1000000,183767,2,6,figure3-wide-r1-l-z01-a05,,,0.9510248413914085,11.0,11,183018,100,0,0.0,0.0,0.03699349820698568,0.183767,post_freeze_wide_round_1,transition,True,figure1bc|114514|holdout_figure1b|1000000|183767,2462c843689b1b33b809fe4e7ef7d0912e7c5e07ddd43c7e82dfd287a7be71f2,7518fdef480e16acb7f3a499b153baac7b6d418a7d57c1fe18fce956e91f267c,ef3f0c89d96ab326ed5c33340210b37033e47b033e9f124811cce7c80ef83b87,False,ok
figure3-wide-r1-20260716T130142Z-99bbe7a-db81c71f9217,figure3l,holdout_figure1b,1000000,183767,2,6,figure3-wide-r1-l-z01-a06,,,0.9814074541817858,11.0,11,183483,100,0,0.0,0.0,0.03699349820698568,0.183767,post_freeze_wide_round_1,transition,True,figure1bc|114514|holdout_figure1b|1000000|183767,2462c843689b1b33b809fe4e7ef7d0912e7c5e07ddd43c7e82dfd287a7be71f2,498addc97ebd75297708764abb74205368cbb833bd57a4556f55869137413438,ef3f0c89d96ab326ed5c33340210b37033e47b033e9f124811cce7c80ef83b87,False,ok
figure3-wide-r1-20260716T130142Z-99bbe7a-db81c71f9217,figure3l,holdout_figure1b,1000000,183767,2,6,figure3-wide-r1-l-z02-a00,,,0.11570232443340224,22.0,22,176703,100,100,1.0,0.9630065017930143,1.0,0.183767,post_freeze_wide_round_1,transition,True,figure1bc|114514|holdout_figure1b|1000000|183767,2462c843689b1b33b809fe4e7ef7d0912e7c5e07ddd43c7e82dfd287a7be71f2,ba6ff96ada02344ab4df7ed94040c1c0fbfb677a4bdcae7255cb8672b3c0b128,ef3f0c89d96ab326ed5c33340210b37033e47b033e9f124811cce7c80ef83b87,False,ok
figure3-wide-r1-20260716T130142Z-99bbe7a-db81c71f9217,figure3l,holdout_figure1b,1000000,183767,2,6,figure3-wide-r1-l-z02-a01,,,0.262353279906528,22.0,22,177874,100,100,1.0,0.9630065017930143,1.0,0.183767,post_freeze_wide_round_1,transition,True,figure1bc|114514|holdout_figure1b|1000000|183767,2462c843689b1b33b809fe4e7ef7d0912e7c5e07ddd43c7e82dfd287a7be71f2,7883d290be0b7e0771943593106b5b3dfbca4054a1aeea6dce1e8e1e87f568f8,ef3f0c89d96ab326ed5c33340210b37033e47b033e9f124811cce7c80ef83b87,False,ok
figure3-wide-r1-20260716T130142Z-99bbe7a-db81c71f9217,figure3l,holdout_figure1b,1000000,183767,2,6,figure3-wide-r1-l-z02-a02,,,0.49155754774001204,22.0,22,179706,100,100,1.0,0.9630065017930143,1.0,0.183767,post_freeze_wide_round_1,transition,True,figure1bc|114514|holdout_figure1b|1000000|183767,2462c843689b1b33b809fe4e7ef7d0912e7c5e07ddd43c7e82dfd287a7be71f2,e63c386a42329defd44804d9a2641c2ecda534086b922baa23f2a6775d66232d,ef3f0c89d96ab326ed5c33340210b37033e47b033e9f124811cce7c80ef83b87,False,ok
figure3-wide-r1-20260716T130142Z-99bbe7a-db81c71f9217,figure3l,holdout_figure1b,1000000,183767,2,6,figure3-wide-r1-l-z02-a04,,,0.8772052760707243,22.0,22,182786,100,0,0.0,0.0,0.03699349820698568,0.183767,post_freeze_wide_round_1,transition,True,figure1bc|114514|holdout_figure1b|1000000|183767,2462c843689b1b33b809fe4e7ef7d0912e7c5e07ddd43c7e82dfd287a7be71f2,a26a12c972f888012ac4e92123d925afb5d887d775a3999ac1ba8ff40938d345,ef3f0c89d96ab326ed5c33340210b37033e47b033e9f124811cce7c80ef83b87,False,ok
figure3-wide-r1-20260716T130142Z-99bbe7a-db81c71f9217,figure3l,holdout_figure1b,1000000,183767,2,6,figure3-wide-r1-l-z02-a05,,,0.9510248413914085,22.0,22,183376,100,0,0.0,0.0,0.03699349820698568,0.183767,post_freeze_wide_round_1,transition,True,figure1bc|114514|holdout_figure1b|1000000|183767,2462c843689b1b33b809fe4e7ef7d0912e7c5e07ddd43c7e82dfd287a7be71f2,4d7582103b9db0b54981476e6d253b699485390417f194dba126336ba28a1504,ef3f0c89d96ab326ed5c33340210b37033e47b033e9f124811cce7c80ef83b87,False,ok
figure3-wide-r1-20260716T130142Z-99bbe7a-db81c71f9217,figure3l,holdout_figure1b,1000000,183767,2,6,figure3-wide-r1-l-z02-a06,,,0.9814074541817858,22.0,22,183619,100,0,0.0,0.0,0.03699349820698568,0.183767,post_freeze_wide_round_1,transition,True,figure1bc|114514|holdout_figure1b|1000000|183767,2462c843689b1b33b809fe4e7ef7d0912e7c5e07ddd43c7e82dfd287a7be71f2,a61ff2f4ec0bce07480bcdf696d46a21ae593359d31aecacca4ab39b269815e3,ef3f0c89d96ab326ed5c33340210b37033e47b033e9f124811cce7c80ef83b87,False,ok
figure3-wide-r1-20260716T130142Z-99bbe7a-db81c71f9217,figure3l,holdout_figure1b,1000000,183767,2,6,figure3-wide-r1-l-z03-a00,,,0.11570232443340224,55.0,55,180866,100,100,1.0,0.9630065017930143,1.0,0.183767,post_freeze_wide_round_1,transition,True,figure1bc|114514|holdout_figure1b|1000000|183767,2462c843689b1b33b809fe4e7ef7d0912e7c5e07ddd43c7e82dfd287a7be71f2,b210df1981a1a48c9893b443347c850e78249ce5fb6738feb9d5e95065cafcac,ef3f0c89d96ab326ed5c33340210b37033e47b033e9f124811cce7c80ef83b87,False,ok
figure3-wide-r1-20260716T130142Z-99bbe7a-db81c71f9217,figure3l,holdout_figure1b,1000000,183767,2,6,figure3-wide-r1-l-z03-a01,,,0.262353279906528,55.0,55,181347,100,100,1.0,0.9630065017930143,1.0,0.183767,post_freeze_wide_round_1,transition,True,figure1bc|114514|holdout_figure1b|1000000|183767,2462c843689b1b33b809fe4e7ef7d0912e7c5e07ddd43c7e82dfd287a7be71f2,e1087e8507c3fe6653585619b75cb04b0a82d2ebdac97c3b097f644a05563f94,ef3f0c89d96ab326ed5c33340210b37033e47b033e9f124811cce7c80ef83b87,False,ok
figure3-wide-r1-20260716T130142Z-99bbe7a-db81c71f9217,figure3l,holdout_figure1b,1000000,183767,2,6,figure3-wide-r1-l-z03-a02,,,0.49155754774001204,55.0,55,182099,100,100,1.0,0.9630065017930143,1.0,0.183767,post_freeze_wide_round_1,transition,True,figure1bc|114514|holdout_figure1b|1000000|183767,2462c843689b1b33b809fe4e7ef7d0912e7c5e07ddd43c7e82dfd287a7be71f2,d92c9ede268f3e1090da9e8d741441bef33c446db9fe1a0d2b5d987b2cfb00be,ef3f0c89d96ab326ed5c33340210b37033e47b033e9f124811cce7c80ef83b87,False,ok
figure3-wide-r1-20260716T130142Z-99bbe7a-db81c71f9217,figure3l,holdout_figure1b,1000000,183767,2,6,figure3-wide-r1-l-z03-a03,,,0.7243668166820519,55.0,55,182863,100,100,1.0,0.9630065017930143,1.0,0.183767,post_freeze_wide_round_1,transition,True,figure1bc|114514|holdout_figure1b|1000000|183767,2462c843689b1b33b809fe4e7ef7d0912e7c5e07ddd43c7e82dfd287a7be71f2,9a29480461977ba720cc3d08173f846077f4f524eeb8af3c90c27df6289b972a,ef3f0c89d96ab326ed5c33340210b37033e47b033e9f124811cce7c80ef83b87,False,ok
figure3-wide-r1-20260716T130142Z-99bbe7a-db81c71f9217,figure3l,holdout_figure1b,1000000,183767,2,6,figure3-wide-r1-l-z03-a04,,,0.8772052760707243,55.0,55,183365,100,0,0.0,0.0,0.03699349820698568,0.183767,post_freeze_wide_round_1,transition,True,figure1bc|114514|holdout_figure1b|1000000|183767,2462c843689b1b33b809fe4e7ef7d0912e7c5e07ddd43c7e82dfd287a7be71f2,f714c234c8c25bf8a65ab36583e04482a30ddd6923e7af543119b8c8cc48205f,ef3f0c89d96ab326ed5c33340210b37033e47b033e9f124811cce7c80ef83b87,False,ok
figure3-wide-r1-20260716T130142Z-99bbe7a-db81c71f9217,figure3l,holdout_figure1b,1000000,183767,2,6,figure3-wide-r1-l-z03-a05,,,0.9510248413914085,55.0,55,183607,100,0,0.0,0.0,0.03699349820698568,0.183767,post_freeze_wide_round_1,transition,True,figure1bc|114514|holdout_figure1b|1000000|183767,2462c843689b1b33b809fe4e7ef7d0912e7c5e07ddd43c7e82dfd287a7be71f2,fdc095d2ea45e4ae65bc38a7d9a84d5035abdf9ea3db996b222c407c6b31da3b,ef3f0c89d96ab326ed5c33340210b37033e47b033e9f124811cce7c80ef83b87,False,ok
figure3-wide-r1-20260716T130142Z-99bbe7a-db81c71f9217,figure3l,holdout_figure1b,1000000,183767,2,6,figure3-wide-r1-l-z03-a06,,,0.9814074541817858,55.0,55,183706,100,0,0.0,0.0,0.03699349820698568,0.183767,post_freeze_wide_round_1,transition,True,figure1bc|114514|holdout_figure1b|1000000|183767,2462c843689b1b33b809fe4e7ef7d0912e7c5e07ddd43c7e82dfd287a7be71f2,4db5526427efe4ff4091ec370fe1d9272c34e8b22b704f7073027735a6d2807b,ef3f0c89d96ab326ed5c33340210b37033e47b033e9f124811cce7c80ef83b87,False,ok
figure3-wide-r1-20260716T130142Z-99bbe7a-db81c71f9217,figure3l,holdout_figure1b,1000000,183767,2,6,figure3-wide-r1-l-z04-a00,,,0.11570232443340224,132.0,132,182546,100,100,1.0,0.9630065017930143,1.0,0.183767,post_freeze_wide_round_1,transition,True,figure1bc|114514|holdout_figure1b|1000000|183767,2462c843689b1b33b809fe4e7ef7d0912e7c5e07ddd43c7e82dfd287a7be71f2,ee714d3b9b826af00fd892d159fc2bdfcca653a5116732e784d614516866b6fe,ef3f0c89d96ab326ed5c33340210b37033e47b033e9f124811cce7c80ef83b87,False,ok
figure3-wide-r1-20260716T130142Z-99bbe7a-db81c71f9217,figure3l,holdout_figure1b,1000000,183767,2,6,figure3-wide-r1-l-z04-a01,,,0.262353279906528,132.0,132,182749,100,100,1.0,0.9630065017930143,1.0,0.183767,post_freeze_wide_round_1,transition,True,figure1bc|114514|holdout_figure1b|1000000|183767,2462c843689b1b33b809fe4e7ef7d0912e7c5e07ddd43c7e82dfd287a7be71f2,22d9be79a74d90d0e1e9f13a60c12447691241fd7235ce15a355571429531533,ef3f0c89d96ab326ed5c33340210b37033e47b033e9f124811cce7c80ef83b87,False,ok
figure3-wide-r1-20260716T130142Z-99bbe7a-db81c71f9217,figure3l,holdout_figure1b,1000000,183767,2,6,figure3-wide-r1-l-z04-a02,,,0.49155754774001204,132.0,132,183065,100,100,1.0,0.9630065017930143,1.0,0.183767,post_freeze_wide_round_1,transition,True,figure1bc|114514|holdout_figure1b|1000000|183767,2462c843689b1b33b809fe4e7ef7d0912e7c5e07ddd43c7e82dfd287a7be71f2,2a177fe33e6d0949f1be0c2e6c9739c7f2b9cb91cb8ba0e72aa9cc427cdb0e65,ef3f0c89d96ab326ed5c33340210b37033e47b033e9f124811cce7c80ef83b87,False,ok
figure3-wide-r1-20260716T130142Z-99bbe7a-db81c71f9217,figure3l,holdout_figure1b,1000000,183767,2,6,figure3-wide-r1-l-z04-a03,,,0.7243668166820519,132.0,132,183387,100,100,1.0,0.9630065017930143,1.0,0.183767,post_freeze_wide_round_1,transition,True,figure1bc|114514|holdout_figure1b|1000000|183767,2462c843689b1b33b809fe4e7ef7d0912e7c5e07ddd43c7e82dfd287a7be71f2,6f121ad529c7d5234f501cc41022a3989ad1c0cb63b7d149d7855e986460d0e2,ef3f0c89d96ab326ed5c33340210b37033e47b033e9f124811cce7c80ef83b87,False,ok
figure3-wide-r1-20260716T130142Z-99bbe7a-db81c71f9217,figure3l,holdout_figure1b,1000000,183767,2,6,figure3-wide-r1-l-z04-a04,,,0.8772052760707243,132.0,132,183598,100,0,0.0,0.0,0.03699349820698568,0.183767,post_freeze_wide_round_1,transition,True,figure1bc|114514|holdout_figure1b|1000000|183767,2462c843689b1b33b809fe4e7ef7d0912e7c5e07ddd43c7e82dfd287a7be71f2,725ef892d294073b7b869b4a44885fe958e2f0d9edc298e6e3ad34b57512ee02,ef3f0c89d96ab326ed5c33340210b37033e47b033e9f124811cce7c80ef83b87,False,ok
figure3-wide-r1-20260716T130142Z-99bbe7a-db81c71f9217,figure3l,holdout_figure1b,1000000,183767,2,6,figure3-wide-r1-l-z04-a05,,,0.9510248413914085,132.0,132,183700,100,0,0.0,0.0,0.03699349820698568,0.183767,post_freeze_wide_round_1,transition,True,figure1bc|114514|holdout_figure1b|1000000|183767,2462c843689b1b33b809fe4e7ef7d0912e7c5e07ddd43c7e82dfd287a7be71f2,93a75a552942ee9ca5d83e953861a66b5c4e39cc4eb5c6b9c55fc71957644f47,ef3f0c89d96ab326ed5c33340210b37033e47b033e9f124811cce7c80ef83b87,False,ok
figure3-wide-r1-20260716T130142Z-99bbe7a-db81c71f9217,figure3l,holdout_figure1b,1000000,183767,2,6,figure3-wide-r1-l-z04-a06,,,0.9814074541817858,132.0,132,183742,100,0,0.0,0.0,0.03699349820698568,0.183767,post_freeze_wide_round_1,transition,True,figure1bc|114514|holdout_figure1b|1000000|183767,2462c843689b1b33b809fe4e7ef7d0912e7c5e07ddd43c7e82dfd287a7be71f2,e78d5201dc1c2b5321631eacd339594dcf663cdd78713963f183158a247a3784,ef3f0c89d96ab326ed5c33340210b37033e47b033e9f124811cce7c80ef83b87,False,ok
figure3-wide-r1-20260716T130142Z-99bbe7a-db81c71f9217,figure3l,holdout_figure1b,1000000,183767,2,6,frozen-prediction,0.875,0.9,0.7243668166820519,21.67135261011856,22,181565,100,100,1.0,0.9630065017930143,1.0,0.183767,post_freeze_wide_round_1,transition,True,figure1bc|114514|holdout_figure1b|1000000|183767,2462c843689b1b33b809fe4e7ef7d0912e7c5e07ddd43c7e82dfd287a7be71f2,20953fd0562c3c41dc0820c94b91a336eb45f225ad60c5f73ec931da49bdaefb,ef3f0c89d96ab326ed5c33340210b37033e47b033e9f124811cce7c80ef83b87,True,ok
