run_id,protocol_version,git_commit,phase,k,ell,mode,M,C,D,delta,a_raw,a,z_raw,z,z_rounding,set_size_A,set_size_B,difference_A,difference_B,trials,successes,success_rate,ci_low,ci_high,logical_state_bits,state_bits,control_bits,total_payload_bits,bits_per_cell,R_w30,dedup_hashes,fingerprint_enabled,base_seed,failure_counts,status
figure1a-20260716T153109Z-99bbe7a-9b10f88e383f,figure1a-reduced-v1,99bbe7ae42df1f4bfff92f48bcd78ac1e4e6abaf,coarse,2,3,iid,3284,0.875,1.1884504306083168,0.1,0.0,0.0,0.0,0,fixed_zero_iid,20000,20000,5000,5000,20,0,0.0,0.0,0.16112515805281938,305412,305416,352,305768,93,1.0192266666666667,True,False,114514,"{""decode_failed"":20}",complete
figure1a-20260716T153109Z-99bbe7a-9b10f88e383f,figure1a-reduced-v1,99bbe7ae42df1f4bfff92f48bcd78ac1e4e6abaf,coarse,2,3,iid,3314,0.875,1.1884504306083168,0.1,0.0,0.0,0.0,0,fixed_zero_iid,20000,20000,5000,5000,20,0,0.0,0.0,0.16112515805281938,308202,308208,352,308560,93,1.0285333333333333,True,False,114514,"{""decode_failed"":20}",complete
figure1a-20260716T153109Z-99bbe7a-9b10f88e383f,figure1a-reduced-v1,99bbe7ae42df1f4bfff92f48bcd78ac1e4e6abaf,coarse,2,3,iid,3344,0.875,1.1884504306083168,0.1,0.0,0.0,0.0,0,fixed_zero_iid,20000,20000,5000,5000,20,0,0.0,0.0,0.16112515805281938,310992,310992,352,311344,93,1.0378133333333333,True,False,114514,"{""decode_failed"":20}",complete
figure1a-20260716T153109Z-99bbe7a-9b10f88e383f,figure1a-reduced-v1,99bbe7ae42df1f4bfff92f48bcd78ac1e4e6abaf,coarse,2,3,iid,3374,0.875,1.1884504306083168,0.1,0.0,0.0,0.0,0,fixed_zero_iid,20000,20000,5000,5000,20,0,0.0,0.0,0.16112515805281938,313782,313784,352,314136,93,1.04712,True,False,114514,"{""decode_failed"":20}",complete
figure1a-20260716T153109Z-99bbe7a-9b10f88e383f,figure1a-reduced-v1,99bbe7ae42df1f4bfff92f48bcd78ac1e4e6abaf,coarse,2,3,iid,3404,0.875,1.1884504306083168,0.1,0.0,0.0,0.0,0,fixed_zero_iid,20000,20000,5000,5000,20,0,0.0,0.0,0.16112515805281938,316572,316576,352,316928,93,1.0564266666666666,True,False,114514,"{""decode_failed"":20}",complete
figure1a-20260716T153109Z-99bbe7a-9b10f88e383f,figure1a-reduced-v1,99bbe7ae42df1f4bfff92f48bcd78ac1e4e6abaf,coarse,2,3,iid,3434,0.875,1.1884504306083168,0.1,0.0,0.0,0.0,0,fixed_zero_iid,20000,20000,5000,5000,20,0,0.0,0.0,0.16112515805281938,319362,319368,352,319720,93,1.0657333333333334,True,False,114514,"{""decode_failed"":20}",complete
figure1a-20260716T153109Z-99bbe7a-9b10f88e383f,figure1a-reduced-v1,99bbe7ae42df1f4bfff92f48bcd78ac1e4e6abaf,coarse,2,3,iid,3464,0.875,1.1884504306083168,0.1,0.0,0.0,0.0,0,fixed_zero_iid,20000,20000,5000,5000,20,0,0.0,0.0,0.16112515805281938,322152,322152,352,322504,93,1.0750133333333334,True,False,114514,"{""decode_failed"":20}",complete
figure1a-20260716T153109Z-99bbe7a-9b10f88e383f,figure1a-reduced-v1,99bbe7ae42df1f4bfff92f48bcd78ac1e4e6abaf,coarse,2,3,iid,3494,0.875,1.1884504306083168,0.1,0.0,0.0,0.0,0,fixed_zero_iid,20000,20000,5000,5000,20,0,0.0,0.0,0.16112515805281938,324942,324944,352,325296,93,1.08432,True,False,114514,"{""decode_failed"":20}",complete
figure1a-20260716T153109Z-99bbe7a-9b10f88e383f,figure1a-reduced-v1,99bbe7ae42df1f4bfff92f48bcd78ac1e4e6abaf,coarse,2,3,iid,3524,0.875,1.1884504306083168,0.1,0.0,0.0,0.0,0,fixed_zero_iid,20000,20000,5000,5000,20,0,0.0,0.0,0.16112515805281938,327732,327736,352,328088,93,1.0936266666666667,True,False,114514,"{""decode_failed"":20}",complete
figure1a-20260716T153109Z-99bbe7a-9b10f88e383f,figure1a-reduced-v1,99bbe7ae42df1f4bfff92f48bcd78ac1e4e6abaf,coarse,2,3,iid,3554,0.875,1.1884504306083168,0.1,0.0,0.0,0.0,0,fixed_zero_iid,20000,20000,5000,5000,20,0,0.0,0.0,0.16112515805281938,330522,330528,352,330880,93,1.1029333333333333,True,False,114514,"{""decode_failed"":20}",complete
figure1a-20260716T153109Z-99bbe7a-9b10f88e383f,figure1a-reduced-v1,99bbe7ae42df1f4bfff92f48bcd78ac1e4e6abaf,coarse,2,3,iid,3584,0.875,1.1884504306083168,0.1,0.0,0.0,0.0,0,fixed_zero_iid,20000,20000,5000,5000,20,0,0.0,0.0,0.16112515805281938,333312,333312,352,333664,93,1.1122133333333333,True,False,114514,"{""decode_failed"":20}",complete
figure1a-20260716T153109Z-99bbe7a-9b10f88e383f,figure1a-reduced-v1,99bbe7ae42df1f4bfff92f48bcd78ac1e4e6abaf,coarse,2,3,iid,3614,0.875,1.1884504306083168,0.1,0.0,0.0,0.0,0,fixed_zero_iid,20000,20000,5000,5000,20,0,0.0,0.0,0.16112515805281938,336102,336104,352,336456,93,1.12152,True,False,114514,"{""decode_failed"":20}",complete
figure1a-20260716T153109Z-99bbe7a-9b10f88e383f,figure1a-reduced-v1,99bbe7ae42df1f4bfff92f48bcd78ac1e4e6abaf,coarse,2,3,iid,3644,0.875,1.1884504306083168,0.1,0.0,0.0,0.0,0,fixed_zero_iid,20000,20000,5000,5000,20,0,0.0,0.0,0.16112515805281938,338892,338896,352,339248,93,1.1308266666666666,True,False,114514,"{""decode_failed"":20}",complete
figure1a-20260716T153109Z-99bbe7a-9b10f88e383f,figure1a-reduced-v1,99bbe7ae42df1f4bfff92f48bcd78ac1e4e6abaf,coarse,2,3,iid,3674,0.875,1.1884504306083168,0.1,0.0,0.0,0.0,0,fixed_zero_iid,20000,20000,5000,5000,20,0,0.0,0.0,0.16112515805281938,341682,341688,352,342040,93,1.1401333333333334,True,False,114514,"{""decode_failed"":20}",complete
figure1a-20260716T153109Z-99bbe7a-9b10f88e383f,figure1a-reduced-v1,99bbe7ae42df1f4bfff92f48bcd78ac1e4e6abaf,coarse,2,3,iid,3704,0.875,1.1884504306083168,0.1,0.0,0.0,0.0,0,fixed_zero_iid,20000,20000,5000,5000,20,0,0.0,0.0,0.16112515805281938,344472,344472,352,344824,93,1.1494133333333334,True,False,114514,"{""decode_failed"":20}",complete
figure1a-20260716T153109Z-99bbe7a-9b10f88e383f,figure1a-reduced-v1,99bbe7ae42df1f4bfff92f48bcd78ac1e4e6abaf,coarse,2,3,iid,3734,0.875,1.1884504306083168,0.1,0.0,0.0,0.0,0,fixed_zero_iid,20000,20000,5000,5000,20,0,0.0,0.0,0.16112515805281938,347262,347264,352,347616,93,1.15872,True,False,114514,"{""decode_failed"":20}",complete
figure1a-20260716T153109Z-99bbe7a-9b10f88e383f,figure1a-reduced-v1,99bbe7ae42df1f4bfff92f48bcd78ac1e4e6abaf,coarse,2,3,iid,3764,0.875,1.1884504306083168,0.1,0.0,0.0,0.0,0,fixed_zero_iid,20000,20000,5000,5000,20,0,0.0,0.0,0.16112515805281938,350052,350056,352,350408,93,1.1680266666666668,True,False,114514,"{""decode_failed"":20}",complete
figure1a-20260716T153109Z-99bbe7a-9b10f88e383f,figure1a-reduced-v1,99bbe7ae42df1f4bfff92f48bcd78ac1e4e6abaf,coarse,2,3,iid,3794,0.875,1.1884504306083168,0.1,0.0,0.0,0.0,0,fixed_zero_iid,20000,20000,5000,5000,20,0,0.0,0.0,0.16112515805281938,352842,352848,352,353200,93,1.1773333333333333,True,False,114514,"{""decode_failed"":20}",complete
figure1a-20260716T153109Z-99bbe7a-9b10f88e383f,figure1a-reduced-v1,99bbe7ae42df1f4bfff92f48bcd78ac1e4e6abaf,coarse,2,3,iid,3824,0.875,1.1884504306083168,0.1,0.0,0.0,0.0,0,fixed_zero_iid,20000,20000,5000,5000,20,0,0.0,0.0,0.16112515805281938,355632,355632,352,355984,93,1.1866133333333333,True,False,114514,"{""decode_failed"":20}",complete
figure1a-20260716T153109Z-99bbe7a-9b10f88e383f,figure1a-reduced-v1,99bbe7ae42df1f4bfff92f48bcd78ac1e4e6abaf,coarse,2,3,iid,3854,0.875,1.1884504306083168,0.1,0.0,0.0,0.0,0,fixed_zero_iid,20000,20000,5000,5000,20,0,0.0,0.0,0.16112515805281938,358422,358424,352,358776,93,1.19592,True,False,114514,"{""decode_failed"":20}",complete
figure1a-20260716T153109Z-99bbe7a-9b10f88e383f,figure1a-reduced-v1,99bbe7ae42df1f4bfff92f48bcd78ac1e4e6abaf,coarse,2,3,iid,3884,0.875,1.1884504306083168,0.1,0.0,0.0,0.0,0,fixed_zero_iid,20000,20000,5000,5000,20,2,0.1,0.027866481213768224,0.3010336452284873,361212,361216,352,361568,93,1.2052266666666667,True,False,114514,"{""decode_failed"":18}",complete
figure1a-20260716T153109Z-99bbe7a-9b10f88e383f,figure1a-reduced-v1,99bbe7ae42df1f4bfff92f48bcd78ac1e4e6abaf,coarse,2,3,iid,3914,0.875,1.1884504306083168,0.1,0.0,0.0,0.0,0,fixed_zero_iid,20000,20000,5000,5000,20,14,0.7,0.4810271816464765,0.8545227551323956,364002,364008,352,364360,93,1.2145333333333332,True,False,114514,"{""decode_failed"":6}",complete
figure1a-20260716T153109Z-99bbe7a-9b10f88e383f,figure1a-reduced-v1,99bbe7ae42df1f4bfff92f48bcd78ac1e4e6abaf,coarse,2,3,iid,3944,0.875,1.1884504306083168,0.1,0.0,0.0,0.0,0,fixed_zero_iid,20000,20000,5000,5000,20,20,1.0,0.8388748419471806,1.0,366792,366792,352,367144,93,1.2238133333333334,True,False,114514,{},complete
figure1a-20260716T153109Z-99bbe7a-9b10f88e383f,figure1a-reduced-v1,99bbe7ae42df1f4bfff92f48bcd78ac1e4e6abaf,coarse,2,3,iid,3974,0.875,1.1884504306083168,0.1,0.0,0.0,0.0,0,fixed_zero_iid,20000,20000,5000,5000,20,20,1.0,0.8388748419471806,1.0,369582,369584,352,369936,93,1.23312,True,False,114514,{},complete
figure1a-20260716T153109Z-99bbe7a-9b10f88e383f,figure1a-reduced-v1,99bbe7ae42df1f4bfff92f48bcd78ac1e4e6abaf,coarse,2,3,iid,4004,0.875,1.1884504306083168,0.1,0.0,0.0,0.0,0,fixed_zero_iid,20000,20000,5000,5000,20,20,1.0,0.8388748419471806,1.0,372372,372376,352,372728,93,1.2424266666666666,True,False,114514,{},complete
figure1a-20260716T153109Z-99bbe7a-9b10f88e383f,figure1a-reduced-v1,99bbe7ae42df1f4bfff92f48bcd78ac1e4e6abaf,coarse,2,3,iid,4034,0.875,1.1884504306083168,0.1,0.0,0.0,0.0,0,fixed_zero_iid,20000,20000,5000,5000,20,20,1.0,0.8388748419471806,1.0,375162,375168,352,375520,93,1.2517333333333334,True,False,114514,{},complete
figure1a-20260716T153109Z-99bbe7a-9b10f88e383f,figure1a-reduced-v1,99bbe7ae42df1f4bfff92f48bcd78ac1e4e6abaf,coarse,2,3,iid,4064,0.875,1.1884504306083168,0.1,0.0,0.0,0.0,0,fixed_zero_iid,20000,20000,5000,5000,20,20,1.0,0.8388748419471806,1.0,377952,377952,352,378304,93,1.2610133333333333,True,False,114514,{},complete
figure1a-20260716T153109Z-99bbe7a-9b10f88e383f,figure1a-reduced-v1,99bbe7ae42df1f4bfff92f48bcd78ac1e4e6abaf,coarse,2,3,iid,4094,0.875,1.1884504306083168,0.1,0.0,0.0,0.0,0,fixed_zero_iid,20000,20000,5000,5000,20,20,1.0,0.8388748419471806,1.0,380742,380744,352,381096,93,1.27032,True,False,114514,{},complete
figure1a-20260716T153109Z-99bbe7a-9b10f88e383f,figure1a-reduced-v1,99bbe7ae42df1f4bfff92f48bcd78ac1e4e6abaf,coarse,2,3,iid,4124,0.875,1.1884504306083168,0.1,0.0,0.0,0.0,0,fixed_zero_iid,20000,20000,5000,5000,20,20,1.0,0.8388748419471806,1.0,383532,383536,352,383888,93,1.2796266666666667,True,False,114514,{},complete
figure1a-20260716T153109Z-99bbe7a-9b10f88e383f,figure1a-reduced-v1,99bbe7ae42df1f4bfff92f48bcd78ac1e4e6abaf,coarse,2,3,iid,4154,0.875,1.1884504306083168,0.1,0.0,0.0,0.0,0,fixed_zero_iid,20000,20000,5000,5000,20,20,1.0,0.8388748419471806,1.0,386322,386328,352,386680,93,1.2889333333333333,True,False,114514,{},complete
figure1a-20260716T153109Z-99bbe7a-9b10f88e383f,figure1a-reduced-v1,99bbe7ae42df1f4bfff92f48bcd78ac1e4e6abaf,coarse,2,3,iid,4184,0.875,1.1884504306083168,0.1,0.0,0.0,0.0,0,fixed_zero_iid,20000,20000,5000,5000,20,20,1.0,0.8388748419471806,1.0,389112,389112,352,389464,93,1.2982133333333334,True,False,114514,{},complete
figure1a-20260716T153109Z-99bbe7a-9b10f88e383f,figure1a-reduced-v1,99bbe7ae42df1f4bfff92f48bcd78ac1e4e6abaf,coarse,2,3,iid,4214,0.875,1.1884504306083168,0.1,0.0,0.0,0.0,0,fixed_zero_iid,20000,20000,5000,5000,20,20,1.0,0.8388748419471806,1.0,391902,391904,352,392256,93,1.30752,True,False,114514,{},complete
figure1a-20260716T153109Z-99bbe7a-9b10f88e383f,figure1a-reduced-v1,99bbe7ae42df1f4bfff92f48bcd78ac1e4e6abaf,coarse,2,3,iid,4244,0.875,1.1884504306083168,0.1,0.0,0.0,0.0,0,fixed_zero_iid,20000,20000,5000,5000,20,20,1.0,0.8388748419471806,1.0,394692,394696,352,395048,93,1.3168266666666666,True,False,114514,{},complete
figure1a-20260716T153109Z-99bbe7a-9b10f88e383f,figure1a-reduced-v1,99bbe7ae42df1f4bfff92f48bcd78ac1e4e6abaf,coarse,2,3,iid,4274,0.875,1.1884504306083168,0.1,0.0,0.0,0.0,0,fixed_zero_iid,20000,20000,5000,5000,20,20,1.0,0.8388748419471806,1.0,397482,397488,352,397840,93,1.3261333333333334,True,False,114514,{},complete
figure1a-20260716T153109Z-99bbe7a-9b10f88e383f,figure1a-reduced-v1,99bbe7ae42df1f4bfff92f48bcd78ac1e4e6abaf,coarse,2,3,iid,4304,0.875,1.1884504306083168,0.1,0.0,0.0,0.0,0,fixed_zero_iid,20000,20000,5000,5000,20,20,1.0,0.8388748419471806,1.0,400272,400272,352,400624,93,1.3354133333333333,True,False,114514,{},complete
figure1a-20260716T153109Z-99bbe7a-9b10f88e383f,figure1a-reduced-v1,99bbe7ae42df1f4bfff92f48bcd78ac1e4e6abaf,coarse,2,3,iid,4334,0.875,1.1884504306083168,0.1,0.0,0.0,0.0,0,fixed_zero_iid,20000,20000,5000,5000,20,20,1.0,0.8388748419471806,1.0,403062,403064,352,403416,93,1.34472,True,False,114514,{},complete
figure1a-20260716T153109Z-99bbe7a-9b10f88e383f,figure1a-reduced-v1,99bbe7ae42df1f4bfff92f48bcd78ac1e4e6abaf,coarse,2,3,iid,4364,0.875,1.1884504306083168,0.1,0.0,0.0,0.0,0,fixed_zero_iid,20000,20000,5000,5000,20,20,1.0,0.8388748419471806,1.0,405852,405856,352,406208,93,1.3540266666666667,True,False,114514,{},complete
figure1a-20260716T153109Z-99bbe7a-9b10f88e383f,figure1a-reduced-v1,99bbe7ae42df1f4bfff92f48bcd78ac1e4e6abaf,coarse,2,3,iid,4394,0.875,1.1884504306083168,0.1,0.0,0.0,0.0,0,fixed_zero_iid,20000,20000,5000,5000,20,20,1.0,0.8388748419471806,1.0,408642,408648,352,409000,93,1.3633333333333333,True,False,114514,{},complete
figure1a-20260716T153109Z-99bbe7a-9b10f88e383f,figure1a-reduced-v1,99bbe7ae42df1f4bfff92f48bcd78ac1e4e6abaf,coarse,2,3,iid,4424,0.875,1.1884504306083168,0.1,0.0,0.0,0.0,0,fixed_zero_iid,20000,20000,5000,5000,20,20,1.0,0.8388748419471806,1.0,411432,411432,352,411784,93,1.3726133333333332,True,False,114514,{},complete
figure1a-20260716T153109Z-99bbe7a-9b10f88e383f,figure1a-reduced-v1,99bbe7ae42df1f4bfff92f48bcd78ac1e4e6abaf,coarse,2,3,iid,4454,0.875,1.1884504306083168,0.1,0.0,0.0,0.0,0,fixed_zero_iid,20000,20000,5000,5000,20,20,1.0,0.8388748419471806,1.0,414222,414224,352,414576,93,1.38192,True,False,114514,{},complete
figure1a-20260716T153109Z-99bbe7a-9b10f88e383f,figure1a-reduced-v1,99bbe7ae42df1f4bfff92f48bcd78ac1e4e6abaf,coarse,2,3,iid,4484,0.875,1.1884504306083168,0.1,0.0,0.0,0.0,0,fixed_zero_iid,20000,20000,5000,5000,20,20,1.0,0.8388748419471806,1.0,417012,417016,352,417368,93,1.3912266666666666,True,False,114514,{},complete
figure1a-20260716T153109Z-99bbe7a-9b10f88e383f,figure1a-reduced-v1,99bbe7ae42df1f4bfff92f48bcd78ac1e4e6abaf,coarse,2,3,naive,3154,0.875,1.1884504306083168,0.1,0.0,0.0,13.198656888135181,13,floor(z_raw+0.5),20000,20000,5000,5000,20,0,0.0,0.0,0.16112515805281938,293322,293328,352,293680,93,0.9789333333333333,True,False,114514,"{""decode_failed"":20}",complete
figure1a-20260716T153109Z-99bbe7a-9b10f88e383f,figure1a-reduced-v1,99bbe7ae42df1f4bfff92f48bcd78ac1e4e6abaf,coarse,2,3,naive,3184,0.875,1.1884504306083168,0.1,0.0,0.0,13.240372263121984,13,floor(z_raw+0.5),20000,20000,5000,5000,20,0,0.0,0.0,0.16112515805281938,296112,296112,352,296464,93,0.9882133333333334,True,False,114514,"{""decode_failed"":20}",complete
figure1a-20260716T153109Z-99bbe7a-9b10f88e383f,figure1a-reduced-v1,99bbe7ae42df1f4bfff92f48bcd78ac1e4e6abaf,coarse,2,3,naive,3214,0.875,1.1884504306083168,0.1,0.0,0.0,13.2818264229637,13,floor(z_raw+0.5),20000,20000,5000,5000,20,0,0.0,0.0,0.16112515805281938,298902,298904,352,299256,93,0.99752,True,False,114514,"{""decode_failed"":20}",complete
figure1a-20260716T153109Z-99bbe7a-9b10f88e383f,figure1a-reduced-v1,99bbe7ae42df1f4bfff92f48bcd78ac1e4e6abaf,coarse,2,3,naive,3244,0.875,1.1884504306083168,0.1,0.0,0.0,13.323023418868452,13,floor(z_raw+0.5),20000,20000,5000,5000,20,0,0.0,0.0,0.16112515805281938,301692,301696,352,302048,93,1.0068266666666668,True,False,114514,"{""decode_failed"":20}",complete
figure1a-20260716T153109Z-99bbe7a-9b10f88e383f,figure1a-reduced-v1,99bbe7ae42df1f4bfff92f48bcd78ac1e4e6abaf,coarse,2,3,naive,3274,0.875,1.1884504306083168,0.1,0.0,0.0,13.363967202441406,13,floor(z_raw+0.5),20000,20000,5000,5000,20,0,0.0,0.0,0.16112515805281938,304482,304488,352,304840,93,1.0161333333333333,True,False,114514,"{""decode_failed"":20}",complete
figure1a-20260716T153109Z-99bbe7a-9b10f88e383f,figure1a-reduced-v1,99bbe7ae42df1f4bfff92f48bcd78ac1e4e6abaf,coarse,2,3,naive,3304,0.875,1.1884504306083168,0.1,0.0,0.0,13.404661629021192,13,floor(z_raw+0.5),20000,20000,5000,5000,20,0,0.0,0.0,0.16112515805281938,307272,307272,352,307624,93,1.0254133333333333,True,False,114514,"{""decode_failed"":20}",complete
figure1a-20260716T153109Z-99bbe7a-9b10f88e383f,figure1a-reduced-v1,99bbe7ae42df1f4bfff92f48bcd78ac1e4e6abaf,coarse,2,3,naive,3334,0.875,1.1884504306083168,0.1,0.0,0.0,13.445110460875378,13,floor(z_raw+0.5),20000,20000,5000,5000,20,0,0.0,0.0,0.16112515805281938,310062,310064,352,310416,93,1.03472,True,False,114514,"{""decode_failed"":20}",complete
figure1a-20260716T153109Z-99bbe7a-9b10f88e383f,figure1a-reduced-v1,99bbe7ae42df1f4bfff92f48bcd78ac1e4e6abaf,coarse,2,3,naive,3364,0.875,1.1884504306083168,0.1,0.0,0.0,13.485317370262143,13,floor(z_raw+0.5),20000,20000,5000,5000,20,0,0.0,0.0,0.16112515805281938,312852,312856,352,313208,93,1.0440266666666667,True,False,114514,"{""decode_failed"":20}",complete
figure1a-20260716T153109Z-99bbe7a-9b10f88e383f,figure1a-reduced-v1,99bbe7ae42df1f4bfff92f48bcd78ac1e4e6abaf,coarse,2,3,naive,3394,0.875,1.1884504306083168,0.1,0.0,0.0,13.525285942364901,14,floor(z_raw+0.5),20000,20000,5000,5000,20,0,0.0,0.0,0.16112515805281938,315642,315648,352,316000,93,1.0533333333333332,True,False,114514,"{""decode_failed"":20}",complete
figure1a-20260716T153109Z-99bbe7a-9b10f88e383f,figure1a-reduced-v1,99bbe7ae42df1f4bfff92f48bcd78ac1e4e6abaf,coarse,2,3,naive,3424,0.875,1.1884504306083168,0.1,0.0,0.0,13.56501967810625,14,floor(z_raw+0.5),20000,20000,5000,5000,20,0,0.0,0.0,0.16112515805281938,318432,318432,352,318784,93,1.0626133333333334,True,False,114514,"{""decode_failed"":20}",complete
figure1a-20260716T153109Z-99bbe7a-9b10f88e383f,figure1a-reduced-v1,99bbe7ae42df1f4bfff92f48bcd78ac1e4e6abaf,coarse,2,3,naive,3454,0.875,1.1884504306083168,0.1,0.0,0.0,13.60452199684715,14,floor(z_raw+0.5),20000,20000,5000,5000,20,0,0.0,0.0,0.16112515805281938,321222,321224,352,321576,93,1.07192,True,False,114514,"{""decode_failed"":20}",complete
figure1a-20260716T153109Z-99bbe7a-9b10f88e383f,figure1a-reduced-v1,99bbe7ae42df1f4bfff92f48bcd78ac1e4e6abaf,coarse,2,3,naive,3484,0.875,1.1884504306083168,0.1,0.0,0.0,13.64379623897706,14,floor(z_raw+0.5),20000,20000,5000,5000,20,0,0.0,0.0,0.16112515805281938,324012,324016,352,324368,93,1.0812266666666666,True,False,114514,"{""decode_failed"":20}",complete
figure1a-20260716T153109Z-99bbe7a-9b10f88e383f,figure1a-reduced-v1,99bbe7ae42df1f4bfff92f48bcd78ac1e4e6abaf,coarse,2,3,naive,3514,0.875,1.1884504306083168,0.1,0.0,0.0,13.682845668400226,14,floor(z_raw+0.5),20000,20000,5000,5000,20,0,0.0,0.0,0.16112515805281938,326802,326808,352,327160,93,1.0905333333333334,True,False,114514,"{""decode_failed"":20}",complete
figure1a-20260716T153109Z-99bbe7a-9b10f88e383f,figure1a-reduced-v1,99bbe7ae42df1f4bfff92f48bcd78ac1e4e6abaf,coarse,2,3,naive,3544,0.875,1.1884504306083168,0.1,0.0,0.0,13.72167347492325,14,floor(z_raw+0.5),20000,20000,5000,5000,20,0,0.0,0.0,0.16112515805281938,329592,329592,352,329944,93,1.0998133333333333,True,False,114514,"{""decode_failed"":20}",complete
figure1a-20260716T153109Z-99bbe7a-9b10f88e383f,figure1a-reduced-v1,99bbe7ae42df1f4bfff92f48bcd78ac1e4e6abaf,coarse,2,3,naive,3574,0.875,1.1884504306083168,0.1,0.0,0.0,13.760282776548559,14,floor(z_raw+0.5),20000,20000,5000,5000,20,0,0.0,0.0,0.16112515805281938,332382,332384,352,332736,93,1.10912,True,False,114514,"{""decode_failed"":20}",complete
figure1a-20260716T153109Z-99bbe7a-9b10f88e383f,figure1a-reduced-v1,99bbe7ae42df1f4bfff92f48bcd78ac1e4e6abaf,coarse,2,3,naive,3604,0.875,1.1884504306083168,0.1,0.0,0.0,13.7986766216783,14,floor(z_raw+0.5),20000,20000,5000,5000,20,0,0.0,0.0,0.16112515805281938,335172,335176,352,335528,93,1.1184266666666667,True,False,114514,"{""decode_failed"":20}",complete
figure1a-20260716T153109Z-99bbe7a-9b10f88e383f,figure1a-reduced-v1,99bbe7ae42df1f4bfff92f48bcd78ac1e4e6abaf,coarse,2,3,naive,3634,0.875,1.1884504306083168,0.1,0.0,0.0,13.836857991232865,14,floor(z_raw+0.5),20000,20000,5000,5000,20,0,0.0,0.0,0.16112515805281938,337962,337968,352,338320,93,1.1277333333333333,True,False,114514,"{""decode_failed"":20}",complete
figure1a-20260716T153109Z-99bbe7a-9b10f88e383f,figure1a-reduced-v1,99bbe7ae42df1f4bfff92f48bcd78ac1e4e6abaf,coarse,2,3,naive,3664,0.875,1.1884504306083168,0.1,0.0,0.0,13.874829800687985,14,floor(z_raw+0.5),20000,20000,5000,5000,20,0,0.0,0.0,0.16112515805281938,340752,340752,352,341104,93,1.1370133333333334,True,False,114514,"{""decode_failed"":20}",complete
figure1a-20260716T153109Z-99bbe7a-9b10f88e383f,figure1a-reduced-v1,99bbe7ae42df1f4bfff92f48bcd78ac1e4e6abaf,coarse,2,3,naive,3694,0.875,1.1884504306083168,0.1,0.0,0.0,13.91259490203425,14,floor(z_raw+0.5),20000,20000,5000,5000,20,0,0.0,0.0,0.16112515805281938,343542,343544,352,343896,93,1.14632,True,False,114514,"{""decode_failed"":20}",complete
figure1a-20260716T153109Z-99bbe7a-9b10f88e383f,figure1a-reduced-v1,99bbe7ae42df1f4bfff92f48bcd78ac1e4e6abaf,coarse,2,3,naive,3724,0.875,1.1884504306083168,0.1,0.0,0.0,13.950156085662508,14,floor(z_raw+0.5),20000,20000,5000,5000,20,0,0.0,0.0,0.16112515805281938,346332,346336,352,346688,93,1.1556266666666666,True,False,114514,"{""decode_failed"":20}",complete
figure1a-20260716T153109Z-99bbe7a-9b10f88e383f,figure1a-reduced-v1,99bbe7ae42df1f4bfff92f48bcd78ac1e4e6abaf,coarse,2,3,naive,3754,0.875,1.1884504306083168,0.1,0.0,0.0,13.987516082178605,14,floor(z_raw+0.5),20000,20000,5000,5000,20,0,0.0,0.0,0.16112515805281938,349122,349128,352,349480,93,1.1649333333333334,True,False,114514,"{""decode_failed"":20}",complete
figure1a-20260716T153109Z-99bbe7a-9b10f88e383f,figure1a-reduced-v1,99bbe7ae42df1f4bfff92f48bcd78ac1e4e6abaf,coarse,2,3,naive,3784,0.875,1.1884504306083168,0.1,0.0,0.0,14.024677564150615,14,floor(z_raw+0.5),20000,20000,5000,5000,20,0,0.0,0.0,0.16112515805281938,351912,351912,352,352264,93,1.1742133333333333,True,False,114514,"{""decode_failed"":20}",complete
figure1a-20260716T153109Z-99bbe7a-9b10f88e383f,figure1a-reduced-v1,99bbe7ae42df1f4bfff92f48bcd78ac1e4e6abaf,coarse,2,3,naive,3814,0.875,1.1884504306083168,0.1,0.0,0.0,14.061643147791587,14,floor(z_raw+0.5),20000,20000,5000,5000,20,0,0.0,0.0,0.16112515805281938,354702,354704,352,355056,93,1.18352,True,False,114514,"{""decode_failed"":20}",complete
figure1a-20260716T153109Z-99bbe7a-9b10f88e383f,figure1a-reduced-v1,99bbe7ae42df1f4bfff92f48bcd78ac1e4e6abaf,coarse,2,3,naive,3844,0.875,1.1884504306083168,0.1,0.0,0.0,14.098415394580694,14,floor(z_raw+0.5),20000,20000,5000,5000,20,0,0.0,0.0,0.16112515805281938,357492,357496,352,357848,93,1.1928266666666667,True,False,114514,"{""decode_failed"":20}",complete
figure1a-20260716T153109Z-99bbe7a-9b10f88e383f,figure1a-reduced-v1,99bbe7ae42df1f4bfff92f48bcd78ac1e4e6abaf,coarse,2,3,naive,3874,0.875,1.1884504306083168,0.1,0.0,0.0,14.134996812825486,14,floor(z_raw+0.5),20000,20000,5000,5000,20,0,0.0,0.0,0.16112515805281938,360282,360288,352,360640,93,1.2021333333333333,True,False,114514,"{""decode_failed"":20}",complete
figure1a-20260716T153109Z-99bbe7a-9b10f88e383f,figure1a-reduced-v1,99bbe7ae42df1f4bfff92f48bcd78ac1e4e6abaf,coarse,2,3,naive,3904,0.875,1.1884504306083168,0.1,0.0,0.0,14.171389859167823,14,floor(z_raw+0.5),20000,20000,5000,5000,20,0,0.0,0.0,0.16112515805281938,363072,363072,352,363424,93,1.2114133333333332,True,False,114514,"{""decode_failed"":20}",complete
figure1a-20260716T153109Z-99bbe7a-9b10f88e383f,figure1a-reduced-v1,99bbe7ae42df1f4bfff92f48bcd78ac1e4e6abaf,coarse,2,3,naive,3934,0.875,1.1884504306083168,0.1,0.0,0.0,14.207596940035941,14,floor(z_raw+0.5),20000,20000,5000,5000,20,0,0.0,0.0,0.16112515805281938,365862,365864,352,366216,93,1.22072,True,False,114514,"{""decode_failed"":20}",complete
figure1a-20260716T153109Z-99bbe7a-9b10f88e383f,figure1a-reduced-v1,99bbe7ae42df1f4bfff92f48bcd78ac1e4e6abaf,coarse,2,3,naive,3964,0.875,1.1884504306083168,0.1,0.0,0.0,14.243620413044994,14,floor(z_raw+0.5),20000,20000,5000,5000,20,4,0.2,0.08065766257979806,0.41601743225189364,368652,368656,352,369008,93,1.2300266666666666,True,False,114514,"{""decode_failed"":16}",complete
figure1a-20260716T153109Z-99bbe7a-9b10f88e383f,figure1a-reduced-v1,99bbe7ae42df1f4bfff92f48bcd78ac1e4e6abaf,coarse,2,3,naive,3994,0.875,1.1884504306083168,0.1,0.0,0.0,14.279462588348213,14,floor(z_raw+0.5),20000,20000,5000,5000,20,8,0.4,0.21880653237281705,0.6134184992377469,371442,371448,352,371800,93,1.2393333333333334,True,False,114514,"{""decode_failed"":12}",complete
figure1a-20260716T153109Z-99bbe7a-9b10f88e383f,figure1a-reduced-v1,99bbe7ae42df1f4bfff92f48bcd78ac1e4e6abaf,coarse,2,3,naive,4024,0.875,1.1884504306083168,0.1,0.0,0.0,14.315125729940862,14,floor(z_raw+0.5),20000,20000,5000,5000,20,13,0.65,0.43285427668523624,0.818808175898918,374232,374232,352,374584,93,1.2486133333333334,True,False,114514,"{""decode_failed"":7}",complete
figure1a-20260716T153109Z-99bbe7a-9b10f88e383f,figure1a-reduced-v1,99bbe7ae42df1f4bfff92f48bcd78ac1e4e6abaf,coarse,2,3,naive,4054,0.875,1.1884504306083168,0.1,0.0,0.0,14.350612056918907,14,floor(z_raw+0.5),20000,20000,5000,5000,20,20,1.0,0.8388748419471806,1.0,377022,377024,352,377376,93,1.25792,True,False,114514,{},complete
figure1a-20260716T153109Z-99bbe7a-9b10f88e383f,figure1a-reduced-v1,99bbe7ae42df1f4bfff92f48bcd78ac1e4e6abaf,coarse,2,3,naive,4084,0.875,1.1884504306083168,0.1,0.0,0.0,14.38592374469435,14,floor(z_raw+0.5),20000,20000,5000,5000,20,20,1.0,0.8388748419471806,1.0,379812,379816,352,380168,93,1.2672266666666667,True,False,114514,{},complete
figure1a-20260716T153109Z-99bbe7a-9b10f88e383f,figure1a-reduced-v1,99bbe7ae42df1f4bfff92f48bcd78ac1e4e6abaf,coarse,2,3,naive,4114,0.875,1.1884504306083168,0.1,0.0,0.0,14.421062926168977,14,floor(z_raw+0.5),20000,20000,5000,5000,20,20,1.0,0.8388748419471806,1.0,382602,382608,352,382960,93,1.2765333333333333,True,False,114514,{},complete
figure1a-20260716T153109Z-99bbe7a-9b10f88e383f,figure1a-reduced-v1,99bbe7ae42df1f4bfff92f48bcd78ac1e4e6abaf,coarse,2,3,naive,4144,0.875,1.1884504306083168,0.1,0.0,0.0,14.456031692868278,14,floor(z_raw+0.5),20000,20000,5000,5000,20,19,0.95,0.763868806553258,0.9911185511992047,385392,385392,352,385744,93,1.2858133333333333,True,False,114514,"{""decode_failed"":1}",complete
figure1a-20260716T153109Z-99bbe7a-9b10f88e383f,figure1a-reduced-v1,99bbe7ae42df1f4bfff92f48bcd78ac1e4e6abaf,coarse,2,3,naive,4174,0.875,1.1884504306083168,0.1,0.0,0.0,14.490832096037135,14,floor(z_raw+0.5),20000,20000,5000,5000,20,20,1.0,0.8388748419471806,1.0,388182,388184,352,388536,93,1.29512,True,False,114514,{},complete
figure1a-20260716T153109Z-99bbe7a-9b10f88e383f,figure1a-reduced-v1,99bbe7ae42df1f4bfff92f48bcd78ac1e4e6abaf,coarse,2,3,naive,4204,0.875,1.1884504306083168,0.1,0.0,0.0,14.525466147698857,15,floor(z_raw+0.5),20000,20000,5000,5000,20,19,0.95,0.763868806553258,0.9911185511992047,390972,390976,352,391328,93,1.3044266666666666,True,False,114514,"{""decode_failed"":1}",complete
figure1a-20260716T153109Z-99bbe7a-9b10f88e383f,figure1a-reduced-v1,99bbe7ae42df1f4bfff92f48bcd78ac1e4e6abaf,coarse,2,3,naive,4234,0.875,1.1884504306083168,0.1,0.0,0.0,14.559935821679032,15,floor(z_raw+0.5),20000,20000,5000,5000,20,20,1.0,0.8388748419471806,1.0,393762,393768,352,394120,93,1.3137333333333334,True,False,114514,{},complete
figure1a-20260716T153109Z-99bbe7a-9b10f88e383f,figure1a-reduced-v1,99bbe7ae42df1f4bfff92f48bcd78ac1e4e6abaf,coarse,2,3,naive,4264,0.875,1.1884504306083168,0.1,0.0,0.0,14.594243054595585,15,floor(z_raw+0.5),20000,20000,5000,5000,20,20,1.0,0.8388748419471806,1.0,396552,396552,352,396904,93,1.3230133333333334,True,False,114514,{},complete
figure1a-20260716T153109Z-99bbe7a-9b10f88e383f,figure1a-reduced-v1,99bbe7ae42df1f4bfff92f48bcd78ac1e4e6abaf,coarse,2,3,naive,4294,0.875,1.1884504306083168,0.1,0.0,0.0,14.628389746816431,15,floor(z_raw+0.5),20000,20000,5000,5000,20,20,1.0,0.8388748419471806,1.0,399342,399344,352,399696,93,1.33232,True,False,114514,{},complete
figure1a-20260716T153109Z-99bbe7a-9b10f88e383f,figure1a-reduced-v1,99bbe7ae42df1f4bfff92f48bcd78ac1e4e6abaf,coarse,2,3,circular,3036,0.875,1.1884504306083168,0.1,0.7829340825141562,0.7829340825141562,4.706927662717057,5,floor(z_raw+0.5),20000,20000,5000,5000,20,0,0.0,0.0,0.16112515805281938,282348,282352,352,282704,93,0.9423466666666667,True,False,114514,"{""decode_failed"":20}",complete
figure1a-20260716T153109Z-99bbe7a-9b10f88e383f,figure1a-reduced-v1,99bbe7ae42df1f4bfff92f48bcd78ac1e4e6abaf,coarse,2,3,circular,3066,0.875,1.1884504306083168,0.1,0.7829340825141562,0.7829340825141562,4.722380589272363,5,floor(z_raw+0.5),20000,20000,5000,5000,20,0,0.0,0.0,0.16112515805281938,285138,285144,352,285496,93,0.9516533333333334,True,False,114514,"{""decode_failed"":20}",complete
figure1a-20260716T153109Z-99bbe7a-9b10f88e383f,figure1a-reduced-v1,99bbe7ae42df1f4bfff92f48bcd78ac1e4e6abaf,coarse,2,3,circular,3096,0.875,1.1884504306083168,0.1,0.7829340825141562,0.7829340825141562,4.737733039887134,5,floor(z_raw+0.5),20000,20000,5000,5000,20,0,0.0,0.0,0.16112515805281938,287928,287928,352,288280,93,0.9609333333333333,True,False,114514,"{""decode_failed"":20}",complete
figure1a-20260716T153109Z-99bbe7a-9b10f88e383f,figure1a-reduced-v1,99bbe7ae42df1f4bfff92f48bcd78ac1e4e6abaf,coarse,2,3,circular,3126,0.875,1.1884504306083168,0.1,0.7829340825141562,0.7829340825141562,4.752986632055584,5,floor(z_raw+0.5),20000,20000,5000,5000,20,0,0.0,0.0,0.16112515805281938,290718,290720,352,291072,93,0.97024,True,False,114514,"{""decode_failed"":20}",complete
figure1a-20260716T153109Z-99bbe7a-9b10f88e383f,figure1a-reduced-v1,99bbe7ae42df1f4bfff92f48bcd78ac1e4e6abaf,coarse,2,3,circular,3156,0.875,1.1884504306083168,0.1,0.7829340825141562,0.7829340825141562,4.768142942007762,5,floor(z_raw+0.5),20000,20000,5000,5000,20,0,0.0,0.0,0.16112515805281938,293508,293512,352,293864,93,0.9795466666666667,True,False,114514,"{""decode_failed"":20}",complete
figure1a-20260716T153109Z-99bbe7a-9b10f88e383f,figure1a-reduced-v1,99bbe7ae42df1f4bfff92f48bcd78ac1e4e6abaf,coarse,2,3,circular,3186,0.875,1.1884504306083168,0.1,0.7829340825141562,0.7829340825141562,4.783203506143307,5,floor(z_raw+0.5),20000,20000,5000,5000,20,0,0.0,0.0,0.16112515805281938,296298,296304,352,296656,93,0.9888533333333334,True,False,114514,"{""decode_failed"":20}",complete
figure1a-20260716T153109Z-99bbe7a-9b10f88e383f,figure1a-reduced-v1,99bbe7ae42df1f4bfff92f48bcd78ac1e4e6abaf,coarse,2,3,circular,3216,0.875,1.1884504306083168,0.1,0.7829340825141562,0.7829340825141562,4.798169822402398,5,floor(z_raw+0.5),20000,20000,5000,5000,20,0,0.0,0.0,0.16112515805281938,299088,299088,352,299440,93,0.9981333333333333,True,False,114514,"{""decode_failed"":20}",complete
figure1a-20260716T153109Z-99bbe7a-9b10f88e383f,figure1a-reduced-v1,99bbe7ae42df1f4bfff92f48bcd78ac1e4e6abaf,coarse,2,3,circular,3246,0.875,1.1884504306083168,0.1,0.7829340825141562,0.7829340825141562,4.8130433515772015,5,floor(z_raw+0.5),20000,20000,5000,5000,20,0,0.0,0.0,0.16112515805281938,301878,301880,352,302232,93,1.00744,True,False,114514,"{""decode_failed"":20}",complete
figure1a-20260716T153109Z-99bbe7a-9b10f88e383f,figure1a-reduced-v1,99bbe7ae42df1f4bfff92f48bcd78ac1e4e6abaf,coarse,2,3,circular,3276,0.875,1.1884504306083168,0.1,0.7829340825141562,0.7829340825141562,4.8278255185669225,5,floor(z_raw+0.5),20000,20000,5000,5000,20,0,0.0,0.0,0.16112515805281938,304668,304672,352,305024,93,1.0167466666666667,True,False,114514,"{""decode_failed"":20}",complete
figure1a-20260716T153109Z-99bbe7a-9b10f88e383f,figure1a-reduced-v1,99bbe7ae42df1f4bfff92f48bcd78ac1e4e6abaf,coarse,2,3,circular,3306,0.875,1.1884504306083168,0.1,0.7829340825141562,0.7829340825141562,4.842517713579397,5,floor(z_raw+0.5),20000,20000,5000,5000,20,0,0.0,0.0,0.16112515805281938,307458,307464,352,307816,93,1.0260533333333333,True,False,114514,"{""decode_failed"":20}",complete
figure1a-20260716T153109Z-99bbe7a-9b10f88e383f,figure1a-reduced-v1,99bbe7ae42df1f4bfff92f48bcd78ac1e4e6abaf,coarse,2,3,circular,3336,0.875,1.1884504306083168,0.1,0.7829340825141562,0.7829340825141562,4.857121293281936,5,floor(z_raw+0.5),20000,20000,5000,5000,20,0,0.0,0.0,0.16112515805281938,310248,310248,352,310600,93,1.0353333333333334,True,False,114514,"{""decode_failed"":20}",complete
figure1a-20260716T153109Z-99bbe7a-9b10f88e383f,figure1a-reduced-v1,99bbe7ae42df1f4bfff92f48bcd78ac1e4e6abaf,coarse,2,3,circular,3366,0.875,1.1884504306083168,0.1,0.7829340825141562,0.7829340825141562,4.871637581904015,5,floor(z_raw+0.5),20000,20000,5000,5000,20,0,0.0,0.0,0.16112515805281938,313038,313040,352,313392,93,1.04464,True,False,114514,"{""decode_failed"":20}",complete
figure1a-20260716T153109Z-99bbe7a-9b10f88e383f,figure1a-reduced-v1,99bbe7ae42df1f4bfff92f48bcd78ac1e4e6abaf,coarse,2,3,circular,3396,0.875,1.1884504306083168,0.1,0.7829340825141562,0.7829340825141562,4.886067872294247,5,floor(z_raw+0.5),20000,20000,5000,5000,20,0,0.0,0.0,0.16112515805281938,315828,315832,352,316184,93,1.0539466666666666,True,False,114514,"{""decode_failed"":20}",complete
figure1a-20260716T153109Z-99bbe7a-9b10f88e383f,figure1a-reduced-v1,99bbe7ae42df1f4bfff92f48bcd78ac1e4e6abaf,coarse,2,3,circular,3426,0.875,1.1884504306083168,0.1,0.7829340825141562,0.7829340825141562,4.900413426933891,5,floor(z_raw+0.5),20000,20000,5000,5000,20,0,0.0,0.0,0.16112515805281938,318618,318624,352,318976,93,1.0632533333333334,True,False,114514,"{""decode_failed"":20}",complete
figure1a-20260716T153109Z-99bbe7a-9b10f88e383f,figure1a-reduced-v1,99bbe7ae42df1f4bfff92f48bcd78ac1e4e6abaf,coarse,2,3,circular,3456,0.875,1.1884504306083168,0.1,0.7829340825141562,0.7829340825141562,4.914675478909075,5,floor(z_raw+0.5),20000,20000,5000,5000,20,0,0.0,0.0,0.16112515805281938,321408,321408,352,321760,93,1.0725333333333333,True,False,114514,"{""decode_failed"":20}",complete
figure1a-20260716T153109Z-99bbe7a-9b10f88e383f,figure1a-reduced-v1,99bbe7ae42df1f4bfff92f48bcd78ac1e4e6abaf,coarse,2,3,circular,3486,0.875,1.1884504306083168,0.1,0.7829340825141562,0.7829340825141562,4.92885523284374,5,floor(z_raw+0.5),20000,20000,5000,5000,20,0,0.0,0.0,0.16112515805281938,324198,324200,352,324552,93,1.08184,True,False,114514,"{""decode_failed"":20}",complete
figure1a-20260716T153109Z-99bbe7a-9b10f88e383f,figure1a-reduced-v1,99bbe7ae42df1f4bfff92f48bcd78ac1e4e6abaf,coarse,2,3,circular,3516,0.875,1.1884504306083168,0.1,0.7829340825141562,0.7829340825141562,4.942953865795228,5,floor(z_raw+0.5),20000,20000,5000,5000,20,0,0.0,0.0,0.16112515805281938,326988,326992,352,327344,93,1.0911466666666667,True,False,114514,"{""decode_failed"":20}",complete
figure1a-20260716T153109Z-99bbe7a-9b10f88e383f,figure1a-reduced-v1,99bbe7ae42df1f4bfff92f48bcd78ac1e4e6abaf,coarse,2,3,circular,3546,0.875,1.1884504306083168,0.1,0.7829340825141562,0.7829340825141562,4.956972528114298,5,floor(z_raw+0.5),20000,20000,5000,5000,20,0,0.0,0.0,0.16112515805281938,329778,329784,352,330136,93,1.1004533333333333,True,False,114514,"{""decode_failed"":20}",complete
figure1a-20260716T153109Z-99bbe7a-9b10f88e383f,figure1a-reduced-v1,99bbe7ae42df1f4bfff92f48bcd78ac1e4e6abaf,coarse,2,3,circular,3576,0.875,1.1884504306083168,0.1,0.7829340825141562,0.7829340825141562,4.970912344271295,5,floor(z_raw+0.5),20000,20000,5000,5000,20,0,0.0,0.0,0.16112515805281938,332568,332568,352,332920,93,1.1097333333333332,True,False,114514,"{""decode_failed"":20}",complete
figure1a-20260716T153109Z-99bbe7a-9b10f88e383f,figure1a-reduced-v1,99bbe7ae42df1f4bfff92f48bcd78ac1e4e6abaf,coarse,2,3,circular,3606,0.875,1.1884504306083168,0.1,0.7829340825141562,0.7829340825141562,4.984774413650056,5,floor(z_raw+0.5),20000,20000,5000,5000,20,0,0.0,0.0,0.16112515805281938,335358,335360,352,335712,93,1.11904,True,False,114514,"{""decode_failed"":20}",complete
figure1a-20260716T153109Z-99bbe7a-9b10f88e383f,figure1a-reduced-v1,99bbe7ae42df1f4bfff92f48bcd78ac1e4e6abaf,coarse,2,3,circular,3636,0.875,1.1884504306083168,0.1,0.7829340825141562,0.7829340825141562,4.998559811311075,5,floor(z_raw+0.5),20000,20000,5000,5000,20,0,0.0,0.0,0.16112515805281938,338148,338152,352,338504,93,1.1283466666666666,True,False,114514,"{""decode_failed"":20}",complete
figure1a-20260716T153109Z-99bbe7a-9b10f88e383f,figure1a-reduced-v1,99bbe7ae42df1f4bfff92f48bcd78ac1e4e6abaf,coarse,2,3,circular,3666,0.875,1.1884504306083168,0.1,0.7829340825141562,0.7829340825141562,5.012269588725369,5,floor(z_raw+0.5),20000,20000,5000,5000,20,0,0.0,0.0,0.16112515805281938,340938,340944,352,341296,93,1.1376533333333334,True,False,114514,"{""decode_failed"":20}",complete
figure1a-20260716T153109Z-99bbe7a-9b10f88e383f,figure1a-reduced-v1,99bbe7ae42df1f4bfff92f48bcd78ac1e4e6abaf,coarse,2,3,circular,3696,0.875,1.1884504306083168,0.1,0.7829340825141562,0.7829340825141562,5.025904774480387,5,floor(z_raw+0.5),20000,20000,5000,5000,20,0,0.0,0.0,0.16112515805281938,343728,343728,352,344080,93,1.1469333333333334,True,False,114514,"{""decode_failed"":20}",complete
figure1a-20260716T153109Z-99bbe7a-9b10f88e383f,figure1a-reduced-v1,99bbe7ae42df1f4bfff92f48bcd78ac1e4e6abaf,coarse,2,3,circular,3726,0.875,1.1884504306083168,0.1,0.7829340825141562,0.7829340825141562,5.039466374959257,5,floor(z_raw+0.5),20000,20000,5000,5000,20,5,0.25,0.11186170140766569,0.468700877618744,346518,346520,352,346872,93,1.15624,True,False,114514,"{""decode_failed"":15}",complete
figure1a-20260716T153109Z-99bbe7a-9b10f88e383f,figure1a-reduced-v1,99bbe7ae42df1f4bfff92f48bcd78ac1e4e6abaf,coarse,2,3,circular,3756,0.875,1.1884504306083168,0.1,0.7829340825141562,0.7829340825141562,5.0529553749945775,5,floor(z_raw+0.5),20000,20000,5000,5000,20,10,0.5,0.2992980081982123,0.7007019918017877,349308,349312,352,349664,93,1.1655466666666667,True,False,114514,"{""decode_failed"":10}",complete
figure1a-20260716T153109Z-99bbe7a-9b10f88e383f,figure1a-reduced-v1,99bbe7ae42df1f4bfff92f48bcd78ac1e4e6abaf,coarse,2,3,circular,3786,0.875,1.1884504306083168,0.1,0.7829340825141562,0.7829340825141562,5.066372738497894,5,floor(z_raw+0.5),20000,20000,5000,5000,20,15,0.75,0.531299122381256,0.8881382985923343,352098,352104,352,352456,93,1.1748533333333333,True,False,114514,"{""decode_failed"":5}",complete
figure1a-20260716T153109Z-99bbe7a-9b10f88e383f,figure1a-reduced-v1,99bbe7ae42df1f4bfff92f48bcd78ac1e4e6abaf,coarse,2,3,circular,3816,0.875,1.1884504306083168,0.1,0.7829340825141562,0.7829340825141562,5.079719409065976,5,floor(z_raw+0.5),20000,20000,5000,5000,20,20,1.0,0.8388748419471806,1.0,354888,354888,352,355240,93,1.1841333333333333,True,False,114514,{},complete
figure1a-20260716T153109Z-99bbe7a-9b10f88e383f,figure1a-reduced-v1,99bbe7ae42df1f4bfff92f48bcd78ac1e4e6abaf,coarse,2,3,circular,3846,0.875,1.1884504306083168,0.1,0.7829340825141562,0.7829340825141562,5.09299631056489,5,floor(z_raw+0.5),20000,20000,5000,5000,20,20,1.0,0.8388748419471806,1.0,357678,357680,352,358032,93,1.19344,True,False,114514,{},complete
figure1a-20260716T153109Z-99bbe7a-9b10f88e383f,figure1a-reduced-v1,99bbe7ae42df1f4bfff92f48bcd78ac1e4e6abaf,coarse,2,3,circular,3876,0.875,1.1884504306083168,0.1,0.7829340825141562,0.7829340825141562,5.106204347692884,5,floor(z_raw+0.5),20000,20000,5000,5000,20,20,1.0,0.8388748419471806,1.0,360468,360472,352,360824,93,1.2027466666666666,True,False,114514,{},complete
figure1a-20260716T153109Z-99bbe7a-9b10f88e383f,figure1a-reduced-v1,99bbe7ae42df1f4bfff92f48bcd78ac1e4e6abaf,coarse,2,3,circular,3906,0.875,1.1884504306083168,0.1,0.7829340825141562,0.7829340825141562,5.119344406522974,5,floor(z_raw+0.5),20000,20000,5000,5000,20,20,1.0,0.8388748419471806,1.0,363258,363264,352,363616,93,1.2120533333333334,True,False,114514,{},complete
figure1a-20260716T153109Z-99bbe7a-9b10f88e383f,figure1a-reduced-v1,99bbe7ae42df1f4bfff92f48bcd78ac1e4e6abaf,coarse,2,3,circular,3936,0.875,1.1884504306083168,0.1,0.7829340825141562,0.7829340825141562,5.132417355026147,5,floor(z_raw+0.5),20000,20000,5000,5000,20,20,1.0,0.8388748419471806,1.0,366048,366048,352,366400,93,1.2213333333333334,True,False,114514,{},complete
figure1a-20260716T153109Z-99bbe7a-9b10f88e383f,figure1a-reduced-v1,99bbe7ae42df1f4bfff92f48bcd78ac1e4e6abaf,coarse,2,3,circular,3966,0.875,1.1884504306083168,0.1,0.7829340825141562,0.7829340825141562,5.145424043575994,5,floor(z_raw+0.5),20000,20000,5000,5000,20,20,1.0,0.8388748419471806,1.0,368838,368840,352,369192,93,1.23064,True,False,114514,{},complete
figure1a-20260716T153109Z-99bbe7a-9b10f88e383f,figure1a-reduced-v1,99bbe7ae42df1f4bfff92f48bcd78ac1e4e6abaf,coarse,2,3,circular,3996,0.875,1.1884504306083168,0.1,0.7829340825141562,0.7829340825141562,5.1583653054355665,5,floor(z_raw+0.5),20000,20000,5000,5000,20,20,1.0,0.8388748419471806,1.0,371628,371632,352,371984,93,1.2399466666666668,True,False,114514,{},complete
figure1a-20260716T153109Z-99bbe7a-9b10f88e383f,figure1a-reduced-v1,99bbe7ae42df1f4bfff92f48bcd78ac1e4e6abaf,coarse,2,3,circular,4026,0.875,1.1884504306083168,0.1,0.7829340825141562,0.7829340825141562,5.171241957227236,5,floor(z_raw+0.5),20000,20000,5000,5000,20,20,1.0,0.8388748419471806,1.0,374418,374424,352,374776,93,1.2492533333333333,True,False,114514,{},complete
figure1a-20260716T153109Z-99bbe7a-9b10f88e383f,figure1a-reduced-v1,99bbe7ae42df1f4bfff92f48bcd78ac1e4e6abaf,coarse,2,3,circular,4056,0.875,1.1884504306083168,0.1,0.7829340825141562,0.7829340825141562,5.184054799386242,5,floor(z_raw+0.5),20000,20000,5000,5000,20,20,1.0,0.8388748419471806,1.0,377208,377208,352,377560,93,1.2585333333333333,True,False,114514,{},complete
figure1a-20260716T153109Z-99bbe7a-9b10f88e383f,figure1a-reduced-v1,99bbe7ae42df1f4bfff92f48bcd78ac1e4e6abaf,coarse,2,3,circular,4086,0.875,1.1884504306083168,0.1,0.7829340825141562,0.7829340825141562,5.196804616598616,5,floor(z_raw+0.5),20000,20000,5000,5000,20,20,1.0,0.8388748419471806,1.0,379998,380000,352,380352,93,1.26784,True,False,114514,{},complete
figure1a-20260716T153109Z-99bbe7a-9b10f88e383f,figure1a-reduced-v1,99bbe7ae42df1f4bfff92f48bcd78ac1e4e6abaf,coarse,2,3,circular,4116,0.875,1.1884504306083168,0.1,0.7829340825141562,0.7829340825141562,5.209492178224156,5,floor(z_raw+0.5),20000,20000,5000,5000,20,20,1.0,0.8388748419471806,1.0,382788,382792,352,383144,93,1.2771466666666667,True,False,114514,{},complete
figure1a-20260716T153109Z-99bbe7a-9b10f88e383f,figure1a-reduced-v1,99bbe7ae42df1f4bfff92f48bcd78ac1e4e6abaf,coarse,2,3,circular,4146,0.875,1.1884504306083168,0.1,0.7829340825141562,0.7829340825141562,5.2221182387050336,5,floor(z_raw+0.5),20000,20000,5000,5000,20,20,1.0,0.8388748419471806,1.0,385578,385584,352,385936,93,1.2864533333333332,True,False,114514,{},complete
figure1a-20260716T153109Z-99bbe7a-9b10f88e383f,figure1a-reduced-v1,99bbe7ae42df1f4bfff92f48bcd78ac1e4e6abaf,coarse,2,3,circular,4176,0.875,1.1884504306083168,0.1,0.7829340825141562,0.7829340825141562,5.234683537960642,5,floor(z_raw+0.5),20000,20000,5000,5000,20,20,1.0,0.8388748419471806,1.0,388368,388368,352,388720,93,1.2957333333333334,True,False,114514,{},complete
figure1a-20260716T153109Z-99bbe7a-9b10f88e383f,figure1a-reduced-v1,99bbe7ae42df1f4bfff92f48bcd78ac1e4e6abaf,coarse,2,6,iid,1722,0.875,1.1884504306083168,0.1,0.0,0.0,0.0,0,fixed_zero_iid,20000,20000,5000,5000,20,0,0.0,0.0,0.16112515805281938,316848,316848,352,317200,184,1.0573333333333332,True,False,114514,"{""decode_failed"":20}",complete
figure1a-20260716T153109Z-99bbe7a-9b10f88e383f,figure1a-reduced-v1,99bbe7ae42df1f4bfff92f48bcd78ac1e4e6abaf,coarse,2,6,iid,1738,0.875,1.1884504306083168,0.1,0.0,0.0,0.0,0,fixed_zero_iid,20000,20000,5000,5000,20,0,0.0,0.0,0.16112515805281938,319792,319792,352,320144,184,1.0671466666666667,True,False,114514,"{""decode_failed"":20}",complete
figure1a-20260716T153109Z-99bbe7a-9b10f88e383f,figure1a-reduced-v1,99bbe7ae42df1f4bfff92f48bcd78ac1e4e6abaf,coarse,2,6,iid,1754,0.875,1.1884504306083168,0.1,0.0,0.0,0.0,0,fixed_zero_iid,20000,20000,5000,5000,20,0,0.0,0.0,0.16112515805281938,322736,322736,352,323088,184,1.07696,True,False,114514,"{""decode_failed"":20}",complete
figure1a-20260716T153109Z-99bbe7a-9b10f88e383f,figure1a-reduced-v1,99bbe7ae42df1f4bfff92f48bcd78ac1e4e6abaf,coarse,2,6,iid,1770,0.875,1.1884504306083168,0.1,0.0,0.0,0.0,0,fixed_zero_iid,20000,20000,5000,5000,20,0,0.0,0.0,0.16112515805281938,325680,325680,352,326032,184,1.0867733333333334,True,False,114514,"{""decode_failed"":20}",complete
figure1a-20260716T153109Z-99bbe7a-9b10f88e383f,figure1a-reduced-v1,99bbe7ae42df1f4bfff92f48bcd78ac1e4e6abaf,coarse,2,6,iid,1786,0.875,1.1884504306083168,0.1,0.0,0.0,0.0,0,fixed_zero_iid,20000,20000,5000,5000,20,0,0.0,0.0,0.16112515805281938,328624,328624,352,328976,184,1.0965866666666666,True,False,114514,"{""decode_failed"":20}",complete
figure1a-20260716T153109Z-99bbe7a-9b10f88e383f,figure1a-reduced-v1,99bbe7ae42df1f4bfff92f48bcd78ac1e4e6abaf,coarse,2,6,iid,1802,0.875,1.1884504306083168,0.1,0.0,0.0,0.0,0,fixed_zero_iid,20000,20000,5000,5000,20,0,0.0,0.0,0.16112515805281938,331568,331568,352,331920,184,1.1064,True,False,114514,"{""decode_failed"":20}",complete
figure1a-20260716T153109Z-99bbe7a-9b10f88e383f,figure1a-reduced-v1,99bbe7ae42df1f4bfff92f48bcd78ac1e4e6abaf,coarse,2,6,iid,1818,0.875,1.1884504306083168,0.1,0.0,0.0,0.0,0,fixed_zero_iid,20000,20000,5000,5000,20,0,0.0,0.0,0.16112515805281938,334512,334512,352,334864,184,1.1162133333333333,True,False,114514,"{""decode_failed"":20}",complete
figure1a-20260716T153109Z-99bbe7a-9b10f88e383f,figure1a-reduced-v1,99bbe7ae42df1f4bfff92f48bcd78ac1e4e6abaf,coarse,2,6,iid,1834,0.875,1.1884504306083168,0.1,0.0,0.0,0.0,0,fixed_zero_iid,20000,20000,5000,5000,20,0,0.0,0.0,0.16112515805281938,337456,337456,352,337808,184,1.1260266666666667,True,False,114514,"{""decode_failed"":20}",complete
figure1a-20260716T153109Z-99bbe7a-9b10f88e383f,figure1a-reduced-v1,99bbe7ae42df1f4bfff92f48bcd78ac1e4e6abaf,coarse,2,6,iid,1850,0.875,1.1884504306083168,0.1,0.0,0.0,0.0,0,fixed_zero_iid,20000,20000,5000,5000,20,0,0.0,0.0,0.16112515805281938,340400,340400,352,340752,184,1.13584,True,False,114514,"{""decode_failed"":20}",complete
figure1a-20260716T153109Z-99bbe7a-9b10f88e383f,figure1a-reduced-v1,99bbe7ae42df1f4bfff92f48bcd78ac1e4e6abaf,coarse,2,6,iid,1866,0.875,1.1884504306083168,0.1,0.0,0.0,0.0,0,fixed_zero_iid,20000,20000,5000,5000,20,0,0.0,0.0,0.16112515805281938,343344,343344,352,343696,184,1.1456533333333334,True,False,114514,"{""decode_failed"":20}",complete
figure1a-20260716T153109Z-99bbe7a-9b10f88e383f,figure1a-reduced-v1,99bbe7ae42df1f4bfff92f48bcd78ac1e4e6abaf,coarse,2,6,iid,1882,0.875,1.1884504306083168,0.1,0.0,0.0,0.0,0,fixed_zero_iid,20000,20000,5000,5000,20,0,0.0,0.0,0.16112515805281938,346288,346288,352,346640,184,1.1554666666666666,True,False,114514,"{""decode_failed"":20}",complete
figure1a-20260716T153109Z-99bbe7a-9b10f88e383f,figure1a-reduced-v1,99bbe7ae42df1f4bfff92f48bcd78ac1e4e6abaf,coarse,2,6,iid,1898,0.875,1.1884504306083168,0.1,0.0,0.0,0.0,0,fixed_zero_iid,20000,20000,5000,5000,20,0,0.0,0.0,0.16112515805281938,349232,349232,352,349584,184,1.16528,True,False,114514,"{""decode_failed"":20}",complete
figure1a-20260716T153109Z-99bbe7a-9b10f88e383f,figure1a-reduced-v1,99bbe7ae42df1f4bfff92f48bcd78ac1e4e6abaf,coarse,2,6,iid,1914,0.875,1.1884504306083168,0.1,0.0,0.0,0.0,0,fixed_zero_iid,20000,20000,5000,5000,20,0,0.0,0.0,0.16112515805281938,352176,352176,352,352528,184,1.1750933333333333,True,False,114514,"{""decode_failed"":20}",complete
figure1a-20260716T153109Z-99bbe7a-9b10f88e383f,figure1a-reduced-v1,99bbe7ae42df1f4bfff92f48bcd78ac1e4e6abaf,coarse,2,6,iid,1930,0.875,1.1884504306083168,0.1,0.0,0.0,0.0,0,fixed_zero_iid,20000,20000,5000,5000,20,0,0.0,0.0,0.16112515805281938,355120,355120,352,355472,184,1.1849066666666668,True,False,114514,"{""decode_failed"":20}",complete
figure1a-20260716T153109Z-99bbe7a-9b10f88e383f,figure1a-reduced-v1,99bbe7ae42df1f4bfff92f48bcd78ac1e4e6abaf,coarse,2,6,iid,1946,0.875,1.1884504306083168,0.1,0.0,0.0,0.0,0,fixed_zero_iid,20000,20000,5000,5000,20,0,0.0,0.0,0.16112515805281938,358064,358064,352,358416,184,1.19472,True,False,114514,"{""decode_failed"":20}",complete
figure1a-20260716T153109Z-99bbe7a-9b10f88e383f,figure1a-reduced-v1,99bbe7ae42df1f4bfff92f48bcd78ac1e4e6abaf,coarse,2,6,iid,1962,0.875,1.1884504306083168,0.1,0.0,0.0,0.0,0,fixed_zero_iid,20000,20000,5000,5000,20,0,0.0,0.0,0.16112515805281938,361008,361008,352,361360,184,1.2045333333333332,True,False,114514,"{""decode_failed"":20}",complete
figure1a-20260716T153109Z-99bbe7a-9b10f88e383f,figure1a-reduced-v1,99bbe7ae42df1f4bfff92f48bcd78ac1e4e6abaf,coarse,2,6,iid,1978,0.875,1.1884504306083168,0.1,0.0,0.0,0.0,0,fixed_zero_iid,20000,20000,5000,5000,20,0,0.0,0.0,0.16112515805281938,363952,363952,352,364304,184,1.2143466666666667,True,False,114514,"{""decode_failed"":20}",complete
figure1a-20260716T153109Z-99bbe7a-9b10f88e383f,figure1a-reduced-v1,99bbe7ae42df1f4bfff92f48bcd78ac1e4e6abaf,coarse,2,6,iid,1994,0.875,1.1884504306083168,0.1,0.0,0.0,0.0,0,fixed_zero_iid,20000,20000,5000,5000,20,0,0.0,0.0,0.16112515805281938,366896,366896,352,367248,184,1.22416,True,False,114514,"{""decode_failed"":20}",complete
figure1a-20260716T153109Z-99bbe7a-9b10f88e383f,figure1a-reduced-v1,99bbe7ae42df1f4bfff92f48bcd78ac1e4e6abaf,coarse,2,6,iid,2010,0.875,1.1884504306083168,0.1,0.0,0.0,0.0,0,fixed_zero_iid,20000,20000,5000,5000,20,1,0.05,0.008881448800795402,0.23613119344674205,369840,369840,352,370192,184,1.2339733333333334,True,False,114514,"{""decode_failed"":19}",complete
figure1a-20260716T153109Z-99bbe7a-9b10f88e383f,figure1a-reduced-v1,99bbe7ae42df1f4bfff92f48bcd78ac1e4e6abaf,coarse,2,6,iid,2026,0.875,1.1884504306083168,0.1,0.0,0.0,0.0,0,fixed_zero_iid,20000,20000,5000,5000,20,5,0.25,0.11186170140766569,0.468700877618744,372784,372784,352,373136,184,1.2437866666666666,True,False,114514,"{""decode_failed"":15}",complete
figure1a-20260716T153109Z-99bbe7a-9b10f88e383f,figure1a-reduced-v1,99bbe7ae42df1f4bfff92f48bcd78ac1e4e6abaf,coarse,2,6,iid,2042,0.875,1.1884504306083168,0.1,0.0,0.0,0.0,0,fixed_zero_iid,20000,20000,5000,5000,20,15,0.75,0.531299122381256,0.8881382985923343,375728,375728,352,376080,184,1.2536,True,False,114514,"{""decode_failed"":5}",complete
figure1a-20260716T153109Z-99bbe7a-9b10f88e383f,figure1a-reduced-v1,99bbe7ae42df1f4bfff92f48bcd78ac1e4e6abaf,coarse,2,6,iid,2058,0.875,1.1884504306083168,0.1,0.0,0.0,0.0,0,fixed_zero_iid,20000,20000,5000,5000,20,20,1.0,0.8388748419471806,1.0,378672,378672,352,379024,184,1.2634133333333333,True,False,114514,{},complete
figure1a-20260716T153109Z-99bbe7a-9b10f88e383f,figure1a-reduced-v1,99bbe7ae42df1f4bfff92f48bcd78ac1e4e6abaf,coarse,2,6,iid,2074,0.875,1.1884504306083168,0.1,0.0,0.0,0.0,0,fixed_zero_iid,20000,20000,5000,5000,20,20,1.0,0.8388748419471806,1.0,381616,381616,352,381968,184,1.2732266666666667,True,False,114514,{},complete
figure1a-20260716T153109Z-99bbe7a-9b10f88e383f,figure1a-reduced-v1,99bbe7ae42df1f4bfff92f48bcd78ac1e4e6abaf,coarse,2,6,iid,2090,0.875,1.1884504306083168,0.1,0.0,0.0,0.0,0,fixed_zero_iid,20000,20000,5000,5000,20,20,1.0,0.8388748419471806,1.0,384560,384560,352,384912,184,1.28304,True,False,114514,{},complete
figure1a-20260716T153109Z-99bbe7a-9b10f88e383f,figure1a-reduced-v1,99bbe7ae42df1f4bfff92f48bcd78ac1e4e6abaf,coarse,2,6,iid,2106,0.875,1.1884504306083168,0.1,0.0,0.0,0.0,0,fixed_zero_iid,20000,20000,5000,5000,20,20,1.0,0.8388748419471806,1.0,387504,387504,352,387856,184,1.2928533333333334,True,False,114514,{},complete
figure1a-20260716T153109Z-99bbe7a-9b10f88e383f,figure1a-reduced-v1,99bbe7ae42df1f4bfff92f48bcd78ac1e4e6abaf,coarse,2,6,iid,2122,0.875,1.1884504306083168,0.1,0.0,0.0,0.0,0,fixed_zero_iid,20000,20000,5000,5000,20,20,1.0,0.8388748419471806,1.0,390448,390448,352,390800,184,1.3026666666666666,True,False,114514,{},complete
figure1a-20260716T153109Z-99bbe7a-9b10f88e383f,figure1a-reduced-v1,99bbe7ae42df1f4bfff92f48bcd78ac1e4e6abaf,coarse,2,6,iid,2138,0.875,1.1884504306083168,0.1,0.0,0.0,0.0,0,fixed_zero_iid,20000,20000,5000,5000,20,20,1.0,0.8388748419471806,1.0,393392,393392,352,393744,184,1.31248,True,False,114514,{},complete
figure1a-20260716T153109Z-99bbe7a-9b10f88e383f,figure1a-reduced-v1,99bbe7ae42df1f4bfff92f48bcd78ac1e4e6abaf,coarse,2,6,iid,2154,0.875,1.1884504306083168,0.1,0.0,0.0,0.0,0,fixed_zero_iid,20000,20000,5000,5000,20,20,1.0,0.8388748419471806,1.0,396336,396336,352,396688,184,1.3222933333333333,True,False,114514,{},complete
figure1a-20260716T153109Z-99bbe7a-9b10f88e383f,figure1a-reduced-v1,99bbe7ae42df1f4bfff92f48bcd78ac1e4e6abaf,coarse,2,6,iid,2170,0.875,1.1884504306083168,0.1,0.0,0.0,0.0,0,fixed_zero_iid,20000,20000,5000,5000,20,20,1.0,0.8388748419471806,1.0,399280,399280,352,399632,184,1.3321066666666668,True,False,114514,{},complete
figure1a-20260716T153109Z-99bbe7a-9b10f88e383f,figure1a-reduced-v1,99bbe7ae42df1f4bfff92f48bcd78ac1e4e6abaf,coarse,2,6,iid,2186,0.875,1.1884504306083168,0.1,0.0,0.0,0.0,0,fixed_zero_iid,20000,20000,5000,5000,20,20,1.0,0.8388748419471806,1.0,402224,402224,352,402576,184,1.34192,True,False,114514,{},complete
figure1a-20260716T153109Z-99bbe7a-9b10f88e383f,figure1a-reduced-v1,99bbe7ae42df1f4bfff92f48bcd78ac1e4e6abaf,coarse,2,6,iid,2202,0.875,1.1884504306083168,0.1,0.0,0.0,0.0,0,fixed_zero_iid,20000,20000,5000,5000,20,20,1.0,0.8388748419471806,1.0,405168,405168,352,405520,184,1.3517333333333332,True,False,114514,{},complete
figure1a-20260716T153109Z-99bbe7a-9b10f88e383f,figure1a-reduced-v1,99bbe7ae42df1f4bfff92f48bcd78ac1e4e6abaf,coarse,2,6,iid,2218,0.875,1.1884504306083168,0.1,0.0,0.0,0.0,0,fixed_zero_iid,20000,20000,5000,5000,20,20,1.0,0.8388748419471806,1.0,408112,408112,352,408464,184,1.3615466666666667,True,False,114514,{},complete
figure1a-20260716T153109Z-99bbe7a-9b10f88e383f,figure1a-reduced-v1,99bbe7ae42df1f4bfff92f48bcd78ac1e4e6abaf,coarse,2,6,iid,2234,0.875,1.1884504306083168,0.1,0.0,0.0,0.0,0,fixed_zero_iid,20000,20000,5000,5000,20,20,1.0,0.8388748419471806,1.0,411056,411056,352,411408,184,1.37136,True,False,114514,{},complete
figure1a-20260716T153109Z-99bbe7a-9b10f88e383f,figure1a-reduced-v1,99bbe7ae42df1f4bfff92f48bcd78ac1e4e6abaf,coarse,2,6,iid,2250,0.875,1.1884504306083168,0.1,0.0,0.0,0.0,0,fixed_zero_iid,20000,20000,5000,5000,20,20,1.0,0.8388748419471806,1.0,414000,414000,352,414352,184,1.3811733333333334,True,False,114514,{},complete
figure1a-20260716T153109Z-99bbe7a-9b10f88e383f,figure1a-reduced-v1,99bbe7ae42df1f4bfff92f48bcd78ac1e4e6abaf,coarse,2,6,iid,2266,0.875,1.1884504306083168,0.1,0.0,0.0,0.0,0,fixed_zero_iid,20000,20000,5000,5000,20,20,1.0,0.8388748419471806,1.0,416944,416944,352,417296,184,1.3909866666666666,True,False,114514,{},complete
figure1a-20260716T153109Z-99bbe7a-9b10f88e383f,figure1a-reduced-v1,99bbe7ae42df1f4bfff92f48bcd78ac1e4e6abaf,coarse,2,6,iid,2282,0.875,1.1884504306083168,0.1,0.0,0.0,0.0,0,fixed_zero_iid,20000,20000,5000,5000,20,20,1.0,0.8388748419471806,1.0,419888,419888,352,420240,184,1.4008,True,False,114514,{},complete
figure1a-20260716T153109Z-99bbe7a-9b10f88e383f,figure1a-reduced-v1,99bbe7ae42df1f4bfff92f48bcd78ac1e4e6abaf,coarse,2,6,iid,2298,0.875,1.1884504306083168,0.1,0.0,0.0,0.0,0,fixed_zero_iid,20000,20000,5000,5000,20,20,1.0,0.8388748419471806,1.0,422832,422832,352,423184,184,1.4106133333333333,True,False,114514,{},complete
figure1a-20260716T153109Z-99bbe7a-9b10f88e383f,figure1a-reduced-v1,99bbe7ae42df1f4bfff92f48bcd78ac1e4e6abaf,coarse,2,6,iid,2314,0.875,1.1884504306083168,0.1,0.0,0.0,0.0,0,fixed_zero_iid,20000,20000,5000,5000,20,20,1.0,0.8388748419471806,1.0,425776,425776,352,426128,184,1.4204266666666667,True,False,114514,{},complete
figure1a-20260716T153109Z-99bbe7a-9b10f88e383f,figure1a-reduced-v1,99bbe7ae42df1f4bfff92f48bcd78ac1e4e6abaf,coarse,2,6,iid,2330,0.875,1.1884504306083168,0.1,0.0,0.0,0.0,0,fixed_zero_iid,20000,20000,5000,5000,20,20,1.0,0.8388748419471806,1.0,428720,428720,352,429072,184,1.43024,True,False,114514,{},complete
figure1a-20260716T153109Z-99bbe7a-9b10f88e383f,figure1a-reduced-v1,99bbe7ae42df1f4bfff92f48bcd78ac1e4e6abaf,coarse,2,6,naive,1542,0.875,1.1884504306083168,0.1,0.0,0.0,10.39770042845675,10,floor(z_raw+0.5),20000,20000,5000,5000,20,0,0.0,0.0,0.16112515805281938,283728,283728,352,284080,184,0.9469333333333333,True,False,114514,"{""decode_failed"":20}",complete
figure1a-20260716T153109Z-99bbe7a-9b10f88e383f,figure1a-reduced-v1,99bbe7ae42df1f4bfff92f48bcd78ac1e4e6abaf,coarse,2,6,naive,1558,0.875,1.1884504306083168,0.1,0.0,0.0,10.433539403520234,10,floor(z_raw+0.5),20000,20000,5000,5000,20,0,0.0,0.0,0.16112515805281938,286672,286672,352,287024,184,0.9567466666666666,True,False,114514,"{""decode_failed"":20}",complete
figure1a-20260716T153109Z-99bbe7a-9b10f88e383f,figure1a-reduced-v1,99bbe7ae42df1f4bfff92f48bcd78ac1e4e6abaf,coarse,2,6,naive,1574,0.875,1.1884504306083168,0.1,0.0,0.0,10.469133843503739,10,floor(z_raw+0.5),20000,20000,5000,5000,20,0,0.0,0.0,0.16112515805281938,289616,289616,352,289968,184,0.96656,True,False,114514,"{""decode_failed"":20}",complete
figure1a-20260716T153109Z-99bbe7a-9b10f88e383f,figure1a-reduced-v1,99bbe7ae42df1f4bfff92f48bcd78ac1e4e6abaf,coarse,2,6,naive,1590,0.875,1.1884504306083168,0.1,0.0,0.0,10.504487877450408,11,floor(z_raw+0.5),20000,20000,5000,5000,20,0,0.0,0.0,0.16112515805281938,292560,292560,352,292912,184,0.9763733333333333,True,False,114514,"{""decode_failed"":20}",complete
figure1a-20260716T153109Z-99bbe7a-9b10f88e383f,figure1a-reduced-v1,99bbe7ae42df1f4bfff92f48bcd78ac1e4e6abaf,coarse,2,6,naive,1606,0.875,1.1884504306083168,0.1,0.0,0.0,10.5396055239689,11,floor(z_raw+0.5),20000,20000,5000,5000,20,0,0.0,0.0,0.16112515805281938,295504,295504,352,295856,184,0.9861866666666667,True,False,114514,"{""decode_failed"":20}",complete
figure1a-20260716T153109Z-99bbe7a-9b10f88e383f,figure1a-reduced-v1,99bbe7ae42df1f4bfff92f48bcd78ac1e4e6abaf,coarse,2,6,naive,1622,0.875,1.1884504306083168,0.1,0.0,0.0,10.574490695254369,11,floor(z_raw+0.5),20000,20000,5000,5000,20,0,0.0,0.0,0.16112515805281938,298448,298448,352,298800,184,0.996,True,False,114514,"{""decode_failed"":20}",complete
figure1a-20260716T153109Z-99bbe7a-9b10f88e383f,figure1a-reduced-v1,99bbe7ae42df1f4bfff92f48bcd78ac1e4e6abaf,coarse,2,6,naive,1638,0.875,1.1884504306083168,0.1,0.0,0.0,10.609147200924962,11,floor(z_raw+0.5),20000,20000,5000,5000,20,0,0.0,0.0,0.16112515805281938,301392,301392,352,301744,184,1.0058133333333332,True,False,114514,"{""decode_failed"":20}",complete
figure1a-20260716T153109Z-99bbe7a-9b10f88e383f,figure1a-reduced-v1,99bbe7ae42df1f4bfff92f48bcd78ac1e4e6abaf,coarse,2,6,naive,1654,0.875,1.1884504306083168,0.1,0.0,0.0,10.643578751683973,11,floor(z_raw+0.5),20000,20000,5000,5000,20,0,0.0,0.0,0.16112515805281938,304336,304336,352,304688,184,1.0156266666666667,True,False,114514,"{""decode_failed"":20}",complete
figure1a-20260716T153109Z-99bbe7a-9b10f88e383f,figure1a-reduced-v1,99bbe7ae42df1f4bfff92f48bcd78ac1e4e6abaf,coarse,2,6,naive,1670,0.875,1.1884504306083168,0.1,0.0,0.0,10.677788962817218,11,floor(z_raw+0.5),20000,20000,5000,5000,20,0,0.0,0.0,0.16112515805281938,307280,307280,352,307632,184,1.02544,True,False,114514,"{""decode_failed"":20}",complete
figure1a-20260716T153109Z-99bbe7a-9b10f88e383f,figure1a-reduced-v1,99bbe7ae42df1f4bfff92f48bcd78ac1e4e6abaf,coarse,2,6,naive,1686,0.875,1.1884504306083168,0.1,0.0,0.0,10.711781357534495,11,floor(z_raw+0.5),20000,20000,5000,5000,20,0,0.0,0.0,0.16112515805281938,310224,310224,352,310576,184,1.0352533333333334,True,False,114514,"{""decode_failed"":20}",complete
figure1a-20260716T153109Z-99bbe7a-9b10f88e383f,figure1a-reduced-v1,99bbe7ae42df1f4bfff92f48bcd78ac1e4e6abaf,coarse,2,6,naive,1702,0.875,1.1884504306083168,0.1,0.0,0.0,10.74555937016356,11,floor(z_raw+0.5),20000,20000,5000,5000,20,0,0.0,0.0,0.16112515805281938,313168,313168,352,313520,184,1.0450666666666666,True,False,114514,"{""decode_failed"":20}",complete
figure1a-20260716T153109Z-99bbe7a-9b10f88e383f,figure1a-reduced-v1,99bbe7ae42df1f4bfff92f48bcd78ac1e4e6abaf,coarse,2,6,naive,1718,0.875,1.1884504306083168,0.1,0.0,0.0,10.779126349204398,11,floor(z_raw+0.5),20000,20000,5000,5000,20,0,0.0,0.0,0.16112515805281938,316112,316112,352,316464,184,1.05488,True,False,114514,"{""decode_failed"":20}",complete
figure1a-20260716T153109Z-99bbe7a-9b10f88e383f,figure1a-reduced-v1,99bbe7ae42df1f4bfff92f48bcd78ac1e4e6abaf,coarse,2,6,naive,1734,0.875,1.1884504306083168,0.1,0.0,0.0,10.812485560251131,11,floor(z_raw+0.5),20000,20000,5000,5000,20,0,0.0,0.0,0.16112515805281938,319056,319056,352,319408,184,1.0646933333333333,True,False,114514,"{""decode_failed"":20}",complete
figure1a-20260716T153109Z-99bbe7a-9b10f88e383f,figure1a-reduced-v1,99bbe7ae42df1f4bfff92f48bcd78ac1e4e6abaf,coarse,2,6,naive,1750,0.875,1.1884504306083168,0.1,0.0,0.0,10.845640188788535,11,floor(z_raw+0.5),20000,20000,5000,5000,20,0,0.0,0.0,0.16112515805281938,322000,322000,352,322352,184,1.0745066666666667,True,False,114514,"{""decode_failed"":20}",complete
figure1a-20260716T153109Z-99bbe7a-9b10f88e383f,figure1a-reduced-v1,99bbe7ae42df1f4bfff92f48bcd78ac1e4e6abaf,coarse,2,6,naive,1766,0.875,1.1884504306083168,0.1,0.0,0.0,10.87859334286954,11,floor(z_raw+0.5),20000,20000,5000,5000,20,0,0.0,0.0,0.16112515805281938,324944,324944,352,325296,184,1.08432,True,False,114514,"{""decode_failed"":20}",complete
figure1a-20260716T153109Z-99bbe7a-9b10f88e383f,figure1a-reduced-v1,99bbe7ae42df1f4bfff92f48bcd78ac1e4e6abaf,coarse,2,6,naive,1782,0.875,1.1884504306083168,0.1,0.0,0.0,10.911348055679913,11,floor(z_raw+0.5),20000,20000,5000,5000,20,0,0.0,0.0,0.16112515805281938,327888,327888,352,328240,184,1.0941333333333334,True,False,114514,"{""decode_failed"":20}",complete
figure1a-20260716T153109Z-99bbe7a-9b10f88e383f,figure1a-reduced-v1,99bbe7ae42df1f4bfff92f48bcd78ac1e4e6abaf,coarse,2,6,naive,1798,0.875,1.1884504306083168,0.1,0.0,0.0,10.943907287995755,11,floor(z_raw+0.5),20000,20000,5000,5000,20,0,0.0,0.0,0.16112515805281938,330832,330832,352,331184,184,1.1039466666666666,True,False,114514,"{""decode_failed"":20}",complete
figure1a-20260716T153109Z-99bbe7a-9b10f88e383f,figure1a-reduced-v1,99bbe7ae42df1f4bfff92f48bcd78ac1e4e6abaf,coarse,2,6,naive,1814,0.875,1.1884504306083168,0.1,0.0,0.0,10.976273930539262,11,floor(z_raw+0.5),20000,20000,5000,5000,20,0,0.0,0.0,0.16112515805281938,333776,333776,352,334128,184,1.11376,True,False,114514,"{""decode_failed"":20}",complete
figure1a-20260716T153109Z-99bbe7a-9b10f88e383f,figure1a-reduced-v1,99bbe7ae42df1f4bfff92f48bcd78ac1e4e6abaf,coarse,2,6,naive,1830,0.875,1.1884504306083168,0.1,0.0,0.0,11.008450806237784,11,floor(z_raw+0.5),20000,20000,5000,5000,20,0,0.0,0.0,0.16112515805281938,336720,336720,352,337072,184,1.1235733333333333,True,False,114514,"{""decode_failed"":20}",complete
figure1a-20260716T153109Z-99bbe7a-9b10f88e383f,figure1a-reduced-v1,99bbe7ae42df1f4bfff92f48bcd78ac1e4e6abaf,coarse,2,6,naive,1846,0.875,1.1884504306083168,0.1,0.0,0.0,11.040440672390991,11,floor(z_raw+0.5),20000,20000,5000,5000,20,0,0.0,0.0,0.16112515805281938,339664,339664,352,340016,184,1.1333866666666668,True,False,114514,"{""decode_failed"":20}",complete
figure1a-20260716T153109Z-99bbe7a-9b10f88e383f,figure1a-reduced-v1,99bbe7ae42df1f4bfff92f48bcd78ac1e4e6abaf,coarse,2,6,naive,1862,0.875,1.1884504306083168,0.1,0.0,0.0,11.072246222750623,11,floor(z_raw+0.5),20000,20000,5000,5000,20,0,0.0,0.0,0.16112515805281938,342608,342608,352,342960,184,1.1432,True,False,114514,"{""decode_failed"":20}",complete
figure1a-20260716T153109Z-99bbe7a-9b10f88e383f,figure1a-reduced-v1,99bbe7ae42df1f4bfff92f48bcd78ac1e4e6abaf,coarse,2,6,naive,1878,0.875,1.1884504306083168,0.1,0.0,0.0,11.103870089517065,11,floor(z_raw+0.5),20000,20000,5000,5000,20,0,0.0,0.0,0.16112515805281938,345552,345552,352,345904,184,1.1530133333333332,True,False,114514,"{""decode_failed"":20}",complete
figure1a-20260716T153109Z-99bbe7a-9b10f88e383f,figure1a-reduced-v1,99bbe7ae42df1f4bfff92f48bcd78ac1e4e6abaf,coarse,2,6,naive,1894,0.875,1.1884504306083168,0.1,0.0,0.0,11.13531484525678,11,floor(z_raw+0.5),20000,20000,5000,5000,20,0,0.0,0.0,0.16112515805281938,348496,348496,352,348848,184,1.1628266666666667,True,False,114514,"{""decode_failed"":20}",complete
figure1a-20260716T153109Z-99bbe7a-9b10f88e383f,figure1a-reduced-v1,99bbe7ae42df1f4bfff92f48bcd78ac1e4e6abaf,coarse,2,6,naive,1910,0.875,1.1884504306083168,0.1,0.0,0.0,11.16658300474435,11,floor(z_raw+0.5),20000,20000,5000,5000,20,0,0.0,0.0,0.16112515805281938,351440,351440,352,351792,184,1.17264,True,False,114514,"{""decode_failed"":20}",complete
figure1a-20260716T153109Z-99bbe7a-9b10f88e383f,figure1a-reduced-v1,99bbe7ae42df1f4bfff92f48bcd78ac1e4e6abaf,coarse,2,6,naive,1926,0.875,1.1884504306083168,0.1,0.0,0.0,11.197677026732709,11,floor(z_raw+0.5),20000,20000,5000,5000,20,0,0.0,0.0,0.16112515805281938,354384,354384,352,354736,184,1.1824533333333334,True,False,114514,"{""decode_failed"":20}",complete
figure1a-20260716T153109Z-99bbe7a-9b10f88e383f,figure1a-reduced-v1,99bbe7ae42df1f4bfff92f48bcd78ac1e4e6abaf,coarse,2,6,naive,1942,0.875,1.1884504306083168,0.1,0.0,0.0,11.22859931565493,11,floor(z_raw+0.5),20000,20000,5000,5000,20,0,0.0,0.0,0.16112515805281938,357328,357328,352,357680,184,1.1922666666666666,True,False,114514,"{""decode_failed"":20}",complete
figure1a-20260716T153109Z-99bbe7a-9b10f88e383f,figure1a-reduced-v1,99bbe7ae42df1f4bfff92f48bcd78ac1e4e6abaf,coarse,2,6,naive,1958,0.875,1.1884504306083168,0.1,0.0,0.0,11.259352223260755,11,floor(z_raw+0.5),20000,20000,5000,5000,20,0,0.0,0.0,0.16112515805281938,360272,360272,352,360624,184,1.20208,True,False,114514,"{""decode_failed"":20}",complete
figure1a-20260716T153109Z-99bbe7a-9b10f88e383f,figure1a-reduced-v1,99bbe7ae42df1f4bfff92f48bcd78ac1e4e6abaf,coarse,2,6,naive,1974,0.875,1.1884504306083168,0.1,0.0,0.0,11.289938050190901,11,floor(z_raw+0.5),20000,20000,5000,5000,20,1,0.05,0.008881448800795402,0.23613119344674205,363216,363216,352,363568,184,1.2118933333333333,True,False,114514,"{""decode_failed"":19}",complete
figure1a-20260716T153109Z-99bbe7a-9b10f88e383f,figure1a-reduced-v1,99bbe7ae42df1f4bfff92f48bcd78ac1e4e6abaf,coarse,2,6,naive,1990,0.875,1.1884504306083168,0.1,0.0,0.0,11.320359047491948,11,floor(z_raw+0.5),20000,20000,5000,5000,20,4,0.2,0.08065766257979806,0.41601743225189364,366160,366160,352,366512,184,1.2217066666666667,True,False,114514,"{""decode_failed"":16}",complete
figure1a-20260716T153109Z-99bbe7a-9b10f88e383f,figure1a-reduced-v1,99bbe7ae42df1f4bfff92f48bcd78ac1e4e6abaf,coarse,2,6,naive,2006,0.875,1.1884504306083168,0.1,0.0,0.0,11.350617418074563,11,floor(z_raw+0.5),20000,20000,5000,5000,20,13,0.65,0.43285427668523624,0.818808175898918,369104,369104,352,369456,184,1.23152,True,False,114514,"{""decode_failed"":7}",complete
figure1a-20260716T153109Z-99bbe7a-9b10f88e383f,figure1a-reduced-v1,99bbe7ae42df1f4bfff92f48bcd78ac1e4e6abaf,coarse,2,6,naive,2022,0.875,1.1884504306083168,0.1,0.0,0.0,11.380715318117577,11,floor(z_raw+0.5),20000,20000,5000,5000,20,17,0.85,0.6395811352592431,0.9476312541037835,372048,372048,352,372400,184,1.2413333333333334,True,False,114514,"{""decode_failed"":3}",complete
figure1a-20260716T153109Z-99bbe7a-9b10f88e383f,figure1a-reduced-v1,99bbe7ae42df1f4bfff92f48bcd78ac1e4e6abaf,coarse,2,6,naive,2038,0.875,1.1884504306083168,0.1,0.0,0.0,11.410654858420344,11,floor(z_raw+0.5),20000,20000,5000,5000,20,16,0.8,0.5839825677481064,0.919342337420202,374992,374992,352,375344,184,1.2511466666666666,True,False,114514,"{""decode_failed"":4}",complete
figure1a-20260716T153109Z-99bbe7a-9b10f88e383f,figure1a-reduced-v1,99bbe7ae42df1f4bfff92f48bcd78ac1e4e6abaf,coarse,2,6,naive,2054,0.875,1.1884504306083168,0.1,0.0,0.0,11.440438105705686,11,floor(z_raw+0.5),20000,20000,5000,5000,20,18,0.9,0.6989663547715128,0.9721335187862319,377936,377936,352,378288,184,1.26096,True,False,114514,"{""decode_failed"":2}",complete
figure1a-20260716T153109Z-99bbe7a-9b10f88e383f,figure1a-reduced-v1,99bbe7ae42df1f4bfff92f48bcd78ac1e4e6abaf,coarse,2,6,naive,2070,0.875,1.1884504306083168,0.1,0.0,0.0,11.470067083875593,11,floor(z_raw+0.5),20000,20000,5000,5000,20,20,1.0,0.8388748419471806,1.0,380880,380880,352,381232,184,1.2707733333333333,True,False,114514,{},complete
figure1a-20260716T153109Z-99bbe7a-9b10f88e383f,figure1a-reduced-v1,99bbe7ae42df1f4bfff92f48bcd78ac1e4e6abaf,coarse,2,6,naive,2086,0.875,1.1884504306083168,0.1,0.0,0.0,11.499543775221747,11,floor(z_raw+0.5),20000,20000,5000,5000,20,20,1.0,0.8388748419471806,1.0,383824,383824,352,384176,184,1.2805866666666668,True,False,114514,{},complete
figure1a-20260716T153109Z-99bbe7a-9b10f88e383f,figure1a-reduced-v1,99bbe7ae42df1f4bfff92f48bcd78ac1e4e6abaf,coarse,2,6,naive,2102,0.875,1.1884504306083168,0.1,0.0,0.0,11.528870121592819,12,floor(z_raw+0.5),20000,20000,5000,5000,20,20,1.0,0.8388748419471806,1.0,386768,386768,352,387120,184,1.2904,True,False,114514,{},complete
figure1a-20260716T153109Z-99bbe7a-9b10f88e383f,figure1a-reduced-v1,99bbe7ae42df1f4bfff92f48bcd78ac1e4e6abaf,coarse,2,6,naive,2118,0.875,1.1884504306083168,0.1,0.0,0.0,11.558048025520401,12,floor(z_raw+0.5),20000,20000,5000,5000,20,20,1.0,0.8388748419471806,1.0,389712,389712,352,390064,184,1.3002133333333334,True,False,114514,{},complete
figure1a-20260716T153109Z-99bbe7a-9b10f88e383f,figure1a-reduced-v1,99bbe7ae42df1f4bfff92f48bcd78ac1e4e6abaf,coarse,2,6,circular,1486,0.875,1.1884504306083168,0.1,0.7243668166820519,0.7243668166820519,4.349804916508069,4,floor(z_raw+0.5),20000,20000,5000,5000,20,0,0.0,0.0,0.16112515805281938,273424,273424,352,273776,184,0.9125866666666667,True,False,114514,"{""decode_failed"":20}",complete
figure1a-20260716T153109Z-99bbe7a-9b10f88e383f,figure1a-reduced-v1,99bbe7ae42df1f4bfff92f48bcd78ac1e4e6abaf,coarse,2,6,circular,1502,0.875,1.1884504306083168,0.1,0.7243668166820519,0.7243668166820519,4.365360900194479,4,floor(z_raw+0.5),20000,20000,5000,5000,20,0,0.0,0.0,0.16112515805281938,276368,276368,352,276720,184,0.9224,True,False,114514,"{""decode_failed"":20}",complete
figure1a-20260716T153109Z-99bbe7a-9b10f88e383f,figure1a-reduced-v1,99bbe7ae42df1f4bfff92f48bcd78ac1e4e6abaf,coarse,2,6,circular,1518,0.875,1.1884504306083168,0.1,0.7243668166820519,0.7243668166820519,4.380806799426656,4,floor(z_raw+0.5),20000,20000,5000,5000,20,0,0.0,0.0,0.16112515805281938,279312,279312,352,279664,184,0.9322133333333333,True,False,114514,"{""decode_failed"":20}",complete
figure1a-20260716T153109Z-99bbe7a-9b10f88e383f,figure1a-reduced-v1,99bbe7ae42df1f4bfff92f48bcd78ac1e4e6abaf,coarse,2,6,circular,1534,0.875,1.1884504306083168,0.1,0.7243668166820519,0.7243668166820519,4.396144541348316,4,floor(z_raw+0.5),20000,20000,5000,5000,20,0,0.0,0.0,0.16112515805281938,282256,282256,352,282608,184,0.9420266666666667,True,False,114514,"{""decode_failed"":20}",complete
figure1a-20260716T153109Z-99bbe7a-9b10f88e383f,figure1a-reduced-v1,99bbe7ae42df1f4bfff92f48bcd78ac1e4e6abaf,coarse,2,6,circular,1550,0.875,1.1884504306083168,0.1,0.7243668166820519,0.7243668166820519,4.411375999684941,4,floor(z_raw+0.5),20000,20000,5000,5000,20,0,0.0,0.0,0.16112515805281938,285200,285200,352,285552,184,0.95184,True,False,114514,"{""decode_failed"":20}",complete
figure1a-20260716T153109Z-99bbe7a-9b10f88e383f,figure1a-reduced-v1,99bbe7ae42df1f4bfff92f48bcd78ac1e4e6abaf,coarse,2,6,circular,1566,0.875,1.1884504306083168,0.1,0.7243668166820519,0.7243668166820519,4.426502996758805,4,floor(z_raw+0.5),20000,20000,5000,5000,20,0,0.0,0.0,0.16112515805281938,288144,288144,352,288496,184,0.9616533333333334,True,False,114514,"{""decode_failed"":20}",complete
figure1a-20260716T153109Z-99bbe7a-9b10f88e383f,figure1a-reduced-v1,99bbe7ae42df1f4bfff92f48bcd78ac1e4e6abaf,coarse,2,6,circular,1582,0.875,1.1884504306083168,0.1,0.7243668166820519,0.7243668166820519,4.4415273054082585,4,floor(z_raw+0.5),20000,20000,5000,5000,20,0,0.0,0.0,0.16112515805281938,291088,291088,352,291440,184,0.9714666666666667,True,False,114514,"{""decode_failed"":20}",complete
figure1a-20260716T153109Z-99bbe7a-9b10f88e383f,figure1a-reduced-v1,99bbe7ae42df1f4bfff92f48bcd78ac1e4e6abaf,coarse,2,6,circular,1598,0.875,1.1884504306083168,0.1,0.7243668166820519,0.7243668166820519,4.4564506508167065,4,floor(z_raw+0.5),20000,20000,5000,5000,20,0,0.0,0.0,0.16112515805281938,294032,294032,352,294384,184,0.98128,True,False,114514,"{""decode_failed"":20}",complete
figure1a-20260716T153109Z-99bbe7a-9b10f88e383f,figure1a-reduced-v1,99bbe7ae42df1f4bfff92f48bcd78ac1e4e6abaf,coarse,2,6,circular,1614,0.875,1.1884504306083168,0.1,0.7243668166820519,0.7243668166820519,4.471274712256422,4,floor(z_raw+0.5),20000,20000,5000,5000,20,0,0.0,0.0,0.16112515805281938,296976,296976,352,297328,184,0.9910933333333334,True,False,114514,"{""decode_failed"":20}",complete
figure1a-20260716T153109Z-99bbe7a-9b10f88e383f,figure1a-reduced-v1,99bbe7ae42df1f4bfff92f48bcd78ac1e4e6abaf,coarse,2,6,circular,1630,0.875,1.1884504306083168,0.1,0.7243668166820519,0.7243668166820519,4.486001124751936,4,floor(z_raw+0.5),20000,20000,5000,5000,20,0,0.0,0.0,0.16112515805281938,299920,299920,352,300272,184,1.0009066666666666,True,False,114514,"{""decode_failed"":20}",complete
figure1a-20260716T153109Z-99bbe7a-9b10f88e383f,figure1a-reduced-v1,99bbe7ae42df1f4bfff92f48bcd78ac1e4e6abaf,coarse,2,6,circular,1646,0.875,1.1884504306083168,0.1,0.7243668166820519,0.7243668166820519,4.500631480667487,5,floor(z_raw+0.5),20000,20000,5000,5000,20,0,0.0,0.0,0.16112515805281938,302864,302864,352,303216,184,1.01072,True,False,114514,"{""decode_failed"":20}",complete
figure1a-20260716T153109Z-99bbe7a-9b10f88e383f,figure1a-reduced-v1,99bbe7ae42df1f4bfff92f48bcd78ac1e4e6abaf,coarse,2,6,circular,1662,0.875,1.1884504306083168,0.1,0.7243668166820519,0.7243668166820519,4.5151673312226785,5,floor(z_raw+0.5),20000,20000,5000,5000,20,0,0.0,0.0,0.16112515805281938,305808,305808,352,306160,184,1.0205333333333333,True,False,114514,"{""decode_failed"":20}",complete
figure1a-20260716T153109Z-99bbe7a-9b10f88e383f,figure1a-reduced-v1,99bbe7ae42df1f4bfff92f48bcd78ac1e4e6abaf,coarse,2,6,circular,1678,0.875,1.1884504306083168,0.1,0.7243668166820519,0.7243668166820519,4.529610187940259,5,floor(z_raw+0.5),20000,20000,5000,5000,20,0,0.0,0.0,0.16112515805281938,308752,308752,352,309104,184,1.0303466666666667,True,False,114514,"{""decode_failed"":20}",complete
figure1a-20260716T153109Z-99bbe7a-9b10f88e383f,figure1a-reduced-v1,99bbe7ae42df1f4bfff92f48bcd78ac1e4e6abaf,coarse,2,6,circular,1694,0.875,1.1884504306083168,0.1,0.7243668166820519,0.7243668166820519,4.543961524029685,5,floor(z_raw+0.5),20000,20000,5000,5000,20,0,0.0,0.0,0.16112515805281938,311696,311696,352,312048,184,1.04016,True,False,114514,"{""decode_failed"":20}",complete
figure1a-20260716T153109Z-99bbe7a-9b10f88e383f,figure1a-reduced-v1,99bbe7ae42df1f4bfff92f48bcd78ac1e4e6abaf,coarse,2,6,circular,1710,0.875,1.1884504306083168,0.1,0.7243668166820519,0.7243668166820519,4.558222775709889,5,floor(z_raw+0.5),20000,20000,5000,5000,20,0,0.0,0.0,0.16112515805281938,314640,314640,352,314992,184,1.0499733333333334,True,False,114514,"{""decode_failed"":20}",complete
figure1a-20260716T153109Z-99bbe7a-9b10f88e383f,figure1a-reduced-v1,99bbe7ae42df1f4bfff92f48bcd78ac1e4e6abaf,coarse,2,6,circular,1726,0.875,1.1884504306083168,0.1,0.7243668166820519,0.7243668166820519,4.572395343474456,5,floor(z_raw+0.5),20000,20000,5000,5000,20,0,0.0,0.0,0.16112515805281938,317584,317584,352,317936,184,1.0597866666666667,True,False,114514,"{""decode_failed"":20}",complete
figure1a-20260716T153109Z-99bbe7a-9b10f88e383f,figure1a-reduced-v1,99bbe7ae42df1f4bfff92f48bcd78ac1e4e6abaf,coarse,2,6,circular,1742,0.875,1.1884504306083168,0.1,0.7243668166820519,0.7243668166820519,4.586480593302244,5,floor(z_raw+0.5),20000,20000,5000,5000,20,0,0.0,0.0,0.16112515805281938,320528,320528,352,320880,184,1.0696,True,False,114514,"{""decode_failed"":20}",complete
figure1a-20260716T153109Z-99bbe7a-9b10f88e383f,figure1a-reduced-v1,99bbe7ae42df1f4bfff92f48bcd78ac1e4e6abaf,coarse,2,6,circular,1758,0.875,1.1884504306083168,0.1,0.7243668166820519,0.7243668166820519,4.600479857816266,5,floor(z_raw+0.5),20000,20000,5000,5000,20,0,0.0,0.0,0.16112515805281938,323472,323472,352,323824,184,1.0794133333333333,True,False,114514,"{""decode_failed"":20}",complete
figure1a-20260716T153109Z-99bbe7a-9b10f88e383f,figure1a-reduced-v1,99bbe7ae42df1f4bfff92f48bcd78ac1e4e6abaf,coarse,2,6,circular,1774,0.875,1.1884504306083168,0.1,0.7243668166820519,0.7243668166820519,4.614394437393497,5,floor(z_raw+0.5),20000,20000,5000,5000,20,0,0.0,0.0,0.16112515805281938,326416,326416,352,326768,184,1.0892266666666666,True,False,114514,"{""decode_failed"":20}",complete
figure1a-20260716T153109Z-99bbe7a-9b10f88e383f,figure1a-reduced-v1,99bbe7ae42df1f4bfff92f48bcd78ac1e4e6abaf,coarse,2,6,circular,1790,0.875,1.1884504306083168,0.1,0.7243668166820519,0.7243668166820519,4.628225601228111,5,floor(z_raw+0.5),20000,20000,5000,5000,20,0,0.0,0.0,0.16112515805281938,329360,329360,352,329712,184,1.09904,True,False,114514,"{""decode_failed"":20}",complete
figure1a-20260716T153109Z-99bbe7a-9b10f88e383f,figure1a-reduced-v1,99bbe7ae42df1f4bfff92f48bcd78ac1e4e6abaf,coarse,2,6,circular,1806,0.875,1.1884504306083168,0.1,0.7243668166820519,0.7243668166820519,4.641974588350489,5,floor(z_raw+0.5),20000,20000,5000,5000,20,0,0.0,0.0,0.16112515805281938,332304,332304,352,332656,184,1.1088533333333332,True,False,114514,"{""decode_failed"":20}",complete
figure1a-20260716T153109Z-99bbe7a-9b10f88e383f,figure1a-reduced-v1,99bbe7ae42df1f4bfff92f48bcd78ac1e4e6abaf,coarse,2,6,circular,1822,0.875,1.1884504306083168,0.1,0.7243668166820519,0.7243668166820519,4.655642608604227,5,floor(z_raw+0.5),20000,20000,5000,5000,20,0,0.0,0.0,0.16112515805281938,335248,335248,352,335600,184,1.1186666666666667,True,False,114514,"{""decode_failed"":20}",complete
figure1a-20260716T153109Z-99bbe7a-9b10f88e383f,figure1a-reduced-v1,99bbe7ae42df1f4bfff92f48bcd78ac1e4e6abaf,coarse,2,6,circular,1838,0.875,1.1884504306083168,0.1,0.7243668166820519,0.7243668166820519,4.66923084358322,5,floor(z_raw+0.5),20000,20000,5000,5000,20,2,0.1,0.027866481213768224,0.3010336452284873,338192,338192,352,338544,184,1.12848,True,False,114514,"{""decode_failed"":18}",complete
figure1a-20260716T153109Z-99bbe7a-9b10f88e383f,figure1a-reduced-v1,99bbe7ae42df1f4bfff92f48bcd78ac1e4e6abaf,coarse,2,6,circular,1854,0.875,1.1884504306083168,0.1,0.7243668166820519,0.7243668166820519,4.682740447530779,5,floor(z_raw+0.5),20000,20000,5000,5000,20,6,0.3,0.1454772448676043,0.5189728183535235,341136,341136,352,341488,184,1.1382933333333334,True,False,114514,"{""decode_failed"":14}",complete
figure1a-20260716T153109Z-99bbe7a-9b10f88e383f,figure1a-reduced-v1,99bbe7ae42df1f4bfff92f48bcd78ac1e4e6abaf,coarse,2,6,circular,1870,0.875,1.1884504306083168,0.1,0.7243668166820519,0.7243668166820519,4.696172548202646,5,floor(z_raw+0.5),20000,20000,5000,5000,20,11,0.55,0.34208534245034233,0.7418021417443759,344080,344080,352,344432,184,1.1481066666666666,True,False,114514,"{""decode_failed"":9}",complete
figure1a-20260716T153109Z-99bbe7a-9b10f88e383f,figure1a-reduced-v1,99bbe7ae42df1f4bfff92f48bcd78ac1e4e6abaf,coarse,2,6,circular,1886,0.875,1.1884504306083168,0.1,0.7243668166820519,0.7243668166820519,4.70952824769565,5,floor(z_raw+0.5),20000,20000,5000,5000,20,18,0.9,0.6989663547715128,0.9721335187862319,347024,347024,352,347376,184,1.15792,True,False,114514,"{""decode_failed"":2}",complete
figure1a-20260716T153109Z-99bbe7a-9b10f88e383f,figure1a-reduced-v1,99bbe7ae42df1f4bfff92f48bcd78ac1e4e6abaf,coarse,2,6,circular,1902,0.875,1.1884504306083168,0.1,0.7243668166820519,0.7243668166820519,4.722808623243638,5,floor(z_raw+0.5),20000,20000,5000,5000,20,20,1.0,0.8388748419471806,1.0,349968,349968,352,350320,184,1.1677333333333333,True,False,114514,{},complete
figure1a-20260716T153109Z-99bbe7a-9b10f88e383f,figure1a-reduced-v1,99bbe7ae42df1f4bfff92f48bcd78ac1e4e6abaf,coarse,2,6,circular,1918,0.875,1.1884504306083168,0.1,0.7243668166820519,0.7243668166820519,4.736014727982247,5,floor(z_raw+0.5),20000,20000,5000,5000,20,20,1.0,0.8388748419471806,1.0,352912,352912,352,353264,184,1.1775466666666667,True,False,114514,{},complete
figure1a-20260716T153109Z-99bbe7a-9b10f88e383f,figure1a-reduced-v1,99bbe7ae42df1f4bfff92f48bcd78ac1e4e6abaf,coarse,2,6,circular,1934,0.875,1.1884504306083168,0.1,0.7243668166820519,0.7243668166820519,4.749147591684002,5,floor(z_raw+0.5),20000,20000,5000,5000,20,20,1.0,0.8388748419471806,1.0,355856,355856,352,356208,184,1.18736,True,False,114514,{},complete
figure1a-20260716T153109Z-99bbe7a-9b10f88e383f,figure1a-reduced-v1,99bbe7ae42df1f4bfff92f48bcd78ac1e4e6abaf,coarse,2,6,circular,1950,0.875,1.1884504306083168,0.1,0.7243668166820519,0.7243668166820519,4.76220822146508,5,floor(z_raw+0.5),20000,20000,5000,5000,20,20,1.0,0.8388748419471806,1.0,358800,358800,352,359152,184,1.1971733333333334,True,False,114514,{},complete
figure1a-20260716T153109Z-99bbe7a-9b10f88e383f,figure1a-reduced-v1,99bbe7ae42df1f4bfff92f48bcd78ac1e4e6abaf,coarse,2,6,circular,1966,0.875,1.1884504306083168,0.1,0.7243668166820519,0.7243668166820519,4.775197602465119,5,floor(z_raw+0.5),20000,20000,5000,5000,20,20,1.0,0.8388748419471806,1.0,361744,361744,352,362096,184,1.2069866666666667,True,False,114514,{},complete
figure1a-20260716T153109Z-99bbe7a-9b10f88e383f,figure1a-reduced-v1,99bbe7ae42df1f4bfff92f48bcd78ac1e4e6abaf,coarse,2,6,circular,1982,0.875,1.1884504306083168,0.1,0.7243668166820519,0.7243668166820519,4.788116698501246,5,floor(z_raw+0.5),20000,20000,5000,5000,20,20,1.0,0.8388748419471806,1.0,364688,364688,352,365040,184,1.2168,True,False,114514,{},complete
figure1a-20260716T153109Z-99bbe7a-9b10f88e383f,figure1a-reduced-v1,99bbe7ae42df1f4bfff92f48bcd78ac1e4e6abaf,coarse,2,6,circular,1998,0.875,1.1884504306083168,0.1,0.7243668166820519,0.7243668166820519,4.800966452697553,5,floor(z_raw+0.5),20000,20000,5000,5000,20,20,1.0,0.8388748419471806,1.0,367632,367632,352,367984,184,1.2266133333333333,True,False,114514,{},complete
figure1a-20260716T153109Z-99bbe7a-9b10f88e383f,figure1a-reduced-v1,99bbe7ae42df1f4bfff92f48bcd78ac1e4e6abaf,coarse,2,6,circular,2014,0.875,1.1884504306083168,0.1,0.7243668166820519,0.7243668166820519,4.813747788091102,5,floor(z_raw+0.5),20000,20000,5000,5000,20,20,1.0,0.8388748419471806,1.0,370576,370576,352,370928,184,1.2364266666666666,True,False,114514,{},complete
figure1a-20260716T153109Z-99bbe7a-9b10f88e383f,figure1a-reduced-v1,99bbe7ae42df1f4bfff92f48bcd78ac1e4e6abaf,coarse,2,6,circular,2030,0.875,1.1884504306083168,0.1,0.7243668166820519,0.7243668166820519,4.826461608215521,5,floor(z_raw+0.5),20000,20000,5000,5000,20,20,1.0,0.8388748419471806,1.0,373520,373520,352,373872,184,1.24624,True,False,114514,{},complete
figure1a-20260716T153109Z-99bbe7a-9b10f88e383f,figure1a-reduced-v1,99bbe7ae42df1f4bfff92f48bcd78ac1e4e6abaf,coarse,3,4,iid,3089,0.875,1.1884504306083168,0.1,0.0,0.0,0.0,0,fixed_zero_iid,20000,20000,5000,5000,20,0,0.0,0.0,0.16112515805281938,383036,383040,352,383392,124,1.2779733333333334,True,False,114514,"{""decode_failed"":20}",complete
figure1a-20260716T153109Z-99bbe7a-9b10f88e383f,figure1a-reduced-v1,99bbe7ae42df1f4bfff92f48bcd78ac1e4e6abaf,coarse,3,4,iid,3113,0.875,1.1884504306083168,0.1,0.0,0.0,0.0,0,fixed_zero_iid,20000,20000,5000,5000,20,0,0.0,0.0,0.16112515805281938,386012,386016,352,386368,124,1.2878933333333333,True,False,114514,"{""decode_failed"":20}",complete
figure1a-20260716T153109Z-99bbe7a-9b10f88e383f,figure1a-reduced-v1,99bbe7ae42df1f4bfff92f48bcd78ac1e4e6abaf,coarse,3,4,iid,3137,0.875,1.1884504306083168,0.1,0.0,0.0,0.0,0,fixed_zero_iid,20000,20000,5000,5000,20,0,0.0,0.0,0.16112515805281938,388988,388992,352,389344,124,1.2978133333333333,True,False,114514,"{""decode_failed"":20}",complete
figure1a-20260716T153109Z-99bbe7a-9b10f88e383f,figure1a-reduced-v1,99bbe7ae42df1f4bfff92f48bcd78ac1e4e6abaf,coarse,3,4,iid,3161,0.875,1.1884504306083168,0.1,0.0,0.0,0.0,0,fixed_zero_iid,20000,20000,5000,5000,20,0,0.0,0.0,0.16112515805281938,391964,391968,352,392320,124,1.3077333333333334,True,False,114514,"{""decode_failed"":20}",complete
figure1a-20260716T153109Z-99bbe7a-9b10f88e383f,figure1a-reduced-v1,99bbe7ae42df1f4bfff92f48bcd78ac1e4e6abaf,coarse,3,4,iid,3185,0.875,1.1884504306083168,0.1,0.0,0.0,0.0,0,fixed_zero_iid,20000,20000,5000,5000,20,0,0.0,0.0,0.16112515805281938,394940,394944,352,395296,124,1.3176533333333333,True,False,114514,"{""decode_failed"":20}",complete
figure1a-20260716T153109Z-99bbe7a-9b10f88e383f,figure1a-reduced-v1,99bbe7ae42df1f4bfff92f48bcd78ac1e4e6abaf,coarse,3,4,iid,3209,0.875,1.1884504306083168,0.1,0.0,0.0,0.0,0,fixed_zero_iid,20000,20000,5000,5000,20,0,0.0,0.0,0.16112515805281938,397916,397920,352,398272,124,1.3275733333333333,True,False,114514,"{""decode_failed"":20}",complete
figure1a-20260716T153109Z-99bbe7a-9b10f88e383f,figure1a-reduced-v1,99bbe7ae42df1f4bfff92f48bcd78ac1e4e6abaf,coarse,3,4,iid,3233,0.875,1.1884504306083168,0.1,0.0,0.0,0.0,0,fixed_zero_iid,20000,20000,5000,5000,20,0,0.0,0.0,0.16112515805281938,400892,400896,352,401248,124,1.3374933333333334,True,False,114514,"{""decode_failed"":20}",complete
figure1a-20260716T153109Z-99bbe7a-9b10f88e383f,figure1a-reduced-v1,99bbe7ae42df1f4bfff92f48bcd78ac1e4e6abaf,coarse,3,4,iid,3257,0.875,1.1884504306083168,0.1,0.0,0.0,0.0,0,fixed_zero_iid,20000,20000,5000,5000,20,0,0.0,0.0,0.16112515805281938,403868,403872,352,404224,124,1.3474133333333334,True,False,114514,"{""decode_failed"":20}",complete
figure1a-20260716T153109Z-99bbe7a-9b10f88e383f,figure1a-reduced-v1,99bbe7ae42df1f4bfff92f48bcd78ac1e4e6abaf,coarse,3,4,iid,3281,0.875,1.1884504306083168,0.1,0.0,0.0,0.0,0,fixed_zero_iid,20000,20000,5000,5000,20,0,0.0,0.0,0.16112515805281938,406844,406848,352,407200,124,1.3573333333333333,True,False,114514,"{""decode_failed"":20}",complete
figure1a-20260716T153109Z-99bbe7a-9b10f88e383f,figure1a-reduced-v1,99bbe7ae42df1f4bfff92f48bcd78ac1e4e6abaf,coarse,3,4,iid,3305,0.875,1.1884504306083168,0.1,0.0,0.0,0.0,0,fixed_zero_iid,20000,20000,5000,5000,20,0,0.0,0.0,0.16112515805281938,409820,409824,352,410176,124,1.3672533333333334,True,False,114514,"{""decode_failed"":20}",complete
figure1a-20260716T153109Z-99bbe7a-9b10f88e383f,figure1a-reduced-v1,99bbe7ae42df1f4bfff92f48bcd78ac1e4e6abaf,coarse,3,4,iid,3329,0.875,1.1884504306083168,0.1,0.0,0.0,0.0,0,fixed_zero_iid,20000,20000,5000,5000,20,0,0.0,0.0,0.16112515805281938,412796,412800,352,413152,124,1.3771733333333334,True,False,114514,"{""decode_failed"":20}",complete
figure1a-20260716T153109Z-99bbe7a-9b10f88e383f,figure1a-reduced-v1,99bbe7ae42df1f4bfff92f48bcd78ac1e4e6abaf,coarse,3,4,iid,3353,0.875,1.1884504306083168,0.1,0.0,0.0,0.0,0,fixed_zero_iid,20000,20000,5000,5000,20,0,0.0,0.0,0.16112515805281938,415772,415776,352,416128,124,1.3870933333333333,True,False,114514,"{""decode_failed"":20}",complete
figure1a-20260716T153109Z-99bbe7a-9b10f88e383f,figure1a-reduced-v1,99bbe7ae42df1f4bfff92f48bcd78ac1e4e6abaf,coarse,3,4,iid,3377,0.875,1.1884504306083168,0.1,0.0,0.0,0.0,0,fixed_zero_iid,20000,20000,5000,5000,20,0,0.0,0.0,0.16112515805281938,418748,418752,352,419104,124,1.3970133333333334,True,False,114514,"{""decode_failed"":20}",complete
figure1a-20260716T153109Z-99bbe7a-9b10f88e383f,figure1a-reduced-v1,99bbe7ae42df1f4bfff92f48bcd78ac1e4e6abaf,coarse,3,4,iid,3401,0.875,1.1884504306083168,0.1,0.0,0.0,0.0,0,fixed_zero_iid,20000,20000,5000,5000,20,0,0.0,0.0,0.16112515805281938,421724,421728,352,422080,124,1.4069333333333334,True,False,114514,"{""decode_failed"":20}",complete
figure1a-20260716T153109Z-99bbe7a-9b10f88e383f,figure1a-reduced-v1,99bbe7ae42df1f4bfff92f48bcd78ac1e4e6abaf,coarse,3,4,iid,3425,0.875,1.1884504306083168,0.1,0.0,0.0,0.0,0,fixed_zero_iid,20000,20000,5000,5000,20,0,0.0,0.0,0.16112515805281938,424700,424704,352,425056,124,1.4168533333333333,True,False,114514,"{""decode_failed"":20}",complete
figure1a-20260716T153109Z-99bbe7a-9b10f88e383f,figure1a-reduced-v1,99bbe7ae42df1f4bfff92f48bcd78ac1e4e6abaf,coarse,3,4,iid,3449,0.875,1.1884504306083168,0.1,0.0,0.0,0.0,0,fixed_zero_iid,20000,20000,5000,5000,20,0,0.0,0.0,0.16112515805281938,427676,427680,352,428032,124,1.4267733333333332,True,False,114514,"{""decode_failed"":20}",complete
figure1a-20260716T153109Z-99bbe7a-9b10f88e383f,figure1a-reduced-v1,99bbe7ae42df1f4bfff92f48bcd78ac1e4e6abaf,coarse,3,4,iid,3473,0.875,1.1884504306083168,0.1,0.0,0.0,0.0,0,fixed_zero_iid,20000,20000,5000,5000,20,0,0.0,0.0,0.16112515805281938,430652,430656,352,431008,124,1.4366933333333334,True,False,114514,"{""decode_failed"":20}",complete
figure1a-20260716T153109Z-99bbe7a-9b10f88e383f,figure1a-reduced-v1,99bbe7ae42df1f4bfff92f48bcd78ac1e4e6abaf,coarse,3,4,iid,3497,0.875,1.1884504306083168,0.1,0.0,0.0,0.0,0,fixed_zero_iid,20000,20000,5000,5000,20,0,0.0,0.0,0.16112515805281938,433628,433632,352,433984,124,1.4466133333333333,True,False,114514,"{""decode_failed"":20}",complete
figure1a-20260716T153109Z-99bbe7a-9b10f88e383f,figure1a-reduced-v1,99bbe7ae42df1f4bfff92f48bcd78ac1e4e6abaf,coarse,3,4,iid,3521,0.875,1.1884504306083168,0.1,0.0,0.0,0.0,0,fixed_zero_iid,20000,20000,5000,5000,20,0,0.0,0.0,0.16112515805281938,436604,436608,352,436960,124,1.4565333333333332,True,False,114514,"{""decode_failed"":20}",complete
figure1a-20260716T153109Z-99bbe7a-9b10f88e383f,figure1a-reduced-v1,99bbe7ae42df1f4bfff92f48bcd78ac1e4e6abaf,coarse,3,4,iid,3545,0.875,1.1884504306083168,0.1,0.0,0.0,0.0,0,fixed_zero_iid,20000,20000,5000,5000,20,0,0.0,0.0,0.16112515805281938,439580,439584,352,439936,124,1.4664533333333334,True,False,114514,"{""decode_failed"":20}",complete
figure1a-20260716T153109Z-99bbe7a-9b10f88e383f,figure1a-reduced-v1,99bbe7ae42df1f4bfff92f48bcd78ac1e4e6abaf,coarse,3,4,iid,3569,0.875,1.1884504306083168,0.1,0.0,0.0,0.0,0,fixed_zero_iid,20000,20000,5000,5000,20,0,0.0,0.0,0.16112515805281938,442556,442560,352,442912,124,1.4763733333333333,True,False,114514,"{""decode_failed"":20}",complete
figure1a-20260716T153109Z-99bbe7a-9b10f88e383f,figure1a-reduced-v1,99bbe7ae42df1f4bfff92f48bcd78ac1e4e6abaf,coarse,3,4,iid,3593,0.875,1.1884504306083168,0.1,0.0,0.0,0.0,0,fixed_zero_iid,20000,20000,5000,5000,20,0,0.0,0.0,0.16112515805281938,445532,445536,352,445888,124,1.4862933333333332,True,False,114514,"{""decode_failed"":20}",complete
figure1a-20260716T153109Z-99bbe7a-9b10f88e383f,figure1a-reduced-v1,99bbe7ae42df1f4bfff92f48bcd78ac1e4e6abaf,coarse,3,4,iid,3617,0.875,1.1884504306083168,0.1,0.0,0.0,0.0,0,fixed_zero_iid,20000,20000,5000,5000,20,1,0.05,0.008881448800795402,0.23613119344674205,448508,448512,352,448864,124,1.4962133333333334,True,False,114514,"{""decode_failed"":19}",complete
figure1a-20260716T153109Z-99bbe7a-9b10f88e383f,figure1a-reduced-v1,99bbe7ae42df1f4bfff92f48bcd78ac1e4e6abaf,coarse,3,4,iid,3641,0.875,1.1884504306083168,0.1,0.0,0.0,0.0,0,fixed_zero_iid,20000,20000,5000,5000,20,6,0.3,0.1454772448676043,0.5189728183535235,451484,451488,352,451840,124,1.5061333333333333,True,False,114514,"{""decode_failed"":14}",complete
figure1a-20260716T153109Z-99bbe7a-9b10f88e383f,figure1a-reduced-v1,99bbe7ae42df1f4bfff92f48bcd78ac1e4e6abaf,coarse,3,4,iid,3665,0.875,1.1884504306083168,0.1,0.0,0.0,0.0,0,fixed_zero_iid,20000,20000,5000,5000,20,12,0.6,0.3865815007622531,0.781193467627183,454460,454464,352,454816,124,1.5160533333333333,True,False,114514,"{""decode_failed"":8}",complete
figure1a-20260716T153109Z-99bbe7a-9b10f88e383f,figure1a-reduced-v1,99bbe7ae42df1f4bfff92f48bcd78ac1e4e6abaf,coarse,3,4,iid,3689,0.875,1.1884504306083168,0.1,0.0,0.0,0.0,0,fixed_zero_iid,20000,20000,5000,5000,20,20,1.0,0.8388748419471806,1.0,457436,457440,352,457792,124,1.5259733333333334,True,False,114514,{},complete
figure1a-20260716T153109Z-99bbe7a-9b10f88e383f,figure1a-reduced-v1,99bbe7ae42df1f4bfff92f48bcd78ac1e4e6abaf,coarse,3,4,iid,3713,0.875,1.1884504306083168,0.1,0.0,0.0,0.0,0,fixed_zero_iid,20000,20000,5000,5000,20,20,1.0,0.8388748419471806,1.0,460412,460416,352,460768,124,1.5358933333333333,True,False,114514,{},complete
figure1a-20260716T153109Z-99bbe7a-9b10f88e383f,figure1a-reduced-v1,99bbe7ae42df1f4bfff92f48bcd78ac1e4e6abaf,coarse,3,4,iid,3737,0.875,1.1884504306083168,0.1,0.0,0.0,0.0,0,fixed_zero_iid,20000,20000,5000,5000,20,20,1.0,0.8388748419471806,1.0,463388,463392,352,463744,124,1.5458133333333333,True,False,114514,{},complete
figure1a-20260716T153109Z-99bbe7a-9b10f88e383f,figure1a-reduced-v1,99bbe7ae42df1f4bfff92f48bcd78ac1e4e6abaf,coarse,3,4,iid,3761,0.875,1.1884504306083168,0.1,0.0,0.0,0.0,0,fixed_zero_iid,20000,20000,5000,5000,20,20,1.0,0.8388748419471806,1.0,466364,466368,352,466720,124,1.5557333333333334,True,False,114514,{},complete
figure1a-20260716T153109Z-99bbe7a-9b10f88e383f,figure1a-reduced-v1,99bbe7ae42df1f4bfff92f48bcd78ac1e4e6abaf,coarse,3,4,iid,3785,0.875,1.1884504306083168,0.1,0.0,0.0,0.0,0,fixed_zero_iid,20000,20000,5000,5000,20,20,1.0,0.8388748419471806,1.0,469340,469344,352,469696,124,1.5656533333333333,True,False,114514,{},complete
figure1a-20260716T153109Z-99bbe7a-9b10f88e383f,figure1a-reduced-v1,99bbe7ae42df1f4bfff92f48bcd78ac1e4e6abaf,coarse,3,4,iid,3809,0.875,1.1884504306083168,0.1,0.0,0.0,0.0,0,fixed_zero_iid,20000,20000,5000,5000,20,20,1.0,0.8388748419471806,1.0,472316,472320,352,472672,124,1.5755733333333333,True,False,114514,{},complete
figure1a-20260716T153109Z-99bbe7a-9b10f88e383f,figure1a-reduced-v1,99bbe7ae42df1f4bfff92f48bcd78ac1e4e6abaf,coarse,3,4,iid,3833,0.875,1.1884504306083168,0.1,0.0,0.0,0.0,0,fixed_zero_iid,20000,20000,5000,5000,20,20,1.0,0.8388748419471806,1.0,475292,475296,352,475648,124,1.5854933333333334,True,False,114514,{},complete
figure1a-20260716T153109Z-99bbe7a-9b10f88e383f,figure1a-reduced-v1,99bbe7ae42df1f4bfff92f48bcd78ac1e4e6abaf,coarse,3,4,iid,3857,0.875,1.1884504306083168,0.1,0.0,0.0,0.0,0,fixed_zero_iid,20000,20000,5000,5000,20,20,1.0,0.8388748419471806,1.0,478268,478272,352,478624,124,1.5954133333333333,True,False,114514,{},complete
figure1a-20260716T153109Z-99bbe7a-9b10f88e383f,figure1a-reduced-v1,99bbe7ae42df1f4bfff92f48bcd78ac1e4e6abaf,coarse,3,4,iid,3881,0.875,1.1884504306083168,0.1,0.0,0.0,0.0,0,fixed_zero_iid,20000,20000,5000,5000,20,20,1.0,0.8388748419471806,1.0,481244,481248,352,481600,124,1.6053333333333333,True,False,114514,{},complete
figure1a-20260716T153109Z-99bbe7a-9b10f88e383f,figure1a-reduced-v1,99bbe7ae42df1f4bfff92f48bcd78ac1e4e6abaf,coarse,3,4,iid,3905,0.875,1.1884504306083168,0.1,0.0,0.0,0.0,0,fixed_zero_iid,20000,20000,5000,5000,20,20,1.0,0.8388748419471806,1.0,484220,484224,352,484576,124,1.6152533333333334,True,False,114514,{},complete
figure1a-20260716T153109Z-99bbe7a-9b10f88e383f,figure1a-reduced-v1,99bbe7ae42df1f4bfff92f48bcd78ac1e4e6abaf,coarse,3,4,iid,3929,0.875,1.1884504306083168,0.1,0.0,0.0,0.0,0,fixed_zero_iid,20000,20000,5000,5000,20,20,1.0,0.8388748419471806,1.0,487196,487200,352,487552,124,1.6251733333333334,True,False,114514,{},complete
figure1a-20260716T153109Z-99bbe7a-9b10f88e383f,figure1a-reduced-v1,99bbe7ae42df1f4bfff92f48bcd78ac1e4e6abaf,coarse,3,4,iid,3953,0.875,1.1884504306083168,0.1,0.0,0.0,0.0,0,fixed_zero_iid,20000,20000,5000,5000,20,20,1.0,0.8388748419471806,1.0,490172,490176,352,490528,124,1.6350933333333333,True,False,114514,{},complete
figure1a-20260716T153109Z-99bbe7a-9b10f88e383f,figure1a-reduced-v1,99bbe7ae42df1f4bfff92f48bcd78ac1e4e6abaf,coarse,3,4,iid,3977,0.875,1.1884504306083168,0.1,0.0,0.0,0.0,0,fixed_zero_iid,20000,20000,5000,5000,20,20,1.0,0.8388748419471806,1.0,493148,493152,352,493504,124,1.6450133333333334,True,False,114514,{},complete
figure1a-20260716T153109Z-99bbe7a-9b10f88e383f,figure1a-reduced-v1,99bbe7ae42df1f4bfff92f48bcd78ac1e4e6abaf,coarse,3,4,iid,4001,0.875,1.1884504306083168,0.1,0.0,0.0,0.0,0,fixed_zero_iid,20000,20000,5000,5000,20,20,1.0,0.8388748419471806,1.0,496124,496128,352,496480,124,1.6549333333333334,True,False,114514,{},complete
figure1a-20260716T153109Z-99bbe7a-9b10f88e383f,figure1a-reduced-v1,99bbe7ae42df1f4bfff92f48bcd78ac1e4e6abaf,coarse,3,4,iid,4025,0.875,1.1884504306083168,0.1,0.0,0.0,0.0,0,fixed_zero_iid,20000,20000,5000,5000,20,20,1.0,0.8388748419471806,1.0,499100,499104,352,499456,124,1.6648533333333333,True,False,114514,{},complete
figure1a-20260716T153109Z-99bbe7a-9b10f88e383f,figure1a-reduced-v1,99bbe7ae42df1f4bfff92f48bcd78ac1e4e6abaf,coarse,3,4,iid,4049,0.875,1.1884504306083168,0.1,0.0,0.0,0.0,0,fixed_zero_iid,20000,20000,5000,5000,20,20,1.0,0.8388748419471806,1.0,502076,502080,352,502432,124,1.6747733333333332,True,False,114514,{},complete
figure1a-20260716T153109Z-99bbe7a-9b10f88e383f,figure1a-reduced-v1,99bbe7ae42df1f4bfff92f48bcd78ac1e4e6abaf,coarse,3,4,iid,4073,0.875,1.1884504306083168,0.1,0.0,0.0,0.0,0,fixed_zero_iid,20000,20000,5000,5000,20,20,1.0,0.8388748419471806,1.0,505052,505056,352,505408,124,1.6846933333333334,True,False,114514,{},complete
figure1a-20260716T153109Z-99bbe7a-9b10f88e383f,figure1a-reduced-v1,99bbe7ae42df1f4bfff92f48bcd78ac1e4e6abaf,coarse,3,4,iid,4097,0.875,1.1884504306083168,0.1,0.0,0.0,0.0,0,fixed_zero_iid,20000,20000,5000,5000,20,20,1.0,0.8388748419471806,1.0,508028,508032,352,508384,124,1.6946133333333333,True,False,114514,{},complete
figure1a-20260716T153109Z-99bbe7a-9b10f88e383f,figure1a-reduced-v1,99bbe7ae42df1f4bfff92f48bcd78ac1e4e6abaf,coarse,3,4,iid,4121,0.875,1.1884504306083168,0.1,0.0,0.0,0.0,0,fixed_zero_iid,20000,20000,5000,5000,20,20,1.0,0.8388748419471806,1.0,511004,511008,352,511360,124,1.7045333333333332,True,False,114514,{},complete
figure1a-20260716T153109Z-99bbe7a-9b10f88e383f,figure1a-reduced-v1,99bbe7ae42df1f4bfff92f48bcd78ac1e4e6abaf,coarse,3,4,iid,4145,0.875,1.1884504306083168,0.1,0.0,0.0,0.0,0,fixed_zero_iid,20000,20000,5000,5000,20,20,1.0,0.8388748419471806,1.0,513980,513984,352,514336,124,1.7144533333333334,True,False,114514,{},complete
figure1a-20260716T153109Z-99bbe7a-9b10f88e383f,figure1a-reduced-v1,99bbe7ae42df1f4bfff92f48bcd78ac1e4e6abaf,coarse,3,4,iid,4169,0.875,1.1884504306083168,0.1,0.0,0.0,0.0,0,fixed_zero_iid,20000,20000,5000,5000,20,20,1.0,0.8388748419471806,1.0,516956,516960,352,517312,124,1.7243733333333333,True,False,114514,{},complete
figure1a-20260716T153109Z-99bbe7a-9b10f88e383f,figure1a-reduced-v1,99bbe7ae42df1f4bfff92f48bcd78ac1e4e6abaf,coarse,3,4,iid,4193,0.875,1.1884504306083168,0.1,0.0,0.0,0.0,0,fixed_zero_iid,20000,20000,5000,5000,20,20,1.0,0.8388748419471806,1.0,519932,519936,352,520288,124,1.7342933333333332,True,False,114514,{},complete
figure1a-20260716T153109Z-99bbe7a-9b10f88e383f,figure1a-reduced-v1,99bbe7ae42df1f4bfff92f48bcd78ac1e4e6abaf,coarse,3,4,naive,2287,0.875,1.1884504306083168,0.1,0.0,0.0,11.857630080415342,12,floor(z_raw+0.5),20000,20000,5000,5000,20,0,0.0,0.0,0.16112515805281938,283588,283592,352,283944,124,0.94648,True,False,114514,"{""decode_failed"":20}",complete
figure1a-20260716T153109Z-99bbe7a-9b10f88e383f,figure1a-reduced-v1,99bbe7ae42df1f4bfff92f48bcd78ac1e4e6abaf,coarse,3,4,naive,2311,0.875,1.1884504306083168,0.1,0.0,0.0,11.898964201443738,12,floor(z_raw+0.5),20000,20000,5000,5000,20,0,0.0,0.0,0.16112515805281938,286564,286568,352,286920,124,0.9564,True,False,114514,"{""decode_failed"":20}",complete
figure1a-20260716T153109Z-99bbe7a-9b10f88e383f,figure1a-reduced-v1,99bbe7ae42df1f4bfff92f48bcd78ac1e4e6abaf,coarse,3,4,naive,2335,0.875,1.1884504306083168,0.1,0.0,0.0,11.940013130967099,12,floor(z_raw+0.5),20000,20000,5000,5000,20,0,0.0,0.0,0.16112515805281938,289540,289544,352,289896,124,0.96632,True,False,114514,"{""decode_failed"":20}",complete
figure1a-20260716T153109Z-99bbe7a-9b10f88e383f,figure1a-reduced-v1,99bbe7ae42df1f4bfff92f48bcd78ac1e4e6abaf,coarse,3,4,naive,2359,0.875,1.1884504306083168,0.1,0.0,0.0,11.980781737964488,12,floor(z_raw+0.5),20000,20000,5000,5000,20,0,0.0,0.0,0.16112515805281938,292516,292520,352,292872,124,0.97624,True,False,114514,"{""decode_failed"":20}",complete
figure1a-20260716T153109Z-99bbe7a-9b10f88e383f,figure1a-reduced-v1,99bbe7ae42df1f4bfff92f48bcd78ac1e4e6abaf,coarse,3,4,naive,2383,0.875,1.1884504306083168,0.1,0.0,0.0,12.021274759759754,12,floor(z_raw+0.5),20000,20000,5000,5000,20,0,0.0,0.0,0.16112515805281938,295492,295496,352,295848,124,0.98616,True,False,114514,"{""decode_failed"":20}",complete
figure1a-20260716T153109Z-99bbe7a-9b10f88e383f,figure1a-reduced-v1,99bbe7ae42df1f4bfff92f48bcd78ac1e4e6abaf,coarse,3,4,naive,2407,0.875,1.1884504306083168,0.1,0.0,0.0,12.06149680686731,12,floor(z_raw+0.5),20000,20000,5000,5000,20,0,0.0,0.0,0.16112515805281938,298468,298472,352,298824,124,0.99608,True,False,114514,"{""decode_failed"":20}",complete
figure1a-20260716T153109Z-99bbe7a-9b10f88e383f,figure1a-reduced-v1,99bbe7ae42df1f4bfff92f48bcd78ac1e4e6abaf,coarse,3,4,naive,2431,0.875,1.1884504306083168,0.1,0.0,0.0,12.101452367613195,12,floor(z_raw+0.5),20000,20000,5000,5000,20,0,0.0,0.0,0.16112515805281938,301444,301448,352,301800,124,1.006,True,False,114514,"{""decode_failed"":20}",complete
figure1a-20260716T153109Z-99bbe7a-9b10f88e383f,figure1a-reduced-v1,99bbe7ae42df1f4bfff92f48bcd78ac1e4e6abaf,coarse,3,4,naive,2455,0.875,1.1884504306083168,0.1,0.0,0.0,12.141145812543874,12,floor(z_raw+0.5),20000,20000,5000,5000,20,0,0.0,0.0,0.16112515805281938,304420,304424,352,304776,124,1.01592,True,False,114514,"{""decode_failed"":20}",complete
figure1a-20260716T153109Z-99bbe7a-9b10f88e383f,figure1a-reduced-v1,99bbe7ae42df1f4bfff92f48bcd78ac1e4e6abaf,coarse,3,4,naive,2479,0.875,1.1884504306083168,0.1,0.0,0.0,12.180581398634585,12,floor(z_raw+0.5),20000,20000,5000,5000,20,0,0.0,0.0,0.16112515805281938,307396,307400,352,307752,124,1.02584,True,False,114514,"{""decode_failed"":20}",complete
figure1a-20260716T153109Z-99bbe7a-9b10f88e383f,figure1a-reduced-v1,99bbe7ae42df1f4bfff92f48bcd78ac1e4e6abaf,coarse,3,4,naive,2503,0.875,1.1884504306083168,0.1,0.0,0.0,12.219763273308144,12,floor(z_raw+0.5),20000,20000,5000,5000,20,0,0.0,0.0,0.16112515805281938,310372,310376,352,310728,124,1.03576,True,False,114514,"{""decode_failed"":20}",complete
figure1a-20260716T153109Z-99bbe7a-9b10f88e383f,figure1a-reduced-v1,99bbe7ae42df1f4bfff92f48bcd78ac1e4e6abaf,coarse,3,4,naive,2527,0.875,1.1884504306083168,0.1,0.0,0.0,12.25869547827447,12,floor(z_raw+0.5),20000,20000,5000,5000,20,0,0.0,0.0,0.16112515805281938,313348,313352,352,313704,124,1.04568,True,False,114514,"{""decode_failed"":20}",complete
figure1a-20260716T153109Z-99bbe7a-9b10f88e383f,figure1a-reduced-v1,99bbe7ae42df1f4bfff92f48bcd78ac1e4e6abaf,coarse,3,4,naive,2551,0.875,1.1884504306083168,0.1,0.0,0.0,12.297381953200489,12,floor(z_raw+0.5),20000,20000,5000,5000,20,0,0.0,0.0,0.16112515805281938,316324,316328,352,316680,124,1.0556,True,False,114514,"{""decode_failed"":20}",complete
figure1a-20260716T153109Z-99bbe7a-9b10f88e383f,figure1a-reduced-v1,99bbe7ae42df1f4bfff92f48bcd78ac1e4e6abaf,coarse,3,4,naive,2575,0.875,1.1884504306083168,0.1,0.0,0.0,12.335826539219383,12,floor(z_raw+0.5),20000,20000,5000,5000,20,0,0.0,0.0,0.16112515805281938,319300,319304,352,319656,124,1.06552,True,False,114514,"{""decode_failed"":20}",complete
figure1a-20260716T153109Z-99bbe7a-9b10f88e383f,figure1a-reduced-v1,99bbe7ae42df1f4bfff92f48bcd78ac1e4e6abaf,coarse,3,4,naive,2599,0.875,1.1884504306083168,0.1,0.0,0.0,12.37403298228769,12,floor(z_raw+0.5),20000,20000,5000,5000,20,0,0.0,0.0,0.16112515805281938,322276,322280,352,322632,124,1.07544,True,False,114514,"{""decode_failed"":20}",complete
figure1a-20260716T153109Z-99bbe7a-9b10f88e383f,figure1a-reduced-v1,99bbe7ae42df1f4bfff92f48bcd78ac1e4e6abaf,coarse,3,4,naive,2623,0.875,1.1884504306083168,0.1,0.0,0.0,12.41200493639816,12,floor(z_raw+0.5),20000,20000,5000,5000,20,0,0.0,0.0,0.16112515805281938,325252,325256,352,325608,124,1.08536,True,False,114514,"{""decode_failed"":20}",complete
figure1a-20260716T153109Z-99bbe7a-9b10f88e383f,figure1a-reduced-v1,99bbe7ae42df1f4bfff92f48bcd78ac1e4e6abaf,coarse,3,4,naive,2647,0.875,1.1884504306083168,0.1,0.0,0.0,12.44974596665583,12,floor(z_raw+0.5),20000,20000,5000,5000,20,0,0.0,0.0,0.16112515805281938,328228,328232,352,328584,124,1.09528,True,False,114514,"{""decode_failed"":20}",complete
figure1a-20260716T153109Z-99bbe7a-9b10f88e383f,figure1a-reduced-v1,99bbe7ae42df1f4bfff92f48bcd78ac1e4e6abaf,coarse,3,4,naive,2671,0.875,1.1884504306083168,0.1,0.0,0.0,12.487259552224339,12,floor(z_raw+0.5),20000,20000,5000,5000,20,0,0.0,0.0,0.16112515805281938,331204,331208,352,331560,124,1.1052,True,False,114514,"{""decode_failed"":20}",complete
figure1a-20260716T153109Z-99bbe7a-9b10f88e383f,figure1a-reduced-v1,99bbe7ae42df1f4bfff92f48bcd78ac1e4e6abaf,coarse,3,4,naive,2695,0.875,1.1884504306083168,0.1,0.0,0.0,12.524549089149062,13,floor(z_raw+0.5),20000,20000,5000,5000,20,0,0.0,0.0,0.16112515805281938,334180,334184,352,334536,124,1.11512,True,False,114514,"{""decode_failed"":20}",complete
figure1a-20260716T153109Z-99bbe7a-9b10f88e383f,figure1a-reduced-v1,99bbe7ae42df1f4bfff92f48bcd78ac1e4e6abaf,coarse,3,4,naive,2719,0.875,1.1884504306083168,0.1,0.0,0.0,12.561617893063246,13,floor(z_raw+0.5),20000,20000,5000,5000,20,0,0.0,0.0,0.16112515805281938,337156,337160,352,337512,124,1.12504,True,False,114514,"{""decode_failed"":20}",complete
figure1a-20260716T153109Z-99bbe7a-9b10f88e383f,figure1a-reduced-v1,99bbe7ae42df1f4bfff92f48bcd78ac1e4e6abaf,coarse,3,4,naive,2743,0.875,1.1884504306083168,0.1,0.0,0.0,12.598469201783015,13,floor(z_raw+0.5),20000,20000,5000,5000,20,0,0.0,0.0,0.16112515805281938,340132,340136,352,340488,124,1.13496,True,False,114514,"{""decode_failed"":20}",complete
figure1a-20260716T153109Z-99bbe7a-9b10f88e383f,figure1a-reduced-v1,99bbe7ae42df1f4bfff92f48bcd78ac1e4e6abaf,coarse,3,4,naive,2767,0.875,1.1884504306083168,0.1,0.0,0.0,12.635106177796702,13,floor(z_raw+0.5),20000,20000,5000,5000,20,0,0.0,0.0,0.16112515805281938,343108,343112,352,343464,124,1.14488,True,False,114514,"{""decode_failed"":20}",complete
figure1a-20260716T153109Z-99bbe7a-9b10f88e383f,figure1a-reduced-v1,99bbe7ae42df1f4bfff92f48bcd78ac1e4e6abaf,coarse,3,4,naive,2791,0.875,1.1884504306083168,0.1,0.0,0.0,12.671531910653735,13,floor(z_raw+0.5),20000,20000,5000,5000,20,0,0.0,0.0,0.16112515805281938,346084,346088,352,346440,124,1.1548,True,False,114514,"{""decode_failed"":20}",complete
figure1a-20260716T153109Z-99bbe7a-9b10f88e383f,figure1a-reduced-v1,99bbe7ae42df1f4bfff92f48bcd78ac1e4e6abaf,coarse,3,4,naive,2815,0.875,1.1884504306083168,0.1,0.0,0.0,12.707749419257887,13,floor(z_raw+0.5),20000,20000,5000,5000,20,0,0.0,0.0,0.16112515805281938,349060,349064,352,349416,124,1.16472,True,False,114514,"{""decode_failed"":20}",complete
figure1a-20260716T153109Z-99bbe7a-9b10f88e383f,figure1a-reduced-v1,99bbe7ae42df1f4bfff92f48bcd78ac1e4e6abaf,coarse,3,4,naive,2839,0.875,1.1884504306083168,0.1,0.0,0.0,12.743761654069582,13,floor(z_raw+0.5),20000,20000,5000,5000,20,0,0.0,0.0,0.16112515805281938,352036,352040,352,352392,124,1.17464,True,False,114514,"{""decode_failed"":20}",complete
figure1a-20260716T153109Z-99bbe7a-9b10f88e383f,figure1a-reduced-v1,99bbe7ae42df1f4bfff92f48bcd78ac1e4e6abaf,coarse,3,4,naive,2863,0.875,1.1884504306083168,0.1,0.0,0.0,12.779571499221525,13,floor(z_raw+0.5),20000,20000,5000,5000,20,0,0.0,0.0,0.16112515805281938,355012,355016,352,355368,124,1.18456,True,False,114514,"{""decode_failed"":20}",complete
figure1a-20260716T153109Z-99bbe7a-9b10f88e383f,figure1a-reduced-v1,99bbe7ae42df1f4bfff92f48bcd78ac1e4e6abaf,coarse,3,4,naive,2887,0.875,1.1884504306083168,0.1,0.0,0.0,12.815181774551824,13,floor(z_raw+0.5),20000,20000,5000,5000,20,0,0.0,0.0,0.16112515805281938,357988,357992,352,358344,124,1.19448,True,False,114514,"{""decode_failed"":20}",complete
figure1a-20260716T153109Z-99bbe7a-9b10f88e383f,figure1a-reduced-v1,99bbe7ae42df1f4bfff92f48bcd78ac1e4e6abaf,coarse,3,4,naive,2911,0.875,1.1884504306083168,0.1,0.0,0.0,12.850595237558428,13,floor(z_raw+0.5),20000,20000,5000,5000,20,0,0.0,0.0,0.16112515805281938,360964,360968,352,361320,124,1.2044,True,False,114514,"{""decode_failed"":20}",complete
figure1a-20260716T153109Z-99bbe7a-9b10f88e383f,figure1a-reduced-v1,99bbe7ae42df1f4bfff92f48bcd78ac1e4e6abaf,coarse,3,4,naive,2935,0.875,1.1884504306083168,0.1,0.0,0.0,12.885814585278586,13,floor(z_raw+0.5),20000,20000,5000,5000,20,0,0.0,0.0,0.16112515805281938,363940,363944,352,364296,124,1.21432,True,False,114514,"{""decode_failed"":20}",complete
figure1a-20260716T153109Z-99bbe7a-9b10f88e383f,figure1a-reduced-v1,99bbe7ae42df1f4bfff92f48bcd78ac1e4e6abaf,coarse,3,4,naive,2959,0.875,1.1884504306083168,0.1,0.0,0.0,12.920842456096775,13,floor(z_raw+0.5),20000,20000,5000,5000,20,0,0.0,0.0,0.16112515805281938,366916,366920,352,367272,124,1.22424,True,False,114514,"{""decode_failed"":20}",complete
figure1a-20260716T153109Z-99bbe7a-9b10f88e383f,figure1a-reduced-v1,99bbe7ae42df1f4bfff92f48bcd78ac1e4e6abaf,coarse,3,4,naive,2983,0.875,1.1884504306083168,0.1,0.0,0.0,12.955681431484376,13,floor(z_raw+0.5),20000,20000,5000,5000,20,0,0.0,0.0,0.16112515805281938,369892,369896,352,370248,124,1.23416,True,False,114514,"{""decode_failed"":20}",complete
figure1a-20260716T153109Z-99bbe7a-9b10f88e383f,figure1a-reduced-v1,99bbe7ae42df1f4bfff92f48bcd78ac1e4e6abaf,coarse,3,4,naive,3007,0.875,1.1884504306083168,0.1,0.0,0.0,12.990334037674199,13,floor(z_raw+0.5),20000,20000,5000,5000,20,1,0.05,0.008881448800795402,0.23613119344674205,372868,372872,352,373224,124,1.24408,True,False,114514,"{""decode_failed"":19}",complete
figure1a-20260716T153109Z-99bbe7a-9b10f88e383f,figure1a-reduced-v1,99bbe7ae42df1f4bfff92f48bcd78ac1e4e6abaf,coarse,3,4,naive,3031,0.875,1.1884504306083168,0.1,0.0,0.0,13.024802747272817,13,floor(z_raw+0.5),20000,20000,5000,5000,20,4,0.2,0.08065766257979806,0.41601743225189364,375844,375848,352,376200,124,1.254,True,False,114514,"{""decode_failed"":16}",complete
figure1a-20260716T153109Z-99bbe7a-9b10f88e383f,figure1a-reduced-v1,99bbe7ae42df1f4bfff92f48bcd78ac1e4e6abaf,coarse,3,4,naive,3055,0.875,1.1884504306083168,0.1,0.0,0.0,13.059089980813464,13,floor(z_raw+0.5),20000,20000,5000,5000,20,13,0.65,0.43285427668523624,0.818808175898918,378820,378824,352,379176,124,1.26392,True,False,114514,"{""decode_failed"":7}",complete
figure1a-20260716T153109Z-99bbe7a-9b10f88e383f,figure1a-reduced-v1,99bbe7ae42df1f4bfff92f48bcd78ac1e4e6abaf,coarse,3,4,naive,3079,0.875,1.1884504306083168,0.1,0.0,0.0,13.093198108252144,13,floor(z_raw+0.5),20000,20000,5000,5000,20,7,0.35,0.18119182410108206,0.5671457233147638,381796,381800,352,382152,124,1.27384,True,False,114514,"{""decode_failed"":13}",complete
figure1a-20260716T153109Z-99bbe7a-9b10f88e383f,figure1a-reduced-v1,99bbe7ae42df1f4bfff92f48bcd78ac1e4e6abaf,coarse,3,4,naive,3103,0.875,1.1884504306083168,0.1,0.0,0.0,13.127129450409468,13,floor(z_raw+0.5),20000,20000,5000,5000,20,15,0.75,0.531299122381256,0.8881382985923343,384772,384776,352,385128,124,1.28376,True,False,114514,"{""decode_failed"":5}",complete
figure1a-20260716T153109Z-99bbe7a-9b10f88e383f,figure1a-reduced-v1,99bbe7ae42df1f4bfff92f48bcd78ac1e4e6abaf,coarse,3,4,naive,3127,0.875,1.1884504306083168,0.1,0.0,0.0,13.160886280360577,13,floor(z_raw+0.5),20000,20000,5000,5000,20,17,0.85,0.6395811352592431,0.9476312541037835,387748,387752,352,388104,124,1.29368,True,False,114514,"{""decode_failed"":3}",complete
figure1a-20260716T153109Z-99bbe7a-9b10f88e383f,figure1a-reduced-v1,99bbe7ae42df1f4bfff92f48bcd78ac1e4e6abaf,coarse,3,4,naive,3151,0.875,1.1884504306083168,0.1,0.0,0.0,13.194470824775408,13,floor(z_raw+0.5),20000,20000,5000,5000,20,20,1.0,0.8388748419471806,1.0,390724,390728,352,391080,124,1.3036,True,False,114514,{},complete
figure1a-20260716T153109Z-99bbe7a-9b10f88e383f,figure1a-reduced-v1,99bbe7ae42df1f4bfff92f48bcd78ac1e4e6abaf,coarse,3,4,naive,3175,0.875,1.1884504306083168,0.1,0.0,0.0,13.227885265211436,13,floor(z_raw+0.5),20000,20000,5000,5000,20,19,0.95,0.763868806553258,0.9911185511992047,393700,393704,352,394056,124,1.31352,True,False,114514,"{""decode_failed"":1}",complete
figure1a-20260716T153109Z-99bbe7a-9b10f88e383f,figure1a-reduced-v1,99bbe7ae42df1f4bfff92f48bcd78ac1e4e6abaf,coarse,3,4,naive,3199,0.875,1.1884504306083168,0.1,0.0,0.0,13.26113173936093,13,floor(z_raw+0.5),20000,20000,5000,5000,20,19,0.95,0.763868806553258,0.9911185511992047,396676,396680,352,397032,124,1.32344,True,False,114514,"{""decode_failed"":1}",complete
figure1a-20260716T153109Z-99bbe7a-9b10f88e383f,figure1a-reduced-v1,99bbe7ae42df1f4bfff92f48bcd78ac1e4e6abaf,coarse,3,4,naive,3223,0.875,1.1884504306083168,0.1,0.0,0.0,13.294212342254658,13,floor(z_raw+0.5),20000,20000,5000,5000,20,20,1.0,0.8388748419471806,1.0,399652,399656,352,400008,124,1.33336,True,False,114514,{},complete
figure1a-20260716T153109Z-99bbe7a-9b10f88e383f,figure1a-reduced-v1,99bbe7ae42df1f4bfff92f48bcd78ac1e4e6abaf,coarse,3,4,naive,3247,0.875,1.1884504306083168,0.1,0.0,0.0,13.32712912742384,13,floor(z_raw+0.5),20000,20000,5000,5000,20,20,1.0,0.8388748419471806,1.0,402628,402632,352,402984,124,1.34328,True,False,114514,{},complete
figure1a-20260716T153109Z-99bbe7a-9b10f88e383f,figure1a-reduced-v1,99bbe7ae42df1f4bfff92f48bcd78ac1e4e6abaf,coarse,3,4,naive,3271,0.875,1.1884504306083168,0.1,0.0,0.0,13.359884108022145,13,floor(z_raw+0.5),20000,20000,5000,5000,20,20,1.0,0.8388748419471806,1.0,405604,405608,352,405960,124,1.3532,True,False,114514,{},complete
figure1a-20260716T153109Z-99bbe7a-9b10f88e383f,figure1a-reduced-v1,99bbe7ae42df1f4bfff92f48bcd78ac1e4e6abaf,coarse,3,4,naive,3295,0.875,1.1884504306083168,0.1,0.0,0.0,13.392479257909349,13,floor(z_raw+0.5),20000,20000,5000,5000,20,20,1.0,0.8388748419471806,1.0,408580,408584,352,408936,124,1.36312,True,False,114514,{},complete
figure1a-20260716T153109Z-99bbe7a-9b10f88e383f,figure1a-reduced-v1,99bbe7ae42df1f4bfff92f48bcd78ac1e4e6abaf,coarse,3,4,naive,3319,0.875,1.1884504306083168,0.1,0.0,0.0,13.42491651269825,13,floor(z_raw+0.5),20000,20000,5000,5000,20,20,1.0,0.8388748419471806,1.0,411556,411560,352,411912,124,1.37304,True,False,114514,{},complete
figure1a-20260716T153109Z-99bbe7a-9b10f88e383f,figure1a-reduced-v1,99bbe7ae42df1f4bfff92f48bcd78ac1e4e6abaf,coarse,3,4,naive,3343,0.875,1.1884504306083168,0.1,0.0,0.0,13.457197770766335,13,floor(z_raw+0.5),20000,20000,5000,5000,20,20,1.0,0.8388748419471806,1.0,414532,414536,352,414888,124,1.38296,True,False,114514,{},complete
figure1a-20260716T153109Z-99bbe7a-9b10f88e383f,figure1a-reduced-v1,99bbe7ae42df1f4bfff92f48bcd78ac1e4e6abaf,coarse,3,4,naive,3367,0.875,1.1884504306083168,0.1,0.0,0.0,13.489324894233645,13,floor(z_raw+0.5),20000,20000,5000,5000,20,20,1.0,0.8388748419471806,1.0,417508,417512,352,417864,124,1.39288,True,False,114514,{},complete
figure1a-20260716T153109Z-99bbe7a-9b10f88e383f,figure1a-reduced-v1,99bbe7ae42df1f4bfff92f48bcd78ac1e4e6abaf,coarse,3,4,naive,3391,0.875,1.1884504306083168,0.1,0.0,0.0,13.521299709908163,14,floor(z_raw+0.5),20000,20000,5000,5000,20,20,1.0,0.8388748419471806,1.0,420484,420488,352,420840,124,1.4028,True,False,114514,{},complete
figure1a-20260716T153109Z-99bbe7a-9b10f88e383f,figure1a-reduced-v1,99bbe7ae42df1f4bfff92f48bcd78ac1e4e6abaf,coarse,3,4,circular,2226,0.875,1.1884504306083168,0.1,0.6012953590370393,0.6012953590370393,6.365781924593217,6,floor(z_raw+0.5),20000,20000,5000,5000,20,0,0.0,0.0,0.16112515805281938,276024,276024,352,276376,124,0.9212533333333334,True,False,114514,"{""decode_failed"":20}",complete
figure1a-20260716T153109Z-99bbe7a-9b10f88e383f,figure1a-reduced-v1,99bbe7ae42df1f4bfff92f48bcd78ac1e4e6abaf,coarse,3,4,circular,2250,0.875,1.1884504306083168,0.1,0.6012953590370393,0.6012953590370393,6.388578115283091,6,floor(z_raw+0.5),20000,20000,5000,5000,20,0,0.0,0.0,0.16112515805281938,279000,279000,352,279352,124,0.9311733333333333,True,False,114514,"{""decode_failed"":20}",complete
figure1a-20260716T153109Z-99bbe7a-9b10f88e383f,figure1a-reduced-v1,99bbe7ae42df1f4bfff92f48bcd78ac1e4e6abaf,coarse,3,4,circular,2274,0.875,1.1884504306083168,0.1,0.6012953590370393,0.6012953590370393,6.411212770672144,6,floor(z_raw+0.5),20000,20000,5000,5000,20,0,0.0,0.0,0.16112515805281938,281976,281976,352,282328,124,0.9410933333333333,True,False,114514,"{""decode_failed"":20}",complete
figure1a-20260716T153109Z-99bbe7a-9b10f88e383f,figure1a-reduced-v1,99bbe7ae42df1f4bfff92f48bcd78ac1e4e6abaf,coarse,3,4,circular,2298,0.875,1.1884504306083168,0.1,0.6012953590370393,0.6012953590370393,6.433688722322905,6,floor(z_raw+0.5),20000,20000,5000,5000,20,0,0.0,0.0,0.16112515805281938,284952,284952,352,285304,124,0.9510133333333334,True,False,114514,"{""decode_failed"":20}",complete
figure1a-20260716T153109Z-99bbe7a-9b10f88e383f,figure1a-reduced-v1,99bbe7ae42df1f4bfff92f48bcd78ac1e4e6abaf,coarse,3,4,circular,2322,0.875,1.1884504306083168,0.1,0.6012953590370393,0.6012953590370393,6.456008723208084,6,floor(z_raw+0.5),20000,20000,5000,5000,20,0,0.0,0.0,0.16112515805281938,287928,287928,352,288280,124,0.9609333333333333,True,False,114514,"{""decode_failed"":20}",complete
figure1a-20260716T153109Z-99bbe7a-9b10f88e383f,figure1a-reduced-v1,99bbe7ae42df1f4bfff92f48bcd78ac1e4e6abaf,coarse,3,4,circular,2346,0.875,1.1884504306083168,0.1,0.6012953590370393,0.6012953590370393,6.478175450678947,6,floor(z_raw+0.5),20000,20000,5000,5000,20,0,0.0,0.0,0.16112515805281938,290904,290904,352,291256,124,0.9708533333333333,True,False,114514,"{""decode_failed"":20}",complete
figure1a-20260716T153109Z-99bbe7a-9b10f88e383f,figure1a-reduced-v1,99bbe7ae42df1f4bfff92f48bcd78ac1e4e6abaf,coarse,3,4,circular,2370,0.875,1.1884504306083168,0.1,0.6012953590370393,0.6012953590370393,6.500191509292432,7,floor(z_raw+0.5),20000,20000,5000,5000,20,0,0.0,0.0,0.16112515805281938,293880,293880,352,294232,124,0.9807733333333334,True,False,114514,"{""decode_failed"":20}",complete
figure1a-20260716T153109Z-99bbe7a-9b10f88e383f,figure1a-reduced-v1,99bbe7ae42df1f4bfff92f48bcd78ac1e4e6abaf,coarse,3,4,circular,2394,0.875,1.1884504306083168,0.1,0.6012953590370393,0.6012953590370393,6.522059433505119,7,floor(z_raw+0.5),20000,20000,5000,5000,20,0,0.0,0.0,0.16112515805281938,296856,296856,352,297208,124,0.9906933333333333,True,False,114514,"{""decode_failed"":20}",complete
figure1a-20260716T153109Z-99bbe7a-9b10f88e383f,figure1a-reduced-v1,99bbe7ae42df1f4bfff92f48bcd78ac1e4e6abaf,coarse,3,4,circular,2418,0.875,1.1884504306083168,0.1,0.6012953590370393,0.6012953590370393,6.543781690241569,7,floor(z_raw+0.5),20000,20000,5000,5000,20,0,0.0,0.0,0.16112515805281938,299832,299832,352,300184,124,1.0006133333333334,True,False,114514,"{""decode_failed"":20}",complete
figure1a-20260716T153109Z-99bbe7a-9b10f88e383f,figure1a-reduced-v1,99bbe7ae42df1f4bfff92f48bcd78ac1e4e6abaf,coarse,3,4,circular,2442,0.875,1.1884504306083168,0.1,0.6012953590370393,0.6012953590370393,6.565360681344086,7,floor(z_raw+0.5),20000,20000,5000,5000,20,0,0.0,0.0,0.16112515805281938,302808,302808,352,303160,124,1.0105333333333333,True,False,114514,"{""decode_failed"":20}",complete
figure1a-20260716T153109Z-99bbe7a-9b10f88e383f,figure1a-reduced-v1,99bbe7ae42df1f4bfff92f48bcd78ac1e4e6abaf,coarse,3,4,circular,2466,0.875,1.1884504306083168,0.1,0.6012953590370393,0.6012953590370393,6.586798745910488,7,floor(z_raw+0.5),20000,20000,5000,5000,20,0,0.0,0.0,0.16112515805281938,305784,305784,352,306136,124,1.0204533333333334,True,False,114514,"{""decode_failed"":20}",complete
figure1a-20260716T153109Z-99bbe7a-9b10f88e383f,figure1a-reduced-v1,99bbe7ae42df1f4bfff92f48bcd78ac1e4e6abaf,coarse,3,4,circular,2490,0.875,1.1884504306083168,0.1,0.6012953590370393,0.6012953590370393,6.608098162526027,7,floor(z_raw+0.5),20000,20000,5000,5000,20,0,0.0,0.0,0.16112515805281938,308760,308760,352,309112,124,1.0303733333333334,True,False,114514,"{""decode_failed"":20}",complete
figure1a-20260716T153109Z-99bbe7a-9b10f88e383f,figure1a-reduced-v1,99bbe7ae42df1f4bfff92f48bcd78ac1e4e6abaf,coarse,3,4,circular,2514,0.875,1.1884504306083168,0.1,0.6012953590370393,0.6012953590370393,6.6292611513952515,7,floor(z_raw+0.5),20000,20000,5000,5000,20,0,0.0,0.0,0.16112515805281938,311736,311736,352,312088,124,1.0402933333333333,True,False,114514,"{""decode_failed"":20}",complete
figure1a-20260716T153109Z-99bbe7a-9b10f88e383f,figure1a-reduced-v1,99bbe7ae42df1f4bfff92f48bcd78ac1e4e6abaf,coarse,3,4,circular,2538,0.875,1.1884504306083168,0.1,0.6012953590370393,0.6012953590370393,6.650289876379169,7,floor(z_raw+0.5),20000,20000,5000,5000,20,0,0.0,0.0,0.16112515805281938,314712,314712,352,315064,124,1.0502133333333334,True,False,114514,"{""decode_failed"":20}",complete
figure1a-20260716T153109Z-99bbe7a-9b10f88e383f,figure1a-reduced-v1,99bbe7ae42df1f4bfff92f48bcd78ac1e4e6abaf,coarse,3,4,circular,2562,0.875,1.1884504306083168,0.1,0.6012953590370393,0.6012953590370393,6.671186446942801,7,floor(z_raw+0.5),20000,20000,5000,5000,20,0,0.0,0.0,0.16112515805281938,317688,317688,352,318040,124,1.0601333333333334,True,False,114514,"{""decode_failed"":20}",complete
figure1a-20260716T153109Z-99bbe7a-9b10f88e383f,figure1a-reduced-v1,99bbe7ae42df1f4bfff92f48bcd78ac1e4e6abaf,coarse,3,4,circular,2586,0.875,1.1884504306083168,0.1,0.6012953590370393,0.6012953590370393,6.691952920017853,7,floor(z_raw+0.5),20000,20000,5000,5000,20,0,0.0,0.0,0.16112515805281938,320664,320664,352,321016,124,1.0700533333333333,True,False,114514,"{""decode_failed"":20}",complete
figure1a-20260716T153109Z-99bbe7a-9b10f88e383f,figure1a-reduced-v1,99bbe7ae42df1f4bfff92f48bcd78ac1e4e6abaf,coarse,3,4,circular,2610,0.875,1.1884504306083168,0.1,0.6012953590370393,0.6012953590370393,6.712591301784961,7,floor(z_raw+0.5),20000,20000,5000,5000,20,0,0.0,0.0,0.16112515805281938,323640,323640,352,323992,124,1.0799733333333332,True,False,114514,"{""decode_failed"":20}",complete
figure1a-20260716T153109Z-99bbe7a-9b10f88e383f,figure1a-reduced-v1,99bbe7ae42df1f4bfff92f48bcd78ac1e4e6abaf,coarse,3,4,circular,2634,0.875,1.1884504306083168,0.1,0.6012953590370393,0.6012953590370393,6.733103549379684,7,floor(z_raw+0.5),20000,20000,5000,5000,20,0,0.0,0.0,0.16112515805281938,326616,326616,352,326968,124,1.0898933333333334,True,False,114514,"{""decode_failed"":20}",complete
figure1a-20260716T153109Z-99bbe7a-9b10f88e383f,figure1a-reduced-v1,99bbe7ae42df1f4bfff92f48bcd78ac1e4e6abaf,coarse,3,4,circular,2658,0.875,1.1884504306083168,0.1,0.6012953590370393,0.6012953590370393,6.753491572526173,7,floor(z_raw+0.5),20000,20000,5000,5000,20,0,0.0,0.0,0.16112515805281938,329592,329592,352,329944,124,1.0998133333333333,True,False,114514,"{""decode_failed"":20}",complete
figure1a-20260716T153109Z-99bbe7a-9b10f88e383f,figure1a-reduced-v1,99bbe7ae42df1f4bfff92f48bcd78ac1e4e6abaf,coarse,3,4,circular,2682,0.875,1.1884504306083168,0.1,0.6012953590370393,0.6012953590370393,6.773757235102202,7,floor(z_raw+0.5),20000,20000,5000,5000,20,0,0.0,0.0,0.16112515805281938,332568,332568,352,332920,124,1.1097333333333332,True,False,114514,"{""decode_failed"":20}",complete
figure1a-20260716T153109Z-99bbe7a-9b10f88e383f,figure1a-reduced-v1,99bbe7ae42df1f4bfff92f48bcd78ac1e4e6abaf,coarse,3,4,circular,2706,0.875,1.1884504306083168,0.1,0.6012953590370393,0.6012953590370393,6.793902356639053,7,floor(z_raw+0.5),20000,20000,5000,5000,20,0,0.0,0.0,0.16112515805281938,335544,335544,352,335896,124,1.1196533333333334,True,False,114514,"{""decode_failed"":20}",complete
figure1a-20260716T153109Z-99bbe7a-9b10f88e383f,figure1a-reduced-v1,99bbe7ae42df1f4bfff92f48bcd78ac1e4e6abaf,coarse,3,4,circular,2730,0.875,1.1884504306083168,0.1,0.6012953590370393,0.6012953590370393,6.813928713759462,7,floor(z_raw+0.5),20000,20000,5000,5000,20,0,0.0,0.0,0.16112515805281938,338520,338520,352,338872,124,1.1295733333333333,True,False,114514,"{""decode_failed"":20}",complete
figure1a-20260716T153109Z-99bbe7a-9b10f88e383f,figure1a-reduced-v1,99bbe7ae42df1f4bfff92f48bcd78ac1e4e6abaf,coarse,3,4,circular,2754,0.875,1.1884504306083168,0.1,0.6012953590370393,0.6012953590370393,6.833838041556788,7,floor(z_raw+0.5),20000,20000,5000,5000,20,0,0.0,0.0,0.16112515805281938,341496,341496,352,341848,124,1.1394933333333332,True,False,114514,"{""decode_failed"":20}",complete
figure1a-20260716T153109Z-99bbe7a-9b10f88e383f,figure1a-reduced-v1,99bbe7ae42df1f4bfff92f48bcd78ac1e4e6abaf,coarse,3,4,circular,2778,0.875,1.1884504306083168,0.1,0.6012953590370393,0.6012953590370393,6.853632034918223,7,floor(z_raw+0.5),20000,20000,5000,5000,20,0,0.0,0.0,0.16112515805281938,344472,344472,352,344824,124,1.1494133333333334,True,False,114514,"{""decode_failed"":20}",complete
figure1a-20260716T153109Z-99bbe7a-9b10f88e383f,figure1a-reduced-v1,99bbe7ae42df1f4bfff92f48bcd78ac1e4e6abaf,coarse,3,4,circular,2802,0.875,1.1884504306083168,0.1,0.6012953590370393,0.6012953590370393,6.873312349794813,7,floor(z_raw+0.5),20000,20000,5000,5000,20,0,0.0,0.0,0.16112515805281938,347448,347448,352,347800,124,1.1593333333333333,True,False,114514,"{""decode_failed"":20}",complete
figure1a-20260716T153109Z-99bbe7a-9b10f88e383f,figure1a-reduced-v1,99bbe7ae42df1f4bfff92f48bcd78ac1e4e6abaf,coarse,3,4,circular,2826,0.875,1.1884504306083168,0.1,0.6012953590370393,0.6012953590370393,6.892880604420857,7,floor(z_raw+0.5),20000,20000,5000,5000,20,0,0.0,0.0,0.16112515805281938,350424,350424,352,350776,124,1.1692533333333333,True,False,114514,"{""decode_failed"":20}",complete
figure1a-20260716T153109Z-99bbe7a-9b10f88e383f,figure1a-reduced-v1,99bbe7ae42df1f4bfff92f48bcd78ac1e4e6abaf,coarse,3,4,circular,2850,0.875,1.1884504306083168,0.1,0.6012953590370393,0.6012953590370393,6.912338380485123,7,floor(z_raw+0.5),20000,20000,5000,5000,20,1,0.05,0.008881448800795402,0.23613119344674205,353400,353400,352,353752,124,1.1791733333333334,True,False,114514,"{""decode_failed"":19}",complete
figure1a-20260716T153109Z-99bbe7a-9b10f88e383f,figure1a-reduced-v1,99bbe7ae42df1f4bfff92f48bcd78ac1e4e6abaf,coarse,3,4,circular,2874,0.875,1.1884504306083168,0.1,0.6012953590370393,0.6012953590370393,6.931687224256137,7,floor(z_raw+0.5),20000,20000,5000,5000,20,1,0.05,0.008881448800795402,0.23613119344674205,356376,356376,352,356728,124,1.1890933333333333,True,False,114514,"{""decode_failed"":19}",complete
figure1a-20260716T153109Z-99bbe7a-9b10f88e383f,figure1a-reduced-v1,99bbe7ae42df1f4bfff92f48bcd78ac1e4e6abaf,coarse,3,4,circular,2898,0.875,1.1884504306083168,0.1,0.6012953590370393,0.6012953590370393,6.950928647663775,7,floor(z_raw+0.5),20000,20000,5000,5000,20,12,0.6,0.3865815007622531,0.781193467627183,359352,359352,352,359704,124,1.1990133333333333,True,False,114514,"{""decode_failed"":8}",complete
figure1a-20260716T153109Z-99bbe7a-9b10f88e383f,figure1a-reduced-v1,99bbe7ae42df1f4bfff92f48bcd78ac1e4e6abaf,coarse,3,4,circular,2922,0.875,1.1884504306083168,0.1,0.6012953590370393,0.6012953590370393,6.970064129339137,7,floor(z_raw+0.5),20000,20000,5000,5000,20,11,0.55,0.34208534245034233,0.7418021417443759,362328,362328,352,362680,124,1.2089333333333334,True,False,114514,"{""decode_failed"":9}",complete
figure1a-20260716T153109Z-99bbe7a-9b10f88e383f,figure1a-reduced-v1,99bbe7ae42df1f4bfff92f48bcd78ac1e4e6abaf,coarse,3,4,circular,2946,0.875,1.1884504306083168,0.1,0.6012953590370393,0.6012953590370393,6.9890951156146865,7,floor(z_raw+0.5),20000,20000,5000,5000,20,16,0.8,0.5839825677481064,0.919342337420202,365304,365304,352,365656,124,1.2188533333333333,True,False,114514,"{""decode_failed"":4}",complete
figure1a-20260716T153109Z-99bbe7a-9b10f88e383f,figure1a-reduced-v1,99bbe7ae42df1f4bfff92f48bcd78ac1e4e6abaf,coarse,3,4,circular,2970,0.875,1.1884504306083168,0.1,0.6012953590370393,0.6012953590370393,7.008023021486466,7,floor(z_raw+0.5),20000,20000,5000,5000,20,19,0.95,0.763868806553258,0.9911185511992047,368280,368280,352,368632,124,1.2287733333333333,True,False,114514,"{""decode_failed"":1}",complete
figure1a-20260716T153109Z-99bbe7a-9b10f88e383f,figure1a-reduced-v1,99bbe7ae42df1f4bfff92f48bcd78ac1e4e6abaf,coarse,3,4,circular,2994,0.875,1.1884504306083168,0.1,0.6012953590370393,0.6012953590370393,7.026849231540114,7,floor(z_raw+0.5),20000,20000,5000,5000,20,20,1.0,0.8388748419471806,1.0,371256,371256,352,371608,124,1.2386933333333334,True,False,114514,{},complete
figure1a-20260716T153109Z-99bbe7a-9b10f88e383f,figure1a-reduced-v1,99bbe7ae42df1f4bfff92f48bcd78ac1e4e6abaf,coarse,3,4,circular,3018,0.875,1.1884504306083168,0.1,0.6012953590370393,0.6012953590370393,7.045575100842349,7,floor(z_raw+0.5),20000,20000,5000,5000,20,19,0.95,0.763868806553258,0.9911185511992047,374232,374232,352,374584,124,1.2486133333333334,True,False,114514,"{""decode_failed"":1}",complete
figure1a-20260716T153109Z-99bbe7a-9b10f88e383f,figure1a-reduced-v1,99bbe7ae42df1f4bfff92f48bcd78ac1e4e6abaf,coarse,3,4,circular,3042,0.875,1.1884504306083168,0.1,0.6012953590370393,0.6012953590370393,7.064201955799438,7,floor(z_raw+0.5),20000,20000,5000,5000,20,19,0.95,0.763868806553258,0.9911185511992047,377208,377208,352,377560,124,1.2585333333333333,True,False,114514,"{""decode_failed"":1}",complete
