run_id,stage,domain,d,M,k,ell,candidate_id,C,gamma,a,z_raw,z,CircularBaseRange,trials,successes,success_rate,ci_low,ci_high,rho,m_grid_phase,global_classification,is_informative,dataset_seed,placement_words_sha256,config_sha256,threshold_sha256,is_frozen_prediction,status
figure3-wide-r3-20260716T132945Z-99bbe7a-6d84b1f54e25,figure3a,holdout_figure1b,300,67,2,6,figure3-wide-r3-a-z00-a00,,,0.11570232443340224,0.0,0,8,100,97,0.97,0.9154806357094724,0.9897454759759611,0.22333333333333333,post_freeze_wide_round_3,transition,True,figure1bc|114514|holdout_figure1b|300|67,6645a82b2d79cd282eb0105d089dcc6d4960498bfa991e649b8284621429a21a,733c8abe4ef87398e17c8d97e5c09d8382474a7763e0ff58cda9a8cb42815c4b,ef3f0c89d96ab326ed5c33340210b37033e47b033e9f124811cce7c80ef83b87,False,ok
figure3-wide-r3-20260716T132945Z-99bbe7a-6d84b1f54e25,figure3a,holdout_figure1b,300,67,2,6,figure3-wide-r3-a-z00-a01,,,0.19251148483725977,0.0,0,13,100,99,0.99,0.9455138038212946,0.9982325679358593,0.22333333333333333,post_freeze_wide_round_3,transition,True,figure1bc|114514|holdout_figure1b|300|67,6645a82b2d79cd282eb0105d089dcc6d4960498bfa991e649b8284621429a21a,acaca574bd96df93e960e11903b9576ad99f66ad51dfec0ddaeb986d0e2de03e,ef3f0c89d96ab326ed5c33340210b37033e47b033e9f124811cce7c80ef83b87,False,ok
figure3-wide-r3-20260716T132945Z-99bbe7a-6d84b1f54e25,figure3a,holdout_figure1b,300,67,2,6,figure3-wide-r3-a-z00-a02,,,0.30284787672851043,0.0,0,21,100,99,0.99,0.9455138038212946,0.9982325679358593,0.22333333333333333,post_freeze_wide_round_3,transition,True,figure1bc|114514|holdout_figure1b|300|67,6645a82b2d79cd282eb0105d089dcc6d4960498bfa991e649b8284621429a21a,5f6789992b6c6f3f74e5b4098db13d23b15659662715601fec1a73c63d749b07,ef3f0c89d96ab326ed5c33340210b37033e47b033e9f124811cce7c80ef83b87,False,ok
figure3-wide-r3-20260716T132945Z-99bbe7a-6d84b1f54e25,figure3a,holdout_figure1b,300,67,2,6,figure3-wide-r3-a-z00-a03,,,0.4418214581980088,0.0,0,30,100,100,1.0,0.9630065017930143,1.0,0.22333333333333333,post_freeze_wide_round_3,transition,True,figure1bc|114514|holdout_figure1b|300|67,6645a82b2d79cd282eb0105d089dcc6d4960498bfa991e649b8284621429a21a,538dfd5fcd17d4e6a9a0865af2ff7334d759562aa9c6c5705bb773711fdf5ef7,ef3f0c89d96ab326ed5c33340210b37033e47b033e9f124811cce7c80ef83b87,False,ok
figure3-wide-r3-20260716T132945Z-99bbe7a-6d84b1f54e25,figure3a,holdout_figure1b,300,67,2,6,figure3-wide-r3-a-z00-a04,,,0.5905469704301111,0.0,0,40,100,98,0.98,0.929988209271456,0.9944980324498376,0.22333333333333333,post_freeze_wide_round_3,transition,True,figure1bc|114514|holdout_figure1b|300|67,6645a82b2d79cd282eb0105d089dcc6d4960498bfa991e649b8284621429a21a,dfa20a0bffe7702c2412c7286f3929d639a1f91bc939daed1073bea0b60ef4e5,ef3f0c89d96ab326ed5c33340210b37033e47b033e9f124811cce7c80ef83b87,False,ok
figure3-wide-r3-20260716T132945Z-99bbe7a-6d84b1f54e25,figure3a,holdout_figure1b,300,67,2,6,figure3-wide-r3-a-z00-a05,,,0.7243668166820519,0.0,0,49,100,98,0.98,0.929988209271456,0.9944980324498376,0.22333333333333333,post_freeze_wide_round_3,transition,True,figure1bc|114514|holdout_figure1b|300|67,6645a82b2d79cd282eb0105d089dcc6d4960498bfa991e649b8284621429a21a,a9813335413d0b1ee6089ee05c7675eb178b7fe7f8400d003cca733a37906fa8,ef3f0c89d96ab326ed5c33340210b37033e47b033e9f124811cce7c80ef83b87,False,ok
figure3-wide-r3-20260716T132945Z-99bbe7a-6d84b1f54e25,figure3a,holdout_figure1b,300,67,2,6,figure3-wide-r3-a-z00-a06,,,0.8272450692089377,0.0,0,56,100,97,0.97,0.9154806357094724,0.9897454759759611,0.22333333333333333,post_freeze_wide_round_3,transition,True,figure1bc|114514|holdout_figure1b|300|67,6645a82b2d79cd282eb0105d089dcc6d4960498bfa991e649b8284621429a21a,f075647c19c3a235838d261bee9f628e5be57cb6991b2508c1139a4c45dc5c00,ef3f0c89d96ab326ed5c33340210b37033e47b033e9f124811cce7c80ef83b87,False,ok
figure3-wide-r3-20260716T132945Z-99bbe7a-6d84b1f54e25,figure3a,holdout_figure1b,300,67,2,6,figure3-wide-r3-a-z00-a07,,,0.8971754204359096,0.0,0,61,100,100,1.0,0.9630065017930143,1.0,0.22333333333333333,post_freeze_wide_round_3,transition,True,figure1bc|114514|holdout_figure1b|300|67,6645a82b2d79cd282eb0105d089dcc6d4960498bfa991e649b8284621429a21a,a21dfc28d525677b6ee8ef9d99d61a8557bc2cb3f54af71d5187d1dd64d0e729,ef3f0c89d96ab326ed5c33340210b37033e47b033e9f124811cce7c80ef83b87,False,ok
figure3-wide-r3-20260716T132945Z-99bbe7a-6d84b1f54e25,figure3a,holdout_figure1b,300,67,2,6,figure3-wide-r3-a-z00-a08,,,0.9408232733593045,0.0,0,64,100,99,0.99,0.9455138038212946,0.9982325679358593,0.22333333333333333,post_freeze_wide_round_3,transition,True,figure1bc|114514|holdout_figure1b|300|67,6645a82b2d79cd282eb0105d089dcc6d4960498bfa991e649b8284621429a21a,04a28a6ca42cbb961d9f089312c0a0b7dc2e9e5325344b755a5d1574118f7d69,ef3f0c89d96ab326ed5c33340210b37033e47b033e9f124811cce7c80ef83b87,False,ok
figure3-wide-r3-20260716T132945Z-99bbe7a-6d84b1f54e25,figure3a,holdout_figure1b,300,67,2,6,figure3-wide-r3-a-z00-a09,,,0.9666322087978757,0.0,0,65,100,98,0.98,0.929988209271456,0.9944980324498376,0.22333333333333333,post_freeze_wide_round_3,transition,True,figure1bc|114514|holdout_figure1b|300|67,6645a82b2d79cd282eb0105d089dcc6d4960498bfa991e649b8284621429a21a,edd3dbce75ec846d8deaa91368d87cdba48c8dfa87851acb7db083cc06718040,ef3f0c89d96ab326ed5c33340210b37033e47b033e9f124811cce7c80ef83b87,False,ok
figure3-wide-r3-20260716T132945Z-99bbe7a-6d84b1f54e25,figure3a,holdout_figure1b,300,67,2,6,figure3-wide-r3-a-z00-a10,,,0.9814074541817858,0.0,0,66,100,98,0.98,0.929988209271456,0.9944980324498376,0.22333333333333333,post_freeze_wide_round_3,transition,True,figure1bc|114514|holdout_figure1b|300|67,6645a82b2d79cd282eb0105d089dcc6d4960498bfa991e649b8284621429a21a,c618e9e8c59b89044ded403936f9bea56fd328729e26f7f2706bbe286c2421db,ef3f0c89d96ab326ed5c33340210b37033e47b033e9f124811cce7c80ef83b87,False,ok
figure3-wide-r3-20260716T132945Z-99bbe7a-6d84b1f54e25,figure3a,holdout_figure1b,300,67,2,6,figure3-wide-r3-a-z01-a00,,,0.11570232443340224,1.0,1,38,100,4,0.04,0.01566330399154762,0.0983707143588792,0.22333333333333333,post_freeze_wide_round_3,transition,True,figure1bc|114514|holdout_figure1b|300|67,6645a82b2d79cd282eb0105d089dcc6d4960498bfa991e649b8284621429a21a,67979b28b5131d87462fd88aa3953a5a59c3456daaa8d207d8acecd3075467a9,ef3f0c89d96ab326ed5c33340210b37033e47b033e9f124811cce7c80ef83b87,False,ok
figure3-wide-r3-20260716T132945Z-99bbe7a-6d84b1f54e25,figure3a,holdout_figure1b,300,67,2,6,figure3-wide-r3-a-z01-a01,,,0.19251148483725977,1.0,1,41,100,13,0.13,0.07757167427240512,0.20980351440076428,0.22333333333333333,post_freeze_wide_round_3,transition,True,figure1bc|114514|holdout_figure1b|300|67,6645a82b2d79cd282eb0105d089dcc6d4960498bfa991e649b8284621429a21a,6b9a54e4ced54bfc5db6c218a49cbbeadc82a83c52e419c673149f4db5b12c92,ef3f0c89d96ab326ed5c33340210b37033e47b033e9f124811cce7c80ef83b87,False,ok
figure3-wide-r3-20260716T132945Z-99bbe7a-6d84b1f54e25,figure3a,holdout_figure1b,300,67,2,6,figure3-wide-r3-a-z01-a02,,,0.30284787672851043,1.0,1,44,100,33,0.33,0.24563122734128034,0.4269465620490947,0.22333333333333333,post_freeze_wide_round_3,transition,True,figure1bc|114514|holdout_figure1b|300|67,6645a82b2d79cd282eb0105d089dcc6d4960498bfa991e649b8284621429a21a,21b71f0dcb6c41280a7314e8da5f3fc5c0b4bae1ab485d46157c21dfa75b7282,ef3f0c89d96ab326ed5c33340210b37033e47b033e9f124811cce7c80ef83b87,False,ok
figure3-wide-r3-20260716T132945Z-99bbe7a-6d84b1f54e25,figure3a,holdout_figure1b,300,67,2,6,figure3-wide-r3-a-z01-a03,,,0.4418214581980088,1.0,1,49,100,84,0.84,0.7557973061072976,0.8990471151119521,0.22333333333333333,post_freeze_wide_round_3,transition,True,figure1bc|114514|holdout_figure1b|300|67,6645a82b2d79cd282eb0105d089dcc6d4960498bfa991e649b8284621429a21a,616eac769f57145509db6d4067a9260627bdc4dfa8e990dad3e8f69a2afa86ac,ef3f0c89d96ab326ed5c33340210b37033e47b033e9f124811cce7c80ef83b87,False,ok
figure3-wide-r3-20260716T132945Z-99bbe7a-6d84b1f54e25,figure3a,holdout_figure1b,300,67,2,6,figure3-wide-r3-a-z01-a04,,,0.5905469704301111,1.0,1,54,100,98,0.98,0.929988209271456,0.9944980324498376,0.22333333333333333,post_freeze_wide_round_3,transition,True,figure1bc|114514|holdout_figure1b|300|67,6645a82b2d79cd282eb0105d089dcc6d4960498bfa991e649b8284621429a21a,b8d8dc34e7cee7ed4cde247536cae25164fbd6c8e7935573d8595b17daf2b422,ef3f0c89d96ab326ed5c33340210b37033e47b033e9f124811cce7c80ef83b87,False,ok
figure3-wide-r3-20260716T132945Z-99bbe7a-6d84b1f54e25,figure3a,holdout_figure1b,300,67,2,6,figure3-wide-r3-a-z01-a05,,,0.7243668166820519,1.0,1,58,100,99,0.99,0.9455138038212946,0.9982325679358593,0.22333333333333333,post_freeze_wide_round_3,transition,True,figure1bc|114514|holdout_figure1b|300|67,6645a82b2d79cd282eb0105d089dcc6d4960498bfa991e649b8284621429a21a,3fa2c932e7dc12ed8b9a85ce38c8c8c5258d3860fbfc8f98dce8db685e48ce66,ef3f0c89d96ab326ed5c33340210b37033e47b033e9f124811cce7c80ef83b87,False,ok
figure3-wide-r3-20260716T132945Z-99bbe7a-6d84b1f54e25,figure3a,holdout_figure1b,300,67,2,6,figure3-wide-r3-a-z01-a06,,,0.8272450692089377,1.0,1,62,100,99,0.99,0.9455138038212946,0.9982325679358593,0.22333333333333333,post_freeze_wide_round_3,transition,True,figure1bc|114514|holdout_figure1b|300|67,6645a82b2d79cd282eb0105d089dcc6d4960498bfa991e649b8284621429a21a,6f09f15da81bdee5d7dda5b5bb620f108431356fe820105e77ad68395e462889,ef3f0c89d96ab326ed5c33340210b37033e47b033e9f124811cce7c80ef83b87,False,ok
figure3-wide-r3-20260716T132945Z-99bbe7a-6d84b1f54e25,figure3a,holdout_figure1b,300,67,2,6,figure3-wide-r3-a-z01-a07,,,0.8971754204359096,1.0,1,64,100,100,1.0,0.9630065017930143,1.0,0.22333333333333333,post_freeze_wide_round_3,transition,True,figure1bc|114514|holdout_figure1b|300|67,6645a82b2d79cd282eb0105d089dcc6d4960498bfa991e649b8284621429a21a,2398f18215b6f20e65c833b4444147b55a13a4acbafc3101e9211b887aea9387,ef3f0c89d96ab326ed5c33340210b37033e47b033e9f124811cce7c80ef83b87,False,ok
figure3-wide-r3-20260716T132945Z-99bbe7a-6d84b1f54e25,figure3a,holdout_figure1b,300,67,2,6,figure3-wide-r3-a-z01-a08,,,0.9408232733593045,1.0,1,66,100,99,0.99,0.9455138038212946,0.9982325679358593,0.22333333333333333,post_freeze_wide_round_3,transition,True,figure1bc|114514|holdout_figure1b|300|67,6645a82b2d79cd282eb0105d089dcc6d4960498bfa991e649b8284621429a21a,8689bed3b096932515b1af91bf9975a40deaca7c57bfd18f8d2c91e5361dbb2c,ef3f0c89d96ab326ed5c33340210b37033e47b033e9f124811cce7c80ef83b87,False,ok
figure3-wide-r3-20260716T132945Z-99bbe7a-6d84b1f54e25,figure3a,holdout_figure1b,300,67,2,6,figure3-wide-r3-a-z01-a09,,,0.9666322087978757,1.0,1,66,100,99,0.99,0.9455138038212946,0.9982325679358593,0.22333333333333333,post_freeze_wide_round_3,transition,True,figure1bc|114514|holdout_figure1b|300|67,6645a82b2d79cd282eb0105d089dcc6d4960498bfa991e649b8284621429a21a,12234e0443f658f1d83fec6008bc11cb8207af7d0213ad8a8d79444bc5f8734c,ef3f0c89d96ab326ed5c33340210b37033e47b033e9f124811cce7c80ef83b87,False,ok
figure3-wide-r3-20260716T132945Z-99bbe7a-6d84b1f54e25,figure3a,holdout_figure1b,300,67,2,6,figure3-wide-r3-a-z01-a10,,,0.9814074541817858,1.0,1,67,100,100,1.0,0.9630065017930143,1.0,0.22333333333333333,post_freeze_wide_round_3,transition,True,figure1bc|114514|holdout_figure1b|300|67,6645a82b2d79cd282eb0105d089dcc6d4960498bfa991e649b8284621429a21a,4d2c5fba68f668ce5be6ea3a2043b7c1ddcb92cc1be800954664aedaec5e4fd8,ef3f0c89d96ab326ed5c33340210b37033e47b033e9f124811cce7c80ef83b87,False,ok
figure3-wide-r3-20260716T132945Z-99bbe7a-6d84b1f54e25,figure3a,holdout_figure1b,300,67,2,6,figure3-wide-r3-a-z02-a00,,,0.11570232443340224,2.0,2,48,100,10,0.1,0.0552291370606751,0.17436566150491345,0.22333333333333333,post_freeze_wide_round_3,transition,True,figure1bc|114514|holdout_figure1b|300|67,6645a82b2d79cd282eb0105d089dcc6d4960498bfa991e649b8284621429a21a,f01a7e199a28d2627684e21675a581da58afb0bcf05530ab3b135fcbc0d90592,ef3f0c89d96ab326ed5c33340210b37033e47b033e9f124811cce7c80ef83b87,False,ok
figure3-wide-r3-20260716T132945Z-99bbe7a-6d84b1f54e25,figure3a,holdout_figure1b,300,67,2,6,figure3-wide-r3-a-z02-a01,,,0.19251148483725977,2.0,2,50,100,15,0.15,0.0930598528365663,0.23283559590832364,0.22333333333333333,post_freeze_wide_round_3,transition,True,figure1bc|114514|holdout_figure1b|300|67,6645a82b2d79cd282eb0105d089dcc6d4960498bfa991e649b8284621429a21a,9f78a1326288699092c6600e8dd87e4e444bcffaa6684277689d851804a80ad8,ef3f0c89d96ab326ed5c33340210b37033e47b033e9f124811cce7c80ef83b87,False,ok
figure3-wide-r3-20260716T132945Z-99bbe7a-6d84b1f54e25,figure3a,holdout_figure1b,300,67,2,6,figure3-wide-r3-a-z02-a02,,,0.30284787672851043,2.0,2,52,100,36,0.36,0.2727122040140433,0.4576459754839126,0.22333333333333333,post_freeze_wide_round_3,transition,True,figure1bc|114514|holdout_figure1b|300|67,6645a82b2d79cd282eb0105d089dcc6d4960498bfa991e649b8284621429a21a,6f535458a7dafb0d4201c17b01e978ed92eb4deaa42d8edf0a26132b270ccbf9,ef3f0c89d96ab326ed5c33340210b37033e47b033e9f124811cce7c80ef83b87,False,ok
figure3-wide-r3-20260716T132945Z-99bbe7a-6d84b1f54e25,figure3a,holdout_figure1b,300,67,2,6,figure3-wide-r3-a-z02-a03,,,0.4418214581980088,2.0,2,55,100,76,0.76,0.6676766365018553,0.8330867444305122,0.22333333333333333,post_freeze_wide_round_3,transition,True,figure1bc|114514|holdout_figure1b|300|67,6645a82b2d79cd282eb0105d089dcc6d4960498bfa991e649b8284621429a21a,ec2f0b98c48e165164628d6158d3abf956e5b43fb59bd67aeba3a60be9be5b61,ef3f0c89d96ab326ed5c33340210b37033e47b033e9f124811cce7c80ef83b87,False,ok
figure3-wide-r3-20260716T132945Z-99bbe7a-6d84b1f54e25,figure3a,holdout_figure1b,300,67,2,6,figure3-wide-r3-a-z02-a04,,,0.5905469704301111,2.0,2,58,100,88,0.88,0.8018790057328857,0.9300059356298052,0.22333333333333333,post_freeze_wide_round_3,transition,True,figure1bc|114514|holdout_figure1b|300|67,6645a82b2d79cd282eb0105d089dcc6d4960498bfa991e649b8284621429a21a,3823c000d0a9dfdbf7b2c0c063509f4e686a386b3ccca81c24634faed61a7017,ef3f0c89d96ab326ed5c33340210b37033e47b033e9f124811cce7c80ef83b87,False,ok
figure3-wide-r3-20260716T132945Z-99bbe7a-6d84b1f54e25,figure3a,holdout_figure1b,300,67,2,6,figure3-wide-r3-a-z02-a06,,,0.8272450692089377,2.0,2,64,100,100,1.0,0.9630065017930143,1.0,0.22333333333333333,post_freeze_wide_round_3,transition,True,figure1bc|114514|holdout_figure1b|300|67,6645a82b2d79cd282eb0105d089dcc6d4960498bfa991e649b8284621429a21a,7b80d4eeab9fef67b8cabc3686d969002bcb645c61d1314ffd89f6a7e94cabd7,ef3f0c89d96ab326ed5c33340210b37033e47b033e9f124811cce7c80ef83b87,False,ok
figure3-wide-r3-20260716T132945Z-99bbe7a-6d84b1f54e25,figure3a,holdout_figure1b,300,67,2,6,figure3-wide-r3-a-z02-a07,,,0.8971754204359096,2.0,2,65,100,100,1.0,0.9630065017930143,1.0,0.22333333333333333,post_freeze_wide_round_3,transition,True,figure1bc|114514|holdout_figure1b|300|67,6645a82b2d79cd282eb0105d089dcc6d4960498bfa991e649b8284621429a21a,277a6a65c82892697a3c82ca4a37c87349c40edd74ad6c54b59a4e117e30dcd8,ef3f0c89d96ab326ed5c33340210b37033e47b033e9f124811cce7c80ef83b87,False,ok
figure3-wide-r3-20260716T132945Z-99bbe7a-6d84b1f54e25,figure3a,holdout_figure1b,300,67,2,6,figure3-wide-r3-a-z02-a08,,,0.9408232733593045,2.0,2,66,100,98,0.98,0.929988209271456,0.9944980324498376,0.22333333333333333,post_freeze_wide_round_3,transition,True,figure1bc|114514|holdout_figure1b|300|67,6645a82b2d79cd282eb0105d089dcc6d4960498bfa991e649b8284621429a21a,fbc2ccedc2a5924d3004c1ba14ecc09d8ad4bb0fc4048527c2ce34fb4679536f,ef3f0c89d96ab326ed5c33340210b37033e47b033e9f124811cce7c80ef83b87,False,ok
figure3-wide-r3-20260716T132945Z-99bbe7a-6d84b1f54e25,figure3a,holdout_figure1b,300,67,2,6,figure3-wide-r3-a-z02-a09,,,0.9666322087978757,2.0,2,67,100,99,0.99,0.9455138038212946,0.9982325679358593,0.22333333333333333,post_freeze_wide_round_3,transition,True,figure1bc|114514|holdout_figure1b|300|67,6645a82b2d79cd282eb0105d089dcc6d4960498bfa991e649b8284621429a21a,0cf7937a40d9c96b35f45013756ffdffedaf97309f00dc6cf6688441916c98c7,ef3f0c89d96ab326ed5c33340210b37033e47b033e9f124811cce7c80ef83b87,False,ok
figure3-wide-r3-20260716T132945Z-99bbe7a-6d84b1f54e25,figure3a,holdout_figure1b,300,67,2,6,figure3-wide-r3-a-z02-a10,,,0.9814074541817858,2.0,2,67,100,99,0.99,0.9455138038212946,0.9982325679358593,0.22333333333333333,post_freeze_wide_round_3,transition,True,figure1bc|114514|holdout_figure1b|300|67,6645a82b2d79cd282eb0105d089dcc6d4960498bfa991e649b8284621429a21a,050aa217f4e3e1cb987e983c3d6ce2461a33d07f38d7b88cc1407d41aa32380f,ef3f0c89d96ab326ed5c33340210b37033e47b033e9f124811cce7c80ef83b87,False,ok
figure3-wide-r3-20260716T132945Z-99bbe7a-6d84b1f54e25,figure3a,holdout_figure1b,300,67,2,6,figure3-wide-r3-a-z03-a00,,,0.11570232443340224,5.0,5,58,100,15,0.15,0.0930598528365663,0.23283559590832364,0.22333333333333333,post_freeze_wide_round_3,transition,True,figure1bc|114514|holdout_figure1b|300|67,6645a82b2d79cd282eb0105d089dcc6d4960498bfa991e649b8284621429a21a,304a2ba44e0d5ce291112c56fa6f75773bb469fa4550456a41029a72cc89de86,ef3f0c89d96ab326ed5c33340210b37033e47b033e9f124811cce7c80ef83b87,False,ok
figure3-wide-r3-20260716T132945Z-99bbe7a-6d84b1f54e25,figure3a,holdout_figure1b,300,67,2,6,figure3-wide-r3-a-z03-a01,,,0.19251148483725977,5.0,5,59,100,17,0.17,0.10893566114059931,0.25548004767601123,0.22333333333333333,post_freeze_wide_round_3,transition,True,figure1bc|114514|holdout_figure1b|300|67,6645a82b2d79cd282eb0105d089dcc6d4960498bfa991e649b8284621429a21a,27d06b19bcf1cd864ff3c2681ac26d6d4518a8548981cdcc82d2c77bf8eefc21,ef3f0c89d96ab326ed5c33340210b37033e47b033e9f124811cce7c80ef83b87,False,ok
figure3-wide-r3-20260716T132945Z-99bbe7a-6d84b1f54e25,figure3a,holdout_figure1b,300,67,2,6,figure3-wide-r3-a-z03-a02,,,0.30284787672851043,5.0,5,60,100,36,0.36,0.2727122040140433,0.4576459754839126,0.22333333333333333,post_freeze_wide_round_3,transition,True,figure1bc|114514|holdout_figure1b|300|67,6645a82b2d79cd282eb0105d089dcc6d4960498bfa991e649b8284621429a21a,f52ba80c9d704737e9a9b2c2623f747e727815c27b28c3173e07b5d3e55abc7b,ef3f0c89d96ab326ed5c33340210b37033e47b033e9f124811cce7c80ef83b87,False,ok
figure3-wide-r3-20260716T132945Z-99bbe7a-6d84b1f54e25,figure3a,holdout_figure1b,300,67,2,6,figure3-wide-r3-a-z03-a03,,,0.4418214581980088,5.0,5,61,100,45,0.45,0.3561453797951198,0.5475539700255787,0.22333333333333333,post_freeze_wide_round_3,transition,True,figure1bc|114514|holdout_figure1b|300|67,6645a82b2d79cd282eb0105d089dcc6d4960498bfa991e649b8284621429a21a,5bbfe326f2d075d5da28c1584f5a46e7d3ceedb7dfacb5a2e5db586ee8e0c79e,ef3f0c89d96ab326ed5c33340210b37033e47b033e9f124811cce7c80ef83b87,False,ok
figure3-wide-r3-20260716T132945Z-99bbe7a-6d84b1f54e25,figure3a,holdout_figure1b,300,67,2,6,figure3-wide-r3-a-z03-a04,,,0.5905469704301111,5.0,5,63,100,66,0.66,0.5627772885472462,0.7453847920265184,0.22333333333333333,post_freeze_wide_round_3,transition,True,figure1bc|114514|holdout_figure1b|300|67,6645a82b2d79cd282eb0105d089dcc6d4960498bfa991e649b8284621429a21a,f9f8ae4ea18ac717d7de381c760bf7534e8043d99018c356760a83706d802512,ef3f0c89d96ab326ed5c33340210b37033e47b033e9f124811cce7c80ef83b87,False,ok
figure3-wide-r3-20260716T132945Z-99bbe7a-6d84b1f54e25,figure3a,holdout_figure1b,300,67,2,6,figure3-wide-r3-a-z03-a05,,,0.7243668166820519,5.0,5,64,100,59,0.59,0.4920143005341078,0.6813268697886348,0.22333333333333333,post_freeze_wide_round_3,transition,True,figure1bc|114514|holdout_figure1b|300|67,6645a82b2d79cd282eb0105d089dcc6d4960498bfa991e649b8284621429a21a,2b04b8dfd600ae3f088851d18aa5dc65f435930d35ad9d4fa70ad635be3ab9fc,ef3f0c89d96ab326ed5c33340210b37033e47b033e9f124811cce7c80ef83b87,False,ok
figure3-wide-r3-20260716T132945Z-99bbe7a-6d84b1f54e25,figure3a,holdout_figure1b,300,67,2,6,figure3-wide-r3-a-z03-a06,,,0.8272450692089377,5.0,5,66,100,70,0.7,0.6041514536665332,0.7810511470506724,0.22333333333333333,post_freeze_wide_round_3,transition,True,figure1bc|114514|holdout_figure1b|300|67,6645a82b2d79cd282eb0105d089dcc6d4960498bfa991e649b8284621429a21a,0c27eb3d5dbc36902278b8fedfde39992837a3d4e7d1925a877ab95b127d3135,ef3f0c89d96ab326ed5c33340210b37033e47b033e9f124811cce7c80ef83b87,False,ok
figure3-wide-r3-20260716T132945Z-99bbe7a-6d84b1f54e25,figure3a,holdout_figure1b,300,67,2,6,figure3-wide-r3-a-z03-a07,,,0.8971754204359096,5.0,5,66,100,70,0.7,0.6041514536665332,0.7810511470506724,0.22333333333333333,post_freeze_wide_round_3,transition,True,figure1bc|114514|holdout_figure1b|300|67,6645a82b2d79cd282eb0105d089dcc6d4960498bfa991e649b8284621429a21a,e3a5220347d90d0b240afce9004994fe86ba4b32afdeb3cf4b44179d5068997f,ef3f0c89d96ab326ed5c33340210b37033e47b033e9f124811cce7c80ef83b87,False,ok
figure3-wide-r3-20260716T132945Z-99bbe7a-6d84b1f54e25,figure3a,holdout_figure1b,300,67,2,6,figure3-wide-r3-a-z03-a08,,,0.9408232733593045,5.0,5,67,100,74,0.74,0.6462901055081282,0.8159530153525186,0.22333333333333333,post_freeze_wide_round_3,transition,True,figure1bc|114514|holdout_figure1b|300|67,6645a82b2d79cd282eb0105d089dcc6d4960498bfa991e649b8284621429a21a,a672ffa20f3c9e328d1b5e9aba803112bdce78c803960c77597f99ad2b20c838,ef3f0c89d96ab326ed5c33340210b37033e47b033e9f124811cce7c80ef83b87,False,ok
figure3-wide-r3-20260716T132945Z-99bbe7a-6d84b1f54e25,figure3a,holdout_figure1b,300,67,2,6,figure3-wide-r3-a-z03-a09,,,0.9666322087978757,5.0,5,67,100,74,0.74,0.6462901055081282,0.8159530153525186,0.22333333333333333,post_freeze_wide_round_3,transition,True,figure1bc|114514|holdout_figure1b|300|67,6645a82b2d79cd282eb0105d089dcc6d4960498bfa991e649b8284621429a21a,28095b0df44d4c7091e10737aac7f372accdee71a42641d37b7c2cea591be7a9,ef3f0c89d96ab326ed5c33340210b37033e47b033e9f124811cce7c80ef83b87,False,ok
figure3-wide-r3-20260716T132945Z-99bbe7a-6d84b1f54e25,figure3a,holdout_figure1b,300,67,2,6,figure3-wide-r3-a-z03-a10,,,0.9814074541817858,5.0,5,67,100,74,0.74,0.6462901055081282,0.8159530153525186,0.22333333333333333,post_freeze_wide_round_3,transition,True,figure1bc|114514|holdout_figure1b|300|67,6645a82b2d79cd282eb0105d089dcc6d4960498bfa991e649b8284621429a21a,536acd083aa69de1cc576a8d42f0bfceaace30d0263c486869a25127d7e2e52e,ef3f0c89d96ab326ed5c33340210b37033e47b033e9f124811cce7c80ef83b87,False,ok
figure3-wide-r3-20260716T132945Z-99bbe7a-6d84b1f54e25,figure3a,holdout_figure1b,300,67,2,6,figure3-wide-r3-a-z04-a00,,,0.11570232443340224,12.0,12,63,100,1,0.01,0.0017674320641406505,0.054486196178705315,0.22333333333333333,post_freeze_wide_round_3,transition,True,figure1bc|114514|holdout_figure1b|300|67,6645a82b2d79cd282eb0105d089dcc6d4960498bfa991e649b8284621429a21a,dc9cbb4e0088bd4207655301c7a645a53e0c6587aa1bb875acfdda4b935a907e,ef3f0c89d96ab326ed5c33340210b37033e47b033e9f124811cce7c80ef83b87,False,ok
figure3-wide-r3-20260716T132945Z-99bbe7a-6d84b1f54e25,figure3a,holdout_figure1b,300,67,2,6,figure3-wide-r3-a-z04-a01,,,0.19251148483725977,12.0,12,63,100,1,0.01,0.0017674320641406505,0.054486196178705315,0.22333333333333333,post_freeze_wide_round_3,transition,True,figure1bc|114514|holdout_figure1b|300|67,6645a82b2d79cd282eb0105d089dcc6d4960498bfa991e649b8284621429a21a,93ade43416948d23a9d0a1304806592baf14994542e1f79d5050d6f2becdf6af,ef3f0c89d96ab326ed5c33340210b37033e47b033e9f124811cce7c80ef83b87,False,ok
figure3-wide-r3-20260716T132945Z-99bbe7a-6d84b1f54e25,figure3a,holdout_figure1b,300,67,2,6,figure3-wide-r3-a-z04-a02,,,0.30284787672851043,12.0,12,64,100,5,0.05,0.02154367915436796,0.11175046923191913,0.22333333333333333,post_freeze_wide_round_3,transition,True,figure1bc|114514|holdout_figure1b|300|67,6645a82b2d79cd282eb0105d089dcc6d4960498bfa991e649b8284621429a21a,05f2797965449a54c730f26d1f96bd8629906b439fb44fcbaf64cd11b1f30714,ef3f0c89d96ab326ed5c33340210b37033e47b033e9f124811cce7c80ef83b87,False,ok
figure3-wide-r3-20260716T132945Z-99bbe7a-6d84b1f54e25,figure3a,holdout_figure1b,300,67,2,6,figure3-wide-r3-a-z04-a03,,,0.4418214581980088,12.0,12,65,100,2,0.02,0.00550196755016235,0.07001179072854388,0.22333333333333333,post_freeze_wide_round_3,transition,True,figure1bc|114514|holdout_figure1b|300|67,6645a82b2d79cd282eb0105d089dcc6d4960498bfa991e649b8284621429a21a,3e2b42600b06ee56d99c3569cd4bee76d35a8ed4585fe361dc98d34accdc3e0c,ef3f0c89d96ab326ed5c33340210b37033e47b033e9f124811cce7c80ef83b87,False,ok
figure3-wide-r3-20260716T132945Z-99bbe7a-6d84b1f54e25,figure3a,holdout_figure1b,300,67,2,6,figure3-wide-r3-a-z04-a04,,,0.5905469704301111,12.0,12,65,100,2,0.02,0.00550196755016235,0.07001179072854388,0.22333333333333333,post_freeze_wide_round_3,transition,True,figure1bc|114514|holdout_figure1b|300|67,6645a82b2d79cd282eb0105d089dcc6d4960498bfa991e649b8284621429a21a,456b94ee6642e7a1f46e383c06083bfe7cc31112952e56df76a4ea562ebdebba,ef3f0c89d96ab326ed5c33340210b37033e47b033e9f124811cce7c80ef83b87,False,ok
figure3-wide-r3-20260716T132945Z-99bbe7a-6d84b1f54e25,figure3a,holdout_figure1b,300,67,2,6,figure3-wide-r3-a-z04-a05,,,0.7243668166820519,12.0,12,66,100,8,0.08,0.041093461484380624,0.14998107700948735,0.22333333333333333,post_freeze_wide_round_3,transition,True,figure1bc|114514|holdout_figure1b|300|67,6645a82b2d79cd282eb0105d089dcc6d4960498bfa991e649b8284621429a21a,aa83b6b3e496068392694d2380a00c95a696462ad56e895cdbbcd2ae3f652c92,ef3f0c89d96ab326ed5c33340210b37033e47b033e9f124811cce7c80ef83b87,False,ok
figure3-wide-r3-20260716T132945Z-99bbe7a-6d84b1f54e25,figure3a,holdout_figure1b,300,67,2,6,figure3-wide-r3-a-z04-a06,,,0.8272450692089377,12.0,12,67,100,7,0.07,0.03431926106727268,0.137495147390735,0.22333333333333333,post_freeze_wide_round_3,transition,True,figure1bc|114514|holdout_figure1b|300|67,6645a82b2d79cd282eb0105d089dcc6d4960498bfa991e649b8284621429a21a,a64537ad79d77895a0634b4a86bbc9fcc7ed7126c6bb4b08235994183a99a8ea,ef3f0c89d96ab326ed5c33340210b37033e47b033e9f124811cce7c80ef83b87,False,ok
figure3-wide-r3-20260716T132945Z-99bbe7a-6d84b1f54e25,figure3a,holdout_figure1b,300,67,2,6,figure3-wide-r3-a-z04-a07,,,0.8971754204359096,12.0,12,67,100,7,0.07,0.03431926106727268,0.137495147390735,0.22333333333333333,post_freeze_wide_round_3,transition,True,figure1bc|114514|holdout_figure1b|300|67,6645a82b2d79cd282eb0105d089dcc6d4960498bfa991e649b8284621429a21a,b5bc8c5f084ca24602dc7a83c85c40a73245b0f457eda76f157eed1c7bf781ba,ef3f0c89d96ab326ed5c33340210b37033e47b033e9f124811cce7c80ef83b87,False,ok
figure3-wide-r3-20260716T132945Z-99bbe7a-6d84b1f54e25,figure3a,holdout_figure1b,300,67,2,6,figure3-wide-r3-a-z04-a08,,,0.9408232733593045,12.0,12,67,100,7,0.07,0.03431926106727268,0.137495147390735,0.22333333333333333,post_freeze_wide_round_3,transition,True,figure1bc|114514|holdout_figure1b|300|67,6645a82b2d79cd282eb0105d089dcc6d4960498bfa991e649b8284621429a21a,6af76f622a116d81822719ea98f5b4a46afcb59418c074c66beddc0bf413d3d7,ef3f0c89d96ab326ed5c33340210b37033e47b033e9f124811cce7c80ef83b87,False,ok
figure3-wide-r3-20260716T132945Z-99bbe7a-6d84b1f54e25,figure3a,holdout_figure1b,300,67,2,6,figure3-wide-r3-a-z04-a09,,,0.9666322087978757,12.0,12,67,100,7,0.07,0.03431926106727268,0.137495147390735,0.22333333333333333,post_freeze_wide_round_3,transition,True,figure1bc|114514|holdout_figure1b|300|67,6645a82b2d79cd282eb0105d089dcc6d4960498bfa991e649b8284621429a21a,7576927dc0058fe45188f4663431a7d10a93529d3e48ee8d863235f5be9d7d39,ef3f0c89d96ab326ed5c33340210b37033e47b033e9f124811cce7c80ef83b87,False,ok
figure3-wide-r3-20260716T132945Z-99bbe7a-6d84b1f54e25,figure3a,holdout_figure1b,300,67,2,6,figure3-wide-r3-a-z04-a10,,,0.9814074541817858,12.0,12,67,100,7,0.07,0.03431926106727268,0.137495147390735,0.22333333333333333,post_freeze_wide_round_3,transition,True,figure1bc|114514|holdout_figure1b|300|67,6645a82b2d79cd282eb0105d089dcc6d4960498bfa991e649b8284621429a21a,73e41f566c49e66bf5bdc51198b156e5984af2a6c04f8d46b5d54a7b025a3590,ef3f0c89d96ab326ed5c33340210b37033e47b033e9f124811cce7c80ef83b87,False,ok
figure3-wide-r3-20260716T132945Z-99bbe7a-6d84b1f54e25,figure3a,holdout_figure1b,300,67,2,6,frozen-prediction,0.875,0.9,0.7243668166820519,1.5481811578463707,2,61,100,99,0.99,0.9455138038212946,0.9982325679358593,0.22333333333333333,post_freeze_wide_round_3,transition,True,figure1bc|114514|holdout_figure1b|300|67,6645a82b2d79cd282eb0105d089dcc6d4960498bfa991e649b8284621429a21a,7ce5e93f15e3dc52eab1d4f63872565994fb10ba8490cd0e25a754114453aab1,ef3f0c89d96ab326ed5c33340210b37033e47b033e9f124811cce7c80ef83b87,True,ok
figure3-wide-r3-20260716T132945Z-99bbe7a-6d84b1f54e25,figure3b,holdout_figure1b,300,72,2,6,figure3-wide-r3-b-z00-a00,,,0.11570232443340224,0.0,0,9,100,100,1.0,0.9630065017930143,1.0,0.24,post_freeze_wide_round_3,transition,True,figure1bc|114514|holdout_figure1b|300|72,26565b7447de1372231ee5b5c71f23a3563d760c3bf055b955ba8f5be43301c5,bff40a8bfa6b0dbdc2cf7328353c96d2d28a00fb345604969f0bd3d3d1a421b3,ef3f0c89d96ab326ed5c33340210b37033e47b033e9f124811cce7c80ef83b87,False,ok
figure3-wide-r3-20260716T132945Z-99bbe7a-6d84b1f54e25,figure3b,holdout_figure1b,300,72,2,6,figure3-wide-r3-b-z00-a01,,,0.19251148483725977,0.0,0,14,100,100,1.0,0.9630065017930143,1.0,0.24,post_freeze_wide_round_3,transition,True,figure1bc|114514|holdout_figure1b|300|72,26565b7447de1372231ee5b5c71f23a3563d760c3bf055b955ba8f5be43301c5,3044bc38911f8d240697f9ae84d5407e15aa584b879333cf7c7048edddc92ef7,ef3f0c89d96ab326ed5c33340210b37033e47b033e9f124811cce7c80ef83b87,False,ok
figure3-wide-r3-20260716T132945Z-99bbe7a-6d84b1f54e25,figure3b,holdout_figure1b,300,72,2,6,figure3-wide-r3-b-z00-a02,,,0.30284787672851043,0.0,0,22,100,100,1.0,0.9630065017930143,1.0,0.24,post_freeze_wide_round_3,transition,True,figure1bc|114514|holdout_figure1b|300|72,26565b7447de1372231ee5b5c71f23a3563d760c3bf055b955ba8f5be43301c5,8f9cbc068affd33ee8f5724ab97c3e863cdcba9ce9f5717b4010117fdc931f3f,ef3f0c89d96ab326ed5c33340210b37033e47b033e9f124811cce7c80ef83b87,False,ok
figure3-wide-r3-20260716T132945Z-99bbe7a-6d84b1f54e25,figure3b,holdout_figure1b,300,72,2,6,figure3-wide-r3-b-z00-a03,,,0.4418214581980088,0.0,0,32,100,100,1.0,0.9630065017930143,1.0,0.24,post_freeze_wide_round_3,transition,True,figure1bc|114514|holdout_figure1b|300|72,26565b7447de1372231ee5b5c71f23a3563d760c3bf055b955ba8f5be43301c5,c02b192dbc6355ba36f143a924c41447c2a472e7f16bea708d9c31a2a7f2a00f,ef3f0c89d96ab326ed5c33340210b37033e47b033e9f124811cce7c80ef83b87,False,ok
figure3-wide-r3-20260716T132945Z-99bbe7a-6d84b1f54e25,figure3b,holdout_figure1b,300,72,2,6,figure3-wide-r3-b-z00-a04,,,0.5905469704301111,0.0,0,43,100,100,1.0,0.9630065017930143,1.0,0.24,post_freeze_wide_round_3,transition,True,figure1bc|114514|holdout_figure1b|300|72,26565b7447de1372231ee5b5c71f23a3563d760c3bf055b955ba8f5be43301c5,7b84f6a45e22c532432c7bd14ac154a23cd4af464124b86c9cdb756dc3690f23,ef3f0c89d96ab326ed5c33340210b37033e47b033e9f124811cce7c80ef83b87,False,ok
figure3-wide-r3-20260716T132945Z-99bbe7a-6d84b1f54e25,figure3b,holdout_figure1b,300,72,2,6,figure3-wide-r3-b-z00-a05,,,0.7243668166820519,0.0,0,53,100,100,1.0,0.9630065017930143,1.0,0.24,post_freeze_wide_round_3,transition,True,figure1bc|114514|holdout_figure1b|300|72,26565b7447de1372231ee5b5c71f23a3563d760c3bf055b955ba8f5be43301c5,7da01a9cdcbcdab161c220dab649a63872194df16416a3e9a4b914feda6dcd05,ef3f0c89d96ab326ed5c33340210b37033e47b033e9f124811cce7c80ef83b87,False,ok
figure3-wide-r3-20260716T132945Z-99bbe7a-6d84b1f54e25,figure3b,holdout_figure1b,300,72,2,6,figure3-wide-r3-b-z00-a06,,,0.8272450692089377,0.0,0,60,100,100,1.0,0.9630065017930143,1.0,0.24,post_freeze_wide_round_3,transition,True,figure1bc|114514|holdout_figure1b|300|72,26565b7447de1372231ee5b5c71f23a3563d760c3bf055b955ba8f5be43301c5,6a893a1995a7f22b38fef15f32652bc26f12f09084bdcf96d0bebae0f0a0061d,ef3f0c89d96ab326ed5c33340210b37033e47b033e9f124811cce7c80ef83b87,False,ok
figure3-wide-r3-20260716T132945Z-99bbe7a-6d84b1f54e25,figure3b,holdout_figure1b,300,72,2,6,figure3-wide-r3-b-z00-a07,,,0.8971754204359096,0.0,0,65,100,100,1.0,0.9630065017930143,1.0,0.24,post_freeze_wide_round_3,transition,True,figure1bc|114514|holdout_figure1b|300|72,26565b7447de1372231ee5b5c71f23a3563d760c3bf055b955ba8f5be43301c5,6a937439c87bffd7f1b5dc6ce1229df097e1854193bf5c3d56d4b915f5854cbd,ef3f0c89d96ab326ed5c33340210b37033e47b033e9f124811cce7c80ef83b87,False,ok
figure3-wide-r3-20260716T132945Z-99bbe7a-6d84b1f54e25,figure3b,holdout_figure1b,300,72,2,6,figure3-wide-r3-b-z00-a08,,,0.9408232733593045,0.0,0,68,100,100,1.0,0.9630065017930143,1.0,0.24,post_freeze_wide_round_3,transition,True,figure1bc|114514|holdout_figure1b|300|72,26565b7447de1372231ee5b5c71f23a3563d760c3bf055b955ba8f5be43301c5,8aa487823313172d326e79a5fa65546c8f40f3e1c605a5a561647a595157f1db,ef3f0c89d96ab326ed5c33340210b37033e47b033e9f124811cce7c80ef83b87,False,ok
figure3-wide-r3-20260716T132945Z-99bbe7a-6d84b1f54e25,figure3b,holdout_figure1b,300,72,2,6,figure3-wide-r3-b-z00-a09,,,0.9666322087978757,0.0,0,70,100,100,1.0,0.9630065017930143,1.0,0.24,post_freeze_wide_round_3,transition,True,figure1bc|114514|holdout_figure1b|300|72,26565b7447de1372231ee5b5c71f23a3563d760c3bf055b955ba8f5be43301c5,9df3af40403b55b791b4ab829421376a31bac31d6fd37cf3b638c08aa510c9a7,ef3f0c89d96ab326ed5c33340210b37033e47b033e9f124811cce7c80ef83b87,False,ok
figure3-wide-r3-20260716T132945Z-99bbe7a-6d84b1f54e25,figure3b,holdout_figure1b,300,72,2,6,figure3-wide-r3-b-z00-a10,,,0.9814074541817858,0.0,0,71,100,100,1.0,0.9630065017930143,1.0,0.24,post_freeze_wide_round_3,transition,True,figure1bc|114514|holdout_figure1b|300|72,26565b7447de1372231ee5b5c71f23a3563d760c3bf055b955ba8f5be43301c5,954813ae8b6883cf0e8f92617d1944fdcb2b54a3f5db52a29c4242c1ef24bb3b,ef3f0c89d96ab326ed5c33340210b37033e47b033e9f124811cce7c80ef83b87,False,ok
figure3-wide-r3-20260716T132945Z-99bbe7a-6d84b1f54e25,figure3b,holdout_figure1b,300,72,2,6,figure3-wide-r3-b-z01-a00,,,0.11570232443340224,1.0,1,41,100,39,0.39,0.3001687400639441,0.4879698295415926,0.24,post_freeze_wide_round_3,transition,True,figure1bc|114514|holdout_figure1b|300|72,26565b7447de1372231ee5b5c71f23a3563d760c3bf055b955ba8f5be43301c5,db7ed7a0817c1bf189337d39814778a2ea63dcdb784253cd0d8b2f42e4e438d8,ef3f0c89d96ab326ed5c33340210b37033e47b033e9f124811cce7c80ef83b87,False,ok
figure3-wide-r3-20260716T132945Z-99bbe7a-6d84b1f54e25,figure3b,holdout_figure1b,300,72,2,6,figure3-wide-r3-b-z01-a01,,,0.19251148483725977,1.0,1,43,100,62,0.62,0.5220975529551107,0.7090240074752127,0.24,post_freeze_wide_round_3,transition,True,figure1bc|114514|holdout_figure1b|300|72,26565b7447de1372231ee5b5c71f23a3563d760c3bf055b955ba8f5be43301c5,1253d7dd2cfe36c6031b8d68f8a2447422041df16a7599df9a5a552a28906b2f,ef3f0c89d96ab326ed5c33340210b37033e47b033e9f124811cce7c80ef83b87,False,ok
figure3-wide-r3-20260716T132945Z-99bbe7a-6d84b1f54e25,figure3b,holdout_figure1b,300,72,2,6,figure3-wide-r3-b-z01-a02,,,0.30284787672851043,1.0,1,47,100,93,0.93,0.8625048526092651,0.9656807389327273,0.24,post_freeze_wide_round_3,transition,True,figure1bc|114514|holdout_figure1b|300|72,26565b7447de1372231ee5b5c71f23a3563d760c3bf055b955ba8f5be43301c5,be1e55bcf105adfdffbc5ea8454e376bd588bb4504a169b7e02a07112cf1dbe7,ef3f0c89d96ab326ed5c33340210b37033e47b033e9f124811cce7c80ef83b87,False,ok
figure3-wide-r3-20260716T132945Z-99bbe7a-6d84b1f54e25,figure3b,holdout_figure1b,300,72,2,6,figure3-wide-r3-b-z01-a03,,,0.4418214581980088,1.0,1,52,100,99,0.99,0.9455138038212946,0.9982325679358593,0.24,post_freeze_wide_round_3,transition,True,figure1bc|114514|holdout_figure1b|300|72,26565b7447de1372231ee5b5c71f23a3563d760c3bf055b955ba8f5be43301c5,fe934e22e244fbab014c34fe55c680e983c8873f34d49a09c31dd7aada1b88cf,ef3f0c89d96ab326ed5c33340210b37033e47b033e9f124811cce7c80ef83b87,False,ok
figure3-wide-r3-20260716T132945Z-99bbe7a-6d84b1f54e25,figure3b,holdout_figure1b,300,72,2,6,figure3-wide-r3-b-z01-a04,,,0.5905469704301111,1.0,1,58,100,100,1.0,0.9630065017930143,1.0,0.24,post_freeze_wide_round_3,transition,True,figure1bc|114514|holdout_figure1b|300|72,26565b7447de1372231ee5b5c71f23a3563d760c3bf055b955ba8f5be43301c5,12302dc4929bfbaf8f04d850c33c7b834a5a1da6c1805fddb9fbe0a44da41fe8,ef3f0c89d96ab326ed5c33340210b37033e47b033e9f124811cce7c80ef83b87,False,ok
figure3-wide-r3-20260716T132945Z-99bbe7a-6d84b1f54e25,figure3b,holdout_figure1b,300,72,2,6,figure3-wide-r3-b-z01-a05,,,0.7243668166820519,1.0,1,63,100,100,1.0,0.9630065017930143,1.0,0.24,post_freeze_wide_round_3,transition,True,figure1bc|114514|holdout_figure1b|300|72,26565b7447de1372231ee5b5c71f23a3563d760c3bf055b955ba8f5be43301c5,f8b9f6d7af650d6a84876d4fb289e5a13aa55ce4ea897831aa40e663e18c3692,ef3f0c89d96ab326ed5c33340210b37033e47b033e9f124811cce7c80ef83b87,False,ok
figure3-wide-r3-20260716T132945Z-99bbe7a-6d84b1f54e25,figure3b,holdout_figure1b,300,72,2,6,figure3-wide-r3-b-z01-a06,,,0.8272450692089377,1.0,1,66,100,100,1.0,0.9630065017930143,1.0,0.24,post_freeze_wide_round_3,transition,True,figure1bc|114514|holdout_figure1b|300|72,26565b7447de1372231ee5b5c71f23a3563d760c3bf055b955ba8f5be43301c5,4125972e607f9365888c63ecd62e882c8c972c5f95c25bc1c57ab3977b04b3e7,ef3f0c89d96ab326ed5c33340210b37033e47b033e9f124811cce7c80ef83b87,False,ok
figure3-wide-r3-20260716T132945Z-99bbe7a-6d84b1f54e25,figure3b,holdout_figure1b,300,72,2,6,figure3-wide-r3-b-z01-a07,,,0.8971754204359096,1.0,1,69,100,100,1.0,0.9630065017930143,1.0,0.24,post_freeze_wide_round_3,transition,True,figure1bc|114514|holdout_figure1b|300|72,26565b7447de1372231ee5b5c71f23a3563d760c3bf055b955ba8f5be43301c5,cce50d4eb479a0605a3b81671a0115321e571ce7206adda00cab6c94f8e07307,ef3f0c89d96ab326ed5c33340210b37033e47b033e9f124811cce7c80ef83b87,False,ok
figure3-wide-r3-20260716T132945Z-99bbe7a-6d84b1f54e25,figure3b,holdout_figure1b,300,72,2,6,figure3-wide-r3-b-z01-a08,,,0.9408232733593045,1.0,1,70,100,100,1.0,0.9630065017930143,1.0,0.24,post_freeze_wide_round_3,transition,True,figure1bc|114514|holdout_figure1b|300|72,26565b7447de1372231ee5b5c71f23a3563d760c3bf055b955ba8f5be43301c5,032b6c5256b6a1220cca3f39e64fde710ec0b06c60fd5431d2d56ced24916c62,ef3f0c89d96ab326ed5c33340210b37033e47b033e9f124811cce7c80ef83b87,False,ok
figure3-wide-r3-20260716T132945Z-99bbe7a-6d84b1f54e25,figure3b,holdout_figure1b,300,72,2,6,figure3-wide-r3-b-z01-a09,,,0.9666322087978757,1.0,1,71,100,100,1.0,0.9630065017930143,1.0,0.24,post_freeze_wide_round_3,transition,True,figure1bc|114514|holdout_figure1b|300|72,26565b7447de1372231ee5b5c71f23a3563d760c3bf055b955ba8f5be43301c5,6e467354f9647f3d54c407110e5ee76704efce727d69a6bc0e8054d20ddf7c51,ef3f0c89d96ab326ed5c33340210b37033e47b033e9f124811cce7c80ef83b87,False,ok
figure3-wide-r3-20260716T132945Z-99bbe7a-6d84b1f54e25,figure3b,holdout_figure1b,300,72,2,6,figure3-wide-r3-b-z01-a10,,,0.9814074541817858,1.0,1,72,100,100,1.0,0.9630065017930143,1.0,0.24,post_freeze_wide_round_3,transition,True,figure1bc|114514|holdout_figure1b|300|72,26565b7447de1372231ee5b5c71f23a3563d760c3bf055b955ba8f5be43301c5,2fb54f0c267e7687e543e5eec595c9e1cac535486e87e3d24eeabd785596a75b,ef3f0c89d96ab326ed5c33340210b37033e47b033e9f124811cce7c80ef83b87,False,ok
figure3-wide-r3-20260716T132945Z-99bbe7a-6d84b1f54e25,figure3b,holdout_figure1b,300,72,2,6,figure3-wide-r3-b-z02-a00,,,0.11570232443340224,2.0,2,51,100,41,0.41,0.3186731302113651,0.5079856994658921,0.24,post_freeze_wide_round_3,transition,True,figure1bc|114514|holdout_figure1b|300|72,26565b7447de1372231ee5b5c71f23a3563d760c3bf055b955ba8f5be43301c5,fb19a6859689adc687a1fc49e17b9005a376fef5b91ea390f84c7e2a5f4d72e1,ef3f0c89d96ab326ed5c33340210b37033e47b033e9f124811cce7c80ef83b87,False,ok
figure3-wide-r3-20260716T132945Z-99bbe7a-6d84b1f54e25,figure3b,holdout_figure1b,300,72,2,6,figure3-wide-r3-b-z02-a01,,,0.19251148483725977,2.0,2,53,100,49,0.49,0.3942199893044113,0.5865198806597283,0.24,post_freeze_wide_round_3,transition,True,figure1bc|114514|holdout_figure1b|300|72,26565b7447de1372231ee5b5c71f23a3563d760c3bf055b955ba8f5be43301c5,489a9f71847e93a98af3ca4a84479342ecd4b6cd4c719e0791134a48a48587f9,ef3f0c89d96ab326ed5c33340210b37033e47b033e9f124811cce7c80ef83b87,False,ok
figure3-wide-r3-20260716T132945Z-99bbe7a-6d84b1f54e25,figure3b,holdout_figure1b,300,72,2,6,figure3-wide-r3-b-z02-a02,,,0.30284787672851043,2.0,2,56,100,89,0.89,0.8136870349691969,0.9374580364293543,0.24,post_freeze_wide_round_3,transition,True,figure1bc|114514|holdout_figure1b|300|72,26565b7447de1372231ee5b5c71f23a3563d760c3bf055b955ba8f5be43301c5,30272e7cc54be71d5b38695280d78b019f0357560eede0c520dda0488848e003,ef3f0c89d96ab326ed5c33340210b37033e47b033e9f124811cce7c80ef83b87,False,ok
figure3-wide-r3-20260716T132945Z-99bbe7a-6d84b1f54e25,figure3b,holdout_figure1b,300,72,2,6,figure3-wide-r3-b-z02-a03,,,0.4418214581980088,2.0,2,59,100,98,0.98,0.929988209271456,0.9944980324498376,0.24,post_freeze_wide_round_3,transition,True,figure1bc|114514|holdout_figure1b|300|72,26565b7447de1372231ee5b5c71f23a3563d760c3bf055b955ba8f5be43301c5,d0ff54342783506a63b3a23ce5c4ba0054ab125f505451c9dde1ae1c0942e095,ef3f0c89d96ab326ed5c33340210b37033e47b033e9f124811cce7c80ef83b87,False,ok
figure3-wide-r3-20260716T132945Z-99bbe7a-6d84b1f54e25,figure3b,holdout_figure1b,300,72,2,6,figure3-wide-r3-b-z02-a04,,,0.5905469704301111,2.0,2,63,100,100,1.0,0.9630065017930143,1.0,0.24,post_freeze_wide_round_3,transition,True,figure1bc|114514|holdout_figure1b|300|72,26565b7447de1372231ee5b5c71f23a3563d760c3bf055b955ba8f5be43301c5,02c9fbdcefe331a4e347af91d5522ca8405f9441d239b728644108c91678cfe4,ef3f0c89d96ab326ed5c33340210b37033e47b033e9f124811cce7c80ef83b87,False,ok
figure3-wide-r3-20260716T132945Z-99bbe7a-6d84b1f54e25,figure3b,holdout_figure1b,300,72,2,6,figure3-wide-r3-b-z02-a06,,,0.8272450692089377,2.0,2,68,100,100,1.0,0.9630065017930143,1.0,0.24,post_freeze_wide_round_3,transition,True,figure1bc|114514|holdout_figure1b|300|72,26565b7447de1372231ee5b5c71f23a3563d760c3bf055b955ba8f5be43301c5,38c41336ce2ad3fc791923d97eb0729cde3b47015364ef5808c1deb15162107a,ef3f0c89d96ab326ed5c33340210b37033e47b033e9f124811cce7c80ef83b87,False,ok
figure3-wide-r3-20260716T132945Z-99bbe7a-6d84b1f54e25,figure3b,holdout_figure1b,300,72,2,6,figure3-wide-r3-b-z02-a07,,,0.8971754204359096,2.0,2,70,100,100,1.0,0.9630065017930143,1.0,0.24,post_freeze_wide_round_3,transition,True,figure1bc|114514|holdout_figure1b|300|72,26565b7447de1372231ee5b5c71f23a3563d760c3bf055b955ba8f5be43301c5,19fbb5005aea6a3adace4f32c54727303da44a84a51f342e692f80a0b79457af,ef3f0c89d96ab326ed5c33340210b37033e47b033e9f124811cce7c80ef83b87,False,ok
figure3-wide-r3-20260716T132945Z-99bbe7a-6d84b1f54e25,figure3b,holdout_figure1b,300,72,2,6,figure3-wide-r3-b-z02-a08,,,0.9408232733593045,2.0,2,71,100,100,1.0,0.9630065017930143,1.0,0.24,post_freeze_wide_round_3,transition,True,figure1bc|114514|holdout_figure1b|300|72,26565b7447de1372231ee5b5c71f23a3563d760c3bf055b955ba8f5be43301c5,1831eee4f9ab840257ebe7ffe458e17e5fc341377781e64be46c2d7ac0c488c1,ef3f0c89d96ab326ed5c33340210b37033e47b033e9f124811cce7c80ef83b87,False,ok
figure3-wide-r3-20260716T132945Z-99bbe7a-6d84b1f54e25,figure3b,holdout_figure1b,300,72,2,6,figure3-wide-r3-b-z02-a09,,,0.9666322087978757,2.0,2,72,100,100,1.0,0.9630065017930143,1.0,0.24,post_freeze_wide_round_3,transition,True,figure1bc|114514|holdout_figure1b|300|72,26565b7447de1372231ee5b5c71f23a3563d760c3bf055b955ba8f5be43301c5,e6b5581dcd56bfe0d1c76b8f404caf6885aa9f40b207f1830f742c353570e811,ef3f0c89d96ab326ed5c33340210b37033e47b033e9f124811cce7c80ef83b87,False,ok
figure3-wide-r3-20260716T132945Z-99bbe7a-6d84b1f54e25,figure3b,holdout_figure1b,300,72,2,6,figure3-wide-r3-b-z02-a10,,,0.9814074541817858,2.0,2,72,100,100,1.0,0.9630065017930143,1.0,0.24,post_freeze_wide_round_3,transition,True,figure1bc|114514|holdout_figure1b|300|72,26565b7447de1372231ee5b5c71f23a3563d760c3bf055b955ba8f5be43301c5,4389824923038b2b6c48dec7f9cfa52f17632819d5a2d1ebee0612971453e280,ef3f0c89d96ab326ed5c33340210b37033e47b033e9f124811cce7c80ef83b87,False,ok
figure3-wide-r3-20260716T132945Z-99bbe7a-6d84b1f54e25,figure3b,holdout_figure1b,300,72,2,6,figure3-wide-r3-b-z03-a00,,,0.11570232443340224,5.0,5,62,100,60,0.6,0.5020025867910618,0.6905987135675411,0.24,post_freeze_wide_round_3,transition,True,figure1bc|114514|holdout_figure1b|300|72,26565b7447de1372231ee5b5c71f23a3563d760c3bf055b955ba8f5be43301c5,22338a4d0315db152548f05cf5729a20a7035e2ede774fc6e1b867b9962c3c5c,ef3f0c89d96ab326ed5c33340210b37033e47b033e9f124811cce7c80ef83b87,False,ok
figure3-wide-r3-20260716T132945Z-99bbe7a-6d84b1f54e25,figure3b,holdout_figure1b,300,72,2,6,figure3-wide-r3-b-z03-a01,,,0.19251148483725977,5.0,5,63,100,68,0.68,0.5833738138954762,0.7633085267500092,0.24,post_freeze_wide_round_3,transition,True,figure1bc|114514|holdout_figure1b|300|72,26565b7447de1372231ee5b5c71f23a3563d760c3bf055b955ba8f5be43301c5,0611c0954d08d164d59febe85025328b9c108e1d794af48a1db2235fd1523127,ef3f0c89d96ab326ed5c33340210b37033e47b033e9f124811cce7c80ef83b87,False,ok
figure3-wide-r3-20260716T132945Z-99bbe7a-6d84b1f54e25,figure3b,holdout_figure1b,300,72,2,6,figure3-wide-r3-b-z03-a02,,,0.30284787672851043,5.0,5,64,100,77,0.77,0.6784561697712622,0.8415673411969654,0.24,post_freeze_wide_round_3,transition,True,figure1bc|114514|holdout_figure1b|300|72,26565b7447de1372231ee5b5c71f23a3563d760c3bf055b955ba8f5be43301c5,bd2628807ae9e467570223b802244ff653848f8c367d923dca5ed3616b6373f9,ef3f0c89d96ab326ed5c33340210b37033e47b033e9f124811cce7c80ef83b87,False,ok
figure3-wide-r3-20260716T132945Z-99bbe7a-6d84b1f54e25,figure3b,holdout_figure1b,300,72,2,6,figure3-wide-r3-b-z03-a03,,,0.4418214581980088,5.0,5,66,100,79,0.79,0.7002003116591013,0.858343459380847,0.24,post_freeze_wide_round_3,transition,True,figure1bc|114514|holdout_figure1b|300|72,26565b7447de1372231ee5b5c71f23a3563d760c3bf055b955ba8f5be43301c5,6d45a26bfb96fdbd37138d0b1c8d5ab6d7a87b4169cd3da8493b8c1e40e83353,ef3f0c89d96ab326ed5c33340210b37033e47b033e9f124811cce7c80ef83b87,False,ok
figure3-wide-r3-20260716T132945Z-99bbe7a-6d84b1f54e25,figure3b,holdout_figure1b,300,72,2,6,figure3-wide-r3-b-z03-a04,,,0.5905469704301111,5.0,5,68,100,89,0.89,0.8136870349691969,0.9374580364293543,0.24,post_freeze_wide_round_3,transition,True,figure1bc|114514|holdout_figure1b|300|72,26565b7447de1372231ee5b5c71f23a3563d760c3bf055b955ba8f5be43301c5,e0e19fffa4e750ca0593fd44b3207cee871e0a62c8e5be39e203020aec17730a,ef3f0c89d96ab326ed5c33340210b37033e47b033e9f124811cce7c80ef83b87,False,ok
figure3-wide-r3-20260716T132945Z-99bbe7a-6d84b1f54e25,figure3b,holdout_figure1b,300,72,2,6,figure3-wide-r3-b-z03-a05,,,0.7243668166820519,5.0,5,69,100,95,0.95,0.8882495307680808,0.9784563208456319,0.24,post_freeze_wide_round_3,transition,True,figure1bc|114514|holdout_figure1b|300|72,26565b7447de1372231ee5b5c71f23a3563d760c3bf055b955ba8f5be43301c5,8f975f7f0be08329f561b6d1ec39ff2b38fe4fb55f79409a2bcff5bb068cfe25,ef3f0c89d96ab326ed5c33340210b37033e47b033e9f124811cce7c80ef83b87,False,ok
figure3-wide-r3-20260716T132945Z-99bbe7a-6d84b1f54e25,figure3b,holdout_figure1b,300,72,2,6,figure3-wide-r3-b-z03-a06,,,0.8272450692089377,5.0,5,70,100,92,0.92,0.8500189229905127,0.9589065385156194,0.24,post_freeze_wide_round_3,transition,True,figure1bc|114514|holdout_figure1b|300|72,26565b7447de1372231ee5b5c71f23a3563d760c3bf055b955ba8f5be43301c5,8cf26538d572d08e0cff7d22e5b6ae82b488109a7f878e001f63732ef4bf8c1a,ef3f0c89d96ab326ed5c33340210b37033e47b033e9f124811cce7c80ef83b87,False,ok
figure3-wide-r3-20260716T132945Z-99bbe7a-6d84b1f54e25,figure3b,holdout_figure1b,300,72,2,6,figure3-wide-r3-b-z03-a07,,,0.8971754204359096,5.0,5,71,100,91,0.91,0.837737871472837,0.9519274599974348,0.24,post_freeze_wide_round_3,transition,True,figure1bc|114514|holdout_figure1b|300|72,26565b7447de1372231ee5b5c71f23a3563d760c3bf055b955ba8f5be43301c5,53ec875ed76e1af555ee5661f8aea6287f30e72cf1bb0947bdaa0468c9107910,ef3f0c89d96ab326ed5c33340210b37033e47b033e9f124811cce7c80ef83b87,False,ok
figure3-wide-r3-20260716T132945Z-99bbe7a-6d84b1f54e25,figure3b,holdout_figure1b,300,72,2,6,figure3-wide-r3-b-z03-a08,,,0.9408232733593045,5.0,5,72,100,96,0.96,0.9016292856411208,0.9843366960084523,0.24,post_freeze_wide_round_3,transition,True,figure1bc|114514|holdout_figure1b|300|72,26565b7447de1372231ee5b5c71f23a3563d760c3bf055b955ba8f5be43301c5,71d4d2fb21d23da7d55b3adedff1e97f40ff2e5ccabd9f6fe617ffa8495506ec,ef3f0c89d96ab326ed5c33340210b37033e47b033e9f124811cce7c80ef83b87,False,ok
figure3-wide-r3-20260716T132945Z-99bbe7a-6d84b1f54e25,figure3b,holdout_figure1b,300,72,2,6,figure3-wide-r3-b-z03-a09,,,0.9666322087978757,5.0,5,72,100,96,0.96,0.9016292856411208,0.9843366960084523,0.24,post_freeze_wide_round_3,transition,True,figure1bc|114514|holdout_figure1b|300|72,26565b7447de1372231ee5b5c71f23a3563d760c3bf055b955ba8f5be43301c5,fdc3ee6f31a0c75645fbfe66317677f48b087edb94b6acda1edee1718f2e379f,ef3f0c89d96ab326ed5c33340210b37033e47b033e9f124811cce7c80ef83b87,False,ok
figure3-wide-r3-20260716T132945Z-99bbe7a-6d84b1f54e25,figure3b,holdout_figure1b,300,72,2,6,figure3-wide-r3-b-z03-a10,,,0.9814074541817858,5.0,5,72,100,96,0.96,0.9016292856411208,0.9843366960084523,0.24,post_freeze_wide_round_3,transition,True,figure1bc|114514|holdout_figure1b|300|72,26565b7447de1372231ee5b5c71f23a3563d760c3bf055b955ba8f5be43301c5,20b25e3c563150993f63247d32a8c39020b3f609df5e511883f61b972422f865,ef3f0c89d96ab326ed5c33340210b37033e47b033e9f124811cce7c80ef83b87,False,ok
figure3-wide-r3-20260716T132945Z-99bbe7a-6d84b1f54e25,figure3b,holdout_figure1b,300,72,2,6,figure3-wide-r3-b-z04-a00,,,0.11570232443340224,12.0,12,68,100,10,0.1,0.0552291370606751,0.17436566150491345,0.24,post_freeze_wide_round_3,transition,True,figure1bc|114514|holdout_figure1b|300|72,26565b7447de1372231ee5b5c71f23a3563d760c3bf055b955ba8f5be43301c5,0422ec98254af18db7477ce9e4a9ee4be9a2fed465668ecec3d96d56d9b95346,ef3f0c89d96ab326ed5c33340210b37033e47b033e9f124811cce7c80ef83b87,False,ok
figure3-wide-r3-20260716T132945Z-99bbe7a-6d84b1f54e25,figure3b,holdout_figure1b,300,72,2,6,figure3-wide-r3-b-z04-a01,,,0.19251148483725977,12.0,12,68,100,10,0.1,0.0552291370606751,0.17436566150491345,0.24,post_freeze_wide_round_3,transition,True,figure1bc|114514|holdout_figure1b|300|72,26565b7447de1372231ee5b5c71f23a3563d760c3bf055b955ba8f5be43301c5,2a4f8e4b906e8a0fe675e031348126cef0f314b7e3707950fd4519b0828fdf7f,ef3f0c89d96ab326ed5c33340210b37033e47b033e9f124811cce7c80ef83b87,False,ok
figure3-wide-r3-20260716T132945Z-99bbe7a-6d84b1f54e25,figure3b,holdout_figure1b,300,72,2,6,figure3-wide-r3-b-z04-a02,,,0.30284787672851043,12.0,12,69,100,14,0.14,0.08526343659939134,0.22137188210963837,0.24,post_freeze_wide_round_3,transition,True,figure1bc|114514|holdout_figure1b|300|72,26565b7447de1372231ee5b5c71f23a3563d760c3bf055b955ba8f5be43301c5,3c469f74093705ceadd0c027a55a8910dad312ecefbdad0c8b60e61b01819901,ef3f0c89d96ab326ed5c33340210b37033e47b033e9f124811cce7c80ef83b87,False,ok
figure3-wide-r3-20260716T132945Z-99bbe7a-6d84b1f54e25,figure3b,holdout_figure1b,300,72,2,6,figure3-wide-r3-b-z04-a03,,,0.4418214581980088,12.0,12,70,100,15,0.15,0.0930598528365663,0.23283559590832364,0.24,post_freeze_wide_round_3,transition,True,figure1bc|114514|holdout_figure1b|300|72,26565b7447de1372231ee5b5c71f23a3563d760c3bf055b955ba8f5be43301c5,0006f959bcbd320cc38bc76962c649a7d020f88a5e2d354d101381ec924a83b3,ef3f0c89d96ab326ed5c33340210b37033e47b033e9f124811cce7c80ef83b87,False,ok
figure3-wide-r3-20260716T132945Z-99bbe7a-6d84b1f54e25,figure3b,holdout_figure1b,300,72,2,6,figure3-wide-r3-b-z04-a04,,,0.5905469704301111,12.0,12,70,100,15,0.15,0.0930598528365663,0.23283559590832364,0.24,post_freeze_wide_round_3,transition,True,figure1bc|114514|holdout_figure1b|300|72,26565b7447de1372231ee5b5c71f23a3563d760c3bf055b955ba8f5be43301c5,39e46dc5d80780de4bede42ad048e0f0989b53a595e05f34dea54c4993851fe7,ef3f0c89d96ab326ed5c33340210b37033e47b033e9f124811cce7c80ef83b87,False,ok
figure3-wide-r3-20260716T132945Z-99bbe7a-6d84b1f54e25,figure3b,holdout_figure1b,300,72,2,6,figure3-wide-r3-b-z04-a05,,,0.7243668166820519,12.0,12,71,100,25,0.25,0.17545211362287672,0.34304463548061603,0.24,post_freeze_wide_round_3,transition,True,figure1bc|114514|holdout_figure1b|300|72,26565b7447de1372231ee5b5c71f23a3563d760c3bf055b955ba8f5be43301c5,08caddc25081ceed4acc029d8fd7da5201d76824b6e351b203143370a072fd26,ef3f0c89d96ab326ed5c33340210b37033e47b033e9f124811cce7c80ef83b87,False,ok
figure3-wide-r3-20260716T132945Z-99bbe7a-6d84b1f54e25,figure3b,holdout_figure1b,300,72,2,6,figure3-wide-r3-b-z04-a06,,,0.8272450692089377,12.0,12,72,100,25,0.25,0.17545211362287672,0.34304463548061603,0.24,post_freeze_wide_round_3,transition,True,figure1bc|114514|holdout_figure1b|300|72,26565b7447de1372231ee5b5c71f23a3563d760c3bf055b955ba8f5be43301c5,c3ddbaae86019d4d6b50ad6d59dc1dc20e7d3a1ab1fd0fe8f03b4b949b5c7eba,ef3f0c89d96ab326ed5c33340210b37033e47b033e9f124811cce7c80ef83b87,False,ok
figure3-wide-r3-20260716T132945Z-99bbe7a-6d84b1f54e25,figure3b,holdout_figure1b,300,72,2,6,figure3-wide-r3-b-z04-a07,,,0.8971754204359096,12.0,12,72,100,25,0.25,0.17545211362287672,0.34304463548061603,0.24,post_freeze_wide_round_3,transition,True,figure1bc|114514|holdout_figure1b|300|72,26565b7447de1372231ee5b5c71f23a3563d760c3bf055b955ba8f5be43301c5,8757131d932378c819d20c52ee18ebd526be54e76475361412e8b05e2e802939,ef3f0c89d96ab326ed5c33340210b37033e47b033e9f124811cce7c80ef83b87,False,ok
figure3-wide-r3-20260716T132945Z-99bbe7a-6d84b1f54e25,figure3b,holdout_figure1b,300,72,2,6,figure3-wide-r3-b-z04-a08,,,0.9408232733593045,12.0,12,72,100,25,0.25,0.17545211362287672,0.34304463548061603,0.24,post_freeze_wide_round_3,transition,True,figure1bc|114514|holdout_figure1b|300|72,26565b7447de1372231ee5b5c71f23a3563d760c3bf055b955ba8f5be43301c5,1c10056a832cdc52248f124e4a5865d115e1d7ea75bf5b5ae7433cce10f0d18f,ef3f0c89d96ab326ed5c33340210b37033e47b033e9f124811cce7c80ef83b87,False,ok
figure3-wide-r3-20260716T132945Z-99bbe7a-6d84b1f54e25,figure3b,holdout_figure1b,300,72,2,6,figure3-wide-r3-b-z04-a09,,,0.9666322087978757,12.0,12,72,100,25,0.25,0.17545211362287672,0.34304463548061603,0.24,post_freeze_wide_round_3,transition,True,figure1bc|114514|holdout_figure1b|300|72,26565b7447de1372231ee5b5c71f23a3563d760c3bf055b955ba8f5be43301c5,080f9b2c6b139ebcec301f37f4ad400e15be835f15e8f066f1b1c12e18552aa7,ef3f0c89d96ab326ed5c33340210b37033e47b033e9f124811cce7c80ef83b87,False,ok
figure3-wide-r3-20260716T132945Z-99bbe7a-6d84b1f54e25,figure3b,holdout_figure1b,300,72,2,6,figure3-wide-r3-b-z04-a10,,,0.9814074541817858,12.0,12,72,100,25,0.25,0.17545211362287672,0.34304463548061603,0.24,post_freeze_wide_round_3,transition,True,figure1bc|114514|holdout_figure1b|300|72,26565b7447de1372231ee5b5c71f23a3563d760c3bf055b955ba8f5be43301c5,def0058a09b5f7523e22a80f4aa0f2aa798a8a6c985d039015f8382699dd455b,ef3f0c89d96ab326ed5c33340210b37033e47b033e9f124811cce7c80ef83b87,False,ok
figure3-wide-r3-20260716T132945Z-99bbe7a-6d84b1f54e25,figure3b,holdout_figure1b,300,72,2,6,frozen-prediction,0.875,0.9,0.7243668166820519,1.5857729624015182,2,66,100,100,1.0,0.9630065017930143,1.0,0.24,post_freeze_wide_round_3,transition,True,figure1bc|114514|holdout_figure1b|300|72,26565b7447de1372231ee5b5c71f23a3563d760c3bf055b955ba8f5be43301c5,4a7c0aafb00c2335d759d0e7159ba4248baf72704a0c6299b07161f8b2c35553,ef3f0c89d96ab326ed5c33340210b37033e47b033e9f124811cce7c80ef83b87,True,ok
figure3-wide-r3-20260716T132945Z-99bbe7a-6d84b1f54e25,figure3c,holdout_figure1b,1000,211,2,6,figure3-wide-r3-c-z00-a00,,,0.11570232443340224,0.0,0,25,100,97,0.97,0.9154806357094724,0.9897454759759611,0.211,post_freeze_wide_round_3,transition,True,figure1bc|114514|holdout_figure1b|1000|211,67b28e569249f8d4f5c46de41f8e29ace088920455149a8b2781717a21b64091,e6886b6974e6b412465b6558be65da4eadd811227203bd8ff5bcad6ad1d0695c,ef3f0c89d96ab326ed5c33340210b37033e47b033e9f124811cce7c80ef83b87,False,ok
figure3-wide-r3-20260716T132945Z-99bbe7a-6d84b1f54e25,figure3c,holdout_figure1b,1000,211,2,6,figure3-wide-r3-c-z00-a01,,,0.19251148483725977,0.0,0,41,100,92,0.92,0.8500189229905127,0.9589065385156194,0.211,post_freeze_wide_round_3,transition,True,figure1bc|114514|holdout_figure1b|1000|211,67b28e569249f8d4f5c46de41f8e29ace088920455149a8b2781717a21b64091,919dc0199f7cfc6b35622811569ee10d6945784c2aba399a8a7fe2d7b9e04a84,ef3f0c89d96ab326ed5c33340210b37033e47b033e9f124811cce7c80ef83b87,False,ok
figure3-wide-r3-20260716T132945Z-99bbe7a-6d84b1f54e25,figure3c,holdout_figure1b,1000,211,2,6,figure3-wide-r3-c-z00-a02,,,0.30284787672851043,0.0,0,64,100,95,0.95,0.8882495307680808,0.9784563208456319,0.211,post_freeze_wide_round_3,transition,True,figure1bc|114514|holdout_figure1b|1000|211,67b28e569249f8d4f5c46de41f8e29ace088920455149a8b2781717a21b64091,0f26c8cd539149071a349fa1b3f3ad1e641bc57dbc50f0d31025421c7409d781,ef3f0c89d96ab326ed5c33340210b37033e47b033e9f124811cce7c80ef83b87,False,ok
figure3-wide-r3-20260716T132945Z-99bbe7a-6d84b1f54e25,figure3c,holdout_figure1b,1000,211,2,6,figure3-wide-r3-c-z00-a03,,,0.4418214581980088,0.0,0,94,100,98,0.98,0.929988209271456,0.9944980324498376,0.211,post_freeze_wide_round_3,transition,True,figure1bc|114514|holdout_figure1b|1000|211,67b28e569249f8d4f5c46de41f8e29ace088920455149a8b2781717a21b64091,00595d560bf17f9524818450c3daff077e16809689176bc4a43827491b4b77b4,ef3f0c89d96ab326ed5c33340210b37033e47b033e9f124811cce7c80ef83b87,False,ok
figure3-wide-r3-20260716T132945Z-99bbe7a-6d84b1f54e25,figure3c,holdout_figure1b,1000,211,2,6,figure3-wide-r3-c-z00-a04,,,0.5905469704301111,0.0,0,125,100,93,0.93,0.8625048526092651,0.9656807389327273,0.211,post_freeze_wide_round_3,transition,True,figure1bc|114514|holdout_figure1b|1000|211,67b28e569249f8d4f5c46de41f8e29ace088920455149a8b2781717a21b64091,4951a4ec0277c94d126a7bdadd61c9ada6f65701f187fa6ebef7b870c75e6bd2,ef3f0c89d96ab326ed5c33340210b37033e47b033e9f124811cce7c80ef83b87,False,ok
figure3-wide-r3-20260716T132945Z-99bbe7a-6d84b1f54e25,figure3c,holdout_figure1b,1000,211,2,6,figure3-wide-r3-c-z00-a05,,,0.7243668166820519,0.0,0,153,100,87,0.87,0.7901964855992357,0.9224283257275948,0.211,post_freeze_wide_round_3,transition,True,figure1bc|114514|holdout_figure1b|1000|211,67b28e569249f8d4f5c46de41f8e29ace088920455149a8b2781717a21b64091,2879a602407c0e2560113c06f07005d35773349d3fb3aa07f19c9042b8caa1eb,ef3f0c89d96ab326ed5c33340210b37033e47b033e9f124811cce7c80ef83b87,False,ok
figure3-wide-r3-20260716T132945Z-99bbe7a-6d84b1f54e25,figure3c,holdout_figure1b,1000,211,2,6,figure3-wide-r3-c-z00-a06,,,0.8272450692089377,0.0,0,175,100,93,0.93,0.8625048526092651,0.9656807389327273,0.211,post_freeze_wide_round_3,transition,True,figure1bc|114514|holdout_figure1b|1000|211,67b28e569249f8d4f5c46de41f8e29ace088920455149a8b2781717a21b64091,f7476adaf788a5764fdb869bc385ceb4f7c1364648c0c9bc331721634496926d,ef3f0c89d96ab326ed5c33340210b37033e47b033e9f124811cce7c80ef83b87,False,ok
figure3-wide-r3-20260716T132945Z-99bbe7a-6d84b1f54e25,figure3c,holdout_figure1b,1000,211,2,6,figure3-wide-r3-c-z00-a07,,,0.8971754204359096,0.0,0,190,100,94,0.94,0.8752318455410406,0.9722138760368118,0.211,post_freeze_wide_round_3,transition,True,figure1bc|114514|holdout_figure1b|1000|211,67b28e569249f8d4f5c46de41f8e29ace088920455149a8b2781717a21b64091,8cc02acf41a786864f2e8fe3beafdbe0a6c7904a39bbef077020d21ac7ad1580,ef3f0c89d96ab326ed5c33340210b37033e47b033e9f124811cce7c80ef83b87,False,ok
figure3-wide-r3-20260716T132945Z-99bbe7a-6d84b1f54e25,figure3c,holdout_figure1b,1000,211,2,6,figure3-wide-r3-c-z00-a08,,,0.9408232733593045,0.0,0,199,100,96,0.96,0.9016292856411208,0.9843366960084523,0.211,post_freeze_wide_round_3,transition,True,figure1bc|114514|holdout_figure1b|1000|211,67b28e569249f8d4f5c46de41f8e29ace088920455149a8b2781717a21b64091,ef59f6e96aea205acc7aa9896aef24a40b0970a6d326855750e5cef3af6ed117,ef3f0c89d96ab326ed5c33340210b37033e47b033e9f124811cce7c80ef83b87,False,ok
figure3-wide-r3-20260716T132945Z-99bbe7a-6d84b1f54e25,figure3c,holdout_figure1b,1000,211,2,6,figure3-wide-r3-c-z00-a09,,,0.9666322087978757,0.0,0,204,100,93,0.93,0.8625048526092651,0.9656807389327273,0.211,post_freeze_wide_round_3,transition,True,figure1bc|114514|holdout_figure1b|1000|211,67b28e569249f8d4f5c46de41f8e29ace088920455149a8b2781717a21b64091,31e32f310c7fb8d51c7b30eaee6e2afe38320342afdbb6e3657a71715f64fa0f,ef3f0c89d96ab326ed5c33340210b37033e47b033e9f124811cce7c80ef83b87,False,ok
figure3-wide-r3-20260716T132945Z-99bbe7a-6d84b1f54e25,figure3c,holdout_figure1b,1000,211,2,6,figure3-wide-r3-c-z00-a10,,,0.9814074541817858,0.0,0,208,100,95,0.95,0.8882495307680808,0.9784563208456319,0.211,post_freeze_wide_round_3,transition,True,figure1bc|114514|holdout_figure1b|1000|211,67b28e569249f8d4f5c46de41f8e29ace088920455149a8b2781717a21b64091,7025f7e81e82455a680dde57a807493bcfb7546d7834d6a3d3e52b8c1e106e55,ef3f0c89d96ab326ed5c33340210b37033e47b033e9f124811cce7c80ef83b87,False,ok
figure3-wide-r3-20260716T132945Z-99bbe7a-6d84b1f54e25,figure3c,holdout_figure1b,1000,211,2,6,figure3-wide-r3-c-z01-a00,,,0.11570232443340224,1.0,1,119,100,0,0.0,0.0,0.03699349820698568,0.211,post_freeze_wide_round_3,transition,True,figure1bc|114514|holdout_figure1b|1000|211,67b28e569249f8d4f5c46de41f8e29ace088920455149a8b2781717a21b64091,005ce55b7210179557d23b02f84dd87c32ee527cf768e55cf662a146a7d5896b,ef3f0c89d96ab326ed5c33340210b37033e47b033e9f124811cce7c80ef83b87,False,ok
figure3-wide-r3-20260716T132945Z-99bbe7a-6d84b1f54e25,figure3c,holdout_figure1b,1000,211,2,6,figure3-wide-r3-c-z01-a01,,,0.19251148483725977,1.0,1,127,100,0,0.0,0.0,0.03699349820698568,0.211,post_freeze_wide_round_3,transition,True,figure1bc|114514|holdout_figure1b|1000|211,67b28e569249f8d4f5c46de41f8e29ace088920455149a8b2781717a21b64091,ec9942172edeee378b60fbb3a9cc8ccb8d74a9629f13fa8b0d09e48f82c56e07,ef3f0c89d96ab326ed5c33340210b37033e47b033e9f124811cce7c80ef83b87,False,ok
figure3-wide-r3-20260716T132945Z-99bbe7a-6d84b1f54e25,figure3c,holdout_figure1b,1000,211,2,6,figure3-wide-r3-c-z01-a02,,,0.30284787672851043,1.0,1,138,100,9,0.09,0.04807254000256516,0.1622621285271631,0.211,post_freeze_wide_round_3,transition,True,figure1bc|114514|holdout_figure1b|1000|211,67b28e569249f8d4f5c46de41f8e29ace088920455149a8b2781717a21b64091,643fa68af3813c0ee189264f0cee1c6899ef38a1d238fe09014aff674959f7fb,ef3f0c89d96ab326ed5c33340210b37033e47b033e9f124811cce7c80ef83b87,False,ok
figure3-wide-r3-20260716T132945Z-99bbe7a-6d84b1f54e25,figure3c,holdout_figure1b,1000,211,2,6,figure3-wide-r3-c-z01-a03,,,0.4418214581980088,1.0,1,153,100,72,0.72,0.6251197129007884,0.7986031478881379,0.211,post_freeze_wide_round_3,transition,True,figure1bc|114514|holdout_figure1b|1000|211,67b28e569249f8d4f5c46de41f8e29ace088920455149a8b2781717a21b64091,fa070071f61356864b87198ea55c6a91ca673f80f77a5ca5b9e7b49b8801c02c,ef3f0c89d96ab326ed5c33340210b37033e47b033e9f124811cce7c80ef83b87,False,ok
figure3-wide-r3-20260716T132945Z-99bbe7a-6d84b1f54e25,figure3c,holdout_figure1b,1000,211,2,6,figure3-wide-r3-c-z01-a04,,,0.5905469704301111,1.0,1,169,100,99,0.99,0.9455138038212946,0.9982325679358593,0.211,post_freeze_wide_round_3,transition,True,figure1bc|114514|holdout_figure1b|1000|211,67b28e569249f8d4f5c46de41f8e29ace088920455149a8b2781717a21b64091,fd148f45003cbbe1a383b1072f08a921c50cac743dc724a6eff4dbbfd7f48c33,ef3f0c89d96ab326ed5c33340210b37033e47b033e9f124811cce7c80ef83b87,False,ok
figure3-wide-r3-20260716T132945Z-99bbe7a-6d84b1f54e25,figure3c,holdout_figure1b,1000,211,2,6,figure3-wide-r3-c-z01-a05,,,0.7243668166820519,1.0,1,183,100,98,0.98,0.929988209271456,0.9944980324498376,0.211,post_freeze_wide_round_3,transition,True,figure1bc|114514|holdout_figure1b|1000|211,67b28e569249f8d4f5c46de41f8e29ace088920455149a8b2781717a21b64091,b43abe6f2718df33e04b8bb2b7a60af13e44f632898c2ee92c768fc1eedc9416,ef3f0c89d96ab326ed5c33340210b37033e47b033e9f124811cce7c80ef83b87,False,ok
figure3-wide-r3-20260716T132945Z-99bbe7a-6d84b1f54e25,figure3c,holdout_figure1b,1000,211,2,6,figure3-wide-r3-c-z01-a06,,,0.8272450692089377,1.0,1,193,100,95,0.95,0.8882495307680808,0.9784563208456319,0.211,post_freeze_wide_round_3,transition,True,figure1bc|114514|holdout_figure1b|1000|211,67b28e569249f8d4f5c46de41f8e29ace088920455149a8b2781717a21b64091,30afe10b2b2e0006f2bd2876f1f14bab492d4744e713d3620d400dce3cf086a7,ef3f0c89d96ab326ed5c33340210b37033e47b033e9f124811cce7c80ef83b87,False,ok
figure3-wide-r3-20260716T132945Z-99bbe7a-6d84b1f54e25,figure3c,holdout_figure1b,1000,211,2,6,figure3-wide-r3-c-z01-a07,,,0.8971754204359096,1.0,1,201,100,99,0.99,0.9455138038212946,0.9982325679358593,0.211,post_freeze_wide_round_3,transition,True,figure1bc|114514|holdout_figure1b|1000|211,67b28e569249f8d4f5c46de41f8e29ace088920455149a8b2781717a21b64091,22d8dfd388a8dfccf7618cd206096526f56ca76f5795f376bf151ff04cc8f6b2,ef3f0c89d96ab326ed5c33340210b37033e47b033e9f124811cce7c80ef83b87,False,ok
figure3-wide-r3-20260716T132945Z-99bbe7a-6d84b1f54e25,figure3c,holdout_figure1b,1000,211,2,6,figure3-wide-r3-c-z01-a08,,,0.9408232733593045,1.0,1,205,100,96,0.96,0.9016292856411208,0.9843366960084523,0.211,post_freeze_wide_round_3,transition,True,figure1bc|114514|holdout_figure1b|1000|211,67b28e569249f8d4f5c46de41f8e29ace088920455149a8b2781717a21b64091,d888bc13aaae61e5d62f1b21e85ded0beccaecc3b0c84e982d0d2dada6957fdf,ef3f0c89d96ab326ed5c33340210b37033e47b033e9f124811cce7c80ef83b87,False,ok
figure3-wide-r3-20260716T132945Z-99bbe7a-6d84b1f54e25,figure3c,holdout_figure1b,1000,211,2,6,figure3-wide-r3-c-z01-a09,,,0.9666322087978757,1.0,1,208,100,93,0.93,0.8625048526092651,0.9656807389327273,0.211,post_freeze_wide_round_3,transition,True,figure1bc|114514|holdout_figure1b|1000|211,67b28e569249f8d4f5c46de41f8e29ace088920455149a8b2781717a21b64091,ed711db5c92a9db49211564a840d7a7cb76cd44d60eaf1bf1208dca0c9377eac,ef3f0c89d96ab326ed5c33340210b37033e47b033e9f124811cce7c80ef83b87,False,ok
figure3-wide-r3-20260716T132945Z-99bbe7a-6d84b1f54e25,figure3c,holdout_figure1b,1000,211,2,6,figure3-wide-r3-c-z01-a10,,,0.9814074541817858,1.0,1,210,100,93,0.93,0.8625048526092651,0.9656807389327273,0.211,post_freeze_wide_round_3,transition,True,figure1bc|114514|holdout_figure1b|1000|211,67b28e569249f8d4f5c46de41f8e29ace088920455149a8b2781717a21b64091,62c0a532749aa62bb7cb46fd4a6489ce1aab5f3b1e5a493206ec718dd0fcdd94,ef3f0c89d96ab326ed5c33340210b37033e47b033e9f124811cce7c80ef83b87,False,ok
figure3-wide-r3-20260716T132945Z-99bbe7a-6d84b1f54e25,figure3c,holdout_figure1b,1000,211,2,6,figure3-wide-r3-c-z02-a00,,,0.11570232443340224,2.0,2,150,100,0,0.0,0.0,0.03699349820698568,0.211,post_freeze_wide_round_3,transition,True,figure1bc|114514|holdout_figure1b|1000|211,67b28e569249f8d4f5c46de41f8e29ace088920455149a8b2781717a21b64091,93252ec5f9a9dfdf7694a181c1487fd7c084a1f9d9c5c1e43a1fd91eb324175d,ef3f0c89d96ab326ed5c33340210b37033e47b033e9f124811cce7c80ef83b87,False,ok
figure3-wide-r3-20260716T132945Z-99bbe7a-6d84b1f54e25,figure3c,holdout_figure1b,1000,211,2,6,figure3-wide-r3-c-z02-a01,,,0.19251148483725977,2.0,2,155,100,0,0.0,0.0,0.03699349820698568,0.211,post_freeze_wide_round_3,transition,True,figure1bc|114514|holdout_figure1b|1000|211,67b28e569249f8d4f5c46de41f8e29ace088920455149a8b2781717a21b64091,bd6068cda82a243f6b49796b773a708c7481088c4154c66fecba2a44590662f1,ef3f0c89d96ab326ed5c33340210b37033e47b033e9f124811cce7c80ef83b87,False,ok
figure3-wide-r3-20260716T132945Z-99bbe7a-6d84b1f54e25,figure3c,holdout_figure1b,1000,211,2,6,figure3-wide-r3-c-z02-a02,,,0.30284787672851043,2.0,2,163,100,7,0.07,0.03431926106727268,0.137495147390735,0.211,post_freeze_wide_round_3,transition,True,figure1bc|114514|holdout_figure1b|1000|211,67b28e569249f8d4f5c46de41f8e29ace088920455149a8b2781717a21b64091,ec097c8ac9e91804418fbd5378ccd531e49220dcd2f9a0c74f2675dba2f395b2,ef3f0c89d96ab326ed5c33340210b37033e47b033e9f124811cce7c80ef83b87,False,ok
figure3-wide-r3-20260716T132945Z-99bbe7a-6d84b1f54e25,figure3c,holdout_figure1b,1000,211,2,6,figure3-wide-r3-c-z02-a03,,,0.4418214581980088,2.0,2,172,100,49,0.49,0.3942199893044113,0.5865198806597283,0.211,post_freeze_wide_round_3,transition,True,figure1bc|114514|holdout_figure1b|1000|211,67b28e569249f8d4f5c46de41f8e29ace088920455149a8b2781717a21b64091,0a02ec873ca69b29018f09ca91f0e349602f401483b5a3f6fbccafbb07d11a73,ef3f0c89d96ab326ed5c33340210b37033e47b033e9f124811cce7c80ef83b87,False,ok
figure3-wide-r3-20260716T132945Z-99bbe7a-6d84b1f54e25,figure3c,holdout_figure1b,1000,211,2,6,figure3-wide-r3-c-z02-a04,,,0.5905469704301111,2.0,2,183,100,98,0.98,0.929988209271456,0.9944980324498376,0.211,post_freeze_wide_round_3,transition,True,figure1bc|114514|holdout_figure1b|1000|211,67b28e569249f8d4f5c46de41f8e29ace088920455149a8b2781717a21b64091,6f71445bbbeb49064d68ca39237e44c78ba7b41a3818909af22c60e3957d7152,ef3f0c89d96ab326ed5c33340210b37033e47b033e9f124811cce7c80ef83b87,False,ok
figure3-wide-r3-20260716T132945Z-99bbe7a-6d84b1f54e25,figure3c,holdout_figure1b,1000,211,2,6,figure3-wide-r3-c-z02-a06,,,0.8272450692089377,2.0,2,199,100,99,0.99,0.9455138038212946,0.9982325679358593,0.211,post_freeze_wide_round_3,transition,True,figure1bc|114514|holdout_figure1b|1000|211,67b28e569249f8d4f5c46de41f8e29ace088920455149a8b2781717a21b64091,803c43aa48d32d98e1ed239524e5f178b7c30e3d2e2d627e1e679fe52ecf8845,ef3f0c89d96ab326ed5c33340210b37033e47b033e9f124811cce7c80ef83b87,False,ok
figure3-wide-r3-20260716T132945Z-99bbe7a-6d84b1f54e25,figure3c,holdout_figure1b,1000,211,2,6,figure3-wide-r3-c-z02-a07,,,0.8971754204359096,2.0,2,204,100,98,0.98,0.929988209271456,0.9944980324498376,0.211,post_freeze_wide_round_3,transition,True,figure1bc|114514|holdout_figure1b|1000|211,67b28e569249f8d4f5c46de41f8e29ace088920455149a8b2781717a21b64091,d9a98be230be2c446af240ec78ef3cd7a00e6e60db529f7a805125d2359afe96,ef3f0c89d96ab326ed5c33340210b37033e47b033e9f124811cce7c80ef83b87,False,ok
figure3-wide-r3-20260716T132945Z-99bbe7a-6d84b1f54e25,figure3c,holdout_figure1b,1000,211,2,6,figure3-wide-r3-c-z02-a08,,,0.9408232733593045,2.0,2,207,100,100,1.0,0.9630065017930143,1.0,0.211,post_freeze_wide_round_3,transition,True,figure1bc|114514|holdout_figure1b|1000|211,67b28e569249f8d4f5c46de41f8e29ace088920455149a8b2781717a21b64091,e6b4f3bf5165d358357cfdb9a958c7087ef22b151b7e474fe77eccc8aa29515c,ef3f0c89d96ab326ed5c33340210b37033e47b033e9f124811cce7c80ef83b87,False,ok
figure3-wide-r3-20260716T132945Z-99bbe7a-6d84b1f54e25,figure3c,holdout_figure1b,1000,211,2,6,figure3-wide-r3-c-z02-a09,,,0.9666322087978757,2.0,2,209,100,97,0.97,0.9154806357094724,0.9897454759759611,0.211,post_freeze_wide_round_3,transition,True,figure1bc|114514|holdout_figure1b|1000|211,67b28e569249f8d4f5c46de41f8e29ace088920455149a8b2781717a21b64091,82dd796935ae5f9619095de8674c349951812e190b767a799a89a330e9abc746,ef3f0c89d96ab326ed5c33340210b37033e47b033e9f124811cce7c80ef83b87,False,ok
figure3-wide-r3-20260716T132945Z-99bbe7a-6d84b1f54e25,figure3c,holdout_figure1b,1000,211,2,6,figure3-wide-r3-c-z02-a10,,,0.9814074541817858,2.0,2,210,100,97,0.97,0.9154806357094724,0.9897454759759611,0.211,post_freeze_wide_round_3,transition,True,figure1bc|114514|holdout_figure1b|1000|211,67b28e569249f8d4f5c46de41f8e29ace088920455149a8b2781717a21b64091,5fcff6be083e2735cd7ddb0e11a28ec846b088673a90e92914db1f6628078b53,ef3f0c89d96ab326ed5c33340210b37033e47b033e9f124811cce7c80ef83b87,False,ok
figure3-wide-r3-20260716T132945Z-99bbe7a-6d84b1f54e25,figure3c,holdout_figure1b,1000,211,2,6,figure3-wide-r3-c-z03-a00,,,0.11570232443340224,5.0,5,181,100,5,0.05,0.02154367915436796,0.11175046923191913,0.211,post_freeze_wide_round_3,transition,True,figure1bc|114514|holdout_figure1b|1000|211,67b28e569249f8d4f5c46de41f8e29ace088920455149a8b2781717a21b64091,8b6fade0e15646921c33246a40d6e33b102b98459567c75549ab5334824b6248,ef3f0c89d96ab326ed5c33340210b37033e47b033e9f124811cce7c80ef83b87,False,ok
figure3-wide-r3-20260716T132945Z-99bbe7a-6d84b1f54e25,figure3c,holdout_figure1b,1000,211,2,6,figure3-wide-r3-c-z03-a01,,,0.19251148483725977,5.0,5,183,100,11,0.11,0.06254196357064568,0.18631296503080313,0.211,post_freeze_wide_round_3,transition,True,figure1bc|114514|holdout_figure1b|1000|211,67b28e569249f8d4f5c46de41f8e29ace088920455149a8b2781717a21b64091,3a537be5b16917c80dbd705f9ae2b01101a6c56252e12bda9af082754cf5c056,ef3f0c89d96ab326ed5c33340210b37033e47b033e9f124811cce7c80ef83b87,False,ok
figure3-wide-r3-20260716T132945Z-99bbe7a-6d84b1f54e25,figure3c,holdout_figure1b,1000,211,2,6,figure3-wide-r3-c-z03-a02,,,0.30284787672851043,5.0,5,187,100,26,0.26,0.18404698464748132,0.3537098944918718,0.211,post_freeze_wide_round_3,transition,True,figure1bc|114514|holdout_figure1b|1000|211,67b28e569249f8d4f5c46de41f8e29ace088920455149a8b2781717a21b64091,8483c978feb09b12a9928799039830c506bd69cfbb99ff89503156711d970c6d,ef3f0c89d96ab326ed5c33340210b37033e47b033e9f124811cce7c80ef83b87,False,ok
figure3-wide-r3-20260716T132945Z-99bbe7a-6d84b1f54e25,figure3c,holdout_figure1b,1000,211,2,6,figure3-wide-r3-c-z03-a03,,,0.4418214581980088,5.0,5,192,100,64,0.64,0.5423540245160874,0.7272877959859567,0.211,post_freeze_wide_round_3,transition,True,figure1bc|114514|holdout_figure1b|1000|211,67b28e569249f8d4f5c46de41f8e29ace088920455149a8b2781717a21b64091,353afccbaa45085f315cebf759585bc62392cb4055830eee971fb3c7b206ab14,ef3f0c89d96ab326ed5c33340210b37033e47b033e9f124811cce7c80ef83b87,False,ok
figure3-wide-r3-20260716T132945Z-99bbe7a-6d84b1f54e25,figure3c,holdout_figure1b,1000,211,2,6,figure3-wide-r3-c-z03-a04,,,0.5905469704301111,5.0,5,197,100,81,0.81,0.7222115462093562,0.8748524849023126,0.211,post_freeze_wide_round_3,transition,True,figure1bc|114514|holdout_figure1b|1000|211,67b28e569249f8d4f5c46de41f8e29ace088920455149a8b2781717a21b64091,9756c0c7f96c81d72fe2759b53cdcea703c846ee34130806cc557f914e1435aa,ef3f0c89d96ab326ed5c33340210b37033e47b033e9f124811cce7c80ef83b87,False,ok
figure3-wide-r3-20260716T132945Z-99bbe7a-6d84b1f54e25,figure3c,holdout_figure1b,1000,211,2,6,figure3-wide-r3-c-z03-a05,,,0.7243668166820519,5.0,5,202,100,93,0.93,0.8625048526092651,0.9656807389327273,0.211,post_freeze_wide_round_3,transition,True,figure1bc|114514|holdout_figure1b|1000|211,67b28e569249f8d4f5c46de41f8e29ace088920455149a8b2781717a21b64091,0f936802bd5ed22489b320c16370c7d318cb0619060a50549aae4eb3b2c6ed26,ef3f0c89d96ab326ed5c33340210b37033e47b033e9f124811cce7c80ef83b87,False,ok
figure3-wide-r3-20260716T132945Z-99bbe7a-6d84b1f54e25,figure3c,holdout_figure1b,1000,211,2,6,figure3-wide-r3-c-z03-a06,,,0.8272450692089377,5.0,5,205,100,95,0.95,0.8882495307680808,0.9784563208456319,0.211,post_freeze_wide_round_3,transition,True,figure1bc|114514|holdout_figure1b|1000|211,67b28e569249f8d4f5c46de41f8e29ace088920455149a8b2781717a21b64091,273fa260c8e83c6fc0cdafe5aa1d6dd339f7052d05e931bc50ea7d338090f54c,ef3f0c89d96ab326ed5c33340210b37033e47b033e9f124811cce7c80ef83b87,False,ok
figure3-wide-r3-20260716T132945Z-99bbe7a-6d84b1f54e25,figure3c,holdout_figure1b,1000,211,2,6,figure3-wide-r3-c-z03-a07,,,0.8971754204359096,5.0,5,208,100,97,0.97,0.9154806357094724,0.9897454759759611,0.211,post_freeze_wide_round_3,transition,True,figure1bc|114514|holdout_figure1b|1000|211,67b28e569249f8d4f5c46de41f8e29ace088920455149a8b2781717a21b64091,3e136c6662eaaaf3605b5e5c22b06b3478165da41a718e7449c2ad1901b09ff4,ef3f0c89d96ab326ed5c33340210b37033e47b033e9f124811cce7c80ef83b87,False,ok
figure3-wide-r3-20260716T132945Z-99bbe7a-6d84b1f54e25,figure3c,holdout_figure1b,1000,211,2,6,figure3-wide-r3-c-z03-a08,,,0.9408232733593045,5.0,5,209,100,99,0.99,0.9455138038212946,0.9982325679358593,0.211,post_freeze_wide_round_3,transition,True,figure1bc|114514|holdout_figure1b|1000|211,67b28e569249f8d4f5c46de41f8e29ace088920455149a8b2781717a21b64091,b68f58de6bb78482a16eac9ae4bf666cab82f2d7306d8ebdccc69f01be0df92d,ef3f0c89d96ab326ed5c33340210b37033e47b033e9f124811cce7c80ef83b87,False,ok
figure3-wide-r3-20260716T132945Z-99bbe7a-6d84b1f54e25,figure3c,holdout_figure1b,1000,211,2,6,figure3-wide-r3-c-z03-a09,,,0.9666322087978757,5.0,5,210,100,95,0.95,0.8882495307680808,0.9784563208456319,0.211,post_freeze_wide_round_3,transition,True,figure1bc|114514|holdout_figure1b|1000|211,67b28e569249f8d4f5c46de41f8e29ace088920455149a8b2781717a21b64091,a477f2b904b4dc3bb8bb887e966ce22e2c4fd297ea1b13aa4fd084872d39e8eb,ef3f0c89d96ab326ed5c33340210b37033e47b033e9f124811cce7c80ef83b87,False,ok
figure3-wide-r3-20260716T132945Z-99bbe7a-6d84b1f54e25,figure3c,holdout_figure1b,1000,211,2,6,figure3-wide-r3-c-z03-a10,,,0.9814074541817858,5.0,5,211,100,98,0.98,0.929988209271456,0.9944980324498376,0.211,post_freeze_wide_round_3,transition,True,figure1bc|114514|holdout_figure1b|1000|211,67b28e569249f8d4f5c46de41f8e29ace088920455149a8b2781717a21b64091,d526d02087eea62db1910694eb79d8bb12c0efad4df2f3cc5d9f48c47bdad70e,ef3f0c89d96ab326ed5c33340210b37033e47b033e9f124811cce7c80ef83b87,False,ok
figure3-wide-r3-20260716T132945Z-99bbe7a-6d84b1f54e25,figure3c,holdout_figure1b,1000,211,2,6,figure3-wide-r3-c-z04-a00,,,0.11570232443340224,12.0,12,197,100,0,0.0,0.0,0.03699349820698568,0.211,post_freeze_wide_round_3,transition,True,figure1bc|114514|holdout_figure1b|1000|211,67b28e569249f8d4f5c46de41f8e29ace088920455149a8b2781717a21b64091,8aeff77c2dc4b9b4d364b4c76ef44baf5f1c93137ef0f09ca1fb8c9119c2fb5f,ef3f0c89d96ab326ed5c33340210b37033e47b033e9f124811cce7c80ef83b87,False,ok
figure3-wide-r3-20260716T132945Z-99bbe7a-6d84b1f54e25,figure3c,holdout_figure1b,1000,211,2,6,figure3-wide-r3-c-z04-a01,,,0.19251148483725977,12.0,12,199,100,2,0.02,0.00550196755016235,0.07001179072854388,0.211,post_freeze_wide_round_3,transition,True,figure1bc|114514|holdout_figure1b|1000|211,67b28e569249f8d4f5c46de41f8e29ace088920455149a8b2781717a21b64091,a64df7847c0deca72c38b25591d9d69b672ffdc553ef838d63f3ca514674a390,ef3f0c89d96ab326ed5c33340210b37033e47b033e9f124811cce7c80ef83b87,False,ok
figure3-wide-r3-20260716T132945Z-99bbe7a-6d84b1f54e25,figure3c,holdout_figure1b,1000,211,2,6,figure3-wide-r3-c-z04-a02,,,0.30284787672851043,12.0,12,200,100,4,0.04,0.01566330399154762,0.0983707143588792,0.211,post_freeze_wide_round_3,transition,True,figure1bc|114514|holdout_figure1b|1000|211,67b28e569249f8d4f5c46de41f8e29ace088920455149a8b2781717a21b64091,4b88c13d27dd793045a4cd103a0b0935edf52a4373c06ab16a3e4198d820b7aa,ef3f0c89d96ab326ed5c33340210b37033e47b033e9f124811cce7c80ef83b87,False,ok
figure3-wide-r3-20260716T132945Z-99bbe7a-6d84b1f54e25,figure3c,holdout_figure1b,1000,211,2,6,figure3-wide-r3-c-z04-a03,,,0.4418214581980088,12.0,12,203,100,10,0.1,0.0552291370606751,0.17436566150491345,0.211,post_freeze_wide_round_3,transition,True,figure1bc|114514|holdout_figure1b|1000|211,67b28e569249f8d4f5c46de41f8e29ace088920455149a8b2781717a21b64091,350cdeaa90843fe0d41054ebd30fb013e8ec3c42ef1638c3824e2a0b0d98357a,ef3f0c89d96ab326ed5c33340210b37033e47b033e9f124811cce7c80ef83b87,False,ok
figure3-wide-r3-20260716T132945Z-99bbe7a-6d84b1f54e25,figure3c,holdout_figure1b,1000,211,2,6,figure3-wide-r3-c-z04-a04,,,0.5905469704301111,12.0,12,205,100,22,0.22,0.150012823846054,0.31070353514985793,0.211,post_freeze_wide_round_3,transition,True,figure1bc|114514|holdout_figure1b|1000|211,67b28e569249f8d4f5c46de41f8e29ace088920455149a8b2781717a21b64091,f2e0ddced87b9fb852e3017a9fe272281195da30b083fc164435b7e56dafdd84,ef3f0c89d96ab326ed5c33340210b37033e47b033e9f124811cce7c80ef83b87,False,ok
figure3-wide-r3-20260716T132945Z-99bbe7a-6d84b1f54e25,figure3c,holdout_figure1b,1000,211,2,6,figure3-wide-r3-c-z04-a05,,,0.7243668166820519,12.0,12,207,100,30,0.3,0.2189488529493276,0.3958485463334666,0.211,post_freeze_wide_round_3,transition,True,figure1bc|114514|holdout_figure1b|1000|211,67b28e569249f8d4f5c46de41f8e29ace088920455149a8b2781717a21b64091,52e41c1a047d5f8c4f70ea93894f750b07227a7a27039be56bb40c19c382693b,ef3f0c89d96ab326ed5c33340210b37033e47b033e9f124811cce7c80ef83b87,False,ok
figure3-wide-r3-20260716T132945Z-99bbe7a-6d84b1f54e25,figure3c,holdout_figure1b,1000,211,2,6,figure3-wide-r3-c-z04-a06,,,0.8272450692089377,12.0,12,209,100,33,0.33,0.24563122734128034,0.4269465620490947,0.211,post_freeze_wide_round_3,transition,True,figure1bc|114514|holdout_figure1b|1000|211,67b28e569249f8d4f5c46de41f8e29ace088920455149a8b2781717a21b64091,4e74374fa736398910be73f27c6dc5683667357f41db54b58334976604eff3e1,ef3f0c89d96ab326ed5c33340210b37033e47b033e9f124811cce7c80ef83b87,False,ok
figure3-wide-r3-20260716T132945Z-99bbe7a-6d84b1f54e25,figure3c,holdout_figure1b,1000,211,2,6,figure3-wide-r3-c-z04-a07,,,0.8971754204359096,12.0,12,210,100,34,0.34,0.25461520797348164,0.43722271145275377,0.211,post_freeze_wide_round_3,transition,True,figure1bc|114514|holdout_figure1b|1000|211,67b28e569249f8d4f5c46de41f8e29ace088920455149a8b2781717a21b64091,38807cc4ce79513198d8383b7cdf77b74e591aac78bf056d1d1297ab3bbabfcb,ef3f0c89d96ab326ed5c33340210b37033e47b033e9f124811cce7c80ef83b87,False,ok
figure3-wide-r3-20260716T132945Z-99bbe7a-6d84b1f54e25,figure3c,holdout_figure1b,1000,211,2,6,figure3-wide-r3-c-z04-a08,,,0.9408232733593045,12.0,12,211,100,27,0.27,0.1926958414957634,0.36432116767944994,0.211,post_freeze_wide_round_3,transition,True,figure1bc|114514|holdout_figure1b|1000|211,67b28e569249f8d4f5c46de41f8e29ace088920455149a8b2781717a21b64091,81ec7623c1f1eb48f6f264cc6e5a47c2195b6fb0203e4d306a4a618379c6bc04,ef3f0c89d96ab326ed5c33340210b37033e47b033e9f124811cce7c80ef83b87,False,ok
figure3-wide-r3-20260716T132945Z-99bbe7a-6d84b1f54e25,figure3c,holdout_figure1b,1000,211,2,6,figure3-wide-r3-c-z04-a09,,,0.9666322087978757,12.0,12,211,100,27,0.27,0.1926958414957634,0.36432116767944994,0.211,post_freeze_wide_round_3,transition,True,figure1bc|114514|holdout_figure1b|1000|211,67b28e569249f8d4f5c46de41f8e29ace088920455149a8b2781717a21b64091,b7aaea707123315c9ef041f0caf05fa30337f2cb52c8307adb11d83d7d78eaa3,ef3f0c89d96ab326ed5c33340210b37033e47b033e9f124811cce7c80ef83b87,False,ok
figure3-wide-r3-20260716T132945Z-99bbe7a-6d84b1f54e25,figure3c,holdout_figure1b,1000,211,2,6,figure3-wide-r3-c-z04-a10,,,0.9814074541817858,12.0,12,211,100,27,0.27,0.1926958414957634,0.36432116767944994,0.211,post_freeze_wide_round_3,transition,True,figure1bc|114514|holdout_figure1b|1000|211,67b28e569249f8d4f5c46de41f8e29ace088920455149a8b2781717a21b64091,9f376381e4bc99bc0e4de7d7c41a8897b011b3c2a700f64d87fc2f5f75fdd8ba,ef3f0c89d96ab326ed5c33340210b37033e47b033e9f124811cce7c80ef83b87,False,ok
figure3-wide-r3-20260716T132945Z-99bbe7a-6d84b1f54e25,figure3c,holdout_figure1b,1000,211,2,6,frozen-prediction,0.875,0.9,0.7243668166820519,2.269295203055566,2,192,100,100,1.0,0.9630065017930143,1.0,0.211,post_freeze_wide_round_3,transition,True,figure1bc|114514|holdout_figure1b|1000|211,67b28e569249f8d4f5c46de41f8e29ace088920455149a8b2781717a21b64091,9197aea246255a22af03bf8a35ed8c8e294873c2be117cc0e8548eb731ed2f2e,ef3f0c89d96ab326ed5c33340210b37033e47b033e9f124811cce7c80ef83b87,True,ok
figure3-wide-r3-20260716T132945Z-99bbe7a-6d84b1f54e25,figure3d,holdout_figure1b,1000,224,2,6,figure3-wide-r3-d-z00-a00,,,0.11570232443340224,0.0,0,26,100,100,1.0,0.9630065017930143,1.0,0.224,post_freeze_wide_round_3,transition,True,figure1bc|114514|holdout_figure1b|1000|224,07fd5e60a054af08ea73d0e0337afae706d14a83d6411cba1ff370024ffbd84e,64489a779d948c164837b2741938b5ff567295e4454bb9c7c5eb03c507490c0f,ef3f0c89d96ab326ed5c33340210b37033e47b033e9f124811cce7c80ef83b87,False,ok
figure3-wide-r3-20260716T132945Z-99bbe7a-6d84b1f54e25,figure3d,holdout_figure1b,1000,224,2,6,figure3-wide-r3-d-z00-a01,,,0.19251148483725977,0.0,0,44,100,100,1.0,0.9630065017930143,1.0,0.224,post_freeze_wide_round_3,transition,True,figure1bc|114514|holdout_figure1b|1000|224,07fd5e60a054af08ea73d0e0337afae706d14a83d6411cba1ff370024ffbd84e,13aace645f46d8be57f8e98aa5e747afcf34dffbd4b5969fb2f275b38556e7ce,ef3f0c89d96ab326ed5c33340210b37033e47b033e9f124811cce7c80ef83b87,False,ok
figure3-wide-r3-20260716T132945Z-99bbe7a-6d84b1f54e25,figure3d,holdout_figure1b,1000,224,2,6,figure3-wide-r3-d-z00-a02,,,0.30284787672851043,0.0,0,68,100,100,1.0,0.9630065017930143,1.0,0.224,post_freeze_wide_round_3,transition,True,figure1bc|114514|holdout_figure1b|1000|224,07fd5e60a054af08ea73d0e0337afae706d14a83d6411cba1ff370024ffbd84e,24766d2f82b33c1b885bead929b1930b5af5cd6dc7791262fdc72806ce7f633d,ef3f0c89d96ab326ed5c33340210b37033e47b033e9f124811cce7c80ef83b87,False,ok
figure3-wide-r3-20260716T132945Z-99bbe7a-6d84b1f54e25,figure3d,holdout_figure1b,1000,224,2,6,figure3-wide-r3-d-z00-a03,,,0.4418214581980088,0.0,0,99,100,100,1.0,0.9630065017930143,1.0,0.224,post_freeze_wide_round_3,transition,True,figure1bc|114514|holdout_figure1b|1000|224,07fd5e60a054af08ea73d0e0337afae706d14a83d6411cba1ff370024ffbd84e,5b8f9c6c2d299d7598043d9979b8fb0be8ad60d37b6db99d08e4d652658d8746,ef3f0c89d96ab326ed5c33340210b37033e47b033e9f124811cce7c80ef83b87,False,ok
figure3-wide-r3-20260716T132945Z-99bbe7a-6d84b1f54e25,figure3d,holdout_figure1b,1000,224,2,6,figure3-wide-r3-d-z00-a04,,,0.5905469704301111,0.0,0,133,100,100,1.0,0.9630065017930143,1.0,0.224,post_freeze_wide_round_3,transition,True,figure1bc|114514|holdout_figure1b|1000|224,07fd5e60a054af08ea73d0e0337afae706d14a83d6411cba1ff370024ffbd84e,b14699e404cbfc1325994a70bb97f5dd2a366a5d0f5e8894541031dce6ac622f,ef3f0c89d96ab326ed5c33340210b37033e47b033e9f124811cce7c80ef83b87,False,ok
figure3-wide-r3-20260716T132945Z-99bbe7a-6d84b1f54e25,figure3d,holdout_figure1b,1000,224,2,6,figure3-wide-r3-d-z00-a05,,,0.7243668166820519,0.0,0,163,100,100,1.0,0.9630065017930143,1.0,0.224,post_freeze_wide_round_3,transition,True,figure1bc|114514|holdout_figure1b|1000|224,07fd5e60a054af08ea73d0e0337afae706d14a83d6411cba1ff370024ffbd84e,0d75819eb01468177ae22882ff5aa1c04e550ec2b9adc64aaa73a4896fde79f5,ef3f0c89d96ab326ed5c33340210b37033e47b033e9f124811cce7c80ef83b87,False,ok
figure3-wide-r3-20260716T132945Z-99bbe7a-6d84b1f54e25,figure3d,holdout_figure1b,1000,224,2,6,figure3-wide-r3-d-z00-a06,,,0.8272450692089377,0.0,0,186,100,100,1.0,0.9630065017930143,1.0,0.224,post_freeze_wide_round_3,transition,True,figure1bc|114514|holdout_figure1b|1000|224,07fd5e60a054af08ea73d0e0337afae706d14a83d6411cba1ff370024ffbd84e,d71a2d69a07f67cbca512a8145d948a3bacbfde7b57ca0440208c98ca7842373,ef3f0c89d96ab326ed5c33340210b37033e47b033e9f124811cce7c80ef83b87,False,ok
figure3-wide-r3-20260716T132945Z-99bbe7a-6d84b1f54e25,figure3d,holdout_figure1b,1000,224,2,6,figure3-wide-r3-d-z00-a07,,,0.8971754204359096,0.0,0,201,100,100,1.0,0.9630065017930143,1.0,0.224,post_freeze_wide_round_3,transition,True,figure1bc|114514|holdout_figure1b|1000|224,07fd5e60a054af08ea73d0e0337afae706d14a83d6411cba1ff370024ffbd84e,3984fbd9a802d26973cf5fd4d3206bf0bfeb4acc7bec8342aee3ed2805d9d9c4,ef3f0c89d96ab326ed5c33340210b37033e47b033e9f124811cce7c80ef83b87,False,ok
figure3-wide-r3-20260716T132945Z-99bbe7a-6d84b1f54e25,figure3d,holdout_figure1b,1000,224,2,6,figure3-wide-r3-d-z00-a08,,,0.9408232733593045,0.0,0,211,100,100,1.0,0.9630065017930143,1.0,0.224,post_freeze_wide_round_3,transition,True,figure1bc|114514|holdout_figure1b|1000|224,07fd5e60a054af08ea73d0e0337afae706d14a83d6411cba1ff370024ffbd84e,5e9f8e33bfd84fc7293cf413dc2ba95c332169d46d50c28ad99f0ad2f6a0668f,ef3f0c89d96ab326ed5c33340210b37033e47b033e9f124811cce7c80ef83b87,False,ok
figure3-wide-r3-20260716T132945Z-99bbe7a-6d84b1f54e25,figure3d,holdout_figure1b,1000,224,2,6,figure3-wide-r3-d-z00-a09,,,0.9666322087978757,0.0,0,217,100,100,1.0,0.9630065017930143,1.0,0.224,post_freeze_wide_round_3,transition,True,figure1bc|114514|holdout_figure1b|1000|224,07fd5e60a054af08ea73d0e0337afae706d14a83d6411cba1ff370024ffbd84e,321f853f014f6ff9390beb5459b4fc4441c493ddef3654577fc13265755c2f68,ef3f0c89d96ab326ed5c33340210b37033e47b033e9f124811cce7c80ef83b87,False,ok
figure3-wide-r3-20260716T132945Z-99bbe7a-6d84b1f54e25,figure3d,holdout_figure1b,1000,224,2,6,figure3-wide-r3-d-z00-a10,,,0.9814074541817858,0.0,0,220,100,100,1.0,0.9630065017930143,1.0,0.224,post_freeze_wide_round_3,transition,True,figure1bc|114514|holdout_figure1b|1000|224,07fd5e60a054af08ea73d0e0337afae706d14a83d6411cba1ff370024ffbd84e,7f11e1c833e64a91d37bd4b74caf34a14618b45b7b1db958885d6561ba5cd2a5,ef3f0c89d96ab326ed5c33340210b37033e47b033e9f124811cce7c80ef83b87,False,ok
figure3-wide-r3-20260716T132945Z-99bbe7a-6d84b1f54e25,figure3d,holdout_figure1b,1000,224,2,6,figure3-wide-r3-d-z01-a00,,,0.11570232443340224,1.0,1,125,100,1,0.01,0.0017674320641406505,0.054486196178705315,0.224,post_freeze_wide_round_3,transition,True,figure1bc|114514|holdout_figure1b|1000|224,07fd5e60a054af08ea73d0e0337afae706d14a83d6411cba1ff370024ffbd84e,f6343cc306ebfb5733d3207bbbb42f04b65e67755ee47eac6ea5b981fa7dd41f,ef3f0c89d96ab326ed5c33340210b37033e47b033e9f124811cce7c80ef83b87,False,ok
figure3-wide-r3-20260716T132945Z-99bbe7a-6d84b1f54e25,figure3d,holdout_figure1b,1000,224,2,6,figure3-wide-r3-d-z01-a01,,,0.19251148483725977,1.0,1,134,100,11,0.11,0.06254196357064568,0.18631296503080313,0.224,post_freeze_wide_round_3,transition,True,figure1bc|114514|holdout_figure1b|1000|224,07fd5e60a054af08ea73d0e0337afae706d14a83d6411cba1ff370024ffbd84e,254e2de8aeb283f69be4cc474cd784c83c0d898e0a358feec9b2da71fa035353,ef3f0c89d96ab326ed5c33340210b37033e47b033e9f124811cce7c80ef83b87,False,ok
figure3-wide-r3-20260716T132945Z-99bbe7a-6d84b1f54e25,figure3d,holdout_figure1b,1000,224,2,6,figure3-wide-r3-d-z01-a02,,,0.30284787672851043,1.0,1,146,100,69,0.69,0.5937394428051057,0.7722030278762395,0.224,post_freeze_wide_round_3,transition,True,figure1bc|114514|holdout_figure1b|1000|224,07fd5e60a054af08ea73d0e0337afae706d14a83d6411cba1ff370024ffbd84e,e937c6db6fc2dd04342077effe9e54e29f3d7b7b50437ab4580c4cc453468b52,ef3f0c89d96ab326ed5c33340210b37033e47b033e9f124811cce7c80ef83b87,False,ok
figure3-wide-r3-20260716T132945Z-99bbe7a-6d84b1f54e25,figure3d,holdout_figure1b,1000,224,2,6,figure3-wide-r3-d-z01-a03,,,0.4418214581980088,1.0,1,162,100,100,1.0,0.9630065017930143,1.0,0.224,post_freeze_wide_round_3,transition,True,figure1bc|114514|holdout_figure1b|1000|224,07fd5e60a054af08ea73d0e0337afae706d14a83d6411cba1ff370024ffbd84e,c97a653fe1383c592f57026404dea6b0536d8aaf921d2635c3c187a40ee20764,ef3f0c89d96ab326ed5c33340210b37033e47b033e9f124811cce7c80ef83b87,False,ok
figure3-wide-r3-20260716T132945Z-99bbe7a-6d84b1f54e25,figure3d,holdout_figure1b,1000,224,2,6,figure3-wide-r3-d-z01-a04,,,0.5905469704301111,1.0,1,179,100,100,1.0,0.9630065017930143,1.0,0.224,post_freeze_wide_round_3,transition,True,figure1bc|114514|holdout_figure1b|1000|224,07fd5e60a054af08ea73d0e0337afae706d14a83d6411cba1ff370024ffbd84e,414614fa761cacfb0e2dde049b447367584e56e971cbd892f749febd5bcee648,ef3f0c89d96ab326ed5c33340210b37033e47b033e9f124811cce7c80ef83b87,False,ok
figure3-wide-r3-20260716T132945Z-99bbe7a-6d84b1f54e25,figure3d,holdout_figure1b,1000,224,2,6,figure3-wide-r3-d-z01-a05,,,0.7243668166820519,1.0,1,194,100,100,1.0,0.9630065017930143,1.0,0.224,post_freeze_wide_round_3,transition,True,figure1bc|114514|holdout_figure1b|1000|224,07fd5e60a054af08ea73d0e0337afae706d14a83d6411cba1ff370024ffbd84e,42489cbab386d36f059b9e1ff36a5e8135190117c31041ed57b242e40a894f43,ef3f0c89d96ab326ed5c33340210b37033e47b033e9f124811cce7c80ef83b87,False,ok
figure3-wide-r3-20260716T132945Z-99bbe7a-6d84b1f54e25,figure3d,holdout_figure1b,1000,224,2,6,figure3-wide-r3-d-z01-a06,,,0.8272450692089377,1.0,1,205,100,100,1.0,0.9630065017930143,1.0,0.224,post_freeze_wide_round_3,transition,True,figure1bc|114514|holdout_figure1b|1000|224,07fd5e60a054af08ea73d0e0337afae706d14a83d6411cba1ff370024ffbd84e,93f980bd8fd57497ff0927b17d0f7b3b145565e4ca3a2b514da8e39eec5bb313,ef3f0c89d96ab326ed5c33340210b37033e47b033e9f124811cce7c80ef83b87,False,ok
figure3-wide-r3-20260716T132945Z-99bbe7a-6d84b1f54e25,figure3d,holdout_figure1b,1000,224,2,6,figure3-wide-r3-d-z01-a07,,,0.8971754204359096,1.0,1,213,100,100,1.0,0.9630065017930143,1.0,0.224,post_freeze_wide_round_3,transition,True,figure1bc|114514|holdout_figure1b|1000|224,07fd5e60a054af08ea73d0e0337afae706d14a83d6411cba1ff370024ffbd84e,dedff010289541a765db996d29a84a258f9c839bf1cf03c455995b0541ae6ded,ef3f0c89d96ab326ed5c33340210b37033e47b033e9f124811cce7c80ef83b87,False,ok
figure3-wide-r3-20260716T132945Z-99bbe7a-6d84b1f54e25,figure3d,holdout_figure1b,1000,224,2,6,figure3-wide-r3-d-z01-a08,,,0.9408232733593045,1.0,1,218,100,100,1.0,0.9630065017930143,1.0,0.224,post_freeze_wide_round_3,transition,True,figure1bc|114514|holdout_figure1b|1000|224,07fd5e60a054af08ea73d0e0337afae706d14a83d6411cba1ff370024ffbd84e,e137087a4ba36ceb218787a164d1a6a60afeb247ba8ef5e6203803feb8581516,ef3f0c89d96ab326ed5c33340210b37033e47b033e9f124811cce7c80ef83b87,False,ok
figure3-wide-r3-20260716T132945Z-99bbe7a-6d84b1f54e25,figure3d,holdout_figure1b,1000,224,2,6,figure3-wide-r3-d-z01-a09,,,0.9666322087978757,1.0,1,221,100,100,1.0,0.9630065017930143,1.0,0.224,post_freeze_wide_round_3,transition,True,figure1bc|114514|holdout_figure1b|1000|224,07fd5e60a054af08ea73d0e0337afae706d14a83d6411cba1ff370024ffbd84e,22ae7e3b37dda9f6e5a644c008ad57ecb11a11a974207dbbe27988dbcee46b4f,ef3f0c89d96ab326ed5c33340210b37033e47b033e9f124811cce7c80ef83b87,False,ok
figure3-wide-r3-20260716T132945Z-99bbe7a-6d84b1f54e25,figure3d,holdout_figure1b,1000,224,2,6,figure3-wide-r3-d-z01-a10,,,0.9814074541817858,1.0,1,222,100,100,1.0,0.9630065017930143,1.0,0.224,post_freeze_wide_round_3,transition,True,figure1bc|114514|holdout_figure1b|1000|224,07fd5e60a054af08ea73d0e0337afae706d14a83d6411cba1ff370024ffbd84e,508659ae6798810238b070724419cc5f6e1c763766b951e4ab75475794047f86,ef3f0c89d96ab326ed5c33340210b37033e47b033e9f124811cce7c80ef83b87,False,ok
figure3-wide-r3-20260716T132945Z-99bbe7a-6d84b1f54e25,figure3d,holdout_figure1b,1000,224,2,6,figure3-wide-r3-d-z02-a00,,,0.11570232443340224,2.0,2,159,100,5,0.05,0.02154367915436796,0.11175046923191913,0.224,post_freeze_wide_round_3,transition,True,figure1bc|114514|holdout_figure1b|1000|224,07fd5e60a054af08ea73d0e0337afae706d14a83d6411cba1ff370024ffbd84e,f16bd1b05153a7fab718c515adde398e357e4fe270778460b216b39af0087bad,ef3f0c89d96ab326ed5c33340210b37033e47b033e9f124811cce7c80ef83b87,False,ok
figure3-wide-r3-20260716T132945Z-99bbe7a-6d84b1f54e25,figure3d,holdout_figure1b,1000,224,2,6,figure3-wide-r3-d-z02-a01,,,0.19251148483725977,2.0,2,165,100,39,0.39,0.3001687400639441,0.4879698295415926,0.224,post_freeze_wide_round_3,transition,True,figure1bc|114514|holdout_figure1b|1000|224,07fd5e60a054af08ea73d0e0337afae706d14a83d6411cba1ff370024ffbd84e,0a182058aadf5374429c90d194dd9daf8c784b381667940941e04c54e72a0b77,ef3f0c89d96ab326ed5c33340210b37033e47b033e9f124811cce7c80ef83b87,False,ok
figure3-wide-r3-20260716T132945Z-99bbe7a-6d84b1f54e25,figure3d,holdout_figure1b,1000,224,2,6,figure3-wide-r3-d-z02-a02,,,0.30284787672851043,2.0,2,173,100,74,0.74,0.6462901055081282,0.8159530153525186,0.224,post_freeze_wide_round_3,transition,True,figure1bc|114514|holdout_figure1b|1000|224,07fd5e60a054af08ea73d0e0337afae706d14a83d6411cba1ff370024ffbd84e,2a5f6a5fde584b2526f5a35003189a875f76e0972bdb2d46860eb351f3d01ab3,ef3f0c89d96ab326ed5c33340210b37033e47b033e9f124811cce7c80ef83b87,False,ok
figure3-wide-r3-20260716T132945Z-99bbe7a-6d84b1f54e25,figure3d,holdout_figure1b,1000,224,2,6,figure3-wide-r3-d-z02-a03,,,0.4418214581980088,2.0,2,183,100,95,0.95,0.8882495307680808,0.9784563208456319,0.224,post_freeze_wide_round_3,transition,True,figure1bc|114514|holdout_figure1b|1000|224,07fd5e60a054af08ea73d0e0337afae706d14a83d6411cba1ff370024ffbd84e,a850266091aea46cd9b2887e0551ec8e460113f3551cfee61ad91e048e26d50f,ef3f0c89d96ab326ed5c33340210b37033e47b033e9f124811cce7c80ef83b87,False,ok
figure3-wide-r3-20260716T132945Z-99bbe7a-6d84b1f54e25,figure3d,holdout_figure1b,1000,224,2,6,figure3-wide-r3-d-z02-a04,,,0.5905469704301111,2.0,2,194,100,100,1.0,0.9630065017930143,1.0,0.224,post_freeze_wide_round_3,transition,True,figure1bc|114514|holdout_figure1b|1000|224,07fd5e60a054af08ea73d0e0337afae706d14a83d6411cba1ff370024ffbd84e,3c7c6f070b58a808be16009a62d28631e3fed1815d41283bc58b5e719a780328,ef3f0c89d96ab326ed5c33340210b37033e47b033e9f124811cce7c80ef83b87,False,ok
figure3-wide-r3-20260716T132945Z-99bbe7a-6d84b1f54e25,figure3d,holdout_figure1b,1000,224,2,6,figure3-wide-r3-d-z02-a06,,,0.8272450692089377,2.0,2,212,100,100,1.0,0.9630065017930143,1.0,0.224,post_freeze_wide_round_3,transition,True,figure1bc|114514|holdout_figure1b|1000|224,07fd5e60a054af08ea73d0e0337afae706d14a83d6411cba1ff370024ffbd84e,f3fff4bdb78a016a97f3bb1cec41d85d8db19110cd0c2b9e83e2e869043fb15b,ef3f0c89d96ab326ed5c33340210b37033e47b033e9f124811cce7c80ef83b87,False,ok
figure3-wide-r3-20260716T132945Z-99bbe7a-6d84b1f54e25,figure3d,holdout_figure1b,1000,224,2,6,figure3-wide-r3-d-z02-a07,,,0.8971754204359096,2.0,2,217,100,100,1.0,0.9630065017930143,1.0,0.224,post_freeze_wide_round_3,transition,True,figure1bc|114514|holdout_figure1b|1000|224,07fd5e60a054af08ea73d0e0337afae706d14a83d6411cba1ff370024ffbd84e,ed14f748faa6a581e10667d7be82b382f888a848798f94abebd24fdd0b8cd24d,ef3f0c89d96ab326ed5c33340210b37033e47b033e9f124811cce7c80ef83b87,False,ok
figure3-wide-r3-20260716T132945Z-99bbe7a-6d84b1f54e25,figure3d,holdout_figure1b,1000,224,2,6,figure3-wide-r3-d-z02-a08,,,0.9408232733593045,2.0,2,220,100,100,1.0,0.9630065017930143,1.0,0.224,post_freeze_wide_round_3,transition,True,figure1bc|114514|holdout_figure1b|1000|224,07fd5e60a054af08ea73d0e0337afae706d14a83d6411cba1ff370024ffbd84e,a06b6d541f9f74f8d8400b5f6d6f329c1a2f02c94b9585adee92b27b106ccaf7,ef3f0c89d96ab326ed5c33340210b37033e47b033e9f124811cce7c80ef83b87,False,ok
figure3-wide-r3-20260716T132945Z-99bbe7a-6d84b1f54e25,figure3d,holdout_figure1b,1000,224,2,6,figure3-wide-r3-d-z02-a09,,,0.9666322087978757,2.0,2,222,100,100,1.0,0.9630065017930143,1.0,0.224,post_freeze_wide_round_3,transition,True,figure1bc|114514|holdout_figure1b|1000|224,07fd5e60a054af08ea73d0e0337afae706d14a83d6411cba1ff370024ffbd84e,fc357f3fa72af1cc2ec8c15cb002c06d4ce69e62e480e807e8d43e8ffa21bbff,ef3f0c89d96ab326ed5c33340210b37033e47b033e9f124811cce7c80ef83b87,False,ok
figure3-wide-r3-20260716T132945Z-99bbe7a-6d84b1f54e25,figure3d,holdout_figure1b,1000,224,2,6,figure3-wide-r3-d-z02-a10,,,0.9814074541817858,2.0,2,223,100,100,1.0,0.9630065017930143,1.0,0.224,post_freeze_wide_round_3,transition,True,figure1bc|114514|holdout_figure1b|1000|224,07fd5e60a054af08ea73d0e0337afae706d14a83d6411cba1ff370024ffbd84e,a0c93a43aaf3054a7aecc7d58541cf14f2ce9aeed5b756ad83f57bd8e76a1ff1,ef3f0c89d96ab326ed5c33340210b37033e47b033e9f124811cce7c80ef83b87,False,ok
figure3-wide-r3-20260716T132945Z-99bbe7a-6d84b1f54e25,figure3d,holdout_figure1b,1000,224,2,6,figure3-wide-r3-d-z03-a00,,,0.11570232443340224,5.0,5,192,100,62,0.62,0.5220975529551107,0.7090240074752127,0.224,post_freeze_wide_round_3,transition,True,figure1bc|114514|holdout_figure1b|1000|224,07fd5e60a054af08ea73d0e0337afae706d14a83d6411cba1ff370024ffbd84e,e508c3be7833e823726c807d31279bc023fa92c859fe3b47eea9ae235cf2097d,ef3f0c89d96ab326ed5c33340210b37033e47b033e9f124811cce7c80ef83b87,False,ok
figure3-wide-r3-20260716T132945Z-99bbe7a-6d84b1f54e25,figure3d,holdout_figure1b,1000,224,2,6,figure3-wide-r3-d-z03-a01,,,0.19251148483725977,5.0,5,195,100,87,0.87,0.7901964855992357,0.9224283257275948,0.224,post_freeze_wide_round_3,transition,True,figure1bc|114514|holdout_figure1b|1000|224,07fd5e60a054af08ea73d0e0337afae706d14a83d6411cba1ff370024ffbd84e,41c7a9363275da0320445340fb912e0565dc12c1d0c8b9de332882673e710dbd,ef3f0c89d96ab326ed5c33340210b37033e47b033e9f124811cce7c80ef83b87,False,ok
figure3-wide-r3-20260716T132945Z-99bbe7a-6d84b1f54e25,figure3d,holdout_figure1b,1000,224,2,6,figure3-wide-r3-d-z03-a02,,,0.30284787672851043,5.0,5,199,100,91,0.91,0.837737871472837,0.9519274599974348,0.224,post_freeze_wide_round_3,transition,True,figure1bc|114514|holdout_figure1b|1000|224,07fd5e60a054af08ea73d0e0337afae706d14a83d6411cba1ff370024ffbd84e,bc691925cc94e35076a80092c7c971498b0181a5fd3d671c3f58a7163d460b87,ef3f0c89d96ab326ed5c33340210b37033e47b033e9f124811cce7c80ef83b87,False,ok
figure3-wide-r3-20260716T132945Z-99bbe7a-6d84b1f54e25,figure3d,holdout_figure1b,1000,224,2,6,figure3-wide-r3-d-z03-a03,,,0.4418214581980088,5.0,5,204,100,97,0.97,0.9154806357094724,0.9897454759759611,0.224,post_freeze_wide_round_3,transition,True,figure1bc|114514|holdout_figure1b|1000|224,07fd5e60a054af08ea73d0e0337afae706d14a83d6411cba1ff370024ffbd84e,be63d6ef551c9435bf73bcd65006caed1b918b76b07be00042343eacf8fba29c,ef3f0c89d96ab326ed5c33340210b37033e47b033e9f124811cce7c80ef83b87,False,ok
figure3-wide-r3-20260716T132945Z-99bbe7a-6d84b1f54e25,figure3d,holdout_figure1b,1000,224,2,6,figure3-wide-r3-d-z03-a04,,,0.5905469704301111,5.0,5,209,100,99,0.99,0.9455138038212946,0.9982325679358593,0.224,post_freeze_wide_round_3,transition,True,figure1bc|114514|holdout_figure1b|1000|224,07fd5e60a054af08ea73d0e0337afae706d14a83d6411cba1ff370024ffbd84e,7887c7f2057831f99975d8edb283dc1cde228c4e80e363a4deebd7acbc66f5cc,ef3f0c89d96ab326ed5c33340210b37033e47b033e9f124811cce7c80ef83b87,False,ok
figure3-wide-r3-20260716T132945Z-99bbe7a-6d84b1f54e25,figure3d,holdout_figure1b,1000,224,2,6,figure3-wide-r3-d-z03-a05,,,0.7243668166820519,5.0,5,214,100,100,1.0,0.9630065017930143,1.0,0.224,post_freeze_wide_round_3,transition,True,figure1bc|114514|holdout_figure1b|1000|224,07fd5e60a054af08ea73d0e0337afae706d14a83d6411cba1ff370024ffbd84e,1a6579ff4f980b8222a3cb959a47d78a89af97ace11fb0db3a36118962fce376,ef3f0c89d96ab326ed5c33340210b37033e47b033e9f124811cce7c80ef83b87,False,ok
figure3-wide-r3-20260716T132945Z-99bbe7a-6d84b1f54e25,figure3d,holdout_figure1b,1000,224,2,6,figure3-wide-r3-d-z03-a06,,,0.8272450692089377,5.0,5,218,100,100,1.0,0.9630065017930143,1.0,0.224,post_freeze_wide_round_3,transition,True,figure1bc|114514|holdout_figure1b|1000|224,07fd5e60a054af08ea73d0e0337afae706d14a83d6411cba1ff370024ffbd84e,ff4c90f1894b0107827a409582875a77a5bf9ed6d619a82fe88d1a8ae51c7985,ef3f0c89d96ab326ed5c33340210b37033e47b033e9f124811cce7c80ef83b87,False,ok
figure3-wide-r3-20260716T132945Z-99bbe7a-6d84b1f54e25,figure3d,holdout_figure1b,1000,224,2,6,figure3-wide-r3-d-z03-a07,,,0.8971754204359096,5.0,5,221,100,100,1.0,0.9630065017930143,1.0,0.224,post_freeze_wide_round_3,transition,True,figure1bc|114514|holdout_figure1b|1000|224,07fd5e60a054af08ea73d0e0337afae706d14a83d6411cba1ff370024ffbd84e,95b7685c5a46d77d74a2e821249c6a163eb34ccd929cfa1874b2694a10c76c0d,ef3f0c89d96ab326ed5c33340210b37033e47b033e9f124811cce7c80ef83b87,False,ok
figure3-wide-r3-20260716T132945Z-99bbe7a-6d84b1f54e25,figure3d,holdout_figure1b,1000,224,2,6,figure3-wide-r3-d-z03-a08,,,0.9408232733593045,5.0,5,222,100,100,1.0,0.9630065017930143,1.0,0.224,post_freeze_wide_round_3,transition,True,figure1bc|114514|holdout_figure1b|1000|224,07fd5e60a054af08ea73d0e0337afae706d14a83d6411cba1ff370024ffbd84e,d022ca0645ecae325da2a4daadf93bdbc7bb813967cc12ac052b585781020877,ef3f0c89d96ab326ed5c33340210b37033e47b033e9f124811cce7c80ef83b87,False,ok
figure3-wide-r3-20260716T132945Z-99bbe7a-6d84b1f54e25,figure3d,holdout_figure1b,1000,224,2,6,figure3-wide-r3-d-z03-a09,,,0.9666322087978757,5.0,5,223,100,100,1.0,0.9630065017930143,1.0,0.224,post_freeze_wide_round_3,transition,True,figure1bc|114514|holdout_figure1b|1000|224,07fd5e60a054af08ea73d0e0337afae706d14a83d6411cba1ff370024ffbd84e,937cec775a4da02dcc113169d787f52c93e5f045c8cd16ac4d5da6e372c3f763,ef3f0c89d96ab326ed5c33340210b37033e47b033e9f124811cce7c80ef83b87,False,ok
figure3-wide-r3-20260716T132945Z-99bbe7a-6d84b1f54e25,figure3d,holdout_figure1b,1000,224,2,6,figure3-wide-r3-d-z03-a10,,,0.9814074541817858,5.0,5,224,100,100,1.0,0.9630065017930143,1.0,0.224,post_freeze_wide_round_3,transition,True,figure1bc|114514|holdout_figure1b|1000|224,07fd5e60a054af08ea73d0e0337afae706d14a83d6411cba1ff370024ffbd84e,31d42c60088cd69e6410b09a962fe4b2405a838f4869709ca088053d7ffaef2c,ef3f0c89d96ab326ed5c33340210b37033e47b033e9f124811cce7c80ef83b87,False,ok
figure3-wide-r3-20260716T132945Z-99bbe7a-6d84b1f54e25,figure3d,holdout_figure1b,1000,224,2,6,figure3-wide-r3-d-z04-a00,,,0.11570232443340224,12.0,12,209,100,44,0.44,0.34672026630160796,0.5377189534832302,0.224,post_freeze_wide_round_3,transition,True,figure1bc|114514|holdout_figure1b|1000|224,07fd5e60a054af08ea73d0e0337afae706d14a83d6411cba1ff370024ffbd84e,9dff2beec511c5413556f65cc9c92be6fa493f586b36f62264b5dbab3b9de9ef,ef3f0c89d96ab326ed5c33340210b37033e47b033e9f124811cce7c80ef83b87,False,ok
figure3-wide-r3-20260716T132945Z-99bbe7a-6d84b1f54e25,figure3d,holdout_figure1b,1000,224,2,6,figure3-wide-r3-d-z04-a01,,,0.19251148483725977,12.0,12,211,100,43,0.43,0.33733298524110106,0.5278461045078768,0.224,post_freeze_wide_round_3,transition,True,figure1bc|114514|holdout_figure1b|1000|224,07fd5e60a054af08ea73d0e0337afae706d14a83d6411cba1ff370024ffbd84e,214a31d1330aa8e1e999d7510c17a1bbbbac5794e7847480786e9f03f53e117c,ef3f0c89d96ab326ed5c33340210b37033e47b033e9f124811cce7c80ef83b87,False,ok
figure3-wide-r3-20260716T132945Z-99bbe7a-6d84b1f54e25,figure3d,holdout_figure1b,1000,224,2,6,figure3-wide-r3-d-z04-a02,,,0.30284787672851043,12.0,12,213,100,58,0.58,0.4820648670304296,0.6720161732564526,0.224,post_freeze_wide_round_3,transition,True,figure1bc|114514|holdout_figure1b|1000|224,07fd5e60a054af08ea73d0e0337afae706d14a83d6411cba1ff370024ffbd84e,a18ee3eeb3cad235e9fdf72658aeab604f5fb9640fd95f1fca16c583127d492e,ef3f0c89d96ab326ed5c33340210b37033e47b033e9f124811cce7c80ef83b87,False,ok
figure3-wide-r3-20260716T132945Z-99bbe7a-6d84b1f54e25,figure3d,holdout_figure1b,1000,224,2,6,figure3-wide-r3-d-z04-a03,,,0.4418214581980088,12.0,12,215,100,55,0.55,0.45244602997442135,0.6438546202048803,0.224,post_freeze_wide_round_3,transition,True,figure1bc|114514|holdout_figure1b|1000|224,07fd5e60a054af08ea73d0e0337afae706d14a83d6411cba1ff370024ffbd84e,aa7941680ed596f310aff8dea8cacd96cf4dd02ed3d155cadee046be75f94ba8,ef3f0c89d96ab326ed5c33340210b37033e47b033e9f124811cce7c80ef83b87,False,ok
figure3-wide-r3-20260716T132945Z-99bbe7a-6d84b1f54e25,figure3d,holdout_figure1b,1000,224,2,6,figure3-wide-r3-d-z04-a04,,,0.5905469704301111,12.0,12,218,100,69,0.69,0.5937394428051057,0.7722030278762395,0.224,post_freeze_wide_round_3,transition,True,figure1bc|114514|holdout_figure1b|1000|224,07fd5e60a054af08ea73d0e0337afae706d14a83d6411cba1ff370024ffbd84e,fa1223db9e76da96782656d5b4a20bb7a9862ad11885513fd6007ffcdc4fc661,ef3f0c89d96ab326ed5c33340210b37033e47b033e9f124811cce7c80ef83b87,False,ok
figure3-wide-r3-20260716T132945Z-99bbe7a-6d84b1f54e25,figure3d,holdout_figure1b,1000,224,2,6,figure3-wide-r3-d-z04-a05,,,0.7243668166820519,12.0,12,220,100,78,0.78,0.6892964648501421,0.8499871761539459,0.224,post_freeze_wide_round_3,transition,True,figure1bc|114514|holdout_figure1b|1000|224,07fd5e60a054af08ea73d0e0337afae706d14a83d6411cba1ff370024ffbd84e,522dcbec6f9f47d3c46e164334b9aa73ab4ad4cf216f625fd5fe5531b4ea7b16,ef3f0c89d96ab326ed5c33340210b37033e47b033e9f124811cce7c80ef83b87,False,ok
figure3-wide-r3-20260716T132945Z-99bbe7a-6d84b1f54e25,figure3d,holdout_figure1b,1000,224,2,6,figure3-wide-r3-d-z04-a06,,,0.8272450692089377,12.0,12,222,100,78,0.78,0.6892964648501421,0.8499871761539459,0.224,post_freeze_wide_round_3,transition,True,figure1bc|114514|holdout_figure1b|1000|224,07fd5e60a054af08ea73d0e0337afae706d14a83d6411cba1ff370024ffbd84e,80d0675217152b0dfae846b5812221ccb67d39a57dd13d75c9811cd7206cdc36,ef3f0c89d96ab326ed5c33340210b37033e47b033e9f124811cce7c80ef83b87,False,ok
figure3-wide-r3-20260716T132945Z-99bbe7a-6d84b1f54e25,figure3d,holdout_figure1b,1000,224,2,6,figure3-wide-r3-d-z04-a07,,,0.8971754204359096,12.0,12,223,100,85,0.85,0.7671644040916763,0.9069401471634337,0.224,post_freeze_wide_round_3,transition,True,figure1bc|114514|holdout_figure1b|1000|224,07fd5e60a054af08ea73d0e0337afae706d14a83d6411cba1ff370024ffbd84e,a671273fa2104cfc10aa8188fdb64af8aa4c98acd7358b7cea137027438edfe2,ef3f0c89d96ab326ed5c33340210b37033e47b033e9f124811cce7c80ef83b87,False,ok
figure3-wide-r3-20260716T132945Z-99bbe7a-6d84b1f54e25,figure3d,holdout_figure1b,1000,224,2,6,figure3-wide-r3-d-z04-a08,,,0.9408232733593045,12.0,12,223,100,85,0.85,0.7671644040916763,0.9069401471634337,0.224,post_freeze_wide_round_3,transition,True,figure1bc|114514|holdout_figure1b|1000|224,07fd5e60a054af08ea73d0e0337afae706d14a83d6411cba1ff370024ffbd84e,eaa649df4a02234d45920ac20fb738ece70ba62cb832b30c1433fba6dc611d52,ef3f0c89d96ab326ed5c33340210b37033e47b033e9f124811cce7c80ef83b87,False,ok
figure3-wide-r3-20260716T132945Z-99bbe7a-6d84b1f54e25,figure3d,holdout_figure1b,1000,224,2,6,figure3-wide-r3-d-z04-a09,,,0.9666322087978757,12.0,12,224,100,80,0.8,0.7111708344068411,0.8666330666689676,0.224,post_freeze_wide_round_3,transition,True,figure1bc|114514|holdout_figure1b|1000|224,07fd5e60a054af08ea73d0e0337afae706d14a83d6411cba1ff370024ffbd84e,39ce727ce1a7626c4f2017dfc48f95dfa7b599e8b8cb04b6dc74ce76b8220f00,ef3f0c89d96ab326ed5c33340210b37033e47b033e9f124811cce7c80ef83b87,False,ok
figure3-wide-r3-20260716T132945Z-99bbe7a-6d84b1f54e25,figure3d,holdout_figure1b,1000,224,2,6,figure3-wide-r3-d-z04-a10,,,0.9814074541817858,12.0,12,224,100,80,0.8,0.7111708344068411,0.8666330666689676,0.224,post_freeze_wide_round_3,transition,True,figure1bc|114514|holdout_figure1b|1000|224,07fd5e60a054af08ea73d0e0337afae706d14a83d6411cba1ff370024ffbd84e,943e3306c967998308e52fb878ef4222f7bddef581dbedbd5e4cc459d10a4d12,ef3f0c89d96ab326ed5c33340210b37033e47b033e9f124811cce7c80ef83b87,False,ok
figure3-wide-r3-20260716T132945Z-99bbe7a-6d84b1f54e25,figure3d,holdout_figure1b,1000,224,2,6,frozen-prediction,0.875,0.9,0.7243668166820519,2.314974346784722,2,204,100,100,1.0,0.9630065017930143,1.0,0.224,post_freeze_wide_round_3,transition,True,figure1bc|114514|holdout_figure1b|1000|224,07fd5e60a054af08ea73d0e0337afae706d14a83d6411cba1ff370024ffbd84e,21640949d90ea2b790f18ef366cf7a06ede74d0b9f8ceb0028ac54d5f48566bc,ef3f0c89d96ab326ed5c33340210b37033e47b033e9f124811cce7c80ef83b87,True,ok
figure3-wide-r3-20260716T132945Z-99bbe7a-6d84b1f54e25,figure3e,holdout_figure1c,3000,596,2,6,figure3-wide-r3-e-z00-a00,,,0.11570232443340224,0.0,0,69,100,0,0.0,0.0,0.03699349820698568,0.19866666666666666,post_freeze_wide_round_3,transition,True,figure1bc|114514|holdout_figure1c|3000|596,bf8db7d70d1b615396a1c599b0cd3d6df167f6c222d8f383df81107734ea9fe6,e6a7aeedadcc0f4e885ad91f6a0719502daa7e191bb279f49736824f363e94ae,ef3f0c89d96ab326ed5c33340210b37033e47b033e9f124811cce7c80ef83b87,False,ok
figure3-wide-r3-20260716T132945Z-99bbe7a-6d84b1f54e25,figure3e,holdout_figure1c,3000,596,2,6,figure3-wide-r3-e-z00-a01,,,0.19251148483725977,0.0,0,115,100,0,0.0,0.0,0.03699349820698568,0.19866666666666666,post_freeze_wide_round_3,transition,True,figure1bc|114514|holdout_figure1c|3000|596,bf8db7d70d1b615396a1c599b0cd3d6df167f6c222d8f383df81107734ea9fe6,5614a6523a4164b48e944abc9d3f80d2780bda5616f478c9ed9d439c3d525811,ef3f0c89d96ab326ed5c33340210b37033e47b033e9f124811cce7c80ef83b87,False,ok
figure3-wide-r3-20260716T132945Z-99bbe7a-6d84b1f54e25,figure3e,holdout_figure1c,3000,596,2,6,figure3-wide-r3-e-z00-a02,,,0.30284787672851043,0.0,0,181,100,3,0.03,0.010254524024038925,0.0845193642905276,0.19866666666666666,post_freeze_wide_round_3,transition,True,figure1bc|114514|holdout_figure1c|3000|596,bf8db7d70d1b615396a1c599b0cd3d6df167f6c222d8f383df81107734ea9fe6,ec15d21ab6202a2d4cac42a0a86cf73df247ef835968d8a7bc970df52d405e88,ef3f0c89d96ab326ed5c33340210b37033e47b033e9f124811cce7c80ef83b87,False,ok
figure3-wide-r3-20260716T132945Z-99bbe7a-6d84b1f54e25,figure3e,holdout_figure1c,3000,596,2,6,figure3-wide-r3-e-z00-a03,,,0.4418214581980088,0.0,0,264,100,1,0.01,0.0017674320641406505,0.054486196178705315,0.19866666666666666,post_freeze_wide_round_3,transition,True,figure1bc|114514|holdout_figure1c|3000|596,bf8db7d70d1b615396a1c599b0cd3d6df167f6c222d8f383df81107734ea9fe6,f354c524762760df7720381adf83e0def6b07403f354387a2e05fb3f8670d671,ef3f0c89d96ab326ed5c33340210b37033e47b033e9f124811cce7c80ef83b87,False,ok
figure3-wide-r3-20260716T132945Z-99bbe7a-6d84b1f54e25,figure3e,holdout_figure1c,3000,596,2,6,figure3-wide-r3-e-z00-a04,,,0.5905469704301111,0.0,0,352,100,0,0.0,0.0,0.03699349820698568,0.19866666666666666,post_freeze_wide_round_3,transition,True,figure1bc|114514|holdout_figure1c|3000|596,bf8db7d70d1b615396a1c599b0cd3d6df167f6c222d8f383df81107734ea9fe6,fee6e5af57719731a1c9f1f7ca6727fb5dda802f20d6f14679ca52a9caa56309,ef3f0c89d96ab326ed5c33340210b37033e47b033e9f124811cce7c80ef83b87,False,ok
figure3-wide-r3-20260716T132945Z-99bbe7a-6d84b1f54e25,figure3e,holdout_figure1c,3000,596,2,6,figure3-wide-r3-e-z00-a05,,,0.7243668166820519,0.0,0,432,100,1,0.01,0.0017674320641406505,0.054486196178705315,0.19866666666666666,post_freeze_wide_round_3,transition,True,figure1bc|114514|holdout_figure1c|3000|596,bf8db7d70d1b615396a1c599b0cd3d6df167f6c222d8f383df81107734ea9fe6,5f9bbc772a4d6ecbca0b015532cd4071c5374363763ca0d39c0debd0216688ac,ef3f0c89d96ab326ed5c33340210b37033e47b033e9f124811cce7c80ef83b87,False,ok
figure3-wide-r3-20260716T132945Z-99bbe7a-6d84b1f54e25,figure3e,holdout_figure1c,3000,596,2,6,figure3-wide-r3-e-z00-a06,,,0.8272450692089377,0.0,0,494,100,0,0.0,0.0,0.03699349820698568,0.19866666666666666,post_freeze_wide_round_3,transition,True,figure1bc|114514|holdout_figure1c|3000|596,bf8db7d70d1b615396a1c599b0cd3d6df167f6c222d8f383df81107734ea9fe6,5129c8cd45a70772d5d0ed82627716c45f23ef892beb51552641484127379fc1,ef3f0c89d96ab326ed5c33340210b37033e47b033e9f124811cce7c80ef83b87,False,ok
figure3-wide-r3-20260716T132945Z-99bbe7a-6d84b1f54e25,figure3e,holdout_figure1c,3000,596,2,6,figure3-wide-r3-e-z00-a07,,,0.8971754204359096,0.0,0,535,100,0,0.0,0.0,0.03699349820698568,0.19866666666666666,post_freeze_wide_round_3,transition,True,figure1bc|114514|holdout_figure1c|3000|596,bf8db7d70d1b615396a1c599b0cd3d6df167f6c222d8f383df81107734ea9fe6,4b19f1d36abdc60b6705468a9cb64d1c288288e93bc2e535428208cccdccde3a,ef3f0c89d96ab326ed5c33340210b37033e47b033e9f124811cce7c80ef83b87,False,ok
figure3-wide-r3-20260716T132945Z-99bbe7a-6d84b1f54e25,figure3e,holdout_figure1c,3000,596,2,6,figure3-wide-r3-e-z00-a08,,,0.9408232733593045,0.0,0,561,100,0,0.0,0.0,0.03699349820698568,0.19866666666666666,post_freeze_wide_round_3,transition,True,figure1bc|114514|holdout_figure1c|3000|596,bf8db7d70d1b615396a1c599b0cd3d6df167f6c222d8f383df81107734ea9fe6,b71141b93c2ad05d1895e16bec6f702ab2a0995bbbdc3810b75603c0ca729e6c,ef3f0c89d96ab326ed5c33340210b37033e47b033e9f124811cce7c80ef83b87,False,ok
figure3-wide-r3-20260716T132945Z-99bbe7a-6d84b1f54e25,figure3e,holdout_figure1c,3000,596,2,6,figure3-wide-r3-e-z00-a09,,,0.9666322087978757,0.0,0,577,100,0,0.0,0.0,0.03699349820698568,0.19866666666666666,post_freeze_wide_round_3,transition,True,figure1bc|114514|holdout_figure1c|3000|596,bf8db7d70d1b615396a1c599b0cd3d6df167f6c222d8f383df81107734ea9fe6,2939a710923ce4d8fac922ff06bea0fb351501f1ffe4483bf0b1caec991edf75,ef3f0c89d96ab326ed5c33340210b37033e47b033e9f124811cce7c80ef83b87,False,ok
figure3-wide-r3-20260716T132945Z-99bbe7a-6d84b1f54e25,figure3e,holdout_figure1c,3000,596,2,6,figure3-wide-r3-e-z00-a10,,,0.9814074541817858,0.0,0,585,100,0,0.0,0.0,0.03699349820698568,0.19866666666666666,post_freeze_wide_round_3,transition,True,figure1bc|114514|holdout_figure1c|3000|596,bf8db7d70d1b615396a1c599b0cd3d6df167f6c222d8f383df81107734ea9fe6,68b3c51581c3c9a9bdaf63bead042de711a8bd7a3c27d278f1dc5e460f72adb4,ef3f0c89d96ab326ed5c33340210b37033e47b033e9f124811cce7c80ef83b87,False,ok
figure3-wide-r3-20260716T132945Z-99bbe7a-6d84b1f54e25,figure3e,holdout_figure1c,3000,596,2,6,figure3-wide-r3-e-z01-a00,,,0.11570232443340224,2.0,2,421,100,0,0.0,0.0,0.03699349820698568,0.19866666666666666,post_freeze_wide_round_3,transition,True,figure1bc|114514|holdout_figure1c|3000|596,bf8db7d70d1b615396a1c599b0cd3d6df167f6c222d8f383df81107734ea9fe6,2b3d8269b133849ab9fb3a5e931d3d41e1baa295a901d3c7e68e48eb34b2c7eb,ef3f0c89d96ab326ed5c33340210b37033e47b033e9f124811cce7c80ef83b87,False,ok
figure3-wide-r3-20260716T132945Z-99bbe7a-6d84b1f54e25,figure3e,holdout_figure1c,3000,596,2,6,figure3-wide-r3-e-z01-a01,,,0.19251148483725977,2.0,2,437,100,0,0.0,0.0,0.03699349820698568,0.19866666666666666,post_freeze_wide_round_3,transition,True,figure1bc|114514|holdout_figure1c|3000|596,bf8db7d70d1b615396a1c599b0cd3d6df167f6c222d8f383df81107734ea9fe6,326d426e9afbc1be5bad5d3671b225e0377ff4b1187b3bc4eaeebe7192cb7200,ef3f0c89d96ab326ed5c33340210b37033e47b033e9f124811cce7c80ef83b87,False,ok
figure3-wide-r3-20260716T132945Z-99bbe7a-6d84b1f54e25,figure3e,holdout_figure1c,3000,596,2,6,figure3-wide-r3-e-z01-a02,,,0.30284787672851043,2.0,2,458,100,0,0.0,0.0,0.03699349820698568,0.19866666666666666,post_freeze_wide_round_3,transition,True,figure1bc|114514|holdout_figure1c|3000|596,bf8db7d70d1b615396a1c599b0cd3d6df167f6c222d8f383df81107734ea9fe6,c9fc9b154d3fe9cc3d6f1a7cea617fc7c8d8c4f6ce4422e6f8ea289f29694e69,ef3f0c89d96ab326ed5c33340210b37033e47b033e9f124811cce7c80ef83b87,False,ok
figure3-wide-r3-20260716T132945Z-99bbe7a-6d84b1f54e25,figure3e,holdout_figure1c,3000,596,2,6,figure3-wide-r3-e-z01-a03,,,0.4418214581980088,2.0,2,486,100,8,0.08,0.041093461484380624,0.14998107700948735,0.19866666666666666,post_freeze_wide_round_3,transition,True,figure1bc|114514|holdout_figure1c|3000|596,bf8db7d70d1b615396a1c599b0cd3d6df167f6c222d8f383df81107734ea9fe6,69b7940b29aa8382bf492f6368fa137f8c3b8dddfd37486920a3732d13232dbd,ef3f0c89d96ab326ed5c33340210b37033e47b033e9f124811cce7c80ef83b87,False,ok
figure3-wide-r3-20260716T132945Z-99bbe7a-6d84b1f54e25,figure3e,holdout_figure1c,3000,596,2,6,figure3-wide-r3-e-z01-a04,,,0.5905469704301111,2.0,2,515,100,70,0.7,0.6041514536665332,0.7810511470506724,0.19866666666666666,post_freeze_wide_round_3,transition,True,figure1bc|114514|holdout_figure1c|3000|596,bf8db7d70d1b615396a1c599b0cd3d6df167f6c222d8f383df81107734ea9fe6,8a3fc757d268a9482c7572750b22b0a8b9a6023015c9faf4285ad42f2e5e1c3b,ef3f0c89d96ab326ed5c33340210b37033e47b033e9f124811cce7c80ef83b87,False,ok
figure3-wide-r3-20260716T132945Z-99bbe7a-6d84b1f54e25,figure3e,holdout_figure1c,3000,596,2,6,figure3-wide-r3-e-z01-a05,,,0.7243668166820519,2.0,2,542,100,91,0.91,0.837737871472837,0.9519274599974348,0.19866666666666666,post_freeze_wide_round_3,transition,True,figure1bc|114514|holdout_figure1c|3000|596,bf8db7d70d1b615396a1c599b0cd3d6df167f6c222d8f383df81107734ea9fe6,6787ead91dc3bda66e84a7007ac9643b99d222719bc9acde39790340683a6e55,ef3f0c89d96ab326ed5c33340210b37033e47b033e9f124811cce7c80ef83b87,False,ok
figure3-wide-r3-20260716T132945Z-99bbe7a-6d84b1f54e25,figure3e,holdout_figure1c,3000,596,2,6,figure3-wide-r3-e-z01-a06,,,0.8272450692089377,2.0,2,562,100,65,0.65,0.5525444329688796,0.7363575175690247,0.19866666666666666,post_freeze_wide_round_3,transition,True,figure1bc|114514|holdout_figure1c|3000|596,bf8db7d70d1b615396a1c599b0cd3d6df167f6c222d8f383df81107734ea9fe6,dd427c72002d24c30305e34b4c5f2ce8461e0ef698aa1330d2e6558603a0fcb7,ef3f0c89d96ab326ed5c33340210b37033e47b033e9f124811cce7c80ef83b87,False,ok
figure3-wide-r3-20260716T132945Z-99bbe7a-6d84b1f54e25,figure3e,holdout_figure1c,3000,596,2,6,figure3-wide-r3-e-z01-a07,,,0.8971754204359096,2.0,2,576,100,20,0.2,0.1333669333310325,0.2888291655931589,0.19866666666666666,post_freeze_wide_round_3,transition,True,figure1bc|114514|holdout_figure1c|3000|596,bf8db7d70d1b615396a1c599b0cd3d6df167f6c222d8f383df81107734ea9fe6,8ffe5da945fc29d86c487f30a9bd54f1d604911c6314e2aa5bac8cf532fe5224,ef3f0c89d96ab326ed5c33340210b37033e47b033e9f124811cce7c80ef83b87,False,ok
figure3-wide-r3-20260716T132945Z-99bbe7a-6d84b1f54e25,figure3e,holdout_figure1c,3000,596,2,6,figure3-wide-r3-e-z01-a08,,,0.9408232733593045,2.0,2,585,100,7,0.07,0.03431926106727268,0.137495147390735,0.19866666666666666,post_freeze_wide_round_3,transition,True,figure1bc|114514|holdout_figure1c|3000|596,bf8db7d70d1b615396a1c599b0cd3d6df167f6c222d8f383df81107734ea9fe6,9d5aab9d1b740fac852ee8e1f37604003e65cb37780ba32cba36dad0716147f8,ef3f0c89d96ab326ed5c33340210b37033e47b033e9f124811cce7c80ef83b87,False,ok
figure3-wide-r3-20260716T132945Z-99bbe7a-6d84b1f54e25,figure3e,holdout_figure1c,3000,596,2,6,figure3-wide-r3-e-z01-a09,,,0.9666322087978757,2.0,2,590,100,3,0.03,0.010254524024038925,0.0845193642905276,0.19866666666666666,post_freeze_wide_round_3,transition,True,figure1bc|114514|holdout_figure1c|3000|596,bf8db7d70d1b615396a1c599b0cd3d6df167f6c222d8f383df81107734ea9fe6,e58f44bd90b67ad77d49acaa403d4b62d83e870877d2e285205d57dcf317b296,ef3f0c89d96ab326ed5c33340210b37033e47b033e9f124811cce7c80ef83b87,False,ok
figure3-wide-r3-20260716T132945Z-99bbe7a-6d84b1f54e25,figure3e,holdout_figure1c,3000,596,2,6,figure3-wide-r3-e-z01-a10,,,0.9814074541817858,2.0,2,593,100,5,0.05,0.02154367915436796,0.11175046923191913,0.19866666666666666,post_freeze_wide_round_3,transition,True,figure1bc|114514|holdout_figure1c|3000|596,bf8db7d70d1b615396a1c599b0cd3d6df167f6c222d8f383df81107734ea9fe6,f6091b144d1e51558907668daa15b5da7a386f065aeb08374e7c758326f9807a,ef3f0c89d96ab326ed5c33340210b37033e47b033e9f124811cce7c80ef83b87,False,ok
figure3-wide-r3-20260716T132945Z-99bbe7a-6d84b1f54e25,figure3e,holdout_figure1c,3000,596,2,6,figure3-wide-r3-e-z02-a00,,,0.11570232443340224,3.0,3,465,100,0,0.0,0.0,0.03699349820698568,0.19866666666666666,post_freeze_wide_round_3,transition,True,figure1bc|114514|holdout_figure1c|3000|596,bf8db7d70d1b615396a1c599b0cd3d6df167f6c222d8f383df81107734ea9fe6,9d6c3e7428d2818cee949f1d56043ada16b256227fafb3b7bb61fbfcaec199ed,ef3f0c89d96ab326ed5c33340210b37033e47b033e9f124811cce7c80ef83b87,False,ok
figure3-wide-r3-20260716T132945Z-99bbe7a-6d84b1f54e25,figure3e,holdout_figure1c,3000,596,2,6,figure3-wide-r3-e-z02-a01,,,0.19251148483725977,3.0,3,476,100,0,0.0,0.0,0.03699349820698568,0.19866666666666666,post_freeze_wide_round_3,transition,True,figure1bc|114514|holdout_figure1c|3000|596,bf8db7d70d1b615396a1c599b0cd3d6df167f6c222d8f383df81107734ea9fe6,17c1a2b07afbac73c68ab427f5d1a5f0a1b8e2682519c942cc86bf16cf5b106a,ef3f0c89d96ab326ed5c33340210b37033e47b033e9f124811cce7c80ef83b87,False,ok
figure3-wide-r3-20260716T132945Z-99bbe7a-6d84b1f54e25,figure3e,holdout_figure1c,3000,596,2,6,figure3-wide-r3-e-z02-a02,,,0.30284787672851043,3.0,3,493,100,0,0.0,0.0,0.03699349820698568,0.19866666666666666,post_freeze_wide_round_3,transition,True,figure1bc|114514|holdout_figure1c|3000|596,bf8db7d70d1b615396a1c599b0cd3d6df167f6c222d8f383df81107734ea9fe6,0999085fe734ff844be9241c6398871a22d2df50fba3d1a25ec739c0b094ad62,ef3f0c89d96ab326ed5c33340210b37033e47b033e9f124811cce7c80ef83b87,False,ok
figure3-wide-r3-20260716T132945Z-99bbe7a-6d84b1f54e25,figure3e,holdout_figure1c,3000,596,2,6,figure3-wide-r3-e-z02-a03,,,0.4418214581980088,3.0,3,513,100,14,0.14,0.08526343659939134,0.22137188210963837,0.19866666666666666,post_freeze_wide_round_3,transition,True,figure1bc|114514|holdout_figure1c|3000|596,bf8db7d70d1b615396a1c599b0cd3d6df167f6c222d8f383df81107734ea9fe6,bdefe3fa274b680a1936f78f2be8d889c77ed01043f0cef8a58b64f9942513cf,ef3f0c89d96ab326ed5c33340210b37033e47b033e9f124811cce7c80ef83b87,False,ok
figure3-wide-r3-20260716T132945Z-99bbe7a-6d84b1f54e25,figure3e,holdout_figure1c,3000,596,2,6,figure3-wide-r3-e-z02-a04,,,0.5905469704301111,3.0,3,535,100,75,0.75,0.656955364519384,0.8245478863771232,0.19866666666666666,post_freeze_wide_round_3,transition,True,figure1bc|114514|holdout_figure1c|3000|596,bf8db7d70d1b615396a1c599b0cd3d6df167f6c222d8f383df81107734ea9fe6,168dde2ac369f17ae7305d70f8e721f42cfb81199cc653dc91ce50e17afea88a,ef3f0c89d96ab326ed5c33340210b37033e47b033e9f124811cce7c80ef83b87,False,ok
figure3-wide-r3-20260716T132945Z-99bbe7a-6d84b1f54e25,figure3e,holdout_figure1c,3000,596,2,6,figure3-wide-r3-e-z02-a06,,,0.8272450692089377,3.0,3,571,100,80,0.8,0.7111708344068411,0.8666330666689676,0.19866666666666666,post_freeze_wide_round_3,transition,True,figure1bc|114514|holdout_figure1c|3000|596,bf8db7d70d1b615396a1c599b0cd3d6df167f6c222d8f383df81107734ea9fe6,77b23366da4e21ae69fcb46f6dc8cb6984745294fe2457f831803e5d37b905e3,ef3f0c89d96ab326ed5c33340210b37033e47b033e9f124811cce7c80ef83b87,False,ok
figure3-wide-r3-20260716T132945Z-99bbe7a-6d84b1f54e25,figure3e,holdout_figure1c,3000,596,2,6,figure3-wide-r3-e-z02-a07,,,0.8971754204359096,3.0,3,581,100,48,0.48,0.384645517580519,0.5768342223477603,0.19866666666666666,post_freeze_wide_round_3,transition,True,figure1bc|114514|holdout_figure1c|3000|596,bf8db7d70d1b615396a1c599b0cd3d6df167f6c222d8f383df81107734ea9fe6,239df99161b62253014f0fd5ba60da3b911717e7b54477964ce53aec427c40c8,ef3f0c89d96ab326ed5c33340210b37033e47b033e9f124811cce7c80ef83b87,False,ok
figure3-wide-r3-20260716T132945Z-99bbe7a-6d84b1f54e25,figure3e,holdout_figure1c,3000,596,2,6,figure3-wide-r3-e-z02-a08,,,0.9408232733593045,3.0,3,588,100,23,0.23,0.15843265880303448,0.3215438302287378,0.19866666666666666,post_freeze_wide_round_3,transition,True,figure1bc|114514|holdout_figure1c|3000|596,bf8db7d70d1b615396a1c599b0cd3d6df167f6c222d8f383df81107734ea9fe6,269320d35dc0daa0600f8fbb3c1875dd1bb966cb3505b52ee0d3a7b0836b9675,ef3f0c89d96ab326ed5c33340210b37033e47b033e9f124811cce7c80ef83b87,False,ok
figure3-wide-r3-20260716T132945Z-99bbe7a-6d84b1f54e25,figure3e,holdout_figure1c,3000,596,2,6,figure3-wide-r3-e-z02-a09,,,0.9666322087978757,3.0,3,592,100,11,0.11,0.06254196357064568,0.18631296503080313,0.19866666666666666,post_freeze_wide_round_3,transition,True,figure1bc|114514|holdout_figure1c|3000|596,bf8db7d70d1b615396a1c599b0cd3d6df167f6c222d8f383df81107734ea9fe6,cfcdb458169ff5ac66eb03ece69cf98da07d3c5509596f686b26ec16741c8df1,ef3f0c89d96ab326ed5c33340210b37033e47b033e9f124811cce7c80ef83b87,False,ok
figure3-wide-r3-20260716T132945Z-99bbe7a-6d84b1f54e25,figure3e,holdout_figure1c,3000,596,2,6,figure3-wide-r3-e-z02-a10,,,0.9814074541817858,3.0,3,594,100,16,0.16,0.10095288488804782,0.24420269389270244,0.19866666666666666,post_freeze_wide_round_3,transition,True,figure1bc|114514|holdout_figure1c|3000|596,bf8db7d70d1b615396a1c599b0cd3d6df167f6c222d8f383df81107734ea9fe6,0553851752dedf1f147f2d99617cc332615cff8a742e88b261f8b1814e5f7070,ef3f0c89d96ab326ed5c33340210b37033e47b033e9f124811cce7c80ef83b87,False,ok
figure3-wide-r3-20260716T132945Z-99bbe7a-6d84b1f54e25,figure3e,holdout_figure1c,3000,596,2,6,figure3-wide-r3-e-z03-a00,,,0.11570232443340224,8.0,8,538,100,1,0.01,0.0017674320641406505,0.054486196178705315,0.19866666666666666,post_freeze_wide_round_3,transition,True,figure1bc|114514|holdout_figure1c|3000|596,bf8db7d70d1b615396a1c599b0cd3d6df167f6c222d8f383df81107734ea9fe6,bbb4f893c88332eb6cf89d31234847acb7cffddc3216601a17c8e16c38a9a0e7,ef3f0c89d96ab326ed5c33340210b37033e47b033e9f124811cce7c80ef83b87,False,ok
figure3-wide-r3-20260716T132945Z-99bbe7a-6d84b1f54e25,figure3e,holdout_figure1c,3000,596,2,6,figure3-wide-r3-e-z03-a01,,,0.19251148483725977,8.0,8,543,100,0,0.0,0.0,0.03699349820698568,0.19866666666666666,post_freeze_wide_round_3,transition,True,figure1bc|114514|holdout_figure1c|3000|596,bf8db7d70d1b615396a1c599b0cd3d6df167f6c222d8f383df81107734ea9fe6,42dda2aebef62798d670865c3620a34d128e106a0f80950de364742b8b7adf1e,ef3f0c89d96ab326ed5c33340210b37033e47b033e9f124811cce7c80ef83b87,False,ok
figure3-wide-r3-20260716T132945Z-99bbe7a-6d84b1f54e25,figure3e,holdout_figure1c,3000,596,2,6,figure3-wide-r3-e-z03-a02,,,0.30284787672851043,8.0,8,550,100,6,0.06,0.027786123963188192,0.1247681544589592,0.19866666666666666,post_freeze_wide_round_3,transition,True,figure1bc|114514|holdout_figure1c|3000|596,bf8db7d70d1b615396a1c599b0cd3d6df167f6c222d8f383df81107734ea9fe6,a3ec527e89f0d432506ff72f3fd56d1fa418c0825f94643b0e093830d04580fe,ef3f0c89d96ab326ed5c33340210b37033e47b033e9f124811cce7c80ef83b87,False,ok
figure3-wide-r3-20260716T132945Z-99bbe7a-6d84b1f54e25,figure3e,holdout_figure1c,3000,596,2,6,figure3-wide-r3-e-z03-a03,,,0.4418214581980088,8.0,8,560,100,20,0.2,0.1333669333310325,0.2888291655931589,0.19866666666666666,post_freeze_wide_round_3,transition,True,figure1bc|114514|holdout_figure1c|3000|596,bf8db7d70d1b615396a1c599b0cd3d6df167f6c222d8f383df81107734ea9fe6,1279839f7c464dc1bfad13b5104d1df248f4f5cf1da2a134afe7d3a07090a441,ef3f0c89d96ab326ed5c33340210b37033e47b033e9f124811cce7c80ef83b87,False,ok
figure3-wide-r3-20260716T132945Z-99bbe7a-6d84b1f54e25,figure3e,holdout_figure1c,3000,596,2,6,figure3-wide-r3-e-z03-a04,,,0.5905469704301111,8.0,8,569,100,50,0.5,0.4038315303659956,0.5961684696340044,0.19866666666666666,post_freeze_wide_round_3,transition,True,figure1bc|114514|holdout_figure1c|3000|596,bf8db7d70d1b615396a1c599b0cd3d6df167f6c222d8f383df81107734ea9fe6,806989f8ab4d949b9fb67a322348f833c99117af7611645cc3cb3e3b87068a6c,ef3f0c89d96ab326ed5c33340210b37033e47b033e9f124811cce7c80ef83b87,False,ok
figure3-wide-r3-20260716T132945Z-99bbe7a-6d84b1f54e25,figure3e,holdout_figure1c,3000,596,2,6,figure3-wide-r3-e-z03-a05,,,0.7243668166820519,8.0,8,578,100,64,0.64,0.5423540245160874,0.7272877959859567,0.19866666666666666,post_freeze_wide_round_3,transition,True,figure1bc|114514|holdout_figure1c|3000|596,bf8db7d70d1b615396a1c599b0cd3d6df167f6c222d8f383df81107734ea9fe6,8dff289611c23d222441126321e3b7b864fc2b1c328fc66ea3a12244b1f9ccb7,ef3f0c89d96ab326ed5c33340210b37033e47b033e9f124811cce7c80ef83b87,False,ok
figure3-wide-r3-20260716T132945Z-99bbe7a-6d84b1f54e25,figure3e,holdout_figure1c,3000,596,2,6,figure3-wide-r3-e-z03-a06,,,0.8272450692089377,8.0,8,585,100,78,0.78,0.6892964648501421,0.8499871761539459,0.19866666666666666,post_freeze_wide_round_3,transition,True,figure1bc|114514|holdout_figure1c|3000|596,bf8db7d70d1b615396a1c599b0cd3d6df167f6c222d8f383df81107734ea9fe6,ed23c936fd92dab1a998d579e393b23c8b1dac432886f259d1cf58efcf8a1132,ef3f0c89d96ab326ed5c33340210b37033e47b033e9f124811cce7c80ef83b87,False,ok
figure3-wide-r3-20260716T132945Z-99bbe7a-6d84b1f54e25,figure3e,holdout_figure1c,3000,596,2,6,figure3-wide-r3-e-z03-a07,,,0.8971754204359096,8.0,8,590,100,73,0.73,0.6356788323205499,0.8073041585042365,0.19866666666666666,post_freeze_wide_round_3,transition,True,figure1bc|114514|holdout_figure1c|3000|596,bf8db7d70d1b615396a1c599b0cd3d6df167f6c222d8f383df81107734ea9fe6,340bf038d829e568ccfeb3a728159f7e628ef73412a7e52efebd3bf7d18131db,ef3f0c89d96ab326ed5c33340210b37033e47b033e9f124811cce7c80ef83b87,False,ok
figure3-wide-r3-20260716T132945Z-99bbe7a-6d84b1f54e25,figure3e,holdout_figure1c,3000,596,2,6,figure3-wide-r3-e-z03-a08,,,0.9408232733593045,8.0,8,593,100,66,0.66,0.5627772885472462,0.7453847920265184,0.19866666666666666,post_freeze_wide_round_3,transition,True,figure1bc|114514|holdout_figure1c|3000|596,bf8db7d70d1b615396a1c599b0cd3d6df167f6c222d8f383df81107734ea9fe6,6bb9c3452013f48d5bd6b0f65bb4a81f15cc717b599091b39154a1b9f76ed08f,ef3f0c89d96ab326ed5c33340210b37033e47b033e9f124811cce7c80ef83b87,False,ok
figure3-wide-r3-20260716T132945Z-99bbe7a-6d84b1f54e25,figure3e,holdout_figure1c,3000,596,2,6,figure3-wide-r3-e-z03-a09,,,0.9666322087978757,8.0,8,594,100,51,0.51,0.4134801193402717,0.6057800106955886,0.19866666666666666,post_freeze_wide_round_3,transition,True,figure1bc|114514|holdout_figure1c|3000|596,bf8db7d70d1b615396a1c599b0cd3d6df167f6c222d8f383df81107734ea9fe6,2c46e93c89bf9f9c3580df031865031bb546d8cc60c734ca03e8213bf8657d0a,ef3f0c89d96ab326ed5c33340210b37033e47b033e9f124811cce7c80ef83b87,False,ok
figure3-wide-r3-20260716T132945Z-99bbe7a-6d84b1f54e25,figure3e,holdout_figure1c,3000,596,2,6,figure3-wide-r3-e-z03-a10,,,0.9814074541817858,8.0,8,595,100,64,0.64,0.5423540245160874,0.7272877959859567,0.19866666666666666,post_freeze_wide_round_3,transition,True,figure1bc|114514|holdout_figure1c|3000|596,bf8db7d70d1b615396a1c599b0cd3d6df167f6c222d8f383df81107734ea9fe6,2c53284f6397ab54016462cfca1debd339f7f23e19bd84fc53d53038a1ea380a,ef3f0c89d96ab326ed5c33340210b37033e47b033e9f124811cce7c80ef83b87,False,ok
figure3-wide-r3-20260716T132945Z-99bbe7a-6d84b1f54e25,figure3e,holdout_figure1c,3000,596,2,6,figure3-wide-r3-e-z04-a00,,,0.11570232443340224,18.0,18,569,100,0,0.0,0.0,0.03699349820698568,0.19866666666666666,post_freeze_wide_round_3,transition,True,figure1bc|114514|holdout_figure1c|3000|596,bf8db7d70d1b615396a1c599b0cd3d6df167f6c222d8f383df81107734ea9fe6,8c64cbe862e2aa941e911c72815124dd232dfae5ac2fe7bb6e9e2b972d845db1,ef3f0c89d96ab326ed5c33340210b37033e47b033e9f124811cce7c80ef83b87,False,ok
figure3-wide-r3-20260716T132945Z-99bbe7a-6d84b1f54e25,figure3e,holdout_figure1c,3000,596,2,6,figure3-wide-r3-e-z04-a01,,,0.19251148483725977,18.0,18,571,100,0,0.0,0.0,0.03699349820698568,0.19866666666666666,post_freeze_wide_round_3,transition,True,figure1bc|114514|holdout_figure1c|3000|596,bf8db7d70d1b615396a1c599b0cd3d6df167f6c222d8f383df81107734ea9fe6,87f7bc90356af3b1c0dffec1bff4a5e4b7e2feeae42365f311b9428213feb624,ef3f0c89d96ab326ed5c33340210b37033e47b033e9f124811cce7c80ef83b87,False,ok
figure3-wide-r3-20260716T132945Z-99bbe7a-6d84b1f54e25,figure3e,holdout_figure1c,3000,596,2,6,figure3-wide-r3-e-z04-a02,,,0.30284787672851043,18.0,18,575,100,0,0.0,0.0,0.03699349820698568,0.19866666666666666,post_freeze_wide_round_3,transition,True,figure1bc|114514|holdout_figure1c|3000|596,bf8db7d70d1b615396a1c599b0cd3d6df167f6c222d8f383df81107734ea9fe6,c77e29db54d1742b597279dd4d5e2b3031fb5ea545356a6fea6289a13625b608,ef3f0c89d96ab326ed5c33340210b37033e47b033e9f124811cce7c80ef83b87,False,ok
figure3-wide-r3-20260716T132945Z-99bbe7a-6d84b1f54e25,figure3e,holdout_figure1c,3000,596,2,6,figure3-wide-r3-e-z04-a03,,,0.4418214581980088,18.0,18,579,100,0,0.0,0.0,0.03699349820698568,0.19866666666666666,post_freeze_wide_round_3,transition,True,figure1bc|114514|holdout_figure1c|3000|596,bf8db7d70d1b615396a1c599b0cd3d6df167f6c222d8f383df81107734ea9fe6,a9853a35d3075b7d686b2ea193ce6e8a2df808339e5d68accc434b44c73a7439,ef3f0c89d96ab326ed5c33340210b37033e47b033e9f124811cce7c80ef83b87,False,ok
figure3-wide-r3-20260716T132945Z-99bbe7a-6d84b1f54e25,figure3e,holdout_figure1c,3000,596,2,6,figure3-wide-r3-e-z04-a04,,,0.5905469704301111,18.0,18,584,100,1,0.01,0.0017674320641406505,0.054486196178705315,0.19866666666666666,post_freeze_wide_round_3,transition,True,figure1bc|114514|holdout_figure1c|3000|596,bf8db7d70d1b615396a1c599b0cd3d6df167f6c222d8f383df81107734ea9fe6,b7efad6893dcc11c53e960c2aefe8d4dea676f22a66648ec9f654686dcd66264,ef3f0c89d96ab326ed5c33340210b37033e47b033e9f124811cce7c80ef83b87,False,ok
figure3-wide-r3-20260716T132945Z-99bbe7a-6d84b1f54e25,figure3e,holdout_figure1c,3000,596,2,6,figure3-wide-r3-e-z04-a05,,,0.7243668166820519,18.0,18,588,100,0,0.0,0.0,0.03699349820698568,0.19866666666666666,post_freeze_wide_round_3,transition,True,figure1bc|114514|holdout_figure1c|3000|596,bf8db7d70d1b615396a1c599b0cd3d6df167f6c222d8f383df81107734ea9fe6,af32bb4b1cef33c936bfee115158909488f8698639ea6aa670d0575259323b80,ef3f0c89d96ab326ed5c33340210b37033e47b033e9f124811cce7c80ef83b87,False,ok
figure3-wide-r3-20260716T132945Z-99bbe7a-6d84b1f54e25,figure3e,holdout_figure1c,3000,596,2,6,figure3-wide-r3-e-z04-a06,,,0.8272450692089377,18.0,18,591,100,3,0.03,0.010254524024038925,0.0845193642905276,0.19866666666666666,post_freeze_wide_round_3,transition,True,figure1bc|114514|holdout_figure1c|3000|596,bf8db7d70d1b615396a1c599b0cd3d6df167f6c222d8f383df81107734ea9fe6,6dde505c23200a2ff92419f05ed9486fc7572bf9a2bda4542da33799b9f9320b,ef3f0c89d96ab326ed5c33340210b37033e47b033e9f124811cce7c80ef83b87,False,ok
figure3-wide-r3-20260716T132945Z-99bbe7a-6d84b1f54e25,figure3e,holdout_figure1c,3000,596,2,6,figure3-wide-r3-e-z04-a07,,,0.8971754204359096,18.0,18,593,100,1,0.01,0.0017674320641406505,0.054486196178705315,0.19866666666666666,post_freeze_wide_round_3,transition,True,figure1bc|114514|holdout_figure1c|3000|596,bf8db7d70d1b615396a1c599b0cd3d6df167f6c222d8f383df81107734ea9fe6,bbb6dbf30e5d36ea3ac00fafcd6d02cabf8ccddbe5fb1a740054fc4696de11d2,ef3f0c89d96ab326ed5c33340210b37033e47b033e9f124811cce7c80ef83b87,False,ok
figure3-wide-r3-20260716T132945Z-99bbe7a-6d84b1f54e25,figure3e,holdout_figure1c,3000,596,2,6,figure3-wide-r3-e-z04-a08,,,0.9408232733593045,18.0,18,595,100,5,0.05,0.02154367915436796,0.11175046923191913,0.19866666666666666,post_freeze_wide_round_3,transition,True,figure1bc|114514|holdout_figure1c|3000|596,bf8db7d70d1b615396a1c599b0cd3d6df167f6c222d8f383df81107734ea9fe6,8380085a5f2c256a3649f4177847410fa12efbf8140a2bdbcc67bd8fa678370f,ef3f0c89d96ab326ed5c33340210b37033e47b033e9f124811cce7c80ef83b87,False,ok
figure3-wide-r3-20260716T132945Z-99bbe7a-6d84b1f54e25,figure3e,holdout_figure1c,3000,596,2,6,figure3-wide-r3-e-z04-a09,,,0.9666322087978757,18.0,18,595,100,5,0.05,0.02154367915436796,0.11175046923191913,0.19866666666666666,post_freeze_wide_round_3,transition,True,figure1bc|114514|holdout_figure1c|3000|596,bf8db7d70d1b615396a1c599b0cd3d6df167f6c222d8f383df81107734ea9fe6,8f393b1317522fcec001316dfc3da48020e570b9b4747c8ac54cf2ba59436bc6,ef3f0c89d96ab326ed5c33340210b37033e47b033e9f124811cce7c80ef83b87,False,ok
figure3-wide-r3-20260716T132945Z-99bbe7a-6d84b1f54e25,figure3e,holdout_figure1c,3000,596,2,6,figure3-wide-r3-e-z04-a10,,,0.9814074541817858,18.0,18,596,100,6,0.06,0.027786123963188192,0.1247681544589592,0.19866666666666666,post_freeze_wide_round_3,transition,True,figure1bc|114514|holdout_figure1c|3000|596,bf8db7d70d1b615396a1c599b0cd3d6df167f6c222d8f383df81107734ea9fe6,96fd2f593ddd3d411e5387a328a61d2f01766aa0e3159b23e68f967565fbd091,ef3f0c89d96ab326ed5c33340210b37033e47b033e9f124811cce7c80ef83b87,False,ok
figure3-wide-r3-20260716T132945Z-99bbe7a-6d84b1f54e25,figure3e,holdout_figure1c,3000,596,2,6,frozen-prediction,0.875,0.9,0.7243668166820519,3.2078367850904863,3,555,100,97,0.97,0.9154806357094724,0.9897454759759611,0.19866666666666666,post_freeze_wide_round_3,transition,True,figure1bc|114514|holdout_figure1c|3000|596,bf8db7d70d1b615396a1c599b0cd3d6df167f6c222d8f383df81107734ea9fe6,b2979fca2e5aac4fdaba9332a8246f242a9d62a59b55ee56286be3778ae30f1e,ef3f0c89d96ab326ed5c33340210b37033e47b033e9f124811cce7c80ef83b87,True,ok
figure3-wide-r3-20260716T132945Z-99bbe7a-6d84b1f54e25,figure3f,holdout_figure1b,3000,621,2,6,figure3-wide-r3-f-z00-a00,,,0.11570232443340224,0.0,0,72,100,90,0.9,0.8256343384950865,0.9447708629393249,0.207,post_freeze_wide_round_3,transition,True,figure1bc|114514|holdout_figure1b|3000|621,d81a7a17dec88fd3c31e381ec7a0699e08acd8a24db1cb3fea282c028a7fcddb,5a35d774870d147b07b159b12e163fd2df3a190aaf1f335c96e5b284689631b1,ef3f0c89d96ab326ed5c33340210b37033e47b033e9f124811cce7c80ef83b87,False,ok
figure3-wide-r3-20260716T132945Z-99bbe7a-6d84b1f54e25,figure3f,holdout_figure1b,3000,621,2,6,figure3-wide-r3-f-z00-a01,,,0.19251148483725977,0.0,0,120,100,94,0.94,0.8752318455410406,0.9722138760368118,0.207,post_freeze_wide_round_3,transition,True,figure1bc|114514|holdout_figure1b|3000|621,d81a7a17dec88fd3c31e381ec7a0699e08acd8a24db1cb3fea282c028a7fcddb,6200615f4e257fc3a7534e65c1b5ca2c1ba1c75ebfb55df3f87237bb493f1add,ef3f0c89d96ab326ed5c33340210b37033e47b033e9f124811cce7c80ef83b87,False,ok
figure3-wide-r3-20260716T132945Z-99bbe7a-6d84b1f54e25,figure3f,holdout_figure1b,3000,621,2,6,figure3-wide-r3-f-z00-a02,,,0.30284787672851043,0.0,0,189,100,92,0.92,0.8500189229905127,0.9589065385156194,0.207,post_freeze_wide_round_3,transition,True,figure1bc|114514|holdout_figure1b|3000|621,d81a7a17dec88fd3c31e381ec7a0699e08acd8a24db1cb3fea282c028a7fcddb,da149d07059f2b075352cdd8cbf0cfc3e9b99339cdeeedb6f66a6214b924795c,ef3f0c89d96ab326ed5c33340210b37033e47b033e9f124811cce7c80ef83b87,False,ok
figure3-wide-r3-20260716T132945Z-99bbe7a-6d84b1f54e25,figure3f,holdout_figure1b,3000,621,2,6,figure3-wide-r3-f-z00-a03,,,0.4418214581980088,0.0,0,275,100,87,0.87,0.7901964855992357,0.9224283257275948,0.207,post_freeze_wide_round_3,transition,True,figure1bc|114514|holdout_figure1b|3000|621,d81a7a17dec88fd3c31e381ec7a0699e08acd8a24db1cb3fea282c028a7fcddb,1add395235fafb5fac680d281013ea37653496ab7f254e7a466c360cf621425a,ef3f0c89d96ab326ed5c33340210b37033e47b033e9f124811cce7c80ef83b87,False,ok
figure3-wide-r3-20260716T132945Z-99bbe7a-6d84b1f54e25,figure3f,holdout_figure1b,3000,621,2,6,figure3-wide-r3-f-z00-a04,,,0.5905469704301111,0.0,0,367,100,86,0.86,0.7786281178903616,0.9147365634006086,0.207,post_freeze_wide_round_3,transition,True,figure1bc|114514|holdout_figure1b|3000|621,d81a7a17dec88fd3c31e381ec7a0699e08acd8a24db1cb3fea282c028a7fcddb,db1d48d21f8c7c3951474e6421a8e61cdc743f237c24a7251183d7f0c0b2e981,ef3f0c89d96ab326ed5c33340210b37033e47b033e9f124811cce7c80ef83b87,False,ok
figure3-wide-r3-20260716T132945Z-99bbe7a-6d84b1f54e25,figure3f,holdout_figure1b,3000,621,2,6,figure3-wide-r3-f-z00-a05,,,0.7243668166820519,0.0,0,450,100,92,0.92,0.8500189229905127,0.9589065385156194,0.207,post_freeze_wide_round_3,transition,True,figure1bc|114514|holdout_figure1b|3000|621,d81a7a17dec88fd3c31e381ec7a0699e08acd8a24db1cb3fea282c028a7fcddb,76c95e272e867454b24c3d48e79134f23a2eff7a83a3fefdc39d5f7a329a3fd6,ef3f0c89d96ab326ed5c33340210b37033e47b033e9f124811cce7c80ef83b87,False,ok
figure3-wide-r3-20260716T132945Z-99bbe7a-6d84b1f54e25,figure3f,holdout_figure1b,3000,621,2,6,figure3-wide-r3-f-z00-a06,,,0.8272450692089377,0.0,0,514,100,93,0.93,0.8625048526092651,0.9656807389327273,0.207,post_freeze_wide_round_3,transition,True,figure1bc|114514|holdout_figure1b|3000|621,d81a7a17dec88fd3c31e381ec7a0699e08acd8a24db1cb3fea282c028a7fcddb,6bce3339382b5cf9774685db9c040ccaefd0c929a66a83253b4d07f2d0164b0c,ef3f0c89d96ab326ed5c33340210b37033e47b033e9f124811cce7c80ef83b87,False,ok
figure3-wide-r3-20260716T132945Z-99bbe7a-6d84b1f54e25,figure3f,holdout_figure1b,3000,621,2,6,figure3-wide-r3-f-z00-a07,,,0.8971754204359096,0.0,0,558,100,93,0.93,0.8625048526092651,0.9656807389327273,0.207,post_freeze_wide_round_3,transition,True,figure1bc|114514|holdout_figure1b|3000|621,d81a7a17dec88fd3c31e381ec7a0699e08acd8a24db1cb3fea282c028a7fcddb,4cea95705883df12e2f16662173e997b3b69a6aa38e26e7382eb1a9adca7e330,ef3f0c89d96ab326ed5c33340210b37033e47b033e9f124811cce7c80ef83b87,False,ok
figure3-wide-r3-20260716T132945Z-99bbe7a-6d84b1f54e25,figure3f,holdout_figure1b,3000,621,2,6,figure3-wide-r3-f-z00-a08,,,0.9408232733593045,0.0,0,585,100,94,0.94,0.8752318455410406,0.9722138760368118,0.207,post_freeze_wide_round_3,transition,True,figure1bc|114514|holdout_figure1b|3000|621,d81a7a17dec88fd3c31e381ec7a0699e08acd8a24db1cb3fea282c028a7fcddb,d28074af1c470e2f4ad7c0574bc9688a04c7e5b3a0b9435cbecd86e856087ee3,ef3f0c89d96ab326ed5c33340210b37033e47b033e9f124811cce7c80ef83b87,False,ok
figure3-wide-r3-20260716T132945Z-99bbe7a-6d84b1f54e25,figure3f,holdout_figure1b,3000,621,2,6,figure3-wide-r3-f-z00-a09,,,0.9666322087978757,0.0,0,601,100,93,0.93,0.8625048526092651,0.9656807389327273,0.207,post_freeze_wide_round_3,transition,True,figure1bc|114514|holdout_figure1b|3000|621,d81a7a17dec88fd3c31e381ec7a0699e08acd8a24db1cb3fea282c028a7fcddb,c4a46faac6864f423b6acf05eb03bf2fcd02175e06b78a8df24e88a4396c6938,ef3f0c89d96ab326ed5c33340210b37033e47b033e9f124811cce7c80ef83b87,False,ok
figure3-wide-r3-20260716T132945Z-99bbe7a-6d84b1f54e25,figure3f,holdout_figure1b,3000,621,2,6,figure3-wide-r3-f-z00-a10,,,0.9814074541817858,0.0,0,610,100,94,0.94,0.8752318455410406,0.9722138760368118,0.207,post_freeze_wide_round_3,transition,True,figure1bc|114514|holdout_figure1b|3000|621,d81a7a17dec88fd3c31e381ec7a0699e08acd8a24db1cb3fea282c028a7fcddb,d86c13ba8151d3b131b9b038450e2b77c6feec8885640fde67414a2706df918d,ef3f0c89d96ab326ed5c33340210b37033e47b033e9f124811cce7c80ef83b87,False,ok
figure3-wide-r3-20260716T132945Z-99bbe7a-6d84b1f54e25,figure3f,holdout_figure1b,3000,621,2,6,figure3-wide-r3-f-z01-a00,,,0.11570232443340224,2.0,2,438,100,0,0.0,0.0,0.03699349820698568,0.207,post_freeze_wide_round_3,transition,True,figure1bc|114514|holdout_figure1b|3000|621,d81a7a17dec88fd3c31e381ec7a0699e08acd8a24db1cb3fea282c028a7fcddb,4f37d832ff231e5e0bba575f90c18c5b38c75f729062f44260c389cfbddd71c1,ef3f0c89d96ab326ed5c33340210b37033e47b033e9f124811cce7c80ef83b87,False,ok
figure3-wide-r3-20260716T132945Z-99bbe7a-6d84b1f54e25,figure3f,holdout_figure1b,3000,621,2,6,figure3-wide-r3-f-z01-a01,,,0.19251148483725977,2.0,2,454,100,0,0.0,0.0,0.03699349820698568,0.207,post_freeze_wide_round_3,transition,True,figure1bc|114514|holdout_figure1b|3000|621,d81a7a17dec88fd3c31e381ec7a0699e08acd8a24db1cb3fea282c028a7fcddb,a2b43c7a4ce4a3c98f960e97c2397452cff686246cc369a36733022c13c33019,ef3f0c89d96ab326ed5c33340210b37033e47b033e9f124811cce7c80ef83b87,False,ok
figure3-wide-r3-20260716T132945Z-99bbe7a-6d84b1f54e25,figure3f,holdout_figure1b,3000,621,2,6,figure3-wide-r3-f-z01-a02,,,0.30284787672851043,2.0,2,477,100,0,0.0,0.0,0.03699349820698568,0.207,post_freeze_wide_round_3,transition,True,figure1bc|114514|holdout_figure1b|3000|621,d81a7a17dec88fd3c31e381ec7a0699e08acd8a24db1cb3fea282c028a7fcddb,5971b9bc3f80e9c77ea5fd684795b21f2328c7697079202e3b2fe001d6100857,ef3f0c89d96ab326ed5c33340210b37033e47b033e9f124811cce7c80ef83b87,False,ok
figure3-wide-r3-20260716T132945Z-99bbe7a-6d84b1f54e25,figure3f,holdout_figure1b,3000,621,2,6,figure3-wide-r3-f-z01-a03,,,0.4418214581980088,2.0,2,506,100,49,0.49,0.3942199893044113,0.5865198806597283,0.207,post_freeze_wide_round_3,transition,True,figure1bc|114514|holdout_figure1b|3000|621,d81a7a17dec88fd3c31e381ec7a0699e08acd8a24db1cb3fea282c028a7fcddb,4f99c2aabe595174e88d7b3af839b4c2457029f496cf65bd72b4a1aa871065be,ef3f0c89d96ab326ed5c33340210b37033e47b033e9f124811cce7c80ef83b87,False,ok
figure3-wide-r3-20260716T132945Z-99bbe7a-6d84b1f54e25,figure3f,holdout_figure1b,3000,621,2,6,figure3-wide-r3-f-z01-a04,,,0.5905469704301111,2.0,2,537,100,100,1.0,0.9630065017930143,1.0,0.207,post_freeze_wide_round_3,transition,True,figure1bc|114514|holdout_figure1b|3000|621,d81a7a17dec88fd3c31e381ec7a0699e08acd8a24db1cb3fea282c028a7fcddb,14dd75e43c877de2cd5928c16df23a352698909293201f435a7d3733c24e88d3,ef3f0c89d96ab326ed5c33340210b37033e47b033e9f124811cce7c80ef83b87,False,ok
figure3-wide-r3-20260716T132945Z-99bbe7a-6d84b1f54e25,figure3f,holdout_figure1b,3000,621,2,6,figure3-wide-r3-f-z01-a05,,,0.7243668166820519,2.0,2,564,100,100,1.0,0.9630065017930143,1.0,0.207,post_freeze_wide_round_3,transition,True,figure1bc|114514|holdout_figure1b|3000|621,d81a7a17dec88fd3c31e381ec7a0699e08acd8a24db1cb3fea282c028a7fcddb,e868f04b00160013f20b9171d62cbd12b3d687faf05491e687ac0901d31b3b3c,ef3f0c89d96ab326ed5c33340210b37033e47b033e9f124811cce7c80ef83b87,False,ok
figure3-wide-r3-20260716T132945Z-99bbe7a-6d84b1f54e25,figure3f,holdout_figure1b,3000,621,2,6,figure3-wide-r3-f-z01-a06,,,0.8272450692089377,2.0,2,586,100,100,1.0,0.9630065017930143,1.0,0.207,post_freeze_wide_round_3,transition,True,figure1bc|114514|holdout_figure1b|3000|621,d81a7a17dec88fd3c31e381ec7a0699e08acd8a24db1cb3fea282c028a7fcddb,677af06145a3ee4fe5954b95fa5fd63aa08f05529425e965ca398f0513f7c6df,ef3f0c89d96ab326ed5c33340210b37033e47b033e9f124811cce7c80ef83b87,False,ok
figure3-wide-r3-20260716T132945Z-99bbe7a-6d84b1f54e25,figure3f,holdout_figure1b,3000,621,2,6,figure3-wide-r3-f-z01-a07,,,0.8971754204359096,2.0,2,600,100,99,0.99,0.9455138038212946,0.9982325679358593,0.207,post_freeze_wide_round_3,transition,True,figure1bc|114514|holdout_figure1b|3000|621,d81a7a17dec88fd3c31e381ec7a0699e08acd8a24db1cb3fea282c028a7fcddb,2e1765b09e057a634bbaf740d10e67062d50c46cc6ba7bca16be5e8354e83819,ef3f0c89d96ab326ed5c33340210b37033e47b033e9f124811cce7c80ef83b87,False,ok
figure3-wide-r3-20260716T132945Z-99bbe7a-6d84b1f54e25,figure3f,holdout_figure1b,3000,621,2,6,figure3-wide-r3-f-z01-a08,,,0.9408232733593045,2.0,2,609,100,97,0.97,0.9154806357094724,0.9897454759759611,0.207,post_freeze_wide_round_3,transition,True,figure1bc|114514|holdout_figure1b|3000|621,d81a7a17dec88fd3c31e381ec7a0699e08acd8a24db1cb3fea282c028a7fcddb,7571c93cde03ad0d0db0ebad596e8e6ec9bdb73c3d9abcc701c425376a7f0aff,ef3f0c89d96ab326ed5c33340210b37033e47b033e9f124811cce7c80ef83b87,False,ok
figure3-wide-r3-20260716T132945Z-99bbe7a-6d84b1f54e25,figure3f,holdout_figure1b,3000,621,2,6,figure3-wide-r3-f-z01-a09,,,0.9666322087978757,2.0,2,615,100,96,0.96,0.9016292856411208,0.9843366960084523,0.207,post_freeze_wide_round_3,transition,True,figure1bc|114514|holdout_figure1b|3000|621,d81a7a17dec88fd3c31e381ec7a0699e08acd8a24db1cb3fea282c028a7fcddb,93c8742d4787cf39bc6d42df2762851bc1dee2573cdd24547be841c3fac5de4e,ef3f0c89d96ab326ed5c33340210b37033e47b033e9f124811cce7c80ef83b87,False,ok
figure3-wide-r3-20260716T132945Z-99bbe7a-6d84b1f54e25,figure3f,holdout_figure1b,3000,621,2,6,figure3-wide-r3-f-z01-a10,,,0.9814074541817858,2.0,2,618,100,93,0.93,0.8625048526092651,0.9656807389327273,0.207,post_freeze_wide_round_3,transition,True,figure1bc|114514|holdout_figure1b|3000|621,d81a7a17dec88fd3c31e381ec7a0699e08acd8a24db1cb3fea282c028a7fcddb,91eae84588f76516b16c1257f6f863671a47e1b22fbe74f4cd53dee6936adf96,ef3f0c89d96ab326ed5c33340210b37033e47b033e9f124811cce7c80ef83b87,False,ok
figure3-wide-r3-20260716T132945Z-99bbe7a-6d84b1f54e25,figure3f,holdout_figure1b,3000,621,2,6,figure3-wide-r3-f-z02-a00,,,0.11570232443340224,3.0,3,484,100,0,0.0,0.0,0.03699349820698568,0.207,post_freeze_wide_round_3,transition,True,figure1bc|114514|holdout_figure1b|3000|621,d81a7a17dec88fd3c31e381ec7a0699e08acd8a24db1cb3fea282c028a7fcddb,d52c057491a3fbcf80502f6bca44bb250cbbf53d55ac777e9bdf00aecd24ea5d,ef3f0c89d96ab326ed5c33340210b37033e47b033e9f124811cce7c80ef83b87,False,ok
figure3-wide-r3-20260716T132945Z-99bbe7a-6d84b1f54e25,figure3f,holdout_figure1b,3000,621,2,6,figure3-wide-r3-f-z02-a01,,,0.19251148483725977,3.0,3,496,100,0,0.0,0.0,0.03699349820698568,0.207,post_freeze_wide_round_3,transition,True,figure1bc|114514|holdout_figure1b|3000|621,d81a7a17dec88fd3c31e381ec7a0699e08acd8a24db1cb3fea282c028a7fcddb,4f9985557d57e4c84104b57a692acf8c071b0fab2c339275909454cc2326c8b1,ef3f0c89d96ab326ed5c33340210b37033e47b033e9f124811cce7c80ef83b87,False,ok
figure3-wide-r3-20260716T132945Z-99bbe7a-6d84b1f54e25,figure3f,holdout_figure1b,3000,621,2,6,figure3-wide-r3-f-z02-a02,,,0.30284787672851043,3.0,3,513,100,18,0.18,0.1170022549894635,0.2666735838630073,0.207,post_freeze_wide_round_3,transition,True,figure1bc|114514|holdout_figure1b|3000|621,d81a7a17dec88fd3c31e381ec7a0699e08acd8a24db1cb3fea282c028a7fcddb,ae2605b05155fead8b1376d9c1a61f45938b91b4a1596a4808f9ac7294e3e147,ef3f0c89d96ab326ed5c33340210b37033e47b033e9f124811cce7c80ef83b87,False,ok
figure3-wide-r3-20260716T132945Z-99bbe7a-6d84b1f54e25,figure3f,holdout_figure1b,3000,621,2,6,figure3-wide-r3-f-z02-a03,,,0.4418214581980088,3.0,3,535,100,81,0.81,0.7222115462093562,0.8748524849023126,0.207,post_freeze_wide_round_3,transition,True,figure1bc|114514|holdout_figure1b|3000|621,d81a7a17dec88fd3c31e381ec7a0699e08acd8a24db1cb3fea282c028a7fcddb,f55bbe4cc197653960ac7ec4993c7e4ab4b66c361f2fef3672b433beb6e84f47,ef3f0c89d96ab326ed5c33340210b37033e47b033e9f124811cce7c80ef83b87,False,ok
figure3-wide-r3-20260716T132945Z-99bbe7a-6d84b1f54e25,figure3f,holdout_figure1b,3000,621,2,6,figure3-wide-r3-f-z02-a04,,,0.5905469704301111,3.0,3,558,100,100,1.0,0.9630065017930143,1.0,0.207,post_freeze_wide_round_3,transition,True,figure1bc|114514|holdout_figure1b|3000|621,d81a7a17dec88fd3c31e381ec7a0699e08acd8a24db1cb3fea282c028a7fcddb,3ca7ee149f6471b7e4679a1f726df8874a48d259fc5b96a7f52541ad7697cfbc,ef3f0c89d96ab326ed5c33340210b37033e47b033e9f124811cce7c80ef83b87,False,ok
figure3-wide-r3-20260716T132945Z-99bbe7a-6d84b1f54e25,figure3f,holdout_figure1b,3000,621,2,6,figure3-wide-r3-f-z02-a06,,,0.8272450692089377,3.0,3,595,100,100,1.0,0.9630065017930143,1.0,0.207,post_freeze_wide_round_3,transition,True,figure1bc|114514|holdout_figure1b|3000|621,d81a7a17dec88fd3c31e381ec7a0699e08acd8a24db1cb3fea282c028a7fcddb,906675bc76a3867430b467e3cdbcd202adbdc6379c2209c6f9b99011f4ab7b66,ef3f0c89d96ab326ed5c33340210b37033e47b033e9f124811cce7c80ef83b87,False,ok
figure3-wide-r3-20260716T132945Z-99bbe7a-6d84b1f54e25,figure3f,holdout_figure1b,3000,621,2,6,figure3-wide-r3-f-z02-a07,,,0.8971754204359096,3.0,3,606,100,100,1.0,0.9630065017930143,1.0,0.207,post_freeze_wide_round_3,transition,True,figure1bc|114514|holdout_figure1b|3000|621,d81a7a17dec88fd3c31e381ec7a0699e08acd8a24db1cb3fea282c028a7fcddb,3b9ced02f3da64e2f30125a27a78ffa61c83debc55699c085f77ae9f9b08caf4,ef3f0c89d96ab326ed5c33340210b37033e47b033e9f124811cce7c80ef83b87,False,ok
figure3-wide-r3-20260716T132945Z-99bbe7a-6d84b1f54e25,figure3f,holdout_figure1b,3000,621,2,6,figure3-wide-r3-f-z02-a08,,,0.9408232733593045,3.0,3,612,100,100,1.0,0.9630065017930143,1.0,0.207,post_freeze_wide_round_3,transition,True,figure1bc|114514|holdout_figure1b|3000|621,d81a7a17dec88fd3c31e381ec7a0699e08acd8a24db1cb3fea282c028a7fcddb,7d73d881e2299f76366262df5703c3f0200f470d006d1566da04f9122712fd37,ef3f0c89d96ab326ed5c33340210b37033e47b033e9f124811cce7c80ef83b87,False,ok
figure3-wide-r3-20260716T132945Z-99bbe7a-6d84b1f54e25,figure3f,holdout_figure1b,3000,621,2,6,figure3-wide-r3-f-z02-a09,,,0.9666322087978757,3.0,3,616,100,97,0.97,0.9154806357094724,0.9897454759759611,0.207,post_freeze_wide_round_3,transition,True,figure1bc|114514|holdout_figure1b|3000|621,d81a7a17dec88fd3c31e381ec7a0699e08acd8a24db1cb3fea282c028a7fcddb,00adc66fcfbbeafdb5ce346ffe7e8766430cc1ac7ef4f6784b3bc1ff6706f3e2,ef3f0c89d96ab326ed5c33340210b37033e47b033e9f124811cce7c80ef83b87,False,ok
figure3-wide-r3-20260716T132945Z-99bbe7a-6d84b1f54e25,figure3f,holdout_figure1b,3000,621,2,6,figure3-wide-r3-f-z02-a10,,,0.9814074541817858,3.0,3,619,100,99,0.99,0.9455138038212946,0.9982325679358593,0.207,post_freeze_wide_round_3,transition,True,figure1bc|114514|holdout_figure1b|3000|621,d81a7a17dec88fd3c31e381ec7a0699e08acd8a24db1cb3fea282c028a7fcddb,e3654957ba2190573aaa0a767120acfa1f6f393f63cc32c936772d341eff3c58,ef3f0c89d96ab326ed5c33340210b37033e47b033e9f124811cce7c80ef83b87,False,ok
figure3-wide-r3-20260716T132945Z-99bbe7a-6d84b1f54e25,figure3f,holdout_figure1b,3000,621,2,6,figure3-wide-r3-f-z03-a00,,,0.11570232443340224,8.0,8,560,100,30,0.3,0.2189488529493276,0.3958485463334666,0.207,post_freeze_wide_round_3,transition,True,figure1bc|114514|holdout_figure1b|3000|621,d81a7a17dec88fd3c31e381ec7a0699e08acd8a24db1cb3fea282c028a7fcddb,aba107bc54a8da831df460b74a7cd6d5cb54bb2c7887eadc6817fbe63e2c5e77,ef3f0c89d96ab326ed5c33340210b37033e47b033e9f124811cce7c80ef83b87,False,ok
figure3-wide-r3-20260716T132945Z-99bbe7a-6d84b1f54e25,figure3f,holdout_figure1b,3000,621,2,6,figure3-wide-r3-f-z03-a01,,,0.19251148483725977,8.0,8,566,100,47,0.47,0.3751081795934127,0.5671114302990063,0.207,post_freeze_wide_round_3,transition,True,figure1bc|114514|holdout_figure1b|3000|621,d81a7a17dec88fd3c31e381ec7a0699e08acd8a24db1cb3fea282c028a7fcddb,f45ed22c3eb5262551f9c273ce3147c7c6b5515d0b19368426910402f05fb472,ef3f0c89d96ab326ed5c33340210b37033e47b033e9f124811cce7c80ef83b87,False,ok
figure3-wide-r3-20260716T132945Z-99bbe7a-6d84b1f54e25,figure3f,holdout_figure1b,3000,621,2,6,figure3-wide-r3-f-z03-a02,,,0.30284787672851043,8.0,8,573,100,70,0.7,0.6041514536665332,0.7810511470506724,0.207,post_freeze_wide_round_3,transition,True,figure1bc|114514|holdout_figure1b|3000|621,d81a7a17dec88fd3c31e381ec7a0699e08acd8a24db1cb3fea282c028a7fcddb,0187b0f52547f4bfd07607ebeffc7a7efcfc222b3264efe39256c39fc72331e0,ef3f0c89d96ab326ed5c33340210b37033e47b033e9f124811cce7c80ef83b87,False,ok
figure3-wide-r3-20260716T132945Z-99bbe7a-6d84b1f54e25,figure3f,holdout_figure1b,3000,621,2,6,figure3-wide-r3-f-z03-a03,,,0.4418214581980088,8.0,8,583,100,87,0.87,0.7901964855992357,0.9224283257275948,0.207,post_freeze_wide_round_3,transition,True,figure1bc|114514|holdout_figure1b|3000|621,d81a7a17dec88fd3c31e381ec7a0699e08acd8a24db1cb3fea282c028a7fcddb,520e8ab7585f3bda5c7c9faf0f41e1f46e093037050e96e518ba57421c03069b,ef3f0c89d96ab326ed5c33340210b37033e47b033e9f124811cce7c80ef83b87,False,ok
figure3-wide-r3-20260716T132945Z-99bbe7a-6d84b1f54e25,figure3f,holdout_figure1b,3000,621,2,6,figure3-wide-r3-f-z03-a04,,,0.5905469704301111,8.0,8,593,100,95,0.95,0.8882495307680808,0.9784563208456319,0.207,post_freeze_wide_round_3,transition,True,figure1bc|114514|holdout_figure1b|3000|621,d81a7a17dec88fd3c31e381ec7a0699e08acd8a24db1cb3fea282c028a7fcddb,1bffb286694d2b38b7a0e7ab45b13f884d420be3992433c13b5396c4e473a8ea,ef3f0c89d96ab326ed5c33340210b37033e47b033e9f124811cce7c80ef83b87,False,ok
figure3-wide-r3-20260716T132945Z-99bbe7a-6d84b1f54e25,figure3f,holdout_figure1b,3000,621,2,6,figure3-wide-r3-f-z03-a05,,,0.7243668166820519,8.0,8,602,100,99,0.99,0.9455138038212946,0.9982325679358593,0.207,post_freeze_wide_round_3,transition,True,figure1bc|114514|holdout_figure1b|3000|621,d81a7a17dec88fd3c31e381ec7a0699e08acd8a24db1cb3fea282c028a7fcddb,fcd4b2a63b4938b14637db3700ea0c09101bc72c5e0e64b3327508c16b0b862b,ef3f0c89d96ab326ed5c33340210b37033e47b033e9f124811cce7c80ef83b87,False,ok
figure3-wide-r3-20260716T132945Z-99bbe7a-6d84b1f54e25,figure3f,holdout_figure1b,3000,621,2,6,figure3-wide-r3-f-z03-a06,,,0.8272450692089377,8.0,8,610,100,100,1.0,0.9630065017930143,1.0,0.207,post_freeze_wide_round_3,transition,True,figure1bc|114514|holdout_figure1b|3000|621,d81a7a17dec88fd3c31e381ec7a0699e08acd8a24db1cb3fea282c028a7fcddb,b8b09361eec7a0beb19fb3e91a53dd8afdef9e914e36ffac4a988ed039f1f47b,ef3f0c89d96ab326ed5c33340210b37033e47b033e9f124811cce7c80ef83b87,False,ok
figure3-wide-r3-20260716T132945Z-99bbe7a-6d84b1f54e25,figure3f,holdout_figure1b,3000,621,2,6,figure3-wide-r3-f-z03-a07,,,0.8971754204359096,8.0,8,614,100,98,0.98,0.929988209271456,0.9944980324498376,0.207,post_freeze_wide_round_3,transition,True,figure1bc|114514|holdout_figure1b|3000|621,d81a7a17dec88fd3c31e381ec7a0699e08acd8a24db1cb3fea282c028a7fcddb,6bbad155e63f7435f6a9ec36a685b583a657ff694deed77f6442025d33954fd9,ef3f0c89d96ab326ed5c33340210b37033e47b033e9f124811cce7c80ef83b87,False,ok
figure3-wide-r3-20260716T132945Z-99bbe7a-6d84b1f54e25,figure3f,holdout_figure1b,3000,621,2,6,figure3-wide-r3-f-z03-a08,,,0.9408232733593045,8.0,8,617,100,99,0.99,0.9455138038212946,0.9982325679358593,0.207,post_freeze_wide_round_3,transition,True,figure1bc|114514|holdout_figure1b|3000|621,d81a7a17dec88fd3c31e381ec7a0699e08acd8a24db1cb3fea282c028a7fcddb,c1f0ee981323e5c09e647418a2be6e09037e4e6b93846be3b77093e376c102c6,ef3f0c89d96ab326ed5c33340210b37033e47b033e9f124811cce7c80ef83b87,False,ok
figure3-wide-r3-20260716T132945Z-99bbe7a-6d84b1f54e25,figure3f,holdout_figure1b,3000,621,2,6,figure3-wide-r3-f-z03-a09,,,0.9666322087978757,8.0,8,619,100,100,1.0,0.9630065017930143,1.0,0.207,post_freeze_wide_round_3,transition,True,figure1bc|114514|holdout_figure1b|3000|621,d81a7a17dec88fd3c31e381ec7a0699e08acd8a24db1cb3fea282c028a7fcddb,1ab576869f33695c3bef8fabef75dd1f8c7493d276cd28a48f15d5e068594f6b,ef3f0c89d96ab326ed5c33340210b37033e47b033e9f124811cce7c80ef83b87,False,ok
figure3-wide-r3-20260716T132945Z-99bbe7a-6d84b1f54e25,figure3f,holdout_figure1b,3000,621,2,6,figure3-wide-r3-f-z03-a10,,,0.9814074541817858,8.0,8,620,100,100,1.0,0.9630065017930143,1.0,0.207,post_freeze_wide_round_3,transition,True,figure1bc|114514|holdout_figure1b|3000|621,d81a7a17dec88fd3c31e381ec7a0699e08acd8a24db1cb3fea282c028a7fcddb,e54f6a2f0612f6e8ee31d05c7a0286e6473b2ce8087c7e603284f79dfd977435,ef3f0c89d96ab326ed5c33340210b37033e47b033e9f124811cce7c80ef83b87,False,ok
figure3-wide-r3-20260716T132945Z-99bbe7a-6d84b1f54e25,figure3f,holdout_figure1b,3000,621,2,6,figure3-wide-r3-f-z04-a00,,,0.11570232443340224,18.0,18,593,100,9,0.09,0.04807254000256516,0.1622621285271631,0.207,post_freeze_wide_round_3,transition,True,figure1bc|114514|holdout_figure1b|3000|621,d81a7a17dec88fd3c31e381ec7a0699e08acd8a24db1cb3fea282c028a7fcddb,7ca7bb586f1ef1d35e61eefc9075e0e433a99b15539e0775ed5eba1ce4328fb1,ef3f0c89d96ab326ed5c33340210b37033e47b033e9f124811cce7c80ef83b87,False,ok
figure3-wide-r3-20260716T132945Z-99bbe7a-6d84b1f54e25,figure3f,holdout_figure1b,3000,621,2,6,figure3-wide-r3-f-z04-a01,,,0.19251148483725977,18.0,18,596,100,10,0.1,0.0552291370606751,0.17436566150491345,0.207,post_freeze_wide_round_3,transition,True,figure1bc|114514|holdout_figure1b|3000|621,d81a7a17dec88fd3c31e381ec7a0699e08acd8a24db1cb3fea282c028a7fcddb,3ce338d59a60c39eb2a26bead32a45760c232bbe96ed0b5af62d253a5b379ddc,ef3f0c89d96ab326ed5c33340210b37033e47b033e9f124811cce7c80ef83b87,False,ok
figure3-wide-r3-20260716T132945Z-99bbe7a-6d84b1f54e25,figure3f,holdout_figure1b,3000,621,2,6,figure3-wide-r3-f-z04-a02,,,0.30284787672851043,18.0,18,599,100,21,0.21,0.141656540619153,0.29979968834089865,0.207,post_freeze_wide_round_3,transition,True,figure1bc|114514|holdout_figure1b|3000|621,d81a7a17dec88fd3c31e381ec7a0699e08acd8a24db1cb3fea282c028a7fcddb,ae538aa58d2d08f4e9bc93ecd80031a49525fd3fb6bad23164936170d8461972,ef3f0c89d96ab326ed5c33340210b37033e47b033e9f124811cce7c80ef83b87,False,ok
figure3-wide-r3-20260716T132945Z-99bbe7a-6d84b1f54e25,figure3f,holdout_figure1b,3000,621,2,6,figure3-wide-r3-f-z04-a03,,,0.4418214581980088,18.0,18,604,100,30,0.3,0.2189488529493276,0.3958485463334666,0.207,post_freeze_wide_round_3,transition,True,figure1bc|114514|holdout_figure1b|3000|621,d81a7a17dec88fd3c31e381ec7a0699e08acd8a24db1cb3fea282c028a7fcddb,959d35dc24c3f4e8e71e9a4bb73d79ca62690898658d1b7af70a732407e2ae5a,ef3f0c89d96ab326ed5c33340210b37033e47b033e9f124811cce7c80ef83b87,False,ok
figure3-wide-r3-20260716T132945Z-99bbe7a-6d84b1f54e25,figure3f,holdout_figure1b,3000,621,2,6,figure3-wide-r3-f-z04-a04,,,0.5905469704301111,18.0,18,608,100,46,0.46,0.36560808309024106,0.5573513967663177,0.207,post_freeze_wide_round_3,transition,True,figure1bc|114514|holdout_figure1b|3000|621,d81a7a17dec88fd3c31e381ec7a0699e08acd8a24db1cb3fea282c028a7fcddb,9a2569244dd8ec51a658805af4192257dc2c08c2af13161aae47fbb77c3ca413,ef3f0c89d96ab326ed5c33340210b37033e47b033e9f124811cce7c80ef83b87,False,ok
figure3-wide-r3-20260716T132945Z-99bbe7a-6d84b1f54e25,figure3f,holdout_figure1b,3000,621,2,6,figure3-wide-r3-f-z04-a05,,,0.7243668166820519,18.0,18,613,100,56,0.56,0.4622810465167699,0.6532797336983921,0.207,post_freeze_wide_round_3,transition,True,figure1bc|114514|holdout_figure1b|3000|621,d81a7a17dec88fd3c31e381ec7a0699e08acd8a24db1cb3fea282c028a7fcddb,92447063cae834268e3d46206e50f7dc1ecf113d6a0fe8048e4087acbebecacb,ef3f0c89d96ab326ed5c33340210b37033e47b033e9f124811cce7c80ef83b87,False,ok
figure3-wide-r3-20260716T132945Z-99bbe7a-6d84b1f54e25,figure3f,holdout_figure1b,3000,621,2,6,figure3-wide-r3-f-z04-a06,,,0.8272450692089377,18.0,18,616,100,52,0.52,0.4231657776522397,0.615354482419481,0.207,post_freeze_wide_round_3,transition,True,figure1bc|114514|holdout_figure1b|3000|621,d81a7a17dec88fd3c31e381ec7a0699e08acd8a24db1cb3fea282c028a7fcddb,16a68040b53ede54b54efbc29718f13850335d946d38c33bb93c708b2d49012f,ef3f0c89d96ab326ed5c33340210b37033e47b033e9f124811cce7c80ef83b87,False,ok
figure3-wide-r3-20260716T132945Z-99bbe7a-6d84b1f54e25,figure3f,holdout_figure1b,3000,621,2,6,figure3-wide-r3-f-z04-a07,,,0.8971754204359096,18.0,18,618,100,66,0.66,0.5627772885472462,0.7453847920265184,0.207,post_freeze_wide_round_3,transition,True,figure1bc|114514|holdout_figure1b|3000|621,d81a7a17dec88fd3c31e381ec7a0699e08acd8a24db1cb3fea282c028a7fcddb,094cd6ee660d989ffd9e109580c286ceee6e6ef80ca4efb746882e9407bd3eb4,ef3f0c89d96ab326ed5c33340210b37033e47b033e9f124811cce7c80ef83b87,False,ok
figure3-wide-r3-20260716T132945Z-99bbe7a-6d84b1f54e25,figure3f,holdout_figure1b,3000,621,2,6,figure3-wide-r3-f-z04-a08,,,0.9408232733593045,18.0,18,620,100,63,0.63,0.5322052958094291,0.7181763946567546,0.207,post_freeze_wide_round_3,transition,True,figure1bc|114514|holdout_figure1b|3000|621,d81a7a17dec88fd3c31e381ec7a0699e08acd8a24db1cb3fea282c028a7fcddb,daf6b30dd617e7fc754b1182c6515251b760da8f094ebc25b6aef128b96a4594,ef3f0c89d96ab326ed5c33340210b37033e47b033e9f124811cce7c80ef83b87,False,ok
figure3-wide-r3-20260716T132945Z-99bbe7a-6d84b1f54e25,figure3f,holdout_figure1b,3000,621,2,6,figure3-wide-r3-f-z04-a09,,,0.9666322087978757,18.0,18,620,100,63,0.63,0.5322052958094291,0.7181763946567546,0.207,post_freeze_wide_round_3,transition,True,figure1bc|114514|holdout_figure1b|3000|621,d81a7a17dec88fd3c31e381ec7a0699e08acd8a24db1cb3fea282c028a7fcddb,4e69d41a90c7fa45b9c1a256d1d52cc94318ee3dd848181acf1dee074892da16,ef3f0c89d96ab326ed5c33340210b37033e47b033e9f124811cce7c80ef83b87,False,ok
figure3-wide-r3-20260716T132945Z-99bbe7a-6d84b1f54e25,figure3f,holdout_figure1b,3000,621,2,6,figure3-wide-r3-f-z04-a10,,,0.9814074541817858,18.0,18,621,100,57,0.57,0.47215389549212305,0.6626670147588988,0.207,post_freeze_wide_round_3,transition,True,figure1bc|114514|holdout_figure1b|3000|621,d81a7a17dec88fd3c31e381ec7a0699e08acd8a24db1cb3fea282c028a7fcddb,7c1c72b58a04a9c5e5c62079af3f9583eb8901ca778a81330d2ada1ebe4f86bb,ef3f0c89d96ab326ed5c33340210b37033e47b033e9f124811cce7c80ef83b87,False,ok
figure3-wide-r3-20260716T132945Z-99bbe7a-6d84b1f54e25,figure3f,holdout_figure1b,3000,621,2,6,frozen-prediction,0.875,0.9,0.7243668166820519,3.252076177414614,3,579,100,100,1.0,0.9630065017930143,1.0,0.207,post_freeze_wide_round_3,transition,True,figure1bc|114514|holdout_figure1b|3000|621,d81a7a17dec88fd3c31e381ec7a0699e08acd8a24db1cb3fea282c028a7fcddb,839aa6b29b53cc502fef26a30e0a070de898ee129469d2d4c121f74787a233b2,ef3f0c89d96ab326ed5c33340210b37033e47b033e9f124811cce7c80ef83b87,True,ok
figure3-wide-r3-20260716T132945Z-99bbe7a-6d84b1f54e25,figure3g,holdout_figure1b,10000,1948,2,6,figure3-wide-r3-g-z00-a00,,,0.11570232443340224,0.0,0,226,100,0,0.0,0.0,0.03699349820698568,0.1948,post_freeze_wide_round_3,transition,True,figure1bc|114514|holdout_figure1b|10000|1948,763e2724b2d1776e3bdb26712d3a2982a210e4c56e46cb75413f409d8f8b2091,e9f67095cc043339842a73eded14977aa1ff01bbfaa03bda50625b7f6a5e1c7c,ef3f0c89d96ab326ed5c33340210b37033e47b033e9f124811cce7c80ef83b87,False,ok
figure3-wide-r3-20260716T132945Z-99bbe7a-6d84b1f54e25,figure3g,holdout_figure1b,10000,1948,2,6,figure3-wide-r3-g-z00-a01,,,0.19251148483725977,0.0,0,376,100,0,0.0,0.0,0.03699349820698568,0.1948,post_freeze_wide_round_3,transition,True,figure1bc|114514|holdout_figure1b|10000|1948,763e2724b2d1776e3bdb26712d3a2982a210e4c56e46cb75413f409d8f8b2091,494f8b1ac07bfdd25e808a03191c3406657146e0fd91957594c3675b2fc16921,ef3f0c89d96ab326ed5c33340210b37033e47b033e9f124811cce7c80ef83b87,False,ok
figure3-wide-r3-20260716T132945Z-99bbe7a-6d84b1f54e25,figure3g,holdout_figure1b,10000,1948,2,6,figure3-wide-r3-g-z00-a02,,,0.30284787672851043,0.0,0,590,100,0,0.0,0.0,0.03699349820698568,0.1948,post_freeze_wide_round_3,transition,True,figure1bc|114514|holdout_figure1b|10000|1948,763e2724b2d1776e3bdb26712d3a2982a210e4c56e46cb75413f409d8f8b2091,a84dfa7fc9ca763c8de30bc17d4d519bd4d0bf0326ac52626bc97752b58fd87a,ef3f0c89d96ab326ed5c33340210b37033e47b033e9f124811cce7c80ef83b87,False,ok
figure3-wide-r3-20260716T132945Z-99bbe7a-6d84b1f54e25,figure3g,holdout_figure1b,10000,1948,2,6,figure3-wide-r3-g-z00-a03,,,0.4418214581980088,0.0,0,861,100,0,0.0,0.0,0.03699349820698568,0.1948,post_freeze_wide_round_3,transition,True,figure1bc|114514|holdout_figure1b|10000|1948,763e2724b2d1776e3bdb26712d3a2982a210e4c56e46cb75413f409d8f8b2091,e3a1bde38eaa522f76f7e81cd93a39c1a6a4813170e6a860616ead8068c7b805,ef3f0c89d96ab326ed5c33340210b37033e47b033e9f124811cce7c80ef83b87,False,ok
figure3-wide-r3-20260716T132945Z-99bbe7a-6d84b1f54e25,figure3g,holdout_figure1b,10000,1948,2,6,figure3-wide-r3-g-z00-a04,,,0.5905469704301111,0.0,0,1151,100,0,0.0,0.0,0.03699349820698568,0.1948,post_freeze_wide_round_3,transition,True,figure1bc|114514|holdout_figure1b|10000|1948,763e2724b2d1776e3bdb26712d3a2982a210e4c56e46cb75413f409d8f8b2091,5bf25312a1750bb10281f09d514d07e28ce1a17fd0a047bb13d5074cf7d2d935,ef3f0c89d96ab326ed5c33340210b37033e47b033e9f124811cce7c80ef83b87,False,ok
figure3-wide-r3-20260716T132945Z-99bbe7a-6d84b1f54e25,figure3g,holdout_figure1b,10000,1948,2,6,figure3-wide-r3-g-z00-a05,,,0.7243668166820519,0.0,0,1412,100,0,0.0,0.0,0.03699349820698568,0.1948,post_freeze_wide_round_3,transition,True,figure1bc|114514|holdout_figure1b|10000|1948,763e2724b2d1776e3bdb26712d3a2982a210e4c56e46cb75413f409d8f8b2091,489f98dcf0697dc8c3cdaf21b9e7cb6ca921504831d5c8db2c3f518fdb3c11f0,ef3f0c89d96ab326ed5c33340210b37033e47b033e9f124811cce7c80ef83b87,False,ok
figure3-wide-r3-20260716T132945Z-99bbe7a-6d84b1f54e25,figure3g,holdout_figure1b,10000,1948,2,6,figure3-wide-r3-g-z00-a06,,,0.8272450692089377,0.0,0,1612,100,0,0.0,0.0,0.03699349820698568,0.1948,post_freeze_wide_round_3,transition,True,figure1bc|114514|holdout_figure1b|10000|1948,763e2724b2d1776e3bdb26712d3a2982a210e4c56e46cb75413f409d8f8b2091,cc416102ce77a900819fec5ce75b96101b893537b0f839bee72abd9ae1460319,ef3f0c89d96ab326ed5c33340210b37033e47b033e9f124811cce7c80ef83b87,False,ok
figure3-wide-r3-20260716T132945Z-99bbe7a-6d84b1f54e25,figure3g,holdout_figure1b,10000,1948,2,6,figure3-wide-r3-g-z00-a07,,,0.8971754204359096,0.0,0,1748,100,0,0.0,0.0,0.03699349820698568,0.1948,post_freeze_wide_round_3,transition,True,figure1bc|114514|holdout_figure1b|10000|1948,763e2724b2d1776e3bdb26712d3a2982a210e4c56e46cb75413f409d8f8b2091,398c43ca7f0c9246500a0b72183f7e70a37c6bc0c944b13d4b7aa13e240c3c8c,ef3f0c89d96ab326ed5c33340210b37033e47b033e9f124811cce7c80ef83b87,False,ok
figure3-wide-r3-20260716T132945Z-99bbe7a-6d84b1f54e25,figure3g,holdout_figure1b,10000,1948,2,6,figure3-wide-r3-g-z00-a08,,,0.9408232733593045,0.0,0,1833,100,0,0.0,0.0,0.03699349820698568,0.1948,post_freeze_wide_round_3,transition,True,figure1bc|114514|holdout_figure1b|10000|1948,763e2724b2d1776e3bdb26712d3a2982a210e4c56e46cb75413f409d8f8b2091,5f66dfaa841d9f711090370528eb5b6a4631fd4d186ce6b2592c36a092e3a29f,ef3f0c89d96ab326ed5c33340210b37033e47b033e9f124811cce7c80ef83b87,False,ok
figure3-wide-r3-20260716T132945Z-99bbe7a-6d84b1f54e25,figure3g,holdout_figure1b,10000,1948,2,6,figure3-wide-r3-g-z00-a09,,,0.9666322087978757,0.0,0,1883,100,0,0.0,0.0,0.03699349820698568,0.1948,post_freeze_wide_round_3,transition,True,figure1bc|114514|holdout_figure1b|10000|1948,763e2724b2d1776e3bdb26712d3a2982a210e4c56e46cb75413f409d8f8b2091,f173590fc8adb177696c054634c31b9703906b4986e821c03ad3066920da33dd,ef3f0c89d96ab326ed5c33340210b37033e47b033e9f124811cce7c80ef83b87,False,ok
figure3-wide-r3-20260716T132945Z-99bbe7a-6d84b1f54e25,figure3g,holdout_figure1b,10000,1948,2,6,figure3-wide-r3-g-z00-a10,,,0.9814074541817858,0.0,0,1912,100,0,0.0,0.0,0.03699349820698568,0.1948,post_freeze_wide_round_3,transition,True,figure1bc|114514|holdout_figure1b|10000|1948,763e2724b2d1776e3bdb26712d3a2982a210e4c56e46cb75413f409d8f8b2091,75d5c015bae03ef4b1a5947db2c2f7721039258c1e4180ad57f1463d127a554d,ef3f0c89d96ab326ed5c33340210b37033e47b033e9f124811cce7c80ef83b87,False,ok
figure3-wide-r3-20260716T132945Z-99bbe7a-6d84b1f54e25,figure3g,holdout_figure1b,10000,1948,2,6,figure3-wide-r3-g-z01-a00,,,0.11570232443340224,3.0,3,1518,100,0,0.0,0.0,0.03699349820698568,0.1948,post_freeze_wide_round_3,transition,True,figure1bc|114514|holdout_figure1b|10000|1948,763e2724b2d1776e3bdb26712d3a2982a210e4c56e46cb75413f409d8f8b2091,f7a44f05d2b75ab4650e77eeae385e5ae81dcf20df652795033d4ec9d1e4826f,ef3f0c89d96ab326ed5c33340210b37033e47b033e9f124811cce7c80ef83b87,False,ok
figure3-wide-r3-20260716T132945Z-99bbe7a-6d84b1f54e25,figure3g,holdout_figure1b,10000,1948,2,6,figure3-wide-r3-g-z01-a01,,,0.19251148483725977,3.0,3,1555,100,0,0.0,0.0,0.03699349820698568,0.1948,post_freeze_wide_round_3,transition,True,figure1bc|114514|holdout_figure1b|10000|1948,763e2724b2d1776e3bdb26712d3a2982a210e4c56e46cb75413f409d8f8b2091,dbd9b7e1093b9578b4776065191e83348747968f2c9b71643f4057abf6609f4c,ef3f0c89d96ab326ed5c33340210b37033e47b033e9f124811cce7c80ef83b87,False,ok
figure3-wide-r3-20260716T132945Z-99bbe7a-6d84b1f54e25,figure3g,holdout_figure1b,10000,1948,2,6,figure3-wide-r3-g-z01-a02,,,0.30284787672851043,3.0,3,1609,100,0,0.0,0.0,0.03699349820698568,0.1948,post_freeze_wide_round_3,transition,True,figure1bc|114514|holdout_figure1b|10000|1948,763e2724b2d1776e3bdb26712d3a2982a210e4c56e46cb75413f409d8f8b2091,e92d33a98ba8d14a14cd9f46659e20aa112dcb28aa7c76c8dfdf5917290b461b,ef3f0c89d96ab326ed5c33340210b37033e47b033e9f124811cce7c80ef83b87,False,ok
figure3-wide-r3-20260716T132945Z-99bbe7a-6d84b1f54e25,figure3g,holdout_figure1b,10000,1948,2,6,figure3-wide-r3-g-z01-a03,,,0.4418214581980088,3.0,3,1677,100,1,0.01,0.0017674320641406505,0.054486196178705315,0.1948,post_freeze_wide_round_3,transition,True,figure1bc|114514|holdout_figure1b|10000|1948,763e2724b2d1776e3bdb26712d3a2982a210e4c56e46cb75413f409d8f8b2091,3f4589fab739b56c6085a235ea9eb422086790e2fa1f10f058c292bfb193cce9,ef3f0c89d96ab326ed5c33340210b37033e47b033e9f124811cce7c80ef83b87,False,ok
figure3-wide-r3-20260716T132945Z-99bbe7a-6d84b1f54e25,figure3g,holdout_figure1b,10000,1948,2,6,figure3-wide-r3-g-z01-a04,,,0.5905469704301111,3.0,3,1749,100,96,0.96,0.9016292856411208,0.9843366960084523,0.1948,post_freeze_wide_round_3,transition,True,figure1bc|114514|holdout_figure1b|10000|1948,763e2724b2d1776e3bdb26712d3a2982a210e4c56e46cb75413f409d8f8b2091,7bb33edade05a96cf8201ab8f1a01a1d6546c1358cff4638224b64d43d62e0be,ef3f0c89d96ab326ed5c33340210b37033e47b033e9f124811cce7c80ef83b87,False,ok
figure3-wide-r3-20260716T132945Z-99bbe7a-6d84b1f54e25,figure3g,holdout_figure1b,10000,1948,2,6,figure3-wide-r3-g-z01-a05,,,0.7243668166820519,3.0,3,1814,100,100,1.0,0.9630065017930143,1.0,0.1948,post_freeze_wide_round_3,transition,True,figure1bc|114514|holdout_figure1b|10000|1948,763e2724b2d1776e3bdb26712d3a2982a210e4c56e46cb75413f409d8f8b2091,82499aefc5225651c2b23e7400b9ea22aa3c86b97f8f5ee4d0ae257fae378d4c,ef3f0c89d96ab326ed5c33340210b37033e47b033e9f124811cce7c80ef83b87,False,ok
figure3-wide-r3-20260716T132945Z-99bbe7a-6d84b1f54e25,figure3g,holdout_figure1b,10000,1948,2,6,figure3-wide-r3-g-z01-a06,,,0.8272450692089377,3.0,3,1864,100,65,0.65,0.5525444329688796,0.7363575175690247,0.1948,post_freeze_wide_round_3,transition,True,figure1bc|114514|holdout_figure1b|10000|1948,763e2724b2d1776e3bdb26712d3a2982a210e4c56e46cb75413f409d8f8b2091,be129c4134fed390ce24b66efce27c930cc92cd4c72d970bcdc7750f4b249d45,ef3f0c89d96ab326ed5c33340210b37033e47b033e9f124811cce7c80ef83b87,False,ok
figure3-wide-r3-20260716T132945Z-99bbe7a-6d84b1f54e25,figure3g,holdout_figure1b,10000,1948,2,6,figure3-wide-r3-g-z01-a07,,,0.8971754204359096,3.0,3,1898,100,1,0.01,0.0017674320641406505,0.054486196178705315,0.1948,post_freeze_wide_round_3,transition,True,figure1bc|114514|holdout_figure1b|10000|1948,763e2724b2d1776e3bdb26712d3a2982a210e4c56e46cb75413f409d8f8b2091,a4e3563568f15daa96f96eb0cd343fdfd1ddd9584c1b44c127a03b1525b57748,ef3f0c89d96ab326ed5c33340210b37033e47b033e9f124811cce7c80ef83b87,False,ok
figure3-wide-r3-20260716T132945Z-99bbe7a-6d84b1f54e25,figure3g,holdout_figure1b,10000,1948,2,6,figure3-wide-r3-g-z01-a08,,,0.9408232733593045,3.0,3,1920,100,0,0.0,0.0,0.03699349820698568,0.1948,post_freeze_wide_round_3,transition,True,figure1bc|114514|holdout_figure1b|10000|1948,763e2724b2d1776e3bdb26712d3a2982a210e4c56e46cb75413f409d8f8b2091,f9e5317efd7692ba27d7c4313842c5c71c1237d03c6c22dfe4bf7921238fdd5a,ef3f0c89d96ab326ed5c33340210b37033e47b033e9f124811cce7c80ef83b87,False,ok
figure3-wide-r3-20260716T132945Z-99bbe7a-6d84b1f54e25,figure3g,holdout_figure1b,10000,1948,2,6,figure3-wide-r3-g-z01-a09,,,0.9666322087978757,3.0,3,1932,100,0,0.0,0.0,0.03699349820698568,0.1948,post_freeze_wide_round_3,transition,True,figure1bc|114514|holdout_figure1b|10000|1948,763e2724b2d1776e3bdb26712d3a2982a210e4c56e46cb75413f409d8f8b2091,dafa1d7443bc213119982000d761467c5cecd9c95228f9911960c0a46f162748,ef3f0c89d96ab326ed5c33340210b37033e47b033e9f124811cce7c80ef83b87,False,ok
figure3-wide-r3-20260716T132945Z-99bbe7a-6d84b1f54e25,figure3g,holdout_figure1b,10000,1948,2,6,figure3-wide-r3-g-z01-a10,,,0.9814074541817858,3.0,3,1939,100,0,0.0,0.0,0.03699349820698568,0.1948,post_freeze_wide_round_3,transition,True,figure1bc|114514|holdout_figure1b|10000|1948,763e2724b2d1776e3bdb26712d3a2982a210e4c56e46cb75413f409d8f8b2091,425f4514fe0a7de0419bc2b17353ad1b2a3b7a75412c24bf00576462e3f509a2,ef3f0c89d96ab326ed5c33340210b37033e47b033e9f124811cce7c80ef83b87,False,ok
figure3-wide-r3-20260716T132945Z-99bbe7a-6d84b1f54e25,figure3g,holdout_figure1b,10000,1948,2,6,figure3-wide-r3-g-z02-a00,,,0.11570232443340224,5.0,5,1662,100,0,0.0,0.0,0.03699349820698568,0.1948,post_freeze_wide_round_3,transition,True,figure1bc|114514|holdout_figure1b|10000|1948,763e2724b2d1776e3bdb26712d3a2982a210e4c56e46cb75413f409d8f8b2091,38ee7c64803a76ea0f5b9cfeae81efebc25a8fc52cd39b634e3ea83a0393b9b0,ef3f0c89d96ab326ed5c33340210b37033e47b033e9f124811cce7c80ef83b87,False,ok
figure3-wide-r3-20260716T132945Z-99bbe7a-6d84b1f54e25,figure3g,holdout_figure1b,10000,1948,2,6,figure3-wide-r3-g-z02-a01,,,0.19251148483725977,5.0,5,1687,100,0,0.0,0.0,0.03699349820698568,0.1948,post_freeze_wide_round_3,transition,True,figure1bc|114514|holdout_figure1b|10000|1948,763e2724b2d1776e3bdb26712d3a2982a210e4c56e46cb75413f409d8f8b2091,65b7597ac387f47a49ea7c555c54252ca63a4821a62ee29f71c78da140a212a2,ef3f0c89d96ab326ed5c33340210b37033e47b033e9f124811cce7c80ef83b87,False,ok
figure3-wide-r3-20260716T132945Z-99bbe7a-6d84b1f54e25,figure3g,holdout_figure1b,10000,1948,2,6,figure3-wide-r3-g-z02-a02,,,0.30284787672851043,5.0,5,1723,100,1,0.01,0.0017674320641406505,0.054486196178705315,0.1948,post_freeze_wide_round_3,transition,True,figure1bc|114514|holdout_figure1b|10000|1948,763e2724b2d1776e3bdb26712d3a2982a210e4c56e46cb75413f409d8f8b2091,ce67b8999009609869d1f00a4862cdd65574d94f24b77f9252ad1cc6ff87aef9,ef3f0c89d96ab326ed5c33340210b37033e47b033e9f124811cce7c80ef83b87,False,ok
figure3-wide-r3-20260716T132945Z-99bbe7a-6d84b1f54e25,figure3g,holdout_figure1b,10000,1948,2,6,figure3-wide-r3-g-z02-a03,,,0.4418214581980088,5.0,5,1768,100,55,0.55,0.45244602997442135,0.6438546202048803,0.1948,post_freeze_wide_round_3,transition,True,figure1bc|114514|holdout_figure1b|10000|1948,763e2724b2d1776e3bdb26712d3a2982a210e4c56e46cb75413f409d8f8b2091,562bfae97c075864d56a22cb161e705bdb785b5485080c22a2bd256043061849,ef3f0c89d96ab326ed5c33340210b37033e47b033e9f124811cce7c80ef83b87,False,ok
figure3-wide-r3-20260716T132945Z-99bbe7a-6d84b1f54e25,figure3g,holdout_figure1b,10000,1948,2,6,figure3-wide-r3-g-z02-a04,,,0.5905469704301111,5.0,5,1816,100,99,0.99,0.9455138038212946,0.9982325679358593,0.1948,post_freeze_wide_round_3,transition,True,figure1bc|114514|holdout_figure1b|10000|1948,763e2724b2d1776e3bdb26712d3a2982a210e4c56e46cb75413f409d8f8b2091,734ee4e06f50c2d3c8730f44f7352fbf1e6d0ca755fce48c4fbf006ea4006063,ef3f0c89d96ab326ed5c33340210b37033e47b033e9f124811cce7c80ef83b87,False,ok
figure3-wide-r3-20260716T132945Z-99bbe7a-6d84b1f54e25,figure3g,holdout_figure1b,10000,1948,2,6,figure3-wide-r3-g-z02-a06,,,0.8272450692089377,5.0,5,1893,100,78,0.78,0.6892964648501421,0.8499871761539459,0.1948,post_freeze_wide_round_3,transition,True,figure1bc|114514|holdout_figure1b|10000|1948,763e2724b2d1776e3bdb26712d3a2982a210e4c56e46cb75413f409d8f8b2091,e926bbbbd07f6d22be71c4276d0640a504528e30c10efee2049b3a2d2f985d1b,ef3f0c89d96ab326ed5c33340210b37033e47b033e9f124811cce7c80ef83b87,False,ok
figure3-wide-r3-20260716T132945Z-99bbe7a-6d84b1f54e25,figure3g,holdout_figure1b,10000,1948,2,6,figure3-wide-r3-g-z02-a07,,,0.8971754204359096,5.0,5,1915,100,21,0.21,0.141656540619153,0.29979968834089865,0.1948,post_freeze_wide_round_3,transition,True,figure1bc|114514|holdout_figure1b|10000|1948,763e2724b2d1776e3bdb26712d3a2982a210e4c56e46cb75413f409d8f8b2091,35dd4c5cfa8a90306c88a74d6f7aceea82dad41e1b5d05c0d3226bd30ee86e0a,ef3f0c89d96ab326ed5c33340210b37033e47b033e9f124811cce7c80ef83b87,False,ok
figure3-wide-r3-20260716T132945Z-99bbe7a-6d84b1f54e25,figure3g,holdout_figure1b,10000,1948,2,6,figure3-wide-r3-g-z02-a08,,,0.9408232733593045,5.0,5,1929,100,2,0.02,0.00550196755016235,0.07001179072854388,0.1948,post_freeze_wide_round_3,transition,True,figure1bc|114514|holdout_figure1b|10000|1948,763e2724b2d1776e3bdb26712d3a2982a210e4c56e46cb75413f409d8f8b2091,fa72de6a5e806224543b54d8e31418a70797750a52929caf2f6d7f2ade9c1311,ef3f0c89d96ab326ed5c33340210b37033e47b033e9f124811cce7c80ef83b87,False,ok
figure3-wide-r3-20260716T132945Z-99bbe7a-6d84b1f54e25,figure3g,holdout_figure1b,10000,1948,2,6,figure3-wide-r3-g-z02-a09,,,0.9666322087978757,5.0,5,1938,100,1,0.01,0.0017674320641406505,0.054486196178705315,0.1948,post_freeze_wide_round_3,transition,True,figure1bc|114514|holdout_figure1b|10000|1948,763e2724b2d1776e3bdb26712d3a2982a210e4c56e46cb75413f409d8f8b2091,0547764b9cdd75198ec4aaebfe5bf57b77642cc32549fc47e0445e63e15dd42a,ef3f0c89d96ab326ed5c33340210b37033e47b033e9f124811cce7c80ef83b87,False,ok
figure3-wide-r3-20260716T132945Z-99bbe7a-6d84b1f54e25,figure3g,holdout_figure1b,10000,1948,2,6,figure3-wide-r3-g-z02-a10,,,0.9814074541817858,5.0,5,1942,100,0,0.0,0.0,0.03699349820698568,0.1948,post_freeze_wide_round_3,transition,True,figure1bc|114514|holdout_figure1b|10000|1948,763e2724b2d1776e3bdb26712d3a2982a210e4c56e46cb75413f409d8f8b2091,fdf993688e697ea109fd9c3cc7280c91b2e15646153391edca6b83c0f77f9442,ef3f0c89d96ab326ed5c33340210b37033e47b033e9f124811cce7c80ef83b87,False,ok
figure3-wide-r3-20260716T132945Z-99bbe7a-6d84b1f54e25,figure3g,holdout_figure1b,10000,1948,2,6,figure3-wide-r3-g-z03-a00,,,0.11570232443340224,13.0,13,1826,100,8,0.08,0.041093461484380624,0.14998107700948735,0.1948,post_freeze_wide_round_3,transition,True,figure1bc|114514|holdout_figure1b|10000|1948,763e2724b2d1776e3bdb26712d3a2982a210e4c56e46cb75413f409d8f8b2091,f5eafa2dd42487f01f75d8e9f5daf304ff004ec37acfdf04acf55a4a6b5b0812,ef3f0c89d96ab326ed5c33340210b37033e47b033e9f124811cce7c80ef83b87,False,ok
figure3-wide-r3-20260716T132945Z-99bbe7a-6d84b1f54e25,figure3g,holdout_figure1b,10000,1948,2,6,figure3-wide-r3-g-z03-a01,,,0.19251148483725977,13.0,13,1836,100,13,0.13,0.07757167427240512,0.20980351440076428,0.1948,post_freeze_wide_round_3,transition,True,figure1bc|114514|holdout_figure1b|10000|1948,763e2724b2d1776e3bdb26712d3a2982a210e4c56e46cb75413f409d8f8b2091,7fd97887fbb61d5384e7d12b218e9cc58a095dda064ce965729455f73a1fa815,ef3f0c89d96ab326ed5c33340210b37033e47b033e9f124811cce7c80ef83b87,False,ok
figure3-wide-r3-20260716T132945Z-99bbe7a-6d84b1f54e25,figure3g,holdout_figure1b,10000,1948,2,6,figure3-wide-r3-g-z03-a02,,,0.30284787672851043,13.0,13,1852,100,39,0.39,0.3001687400639441,0.4879698295415926,0.1948,post_freeze_wide_round_3,transition,True,figure1bc|114514|holdout_figure1b|10000|1948,763e2724b2d1776e3bdb26712d3a2982a210e4c56e46cb75413f409d8f8b2091,b756b0a69af20d0cb51691fc82795b2c1538d8bbe533275bdd38591177406936,ef3f0c89d96ab326ed5c33340210b37033e47b033e9f124811cce7c80ef83b87,False,ok
figure3-wide-r3-20260716T132945Z-99bbe7a-6d84b1f54e25,figure3g,holdout_figure1b,10000,1948,2,6,figure3-wide-r3-g-z03-a03,,,0.4418214581980088,13.0,13,1871,100,57,0.57,0.47215389549212305,0.6626670147588988,0.1948,post_freeze_wide_round_3,transition,True,figure1bc|114514|holdout_figure1b|10000|1948,763e2724b2d1776e3bdb26712d3a2982a210e4c56e46cb75413f409d8f8b2091,ab3d769f366da7e9cc8c82199e97e54fb1a8a50c394906f7963603eb9ddd2590,ef3f0c89d96ab326ed5c33340210b37033e47b033e9f124811cce7c80ef83b87,False,ok
figure3-wide-r3-20260716T132945Z-99bbe7a-6d84b1f54e25,figure3g,holdout_figure1b,10000,1948,2,6,figure3-wide-r3-g-z03-a04,,,0.5905469704301111,13.0,13,1892,100,83,0.83,0.7445199523239887,0.8910643388594006,0.1948,post_freeze_wide_round_3,transition,True,figure1bc|114514|holdout_figure1b|10000|1948,763e2724b2d1776e3bdb26712d3a2982a210e4c56e46cb75413f409d8f8b2091,bdf5cd76a6e02babc1f8f640cb39ae5b2b2003132123bc6c80f1d5ddc7ecee11,ef3f0c89d96ab326ed5c33340210b37033e47b033e9f124811cce7c80ef83b87,False,ok
figure3-wide-r3-20260716T132945Z-99bbe7a-6d84b1f54e25,figure3g,holdout_figure1b,10000,1948,2,6,figure3-wide-r3-g-z03-a05,,,0.7243668166820519,13.0,13,1910,100,91,0.91,0.837737871472837,0.9519274599974348,0.1948,post_freeze_wide_round_3,transition,True,figure1bc|114514|holdout_figure1b|10000|1948,763e2724b2d1776e3bdb26712d3a2982a210e4c56e46cb75413f409d8f8b2091,c9e18b5cf5f2f617cb0347f1b36abacb075ccdd0b9fe4ff8ba24bba22a952406,ef3f0c89d96ab326ed5c33340210b37033e47b033e9f124811cce7c80ef83b87,False,ok
figure3-wide-r3-20260716T132945Z-99bbe7a-6d84b1f54e25,figure3g,holdout_figure1b,10000,1948,2,6,figure3-wide-r3-g-z03-a06,,,0.8272450692089377,13.0,13,1924,100,92,0.92,0.8500189229905127,0.9589065385156194,0.1948,post_freeze_wide_round_3,transition,True,figure1bc|114514|holdout_figure1b|10000|1948,763e2724b2d1776e3bdb26712d3a2982a210e4c56e46cb75413f409d8f8b2091,dd3ddcdda854156e9aa0ac304d43aecb97cb3dc15b756b169c22b77cb7573043,ef3f0c89d96ab326ed5c33340210b37033e47b033e9f124811cce7c80ef83b87,False,ok
figure3-wide-r3-20260716T132945Z-99bbe7a-6d84b1f54e25,figure3g,holdout_figure1b,10000,1948,2,6,figure3-wide-r3-g-z03-a07,,,0.8971754204359096,13.0,13,1934,100,49,0.49,0.3942199893044113,0.5865198806597283,0.1948,post_freeze_wide_round_3,transition,True,figure1bc|114514|holdout_figure1b|10000|1948,763e2724b2d1776e3bdb26712d3a2982a210e4c56e46cb75413f409d8f8b2091,c56bf4e0594a3ea9ea2505abe579e7f8bea1cd7a463efcfd0e0e619ca7287eba,ef3f0c89d96ab326ed5c33340210b37033e47b033e9f124811cce7c80ef83b87,False,ok
figure3-wide-r3-20260716T132945Z-99bbe7a-6d84b1f54e25,figure3g,holdout_figure1b,10000,1948,2,6,figure3-wide-r3-g-z03-a08,,,0.9408232733593045,13.0,13,1940,100,25,0.25,0.17545211362287672,0.34304463548061603,0.1948,post_freeze_wide_round_3,transition,True,figure1bc|114514|holdout_figure1b|10000|1948,763e2724b2d1776e3bdb26712d3a2982a210e4c56e46cb75413f409d8f8b2091,ba0a3d2fda824ce39e651c9f5286df9a8c5b989b474218fceb417f66f8e51d6c,ef3f0c89d96ab326ed5c33340210b37033e47b033e9f124811cce7c80ef83b87,False,ok
figure3-wide-r3-20260716T132945Z-99bbe7a-6d84b1f54e25,figure3g,holdout_figure1b,10000,1948,2,6,figure3-wide-r3-g-z03-a09,,,0.9666322087978757,13.0,13,1944,100,21,0.21,0.141656540619153,0.29979968834089865,0.1948,post_freeze_wide_round_3,transition,True,figure1bc|114514|holdout_figure1b|10000|1948,763e2724b2d1776e3bdb26712d3a2982a210e4c56e46cb75413f409d8f8b2091,17f3be38674f52dd110563e86d787ff45addd00ba51d601ca2f236e494879fea,ef3f0c89d96ab326ed5c33340210b37033e47b033e9f124811cce7c80ef83b87,False,ok
figure3-wide-r3-20260716T132945Z-99bbe7a-6d84b1f54e25,figure3g,holdout_figure1b,10000,1948,2,6,figure3-wide-r3-g-z03-a10,,,0.9814074541817858,13.0,13,1946,100,23,0.23,0.15843265880303448,0.3215438302287378,0.1948,post_freeze_wide_round_3,transition,True,figure1bc|114514|holdout_figure1b|10000|1948,763e2724b2d1776e3bdb26712d3a2982a210e4c56e46cb75413f409d8f8b2091,dec6d0e81d3f7a10d9f131598700700d988addb2eaa01acdd3fafe3e276dac62,ef3f0c89d96ab326ed5c33340210b37033e47b033e9f124811cce7c80ef83b87,False,ok
figure3-wide-r3-20260716T132945Z-99bbe7a-6d84b1f54e25,figure3g,holdout_figure1b,10000,1948,2,6,figure3-wide-r3-g-z04-a00,,,0.11570232443340224,30.0,30,1894,100,1,0.01,0.0017674320641406505,0.054486196178705315,0.1948,post_freeze_wide_round_3,transition,True,figure1bc|114514|holdout_figure1b|10000|1948,763e2724b2d1776e3bdb26712d3a2982a210e4c56e46cb75413f409d8f8b2091,f486bbc3f8d0e969cd738f5cd07829b221c2fd392df2b214ea531b8b072316e4,ef3f0c89d96ab326ed5c33340210b37033e47b033e9f124811cce7c80ef83b87,False,ok
figure3-wide-r3-20260716T132945Z-99bbe7a-6d84b1f54e25,figure3g,holdout_figure1b,10000,1948,2,6,figure3-wide-r3-g-z04-a01,,,0.19251148483725977,30.0,30,1898,100,0,0.0,0.0,0.03699349820698568,0.1948,post_freeze_wide_round_3,transition,True,figure1bc|114514|holdout_figure1b|10000|1948,763e2724b2d1776e3bdb26712d3a2982a210e4c56e46cb75413f409d8f8b2091,18769bc70ea3d4c5362938d2a53e64918d0a57f959789650b422b9f0ce1ec482,ef3f0c89d96ab326ed5c33340210b37033e47b033e9f124811cce7c80ef83b87,False,ok
figure3-wide-r3-20260716T132945Z-99bbe7a-6d84b1f54e25,figure3g,holdout_figure1b,10000,1948,2,6,figure3-wide-r3-g-z04-a02,,,0.30284787672851043,30.0,30,1905,100,0,0.0,0.0,0.03699349820698568,0.1948,post_freeze_wide_round_3,transition,True,figure1bc|114514|holdout_figure1b|10000|1948,763e2724b2d1776e3bdb26712d3a2982a210e4c56e46cb75413f409d8f8b2091,9914028bf9ed8cea00ecbd685bde44e39f9d7dd0117f0f5a463e7c86a73b1146,ef3f0c89d96ab326ed5c33340210b37033e47b033e9f124811cce7c80ef83b87,False,ok
figure3-wide-r3-20260716T132945Z-99bbe7a-6d84b1f54e25,figure3g,holdout_figure1b,10000,1948,2,6,figure3-wide-r3-g-z04-a03,,,0.4418214581980088,30.0,30,1914,100,0,0.0,0.0,0.03699349820698568,0.1948,post_freeze_wide_round_3,transition,True,figure1bc|114514|holdout_figure1b|10000|1948,763e2724b2d1776e3bdb26712d3a2982a210e4c56e46cb75413f409d8f8b2091,ce9b3a8313e63a2b352c822a0441412fe744694b18b1414bf64af41f02339e81,ef3f0c89d96ab326ed5c33340210b37033e47b033e9f124811cce7c80ef83b87,False,ok
figure3-wide-r3-20260716T132945Z-99bbe7a-6d84b1f54e25,figure3g,holdout_figure1b,10000,1948,2,6,figure3-wide-r3-g-z04-a04,,,0.5905469704301111,30.0,30,1923,100,1,0.01,0.0017674320641406505,0.054486196178705315,0.1948,post_freeze_wide_round_3,transition,True,figure1bc|114514|holdout_figure1b|10000|1948,763e2724b2d1776e3bdb26712d3a2982a210e4c56e46cb75413f409d8f8b2091,dcbc5f53ccfd421842e936857550d2cb1fa5271a6a9ea2fa9572c1f5e99894a0,ef3f0c89d96ab326ed5c33340210b37033e47b033e9f124811cce7c80ef83b87,False,ok
figure3-wide-r3-20260716T132945Z-99bbe7a-6d84b1f54e25,figure3g,holdout_figure1b,10000,1948,2,6,figure3-wide-r3-g-z04-a05,,,0.7243668166820519,30.0,30,1931,100,5,0.05,0.02154367915436796,0.11175046923191913,0.1948,post_freeze_wide_round_3,transition,True,figure1bc|114514|holdout_figure1b|10000|1948,763e2724b2d1776e3bdb26712d3a2982a210e4c56e46cb75413f409d8f8b2091,8dd9c9595043d732aac4d2977c5597e5947fff4b277e15255ecf1c2b77807538,ef3f0c89d96ab326ed5c33340210b37033e47b033e9f124811cce7c80ef83b87,False,ok
figure3-wide-r3-20260716T132945Z-99bbe7a-6d84b1f54e25,figure3g,holdout_figure1b,10000,1948,2,6,figure3-wide-r3-g-z04-a06,,,0.8272450692089377,30.0,30,1938,100,8,0.08,0.041093461484380624,0.14998107700948735,0.1948,post_freeze_wide_round_3,transition,True,figure1bc|114514|holdout_figure1b|10000|1948,763e2724b2d1776e3bdb26712d3a2982a210e4c56e46cb75413f409d8f8b2091,231110d557c2b414a3b22d1f015bfe21af753a1dba09573eb6279123fe681a85,ef3f0c89d96ab326ed5c33340210b37033e47b033e9f124811cce7c80ef83b87,False,ok
figure3-wide-r3-20260716T132945Z-99bbe7a-6d84b1f54e25,figure3g,holdout_figure1b,10000,1948,2,6,figure3-wide-r3-g-z04-a07,,,0.8971754204359096,30.0,30,1942,100,3,0.03,0.010254524024038925,0.0845193642905276,0.1948,post_freeze_wide_round_3,transition,True,figure1bc|114514|holdout_figure1b|10000|1948,763e2724b2d1776e3bdb26712d3a2982a210e4c56e46cb75413f409d8f8b2091,3c8456fbf0d4933ce4608300999ad1308cf1e284443cf089bc129c6e39f05f49,ef3f0c89d96ab326ed5c33340210b37033e47b033e9f124811cce7c80ef83b87,False,ok
figure3-wide-r3-20260716T132945Z-99bbe7a-6d84b1f54e25,figure3g,holdout_figure1b,10000,1948,2,6,figure3-wide-r3-g-z04-a08,,,0.9408232733593045,30.0,30,1945,100,3,0.03,0.010254524024038925,0.0845193642905276,0.1948,post_freeze_wide_round_3,transition,True,figure1bc|114514|holdout_figure1b|10000|1948,763e2724b2d1776e3bdb26712d3a2982a210e4c56e46cb75413f409d8f8b2091,eb70654fb28848eec9498b4932736efc90a6d3e73e1dc9576a0474b250864dff,ef3f0c89d96ab326ed5c33340210b37033e47b033e9f124811cce7c80ef83b87,False,ok
figure3-wide-r3-20260716T132945Z-99bbe7a-6d84b1f54e25,figure3g,holdout_figure1b,10000,1948,2,6,figure3-wide-r3-g-z04-a09,,,0.9666322087978757,30.0,30,1946,100,4,0.04,0.01566330399154762,0.0983707143588792,0.1948,post_freeze_wide_round_3,transition,True,figure1bc|114514|holdout_figure1b|10000|1948,763e2724b2d1776e3bdb26712d3a2982a210e4c56e46cb75413f409d8f8b2091,2876e2f36e3baed840d1b9e898176cddf3423923e1ee180f25727476b2a31bed,ef3f0c89d96ab326ed5c33340210b37033e47b033e9f124811cce7c80ef83b87,False,ok
figure3-wide-r3-20260716T132945Z-99bbe7a-6d84b1f54e25,figure3g,holdout_figure1b,10000,1948,2,6,figure3-wide-r3-g-z04-a10,,,0.9814074541817858,30.0,30,1947,100,2,0.02,0.00550196755016235,0.07001179072854388,0.1948,post_freeze_wide_round_3,transition,True,figure1bc|114514|holdout_figure1b|10000|1948,763e2724b2d1776e3bdb26712d3a2982a210e4c56e46cb75413f409d8f8b2091,20bd4b867259524336d90b1e7d1688bf8f783c9927ec6aacefe77cd2e3a421f7,ef3f0c89d96ab326ed5c33340210b37033e47b033e9f124811cce7c80ef83b87,False,ok
figure3-wide-r3-20260716T132945Z-99bbe7a-6d84b1f54e25,figure3g,holdout_figure1b,10000,1948,2,6,frozen-prediction,0.875,0.9,0.7243668166820519,4.760579559155621,5,1859,100,100,1.0,0.9630065017930143,1.0,0.1948,post_freeze_wide_round_3,transition,True,figure1bc|114514|holdout_figure1b|10000|1948,763e2724b2d1776e3bdb26712d3a2982a210e4c56e46cb75413f409d8f8b2091,7c5a598de8ba513c2281dd6c36c845420c17cfc8b1634ceb9980ca707573447b,ef3f0c89d96ab326ed5c33340210b37033e47b033e9f124811cce7c80ef83b87,True,ok
figure3-wide-r3-20260716T132945Z-99bbe7a-6d84b1f54e25,figure3h,holdout_figure1b,10000,2036,2,6,figure3-wide-r3-h-z00-a00,,,0.11570232443340224,0.0,0,236,100,67,0.67,0.5730534379509052,0.7543687726587197,0.2036,post_freeze_wide_round_3,transition,True,figure1bc|114514|holdout_figure1b|10000|2036,cb985cbeabd16d6310f98ee1ba823dfaf41a5d9a68c25d058546cd59159c986b,184eec4b4a8cb362349a8d48b97c3ae5a2a7b2c6a5a6958146316d3cd60fddc7,ef3f0c89d96ab326ed5c33340210b37033e47b033e9f124811cce7c80ef83b87,False,ok
figure3-wide-r3-20260716T132945Z-99bbe7a-6d84b1f54e25,figure3h,holdout_figure1b,10000,2036,2,6,figure3-wide-r3-h-z00-a01,,,0.19251148483725977,0.0,0,392,100,56,0.56,0.4622810465167699,0.6532797336983921,0.2036,post_freeze_wide_round_3,transition,True,figure1bc|114514|holdout_figure1b|10000|2036,cb985cbeabd16d6310f98ee1ba823dfaf41a5d9a68c25d058546cd59159c986b,454a0746eba9b5bf3045f32e2cbe154f22158ae9aba984a454878b737e1ca9d4,ef3f0c89d96ab326ed5c33340210b37033e47b033e9f124811cce7c80ef83b87,False,ok
figure3-wide-r3-20260716T132945Z-99bbe7a-6d84b1f54e25,figure3h,holdout_figure1b,10000,2036,2,6,figure3-wide-r3-h-z00-a02,,,0.30284787672851043,0.0,0,617,100,59,0.59,0.4920143005341078,0.6813268697886348,0.2036,post_freeze_wide_round_3,transition,True,figure1bc|114514|holdout_figure1b|10000|2036,cb985cbeabd16d6310f98ee1ba823dfaf41a5d9a68c25d058546cd59159c986b,15388e61f468506f8d27e1075067085cdb53d2067e37250ab449c0eae542d123,ef3f0c89d96ab326ed5c33340210b37033e47b033e9f124811cce7c80ef83b87,False,ok
figure3-wide-r3-20260716T132945Z-99bbe7a-6d84b1f54e25,figure3h,holdout_figure1b,10000,2036,2,6,figure3-wide-r3-h-z00-a03,,,0.4418214581980088,0.0,0,900,100,71,0.71,0.6146110882442888,0.7898516425087772,0.2036,post_freeze_wide_round_3,transition,True,figure1bc|114514|holdout_figure1b|10000|2036,cb985cbeabd16d6310f98ee1ba823dfaf41a5d9a68c25d058546cd59159c986b,5c9b123192e335572a88031f48731c45ab1d98fa309c08dc8dc03f6325401a8e,ef3f0c89d96ab326ed5c33340210b37033e47b033e9f124811cce7c80ef83b87,False,ok
figure3-wide-r3-20260716T132945Z-99bbe7a-6d84b1f54e25,figure3h,holdout_figure1b,10000,2036,2,6,figure3-wide-r3-h-z00-a04,,,0.5905469704301111,0.0,0,1203,100,71,0.71,0.6146110882442888,0.7898516425087772,0.2036,post_freeze_wide_round_3,transition,True,figure1bc|114514|holdout_figure1b|10000|2036,cb985cbeabd16d6310f98ee1ba823dfaf41a5d9a68c25d058546cd59159c986b,339b608b7af130043ab193c231ddaed00aae622121f4e9da2f69a38c09b3e7a7,ef3f0c89d96ab326ed5c33340210b37033e47b033e9f124811cce7c80ef83b87,False,ok
figure3-wide-r3-20260716T132945Z-99bbe7a-6d84b1f54e25,figure3h,holdout_figure1b,10000,2036,2,6,figure3-wide-r3-h-z00-a05,,,0.7243668166820519,0.0,0,1475,100,72,0.72,0.6251197129007884,0.7986031478881379,0.2036,post_freeze_wide_round_3,transition,True,figure1bc|114514|holdout_figure1b|10000|2036,cb985cbeabd16d6310f98ee1ba823dfaf41a5d9a68c25d058546cd59159c986b,6bc49b3a93db92883cf10a0fcf3e37829bf890ba75658479f00d0f0973275736,ef3f0c89d96ab326ed5c33340210b37033e47b033e9f124811cce7c80ef83b87,False,ok
figure3-wide-r3-20260716T132945Z-99bbe7a-6d84b1f54e25,figure3h,holdout_figure1b,10000,2036,2,6,figure3-wide-r3-h-z00-a06,,,0.8272450692089377,0.0,0,1685,100,68,0.68,0.5833738138954762,0.7633085267500092,0.2036,post_freeze_wide_round_3,transition,True,figure1bc|114514|holdout_figure1b|10000|2036,cb985cbeabd16d6310f98ee1ba823dfaf41a5d9a68c25d058546cd59159c986b,f3851365f5ae5394431c79d2fcd2cb8fe4253475df9f139906829b8a45574ee9,ef3f0c89d96ab326ed5c33340210b37033e47b033e9f124811cce7c80ef83b87,False,ok
figure3-wide-r3-20260716T132945Z-99bbe7a-6d84b1f54e25,figure3h,holdout_figure1b,10000,2036,2,6,figure3-wide-r3-h-z00-a07,,,0.8971754204359096,0.0,0,1827,100,61,0.61,0.5120301704584073,0.6998312599360558,0.2036,post_freeze_wide_round_3,transition,True,figure1bc|114514|holdout_figure1b|10000|2036,cb985cbeabd16d6310f98ee1ba823dfaf41a5d9a68c25d058546cd59159c986b,0469f6f7bd4e039633b1599eb4028450a059b8bf205fba210b1498041a693523,ef3f0c89d96ab326ed5c33340210b37033e47b033e9f124811cce7c80ef83b87,False,ok
figure3-wide-r3-20260716T132945Z-99bbe7a-6d84b1f54e25,figure3h,holdout_figure1b,10000,2036,2,6,figure3-wide-r3-h-z00-a08,,,0.9408232733593045,0.0,0,1916,100,61,0.61,0.5120301704584073,0.6998312599360558,0.2036,post_freeze_wide_round_3,transition,True,figure1bc|114514|holdout_figure1b|10000|2036,cb985cbeabd16d6310f98ee1ba823dfaf41a5d9a68c25d058546cd59159c986b,64121a27dd48d1b69164d52fe840992bba02f0861527e1e6861765b5ecbd8c27,ef3f0c89d96ab326ed5c33340210b37033e47b033e9f124811cce7c80ef83b87,False,ok
figure3-wide-r3-20260716T132945Z-99bbe7a-6d84b1f54e25,figure3h,holdout_figure1b,10000,2036,2,6,figure3-wide-r3-h-z00-a09,,,0.9666322087978757,0.0,0,1969,100,60,0.6,0.5020025867910618,0.6905987135675411,0.2036,post_freeze_wide_round_3,transition,True,figure1bc|114514|holdout_figure1b|10000|2036,cb985cbeabd16d6310f98ee1ba823dfaf41a5d9a68c25d058546cd59159c986b,14ddb49e16ff1b47fbba5aab8a2a57b5e276d824188461811fa357321750e043,ef3f0c89d96ab326ed5c33340210b37033e47b033e9f124811cce7c80ef83b87,False,ok
figure3-wide-r3-20260716T132945Z-99bbe7a-6d84b1f54e25,figure3h,holdout_figure1b,10000,2036,2,6,figure3-wide-r3-h-z00-a10,,,0.9814074541817858,0.0,0,1999,100,69,0.69,0.5937394428051057,0.7722030278762395,0.2036,post_freeze_wide_round_3,transition,True,figure1bc|114514|holdout_figure1b|10000|2036,cb985cbeabd16d6310f98ee1ba823dfaf41a5d9a68c25d058546cd59159c986b,4316e21e938a3065308dbf737053ffcb6e1ee3e51f421c57985425a96430e1ac,ef3f0c89d96ab326ed5c33340210b37033e47b033e9f124811cce7c80ef83b87,False,ok
figure3-wide-r3-20260716T132945Z-99bbe7a-6d84b1f54e25,figure3h,holdout_figure1b,10000,2036,2,6,figure3-wide-r3-h-z01-a00,,,0.11570232443340224,3.0,3,1586,100,0,0.0,0.0,0.03699349820698568,0.2036,post_freeze_wide_round_3,transition,True,figure1bc|114514|holdout_figure1b|10000|2036,cb985cbeabd16d6310f98ee1ba823dfaf41a5d9a68c25d058546cd59159c986b,ebb24a5b7278a3e514314a39176e46427dbb101d75d770dde355bfad93941599,ef3f0c89d96ab326ed5c33340210b37033e47b033e9f124811cce7c80ef83b87,False,ok
figure3-wide-r3-20260716T132945Z-99bbe7a-6d84b1f54e25,figure3h,holdout_figure1b,10000,2036,2,6,figure3-wide-r3-h-z01-a01,,,0.19251148483725977,3.0,3,1625,100,0,0.0,0.0,0.03699349820698568,0.2036,post_freeze_wide_round_3,transition,True,figure1bc|114514|holdout_figure1b|10000|2036,cb985cbeabd16d6310f98ee1ba823dfaf41a5d9a68c25d058546cd59159c986b,65627065197297d3cafef18b34828e6873f49de90c52329d33fc401ba35995f4,ef3f0c89d96ab326ed5c33340210b37033e47b033e9f124811cce7c80ef83b87,False,ok
figure3-wide-r3-20260716T132945Z-99bbe7a-6d84b1f54e25,figure3h,holdout_figure1b,10000,2036,2,6,figure3-wide-r3-h-z01-a02,,,0.30284787672851043,3.0,3,1682,100,5,0.05,0.02154367915436796,0.11175046923191913,0.2036,post_freeze_wide_round_3,transition,True,figure1bc|114514|holdout_figure1b|10000|2036,cb985cbeabd16d6310f98ee1ba823dfaf41a5d9a68c25d058546cd59159c986b,5adea226b7967fa89733bca06377b82e98809c37bc066a26118a77bbc9343d56,ef3f0c89d96ab326ed5c33340210b37033e47b033e9f124811cce7c80ef83b87,False,ok
figure3-wide-r3-20260716T132945Z-99bbe7a-6d84b1f54e25,figure3h,holdout_figure1b,10000,2036,2,6,figure3-wide-r3-h-z01-a03,,,0.4418214581980088,3.0,3,1752,100,99,0.99,0.9455138038212946,0.9982325679358593,0.2036,post_freeze_wide_round_3,transition,True,figure1bc|114514|holdout_figure1b|10000|2036,cb985cbeabd16d6310f98ee1ba823dfaf41a5d9a68c25d058546cd59159c986b,cbcb3b50aa5c20f68847a9371b585b86738f85a68e783173e85667d024b26397,ef3f0c89d96ab326ed5c33340210b37033e47b033e9f124811cce7c80ef83b87,False,ok
figure3-wide-r3-20260716T132945Z-99bbe7a-6d84b1f54e25,figure3h,holdout_figure1b,10000,2036,2,6,figure3-wide-r3-h-z01-a04,,,0.5905469704301111,3.0,3,1828,100,100,1.0,0.9630065017930143,1.0,0.2036,post_freeze_wide_round_3,transition,True,figure1bc|114514|holdout_figure1b|10000|2036,cb985cbeabd16d6310f98ee1ba823dfaf41a5d9a68c25d058546cd59159c986b,b2357af86dd6a8115d42dfd358f495dcdef5d625bf8926302504cb3f722fa1de,ef3f0c89d96ab326ed5c33340210b37033e47b033e9f124811cce7c80ef83b87,False,ok
figure3-wide-r3-20260716T132945Z-99bbe7a-6d84b1f54e25,figure3h,holdout_figure1b,10000,2036,2,6,figure3-wide-r3-h-z01-a05,,,0.7243668166820519,3.0,3,1896,100,100,1.0,0.9630065017930143,1.0,0.2036,post_freeze_wide_round_3,transition,True,figure1bc|114514|holdout_figure1b|10000|2036,cb985cbeabd16d6310f98ee1ba823dfaf41a5d9a68c25d058546cd59159c986b,3a0a1e560168a3221f3e6ea754adc3801485e2f2eb122e4f6ff9b0c86a169183,ef3f0c89d96ab326ed5c33340210b37033e47b033e9f124811cce7c80ef83b87,False,ok
figure3-wide-r3-20260716T132945Z-99bbe7a-6d84b1f54e25,figure3h,holdout_figure1b,10000,2036,2,6,figure3-wide-r3-h-z01-a06,,,0.8272450692089377,3.0,3,1949,100,100,1.0,0.9630065017930143,1.0,0.2036,post_freeze_wide_round_3,transition,True,figure1bc|114514|holdout_figure1b|10000|2036,cb985cbeabd16d6310f98ee1ba823dfaf41a5d9a68c25d058546cd59159c986b,8842792e98cb701c74ef69ec38e6811daa9637fbe905c1f9416f1aa0ed174a29,ef3f0c89d96ab326ed5c33340210b37033e47b033e9f124811cce7c80ef83b87,False,ok
figure3-wide-r3-20260716T132945Z-99bbe7a-6d84b1f54e25,figure3h,holdout_figure1b,10000,2036,2,6,figure3-wide-r3-h-z01-a07,,,0.8971754204359096,3.0,3,1984,100,97,0.97,0.9154806357094724,0.9897454759759611,0.2036,post_freeze_wide_round_3,transition,True,figure1bc|114514|holdout_figure1b|10000|2036,cb985cbeabd16d6310f98ee1ba823dfaf41a5d9a68c25d058546cd59159c986b,ac43060067bf62a3ed054e7d76614bb257d1128d74d547ebea14b5de69c1fe0a,ef3f0c89d96ab326ed5c33340210b37033e47b033e9f124811cce7c80ef83b87,False,ok
figure3-wide-r3-20260716T132945Z-99bbe7a-6d84b1f54e25,figure3h,holdout_figure1b,10000,2036,2,6,figure3-wide-r3-h-z01-a08,,,0.9408232733593045,3.0,3,2006,100,91,0.91,0.837737871472837,0.9519274599974348,0.2036,post_freeze_wide_round_3,transition,True,figure1bc|114514|holdout_figure1b|10000|2036,cb985cbeabd16d6310f98ee1ba823dfaf41a5d9a68c25d058546cd59159c986b,c753caac4afa7381ad6eecbc360e666de66d4c1df7b7f98745f76a0064051eb4,ef3f0c89d96ab326ed5c33340210b37033e47b033e9f124811cce7c80ef83b87,False,ok
figure3-wide-r3-20260716T132945Z-99bbe7a-6d84b1f54e25,figure3h,holdout_figure1b,10000,2036,2,6,figure3-wide-r3-h-z01-a09,,,0.9666322087978757,3.0,3,2020,100,84,0.84,0.7557973061072976,0.8990471151119521,0.2036,post_freeze_wide_round_3,transition,True,figure1bc|114514|holdout_figure1b|10000|2036,cb985cbeabd16d6310f98ee1ba823dfaf41a5d9a68c25d058546cd59159c986b,1df2c0742d9b05b81eb4b0709acdf20d63a3a9d94a414c8683bc73348468e7df,ef3f0c89d96ab326ed5c33340210b37033e47b033e9f124811cce7c80ef83b87,False,ok
figure3-wide-r3-20260716T132945Z-99bbe7a-6d84b1f54e25,figure3h,holdout_figure1b,10000,2036,2,6,figure3-wide-r3-h-z01-a10,,,0.9814074541817858,3.0,3,2027,100,80,0.8,0.7111708344068411,0.8666330666689676,0.2036,post_freeze_wide_round_3,transition,True,figure1bc|114514|holdout_figure1b|10000|2036,cb985cbeabd16d6310f98ee1ba823dfaf41a5d9a68c25d058546cd59159c986b,41a5bb4e287418b8e44cb013dc325336eb345def92df31617e240191671ac344,ef3f0c89d96ab326ed5c33340210b37033e47b033e9f124811cce7c80ef83b87,False,ok
figure3-wide-r3-20260716T132945Z-99bbe7a-6d84b1f54e25,figure3h,holdout_figure1b,10000,2036,2,6,figure3-wide-r3-h-z02-a00,,,0.11570232443340224,5.0,5,1737,100,12,0.12,0.06999406437019488,0.19812099426711421,0.2036,post_freeze_wide_round_3,transition,True,figure1bc|114514|holdout_figure1b|10000|2036,cb985cbeabd16d6310f98ee1ba823dfaf41a5d9a68c25d058546cd59159c986b,91d1afde66224c2086abd7701b56a033f0ad614d0bf30a295823e609d4849bcd,ef3f0c89d96ab326ed5c33340210b37033e47b033e9f124811cce7c80ef83b87,False,ok
figure3-wide-r3-20260716T132945Z-99bbe7a-6d84b1f54e25,figure3h,holdout_figure1b,10000,2036,2,6,figure3-wide-r3-h-z02-a01,,,0.19251148483725977,5.0,5,1763,100,65,0.65,0.5525444329688796,0.7363575175690247,0.2036,post_freeze_wide_round_3,transition,True,figure1bc|114514|holdout_figure1b|10000|2036,cb985cbeabd16d6310f98ee1ba823dfaf41a5d9a68c25d058546cd59159c986b,773da707fdacff2e4f23a0e5273357aa78980a32a3653b340416526eb42afa1d,ef3f0c89d96ab326ed5c33340210b37033e47b033e9f124811cce7c80ef83b87,False,ok
figure3-wide-r3-20260716T132945Z-99bbe7a-6d84b1f54e25,figure3h,holdout_figure1b,10000,2036,2,6,figure3-wide-r3-h-z02-a02,,,0.30284787672851043,5.0,5,1800,100,97,0.97,0.9154806357094724,0.9897454759759611,0.2036,post_freeze_wide_round_3,transition,True,figure1bc|114514|holdout_figure1b|10000|2036,cb985cbeabd16d6310f98ee1ba823dfaf41a5d9a68c25d058546cd59159c986b,b60fedf40d3b57d1f0dec72dfdd7b49eb34004977c0c5a8d450d2510c62b7e15,ef3f0c89d96ab326ed5c33340210b37033e47b033e9f124811cce7c80ef83b87,False,ok
figure3-wide-r3-20260716T132945Z-99bbe7a-6d84b1f54e25,figure3h,holdout_figure1b,10000,2036,2,6,figure3-wide-r3-h-z02-a03,,,0.4418214581980088,5.0,5,1847,100,100,1.0,0.9630065017930143,1.0,0.2036,post_freeze_wide_round_3,transition,True,figure1bc|114514|holdout_figure1b|10000|2036,cb985cbeabd16d6310f98ee1ba823dfaf41a5d9a68c25d058546cd59159c986b,11caeeb80a9d3590b6c62a7bca3c2d87f065b9284f54191157abc0cd3ec1fc72,ef3f0c89d96ab326ed5c33340210b37033e47b033e9f124811cce7c80ef83b87,False,ok
figure3-wide-r3-20260716T132945Z-99bbe7a-6d84b1f54e25,figure3h,holdout_figure1b,10000,2036,2,6,figure3-wide-r3-h-z02-a04,,,0.5905469704301111,5.0,5,1898,100,100,1.0,0.9630065017930143,1.0,0.2036,post_freeze_wide_round_3,transition,True,figure1bc|114514|holdout_figure1b|10000|2036,cb985cbeabd16d6310f98ee1ba823dfaf41a5d9a68c25d058546cd59159c986b,b31497aa4303e48b1b12b5a99a9429ddc27577f0ac4556c8372cf6d0d39b7416,ef3f0c89d96ab326ed5c33340210b37033e47b033e9f124811cce7c80ef83b87,False,ok
figure3-wide-r3-20260716T132945Z-99bbe7a-6d84b1f54e25,figure3h,holdout_figure1b,10000,2036,2,6,figure3-wide-r3-h-z02-a06,,,0.8272450692089377,5.0,5,1978,100,100,1.0,0.9630065017930143,1.0,0.2036,post_freeze_wide_round_3,transition,True,figure1bc|114514|holdout_figure1b|10000|2036,cb985cbeabd16d6310f98ee1ba823dfaf41a5d9a68c25d058546cd59159c986b,90dad5962c61ea4c3647a99118a7b39955258175b99923e7921860d8fa15cbc3,ef3f0c89d96ab326ed5c33340210b37033e47b033e9f124811cce7c80ef83b87,False,ok
figure3-wide-r3-20260716T132945Z-99bbe7a-6d84b1f54e25,figure3h,holdout_figure1b,10000,2036,2,6,figure3-wide-r3-h-z02-a07,,,0.8971754204359096,5.0,5,2002,100,99,0.99,0.9455138038212946,0.9982325679358593,0.2036,post_freeze_wide_round_3,transition,True,figure1bc|114514|holdout_figure1b|10000|2036,cb985cbeabd16d6310f98ee1ba823dfaf41a5d9a68c25d058546cd59159c986b,90f655ae139134bc14dbfe988b41440052adcf6ce5f76423fa489ecadc2acbb0,ef3f0c89d96ab326ed5c33340210b37033e47b033e9f124811cce7c80ef83b87,False,ok
figure3-wide-r3-20260716T132945Z-99bbe7a-6d84b1f54e25,figure3h,holdout_figure1b,10000,2036,2,6,figure3-wide-r3-h-z02-a08,,,0.9408232733593045,5.0,5,2016,100,99,0.99,0.9455138038212946,0.9982325679358593,0.2036,post_freeze_wide_round_3,transition,True,figure1bc|114514|holdout_figure1b|10000|2036,cb985cbeabd16d6310f98ee1ba823dfaf41a5d9a68c25d058546cd59159c986b,379b27fffa0ddcf2a8e69f54567aa8d762c8618cd89c45a6774ea285ff82f283,ef3f0c89d96ab326ed5c33340210b37033e47b033e9f124811cce7c80ef83b87,False,ok
figure3-wide-r3-20260716T132945Z-99bbe7a-6d84b1f54e25,figure3h,holdout_figure1b,10000,2036,2,6,figure3-wide-r3-h-z02-a09,,,0.9666322087978757,5.0,5,2025,100,96,0.96,0.9016292856411208,0.9843366960084523,0.2036,post_freeze_wide_round_3,transition,True,figure1bc|114514|holdout_figure1b|10000|2036,cb985cbeabd16d6310f98ee1ba823dfaf41a5d9a68c25d058546cd59159c986b,831714fabf9ef9ec8888020d7a776bd856be7cb7ecbbbca0b8e9f94d7b648b6f,ef3f0c89d96ab326ed5c33340210b37033e47b033e9f124811cce7c80ef83b87,False,ok
figure3-wide-r3-20260716T132945Z-99bbe7a-6d84b1f54e25,figure3h,holdout_figure1b,10000,2036,2,6,figure3-wide-r3-h-z02-a10,,,0.9814074541817858,5.0,5,2030,100,94,0.94,0.8752318455410406,0.9722138760368118,0.2036,post_freeze_wide_round_3,transition,True,figure1bc|114514|holdout_figure1b|10000|2036,cb985cbeabd16d6310f98ee1ba823dfaf41a5d9a68c25d058546cd59159c986b,cfbd4cd191adc39d902a34d74fa181d79ec24d1484ba7bed5c3a28cfbd7154f4,ef3f0c89d96ab326ed5c33340210b37033e47b033e9f124811cce7c80ef83b87,False,ok
figure3-wide-r3-20260716T132945Z-99bbe7a-6d84b1f54e25,figure3h,holdout_figure1b,10000,2036,2,6,figure3-wide-r3-h-z03-a00,,,0.11570232443340224,13.0,13,1908,100,94,0.94,0.8752318455410406,0.9722138760368118,0.2036,post_freeze_wide_round_3,transition,True,figure1bc|114514|holdout_figure1b|10000|2036,cb985cbeabd16d6310f98ee1ba823dfaf41a5d9a68c25d058546cd59159c986b,0201442f8f9d65460d9b92dab595c3ca8fe9da00e88f85685de264d41eb7395c,ef3f0c89d96ab326ed5c33340210b37033e47b033e9f124811cce7c80ef83b87,False,ok
figure3-wide-r3-20260716T132945Z-99bbe7a-6d84b1f54e25,figure3h,holdout_figure1b,10000,2036,2,6,figure3-wide-r3-h-z03-a01,,,0.19251148483725977,13.0,13,1919,100,98,0.98,0.929988209271456,0.9944980324498376,0.2036,post_freeze_wide_round_3,transition,True,figure1bc|114514|holdout_figure1b|10000|2036,cb985cbeabd16d6310f98ee1ba823dfaf41a5d9a68c25d058546cd59159c986b,3b6fe463fc8c3119afb31352f695c463728100ae50f85400a4ca7fea7e97089f,ef3f0c89d96ab326ed5c33340210b37033e47b033e9f124811cce7c80ef83b87,False,ok
figure3-wide-r3-20260716T132945Z-99bbe7a-6d84b1f54e25,figure3h,holdout_figure1b,10000,2036,2,6,figure3-wide-r3-h-z03-a02,,,0.30284787672851043,13.0,13,1935,100,100,1.0,0.9630065017930143,1.0,0.2036,post_freeze_wide_round_3,transition,True,figure1bc|114514|holdout_figure1b|10000|2036,cb985cbeabd16d6310f98ee1ba823dfaf41a5d9a68c25d058546cd59159c986b,e64cb216e14ac59a603b0afdfc3a86bedc2718db1fc3263b83a34c800c168a3c,ef3f0c89d96ab326ed5c33340210b37033e47b033e9f124811cce7c80ef83b87,False,ok
figure3-wide-r3-20260716T132945Z-99bbe7a-6d84b1f54e25,figure3h,holdout_figure1b,10000,2036,2,6,figure3-wide-r3-h-z03-a03,,,0.4418214581980088,13.0,13,1956,100,100,1.0,0.9630065017930143,1.0,0.2036,post_freeze_wide_round_3,transition,True,figure1bc|114514|holdout_figure1b|10000|2036,cb985cbeabd16d6310f98ee1ba823dfaf41a5d9a68c25d058546cd59159c986b,5a52057d674e8db152a2fb6365bae5f923f8698d8f4abe03cea7e0c98495a69e,ef3f0c89d96ab326ed5c33340210b37033e47b033e9f124811cce7c80ef83b87,False,ok
figure3-wide-r3-20260716T132945Z-99bbe7a-6d84b1f54e25,figure3h,holdout_figure1b,10000,2036,2,6,figure3-wide-r3-h-z03-a04,,,0.5905469704301111,13.0,13,1977,100,100,1.0,0.9630065017930143,1.0,0.2036,post_freeze_wide_round_3,transition,True,figure1bc|114514|holdout_figure1b|10000|2036,cb985cbeabd16d6310f98ee1ba823dfaf41a5d9a68c25d058546cd59159c986b,f63e13685cfb134ed08a6c4e7c3d2ab5ba9a818a72937535ea555f3b00f1a050,ef3f0c89d96ab326ed5c33340210b37033e47b033e9f124811cce7c80ef83b87,False,ok
figure3-wide-r3-20260716T132945Z-99bbe7a-6d84b1f54e25,figure3h,holdout_figure1b,10000,2036,2,6,figure3-wide-r3-h-z03-a05,,,0.7243668166820519,13.0,13,1997,100,100,1.0,0.9630065017930143,1.0,0.2036,post_freeze_wide_round_3,transition,True,figure1bc|114514|holdout_figure1b|10000|2036,cb985cbeabd16d6310f98ee1ba823dfaf41a5d9a68c25d058546cd59159c986b,68e2a56a8223d971579352b3cb95f460c9db7c7c59e1089c2b89c5320be74bff,ef3f0c89d96ab326ed5c33340210b37033e47b033e9f124811cce7c80ef83b87,False,ok
figure3-wide-r3-20260716T132945Z-99bbe7a-6d84b1f54e25,figure3h,holdout_figure1b,10000,2036,2,6,figure3-wide-r3-h-z03-a06,,,0.8272450692089377,13.0,13,2011,100,100,1.0,0.9630065017930143,1.0,0.2036,post_freeze_wide_round_3,transition,True,figure1bc|114514|holdout_figure1b|10000|2036,cb985cbeabd16d6310f98ee1ba823dfaf41a5d9a68c25d058546cd59159c986b,22521d25df73a0a372d0fafa4792196bcf89a7b1e05ae25a60fecd971e7b67fe,ef3f0c89d96ab326ed5c33340210b37033e47b033e9f124811cce7c80ef83b87,False,ok
figure3-wide-r3-20260716T132945Z-99bbe7a-6d84b1f54e25,figure3h,holdout_figure1b,10000,2036,2,6,figure3-wide-r3-h-z03-a07,,,0.8971754204359096,13.0,13,2022,100,100,1.0,0.9630065017930143,1.0,0.2036,post_freeze_wide_round_3,transition,True,figure1bc|114514|holdout_figure1b|10000|2036,cb985cbeabd16d6310f98ee1ba823dfaf41a5d9a68c25d058546cd59159c986b,250de95846ef4d18a2f826c6d9d96b9c0c94228cb7ba07ce8be1c9cd684d650e,ef3f0c89d96ab326ed5c33340210b37033e47b033e9f124811cce7c80ef83b87,False,ok
figure3-wide-r3-20260716T132945Z-99bbe7a-6d84b1f54e25,figure3h,holdout_figure1b,10000,2036,2,6,figure3-wide-r3-h-z03-a08,,,0.9408232733593045,13.0,13,2028,100,99,0.99,0.9455138038212946,0.9982325679358593,0.2036,post_freeze_wide_round_3,transition,True,figure1bc|114514|holdout_figure1b|10000|2036,cb985cbeabd16d6310f98ee1ba823dfaf41a5d9a68c25d058546cd59159c986b,cedb05dc4bd1b88d61ad091544da35b4bcba003a6d4e4412602163030941df1c,ef3f0c89d96ab326ed5c33340210b37033e47b033e9f124811cce7c80ef83b87,False,ok
figure3-wide-r3-20260716T132945Z-99bbe7a-6d84b1f54e25,figure3h,holdout_figure1b,10000,2036,2,6,figure3-wide-r3-h-z03-a09,,,0.9666322087978757,13.0,13,2032,100,100,1.0,0.9630065017930143,1.0,0.2036,post_freeze_wide_round_3,transition,True,figure1bc|114514|holdout_figure1b|10000|2036,cb985cbeabd16d6310f98ee1ba823dfaf41a5d9a68c25d058546cd59159c986b,9a0753c72d6f2c9284ad75fd72c824190822feacd88affd5cd6b4db72d59b471,ef3f0c89d96ab326ed5c33340210b37033e47b033e9f124811cce7c80ef83b87,False,ok
figure3-wide-r3-20260716T132945Z-99bbe7a-6d84b1f54e25,figure3h,holdout_figure1b,10000,2036,2,6,figure3-wide-r3-h-z03-a10,,,0.9814074541817858,13.0,13,2034,100,100,1.0,0.9630065017930143,1.0,0.2036,post_freeze_wide_round_3,transition,True,figure1bc|114514|holdout_figure1b|10000|2036,cb985cbeabd16d6310f98ee1ba823dfaf41a5d9a68c25d058546cd59159c986b,b8cc4500e359c94e5875307ee275f2335cfd662dd27cc51bbc435b244928d38b,ef3f0c89d96ab326ed5c33340210b37033e47b033e9f124811cce7c80ef83b87,False,ok
figure3-wide-r3-20260716T132945Z-99bbe7a-6d84b1f54e25,figure3h,holdout_figure1b,10000,2036,2,6,figure3-wide-r3-h-z04-a00,,,0.11570232443340224,30.0,30,1979,100,51,0.51,0.4134801193402717,0.6057800106955886,0.2036,post_freeze_wide_round_3,transition,True,figure1bc|114514|holdout_figure1b|10000|2036,cb985cbeabd16d6310f98ee1ba823dfaf41a5d9a68c25d058546cd59159c986b,6443a4ec968d6d088ae1a2b2e9ce6f527b0814d9c2cd0bbb8fb7f84867cd3102,ef3f0c89d96ab326ed5c33340210b37033e47b033e9f124811cce7c80ef83b87,False,ok
figure3-wide-r3-20260716T132945Z-99bbe7a-6d84b1f54e25,figure3h,holdout_figure1b,10000,2036,2,6,figure3-wide-r3-h-z04-a01,,,0.19251148483725977,30.0,30,1984,100,64,0.64,0.5423540245160874,0.7272877959859567,0.2036,post_freeze_wide_round_3,transition,True,figure1bc|114514|holdout_figure1b|10000|2036,cb985cbeabd16d6310f98ee1ba823dfaf41a5d9a68c25d058546cd59159c986b,1e8b9af7a92e0d8c195a38e549d7d4e3cbaa6ce5b6a5f193d995a5b3b81f6540,ef3f0c89d96ab326ed5c33340210b37033e47b033e9f124811cce7c80ef83b87,False,ok
figure3-wide-r3-20260716T132945Z-99bbe7a-6d84b1f54e25,figure3h,holdout_figure1b,10000,2036,2,6,figure3-wide-r3-h-z04-a02,,,0.30284787672851043,30.0,30,1991,100,71,0.71,0.6146110882442888,0.7898516425087772,0.2036,post_freeze_wide_round_3,transition,True,figure1bc|114514|holdout_figure1b|10000|2036,cb985cbeabd16d6310f98ee1ba823dfaf41a5d9a68c25d058546cd59159c986b,12f13b1667bbf7fff4fac0eada845858d9e1e8d836ae2c9bce381abfcb54e9dc,ef3f0c89d96ab326ed5c33340210b37033e47b033e9f124811cce7c80ef83b87,False,ok
figure3-wide-r3-20260716T132945Z-99bbe7a-6d84b1f54e25,figure3h,holdout_figure1b,10000,2036,2,6,figure3-wide-r3-h-z04-a03,,,0.4418214581980088,30.0,30,2000,100,75,0.75,0.656955364519384,0.8245478863771232,0.2036,post_freeze_wide_round_3,transition,True,figure1bc|114514|holdout_figure1b|10000|2036,cb985cbeabd16d6310f98ee1ba823dfaf41a5d9a68c25d058546cd59159c986b,c85ddcf3fe2765bff319d8881a6a9444e364bfad5ad2cac2fcf57eca8df7380f,ef3f0c89d96ab326ed5c33340210b37033e47b033e9f124811cce7c80ef83b87,False,ok
figure3-wide-r3-20260716T132945Z-99bbe7a-6d84b1f54e25,figure3h,holdout_figure1b,10000,2036,2,6,figure3-wide-r3-h-z04-a04,,,0.5905469704301111,30.0,30,2010,100,89,0.89,0.8136870349691969,0.9374580364293543,0.2036,post_freeze_wide_round_3,transition,True,figure1bc|114514|holdout_figure1b|10000|2036,cb985cbeabd16d6310f98ee1ba823dfaf41a5d9a68c25d058546cd59159c986b,01ff6affe633bc4d76296b0c400b602513ad2719ec140ef5b09f4811dfdb62f2,ef3f0c89d96ab326ed5c33340210b37033e47b033e9f124811cce7c80ef83b87,False,ok
figure3-wide-r3-20260716T132945Z-99bbe7a-6d84b1f54e25,figure3h,holdout_figure1b,10000,2036,2,6,figure3-wide-r3-h-z04-a05,,,0.7243668166820519,30.0,30,2019,100,92,0.92,0.8500189229905127,0.9589065385156194,0.2036,post_freeze_wide_round_3,transition,True,figure1bc|114514|holdout_figure1b|10000|2036,cb985cbeabd16d6310f98ee1ba823dfaf41a5d9a68c25d058546cd59159c986b,3d926828f39b1bce58d84111c1e2b104d5287ebae8232010bf19e974ae300447,ef3f0c89d96ab326ed5c33340210b37033e47b033e9f124811cce7c80ef83b87,False,ok
figure3-wide-r3-20260716T132945Z-99bbe7a-6d84b1f54e25,figure3h,holdout_figure1b,10000,2036,2,6,figure3-wide-r3-h-z04-a06,,,0.8272450692089377,30.0,30,2025,100,84,0.84,0.7557973061072976,0.8990471151119521,0.2036,post_freeze_wide_round_3,transition,True,figure1bc|114514|holdout_figure1b|10000|2036,cb985cbeabd16d6310f98ee1ba823dfaf41a5d9a68c25d058546cd59159c986b,37208601ce448405495c408320bdf525155cd42f1ef78e153eb2c47bfa25b4ba,ef3f0c89d96ab326ed5c33340210b37033e47b033e9f124811cce7c80ef83b87,False,ok
figure3-wide-r3-20260716T132945Z-99bbe7a-6d84b1f54e25,figure3h,holdout_figure1b,10000,2036,2,6,figure3-wide-r3-h-z04-a07,,,0.8971754204359096,30.0,30,2030,100,90,0.9,0.8256343384950865,0.9447708629393249,0.2036,post_freeze_wide_round_3,transition,True,figure1bc|114514|holdout_figure1b|10000|2036,cb985cbeabd16d6310f98ee1ba823dfaf41a5d9a68c25d058546cd59159c986b,d242c5ea36465856d262903a26e4904b5c43d3d7a2c0e4e267585d2bdeb66507,ef3f0c89d96ab326ed5c33340210b37033e47b033e9f124811cce7c80ef83b87,False,ok
figure3-wide-r3-20260716T132945Z-99bbe7a-6d84b1f54e25,figure3h,holdout_figure1b,10000,2036,2,6,figure3-wide-r3-h-z04-a08,,,0.9408232733593045,30.0,30,2033,100,90,0.9,0.8256343384950865,0.9447708629393249,0.2036,post_freeze_wide_round_3,transition,True,figure1bc|114514|holdout_figure1b|10000|2036,cb985cbeabd16d6310f98ee1ba823dfaf41a5d9a68c25d058546cd59159c986b,35ec2980e56ace9200b3dd268cc983b2b281e9b20d2bb7f253c586830186cd0d,ef3f0c89d96ab326ed5c33340210b37033e47b033e9f124811cce7c80ef83b87,False,ok
figure3-wide-r3-20260716T132945Z-99bbe7a-6d84b1f54e25,figure3h,holdout_figure1b,10000,2036,2,6,figure3-wide-r3-h-z04-a09,,,0.9666322087978757,30.0,30,2034,100,93,0.93,0.8625048526092651,0.9656807389327273,0.2036,post_freeze_wide_round_3,transition,True,figure1bc|114514|holdout_figure1b|10000|2036,cb985cbeabd16d6310f98ee1ba823dfaf41a5d9a68c25d058546cd59159c986b,63880568f65412f81077734a0d987f773d6559ab31576722ed9808df719450b8,ef3f0c89d96ab326ed5c33340210b37033e47b033e9f124811cce7c80ef83b87,False,ok
figure3-wide-r3-20260716T132945Z-99bbe7a-6d84b1f54e25,figure3h,holdout_figure1b,10000,2036,2,6,figure3-wide-r3-h-z04-a10,,,0.9814074541817858,30.0,30,2035,100,94,0.94,0.8752318455410406,0.9722138760368118,0.2036,post_freeze_wide_round_3,transition,True,figure1bc|114514|holdout_figure1b|10000|2036,cb985cbeabd16d6310f98ee1ba823dfaf41a5d9a68c25d058546cd59159c986b,af41abb6128622b25cd8c70e069d902ec1217f7f9337448539d68ef4090b97bf,ef3f0c89d96ab326ed5c33340210b37033e47b033e9f124811cce7c80ef83b87,False,ok
figure3-wide-r3-20260716T132945Z-99bbe7a-6d84b1f54e25,figure3h,holdout_figure1b,10000,2036,2,6,frozen-prediction,0.875,0.9,0.7243668166820519,4.831212065620817,5,1943,100,100,1.0,0.9630065017930143,1.0,0.2036,post_freeze_wide_round_3,transition,True,figure1bc|114514|holdout_figure1b|10000|2036,cb985cbeabd16d6310f98ee1ba823dfaf41a5d9a68c25d058546cd59159c986b,f28c942388befe1e5d718a0562827aacd032cb5d26c3df2b0f395107a3d03e2c,ef3f0c89d96ab326ed5c33340210b37033e47b033e9f124811cce7c80ef83b87,True,ok
figure3-wide-r3-20260716T132945Z-99bbe7a-6d84b1f54e25,figure3i,holdout_figure1b,100000,18155,2,6,figure3-wide-r3-i-z00-a00,,,0.11570232443340224,0.0,0,2101,100,0,0.0,0.0,0.03699349820698568,0.18155,post_freeze_wide_round_3,transition,True,figure1bc|114514|holdout_figure1b|100000|18155,3d56d929981c50f51337e1d705da14156e61cb2b15ab6b471c7bb18100a36265,abe1cec189d49d55e8ffd2325fd3d45bf40e315c0ecca57835b299d3ad3ed0f2,ef3f0c89d96ab326ed5c33340210b37033e47b033e9f124811cce7c80ef83b87,False,ok
figure3-wide-r3-20260716T132945Z-99bbe7a-6d84b1f54e25,figure3i,holdout_figure1b,100000,18155,2,6,figure3-wide-r3-i-z00-a01,,,0.19251148483725977,0.0,0,3496,100,0,0.0,0.0,0.03699349820698568,0.18155,post_freeze_wide_round_3,transition,True,figure1bc|114514|holdout_figure1b|100000|18155,3d56d929981c50f51337e1d705da14156e61cb2b15ab6b471c7bb18100a36265,cf08452412304150de4a17905d893880dd5547884942269260eac7865e10e1dd,ef3f0c89d96ab326ed5c33340210b37033e47b033e9f124811cce7c80ef83b87,False,ok
figure3-wide-r3-20260716T132945Z-99bbe7a-6d84b1f54e25,figure3i,holdout_figure1b,100000,18155,2,6,figure3-wide-r3-i-z00-a02,,,0.30284787672851043,0.0,0,5499,100,0,0.0,0.0,0.03699349820698568,0.18155,post_freeze_wide_round_3,transition,True,figure1bc|114514|holdout_figure1b|100000|18155,3d56d929981c50f51337e1d705da14156e61cb2b15ab6b471c7bb18100a36265,8b77ae80b9e49bced89e3e10dca49b65e8c6647a8abeab4fe690e7f5f8741efe,ef3f0c89d96ab326ed5c33340210b37033e47b033e9f124811cce7c80ef83b87,False,ok
figure3-wide-r3-20260716T132945Z-99bbe7a-6d84b1f54e25,figure3i,holdout_figure1b,100000,18155,2,6,figure3-wide-r3-i-z00-a03,,,0.4418214581980088,0.0,0,8022,100,0,0.0,0.0,0.03699349820698568,0.18155,post_freeze_wide_round_3,transition,True,figure1bc|114514|holdout_figure1b|100000|18155,3d56d929981c50f51337e1d705da14156e61cb2b15ab6b471c7bb18100a36265,19dc1d00c83e67457c5e6ecc99d6667f39d038066657078c7a80f773b7c7be3c,ef3f0c89d96ab326ed5c33340210b37033e47b033e9f124811cce7c80ef83b87,False,ok
figure3-wide-r3-20260716T132945Z-99bbe7a-6d84b1f54e25,figure3i,holdout_figure1b,100000,18155,2,6,figure3-wide-r3-i-z00-a04,,,0.5905469704301111,0.0,0,10722,100,0,0.0,0.0,0.03699349820698568,0.18155,post_freeze_wide_round_3,transition,True,figure1bc|114514|holdout_figure1b|100000|18155,3d56d929981c50f51337e1d705da14156e61cb2b15ab6b471c7bb18100a36265,b5b672e7815876b5198604c3846a95f3398a9754b13982bdd16605b3e6658796,ef3f0c89d96ab326ed5c33340210b37033e47b033e9f124811cce7c80ef83b87,False,ok
figure3-wide-r3-20260716T132945Z-99bbe7a-6d84b1f54e25,figure3i,holdout_figure1b,100000,18155,2,6,figure3-wide-r3-i-z00-a05,,,0.7243668166820519,0.0,0,13151,100,0,0.0,0.0,0.03699349820698568,0.18155,post_freeze_wide_round_3,transition,True,figure1bc|114514|holdout_figure1b|100000|18155,3d56d929981c50f51337e1d705da14156e61cb2b15ab6b471c7bb18100a36265,f62c801ac8015c8a07a5a062826b44634be18836067598708a8dce1b95db1c2d,ef3f0c89d96ab326ed5c33340210b37033e47b033e9f124811cce7c80ef83b87,False,ok
figure3-wide-r3-20260716T132945Z-99bbe7a-6d84b1f54e25,figure3i,holdout_figure1b,100000,18155,2,6,figure3-wide-r3-i-z00-a06,,,0.8272450692089377,0.0,0,15019,100,0,0.0,0.0,0.03699349820698568,0.18155,post_freeze_wide_round_3,transition,True,figure1bc|114514|holdout_figure1b|100000|18155,3d56d929981c50f51337e1d705da14156e61cb2b15ab6b471c7bb18100a36265,ffce198a66b7daf0d2c10b6b165c36849fe6f266db984b7fc6701d5defbee1f4,ef3f0c89d96ab326ed5c33340210b37033e47b033e9f124811cce7c80ef83b87,False,ok
figure3-wide-r3-20260716T132945Z-99bbe7a-6d84b1f54e25,figure3i,holdout_figure1b,100000,18155,2,6,figure3-wide-r3-i-z00-a07,,,0.8971754204359096,0.0,0,16289,100,0,0.0,0.0,0.03699349820698568,0.18155,post_freeze_wide_round_3,transition,True,figure1bc|114514|holdout_figure1b|100000|18155,3d56d929981c50f51337e1d705da14156e61cb2b15ab6b471c7bb18100a36265,73cd360827b1e5aec20fadf1bbef86e18bbfa6b79454375fbedb258487aaddef,ef3f0c89d96ab326ed5c33340210b37033e47b033e9f124811cce7c80ef83b87,False,ok
figure3-wide-r3-20260716T132945Z-99bbe7a-6d84b1f54e25,figure3i,holdout_figure1b,100000,18155,2,6,figure3-wide-r3-i-z00-a08,,,0.9408232733593045,0.0,0,17081,100,0,0.0,0.0,0.03699349820698568,0.18155,post_freeze_wide_round_3,transition,True,figure1bc|114514|holdout_figure1b|100000|18155,3d56d929981c50f51337e1d705da14156e61cb2b15ab6b471c7bb18100a36265,f34b6c280a5baad7a4589937096723caa68e2acdf0154f62e8485ee761ddd751,ef3f0c89d96ab326ed5c33340210b37033e47b033e9f124811cce7c80ef83b87,False,ok
figure3-wide-r3-20260716T132945Z-99bbe7a-6d84b1f54e25,figure3i,holdout_figure1b,100000,18155,2,6,figure3-wide-r3-i-z00-a09,,,0.9666322087978757,0.0,0,17550,100,0,0.0,0.0,0.03699349820698568,0.18155,post_freeze_wide_round_3,transition,True,figure1bc|114514|holdout_figure1b|100000|18155,3d56d929981c50f51337e1d705da14156e61cb2b15ab6b471c7bb18100a36265,6005a9194515cdec07d9ca4e1a60214a82873a79909e03d481db9d28b75085a2,ef3f0c89d96ab326ed5c33340210b37033e47b033e9f124811cce7c80ef83b87,False,ok
figure3-wide-r3-20260716T132945Z-99bbe7a-6d84b1f54e25,figure3i,holdout_figure1b,100000,18155,2,6,figure3-wide-r3-i-z00-a10,,,0.9814074541817858,0.0,0,17818,100,0,0.0,0.0,0.03699349820698568,0.18155,post_freeze_wide_round_3,transition,True,figure1bc|114514|holdout_figure1b|100000|18155,3d56d929981c50f51337e1d705da14156e61cb2b15ab6b471c7bb18100a36265,a1c8bedae7aaa00a26d2c17bae4ff3e0f2f53af5526db8f8af967a72f9b7d713,ef3f0c89d96ab326ed5c33340210b37033e47b033e9f124811cce7c80ef83b87,False,ok
figure3-wide-r3-20260716T132945Z-99bbe7a-6d84b1f54e25,figure3i,holdout_figure1b,100000,18155,2,6,figure3-wide-r3-i-z01-a00,,,0.11570232443340224,5.0,5,15480,100,0,0.0,0.0,0.03699349820698568,0.18155,post_freeze_wide_round_3,transition,True,figure1bc|114514|holdout_figure1b|100000|18155,3d56d929981c50f51337e1d705da14156e61cb2b15ab6b471c7bb18100a36265,b061976890969fe2ced2a11b6e4877aa95dbde2c4923df8bc9d55aa69fa9cfbd,ef3f0c89d96ab326ed5c33340210b37033e47b033e9f124811cce7c80ef83b87,False,ok
figure3-wide-r3-20260716T132945Z-99bbe7a-6d84b1f54e25,figure3i,holdout_figure1b,100000,18155,2,6,figure3-wide-r3-i-z01-a01,,,0.19251148483725977,5.0,5,15713,100,0,0.0,0.0,0.03699349820698568,0.18155,post_freeze_wide_round_3,transition,True,figure1bc|114514|holdout_figure1b|100000|18155,3d56d929981c50f51337e1d705da14156e61cb2b15ab6b471c7bb18100a36265,d387ea759de35234378d7a4e8c12bd6899d9b920a341a02128fa00c771deb1ee,ef3f0c89d96ab326ed5c33340210b37033e47b033e9f124811cce7c80ef83b87,False,ok
figure3-wide-r3-20260716T132945Z-99bbe7a-6d84b1f54e25,figure3i,holdout_figure1b,100000,18155,2,6,figure3-wide-r3-i-z01-a02,,,0.30284787672851043,5.0,5,16047,100,0,0.0,0.0,0.03699349820698568,0.18155,post_freeze_wide_round_3,transition,True,figure1bc|114514|holdout_figure1b|100000|18155,3d56d929981c50f51337e1d705da14156e61cb2b15ab6b471c7bb18100a36265,e549cdfab688be842b20ec74b5ca19000f8cf130e87defe0d982457d10fbd195,ef3f0c89d96ab326ed5c33340210b37033e47b033e9f124811cce7c80ef83b87,False,ok
figure3-wide-r3-20260716T132945Z-99bbe7a-6d84b1f54e25,figure3i,holdout_figure1b,100000,18155,2,6,figure3-wide-r3-i-z01-a03,,,0.4418214581980088,5.0,5,16467,100,0,0.0,0.0,0.03699349820698568,0.18155,post_freeze_wide_round_3,transition,True,figure1bc|114514|holdout_figure1b|100000|18155,3d56d929981c50f51337e1d705da14156e61cb2b15ab6b471c7bb18100a36265,122e00fe9487b34ac9112f09bd6dc9550ea8f31e520d96ae7dc3911d06b442d4,ef3f0c89d96ab326ed5c33340210b37033e47b033e9f124811cce7c80ef83b87,False,ok
figure3-wide-r3-20260716T132945Z-99bbe7a-6d84b1f54e25,figure3i,holdout_figure1b,100000,18155,2,6,figure3-wide-r3-i-z01-a04,,,0.5905469704301111,5.0,5,16917,100,1,0.01,0.0017674320641406505,0.054486196178705315,0.18155,post_freeze_wide_round_3,transition,True,figure1bc|114514|holdout_figure1b|100000|18155,3d56d929981c50f51337e1d705da14156e61cb2b15ab6b471c7bb18100a36265,37fe2cbd25c94a31c928dee161d103c0aa68041af5ccf3d045b9d64f73b61463,ef3f0c89d96ab326ed5c33340210b37033e47b033e9f124811cce7c80ef83b87,False,ok
figure3-wide-r3-20260716T132945Z-99bbe7a-6d84b1f54e25,figure3i,holdout_figure1b,100000,18155,2,6,figure3-wide-r3-i-z01-a05,,,0.7243668166820519,5.0,5,17322,100,88,0.88,0.8018790057328857,0.9300059356298052,0.18155,post_freeze_wide_round_3,transition,True,figure1bc|114514|holdout_figure1b|100000|18155,3d56d929981c50f51337e1d705da14156e61cb2b15ab6b471c7bb18100a36265,2c76d350c9e3363911b90556957eec39e2941ebf856f590dca23b42fe24a76b6,ef3f0c89d96ab326ed5c33340210b37033e47b033e9f124811cce7c80ef83b87,False,ok
figure3-wide-r3-20260716T132945Z-99bbe7a-6d84b1f54e25,figure3i,holdout_figure1b,100000,18155,2,6,figure3-wide-r3-i-z01-a06,,,0.8272450692089377,5.0,5,17633,100,0,0.0,0.0,0.03699349820698568,0.18155,post_freeze_wide_round_3,transition,True,figure1bc|114514|holdout_figure1b|100000|18155,3d56d929981c50f51337e1d705da14156e61cb2b15ab6b471c7bb18100a36265,6d2855a0ac979a4c6d2b85ab9b0f1eeaf5c0daf070cb6ad97216f04471940d27,ef3f0c89d96ab326ed5c33340210b37033e47b033e9f124811cce7c80ef83b87,False,ok
figure3-wide-r3-20260716T132945Z-99bbe7a-6d84b1f54e25,figure3i,holdout_figure1b,100000,18155,2,6,figure3-wide-r3-i-z01-a07,,,0.8971754204359096,5.0,5,17844,100,0,0.0,0.0,0.03699349820698568,0.18155,post_freeze_wide_round_3,transition,True,figure1bc|114514|holdout_figure1b|100000|18155,3d56d929981c50f51337e1d705da14156e61cb2b15ab6b471c7bb18100a36265,12941ef7f3548f854716f6a5a3e56610d8d9761747f9656a5c51ae17c826e0d3,ef3f0c89d96ab326ed5c33340210b37033e47b033e9f124811cce7c80ef83b87,False,ok
figure3-wide-r3-20260716T132945Z-99bbe7a-6d84b1f54e25,figure3i,holdout_figure1b,100000,18155,2,6,figure3-wide-r3-i-z01-a08,,,0.9408232733593045,5.0,5,17976,100,0,0.0,0.0,0.03699349820698568,0.18155,post_freeze_wide_round_3,transition,True,figure1bc|114514|holdout_figure1b|100000|18155,3d56d929981c50f51337e1d705da14156e61cb2b15ab6b471c7bb18100a36265,344a6936bb203a8174f9d675ba3f9bbdb92607e9018c1af8a9eb62904db0077f,ef3f0c89d96ab326ed5c33340210b37033e47b033e9f124811cce7c80ef83b87,False,ok
figure3-wide-r3-20260716T132945Z-99bbe7a-6d84b1f54e25,figure3i,holdout_figure1b,100000,18155,2,6,figure3-wide-r3-i-z01-a09,,,0.9666322087978757,5.0,5,18055,100,0,0.0,0.0,0.03699349820698568,0.18155,post_freeze_wide_round_3,transition,True,figure1bc|114514|holdout_figure1b|100000|18155,3d56d929981c50f51337e1d705da14156e61cb2b15ab6b471c7bb18100a36265,5295759b3f45c66f08cb6f4ac51d7ffc74136dcb45e05e14a6a072c0444c38d0,ef3f0c89d96ab326ed5c33340210b37033e47b033e9f124811cce7c80ef83b87,False,ok
figure3-wide-r3-20260716T132945Z-99bbe7a-6d84b1f54e25,figure3i,holdout_figure1b,100000,18155,2,6,figure3-wide-r3-i-z01-a10,,,0.9814074541817858,5.0,5,18099,100,0,0.0,0.0,0.03699349820698568,0.18155,post_freeze_wide_round_3,transition,True,figure1bc|114514|holdout_figure1b|100000|18155,3d56d929981c50f51337e1d705da14156e61cb2b15ab6b471c7bb18100a36265,972b96899d33475ec7b462c36a816dbb2146c8a55e4260b069f24033f6c52a59,ef3f0c89d96ab326ed5c33340210b37033e47b033e9f124811cce7c80ef83b87,False,ok
figure3-wide-r3-20260716T132945Z-99bbe7a-6d84b1f54e25,figure3i,holdout_figure1b,100000,18155,2,6,figure3-wide-r3-i-z02-a00,,,0.11570232443340224,10.0,10,16696,100,0,0.0,0.0,0.03699349820698568,0.18155,post_freeze_wide_round_3,transition,True,figure1bc|114514|holdout_figure1b|100000|18155,3d56d929981c50f51337e1d705da14156e61cb2b15ab6b471c7bb18100a36265,49d02c03cc9239ad6f0fb946ced332b76227a167a28ab29fa9e5d9ea5772a0fc,ef3f0c89d96ab326ed5c33340210b37033e47b033e9f124811cce7c80ef83b87,False,ok
figure3-wide-r3-20260716T132945Z-99bbe7a-6d84b1f54e25,figure3i,holdout_figure1b,100000,18155,2,6,figure3-wide-r3-i-z02-a01,,,0.19251148483725977,10.0,10,16823,100,0,0.0,0.0,0.03699349820698568,0.18155,post_freeze_wide_round_3,transition,True,figure1bc|114514|holdout_figure1b|100000|18155,3d56d929981c50f51337e1d705da14156e61cb2b15ab6b471c7bb18100a36265,eae9d6a766fa0485a1d2e8721c6a0dc48fb3374e6076f5071aee9da3816cf245,ef3f0c89d96ab326ed5c33340210b37033e47b033e9f124811cce7c80ef83b87,False,ok
figure3-wide-r3-20260716T132945Z-99bbe7a-6d84b1f54e25,figure3i,holdout_figure1b,100000,18155,2,6,figure3-wide-r3-i-z02-a02,,,0.30284787672851043,10.0,10,17005,100,0,0.0,0.0,0.03699349820698568,0.18155,post_freeze_wide_round_3,transition,True,figure1bc|114514|holdout_figure1b|100000|18155,3d56d929981c50f51337e1d705da14156e61cb2b15ab6b471c7bb18100a36265,1b08e3b7accb7245a4ea49ea3fd5fc771bbdc92d0ba3aca69c3322164b15c7fa,ef3f0c89d96ab326ed5c33340210b37033e47b033e9f124811cce7c80ef83b87,False,ok
figure3-wide-r3-20260716T132945Z-99bbe7a-6d84b1f54e25,figure3i,holdout_figure1b,100000,18155,2,6,figure3-wide-r3-i-z02-a03,,,0.4418214581980088,10.0,10,17235,100,23,0.23,0.15843265880303448,0.3215438302287378,0.18155,post_freeze_wide_round_3,transition,True,figure1bc|114514|holdout_figure1b|100000|18155,3d56d929981c50f51337e1d705da14156e61cb2b15ab6b471c7bb18100a36265,55f466cd4665c238e014cea24f6cde98f701534c433019c521cde21cfb66fa83,ef3f0c89d96ab326ed5c33340210b37033e47b033e9f124811cce7c80ef83b87,False,ok
figure3-wide-r3-20260716T132945Z-99bbe7a-6d84b1f54e25,figure3i,holdout_figure1b,100000,18155,2,6,figure3-wide-r3-i-z02-a04,,,0.5905469704301111,10.0,10,17480,100,100,1.0,0.9630065017930143,1.0,0.18155,post_freeze_wide_round_3,transition,True,figure1bc|114514|holdout_figure1b|100000|18155,3d56d929981c50f51337e1d705da14156e61cb2b15ab6b471c7bb18100a36265,4b98290676d96323ad71da29ad19ac7ddb00128e6043fc0e04e4b047a15e63ab,ef3f0c89d96ab326ed5c33340210b37033e47b033e9f124811cce7c80ef83b87,False,ok
figure3-wide-r3-20260716T132945Z-99bbe7a-6d84b1f54e25,figure3i,holdout_figure1b,100000,18155,2,6,figure3-wide-r3-i-z02-a06,,,0.8272450692089377,10.0,10,17870,100,0,0.0,0.0,0.03699349820698568,0.18155,post_freeze_wide_round_3,transition,True,figure1bc|114514|holdout_figure1b|100000|18155,3d56d929981c50f51337e1d705da14156e61cb2b15ab6b471c7bb18100a36265,bcc32ae54a020544b6ed00b8f5429a354a32fd7cd23ce7ef2dea59720089ff1f,ef3f0c89d96ab326ed5c33340210b37033e47b033e9f124811cce7c80ef83b87,False,ok
figure3-wide-r3-20260716T132945Z-99bbe7a-6d84b1f54e25,figure3i,holdout_figure1b,100000,18155,2,6,figure3-wide-r3-i-z02-a07,,,0.8971754204359096,10.0,10,17986,100,0,0.0,0.0,0.03699349820698568,0.18155,post_freeze_wide_round_3,transition,True,figure1bc|114514|holdout_figure1b|100000|18155,3d56d929981c50f51337e1d705da14156e61cb2b15ab6b471c7bb18100a36265,d26e25e96394b6b38d6bd1e482707e862116903d78313b5586e38632b9bb1b33,ef3f0c89d96ab326ed5c33340210b37033e47b033e9f124811cce7c80ef83b87,False,ok
figure3-wide-r3-20260716T132945Z-99bbe7a-6d84b1f54e25,figure3i,holdout_figure1b,100000,18155,2,6,figure3-wide-r3-i-z02-a08,,,0.9408232733593045,10.0,10,18058,100,0,0.0,0.0,0.03699349820698568,0.18155,post_freeze_wide_round_3,transition,True,figure1bc|114514|holdout_figure1b|100000|18155,3d56d929981c50f51337e1d705da14156e61cb2b15ab6b471c7bb18100a36265,1d5d615e00b2500f53375ae2ba349e066c5382a2e3b5e99b7ddf51e3fec9d8df,ef3f0c89d96ab326ed5c33340210b37033e47b033e9f124811cce7c80ef83b87,False,ok
figure3-wide-r3-20260716T132945Z-99bbe7a-6d84b1f54e25,figure3i,holdout_figure1b,100000,18155,2,6,figure3-wide-r3-i-z02-a09,,,0.9666322087978757,10.0,10,18100,100,0,0.0,0.0,0.03699349820698568,0.18155,post_freeze_wide_round_3,transition,True,figure1bc|114514|holdout_figure1b|100000|18155,3d56d929981c50f51337e1d705da14156e61cb2b15ab6b471c7bb18100a36265,f538d1f20652da2b94d4eaaf012c6d9721de47d764b0fbc8a4f6443f693a5934,ef3f0c89d96ab326ed5c33340210b37033e47b033e9f124811cce7c80ef83b87,False,ok
figure3-wide-r3-20260716T132945Z-99bbe7a-6d84b1f54e25,figure3i,holdout_figure1b,100000,18155,2,6,figure3-wide-r3-i-z02-a10,,,0.9814074541817858,10.0,10,18125,100,0,0.0,0.0,0.03699349820698568,0.18155,post_freeze_wide_round_3,transition,True,figure1bc|114514|holdout_figure1b|100000|18155,3d56d929981c50f51337e1d705da14156e61cb2b15ab6b471c7bb18100a36265,0538e1c9ebf5cc8811ef3264e3920cd3e6f571e499047c90bc7061308d0fe923,ef3f0c89d96ab326ed5c33340210b37033e47b033e9f124811cce7c80ef83b87,False,ok
figure3-wide-r3-20260716T132945Z-99bbe7a-6d84b1f54e25,figure3i,holdout_figure1b,100000,18155,2,6,figure3-wide-r3-i-z03-a00,,,0.11570232443340224,25.0,25,17538,100,0,0.0,0.0,0.03699349820698568,0.18155,post_freeze_wide_round_3,transition,True,figure1bc|114514|holdout_figure1b|100000|18155,3d56d929981c50f51337e1d705da14156e61cb2b15ab6b471c7bb18100a36265,85edfa1988162877d4ec222d6ab605bb274bb8d024cefb24dd5c4ca606342c11,ef3f0c89d96ab326ed5c33340210b37033e47b033e9f124811cce7c80ef83b87,False,ok
figure3-wide-r3-20260716T132945Z-99bbe7a-6d84b1f54e25,figure3i,holdout_figure1b,100000,18155,2,6,figure3-wide-r3-i-z03-a01,,,0.19251148483725977,25.0,25,17592,100,1,0.01,0.0017674320641406505,0.054486196178705315,0.18155,post_freeze_wide_round_3,transition,True,figure1bc|114514|holdout_figure1b|100000|18155,3d56d929981c50f51337e1d705da14156e61cb2b15ab6b471c7bb18100a36265,f4109ea9afb1170c66a61f828ea073b195282ecac61387b1fdee0a90f41d9048,ef3f0c89d96ab326ed5c33340210b37033e47b033e9f124811cce7c80ef83b87,False,ok
figure3-wide-r3-20260716T132945Z-99bbe7a-6d84b1f54e25,figure3i,holdout_figure1b,100000,18155,2,6,figure3-wide-r3-i-z03-a02,,,0.30284787672851043,25.0,25,17669,100,15,0.15,0.0930598528365663,0.23283559590832364,0.18155,post_freeze_wide_round_3,transition,True,figure1bc|114514|holdout_figure1b|100000|18155,3d56d929981c50f51337e1d705da14156e61cb2b15ab6b471c7bb18100a36265,226d1dbf8e05c83c8659470a5ae5ff51904e818af288bce6025e9ea48afaa564,ef3f0c89d96ab326ed5c33340210b37033e47b033e9f124811cce7c80ef83b87,False,ok
figure3-wide-r3-20260716T132945Z-99bbe7a-6d84b1f54e25,figure3i,holdout_figure1b,100000,18155,2,6,figure3-wide-r3-i-z03-a03,,,0.4418214581980088,25.0,25,17766,100,53,0.53,0.4328885697009936,0.6248918204065872,0.18155,post_freeze_wide_round_3,transition,True,figure1bc|114514|holdout_figure1b|100000|18155,3d56d929981c50f51337e1d705da14156e61cb2b15ab6b471c7bb18100a36265,62c10c4ad9e80bc1f2066f3b4c693e8fe9b0e7d07e247abc42bbe74b758bce79,ef3f0c89d96ab326ed5c33340210b37033e47b033e9f124811cce7c80ef83b87,False,ok
figure3-wide-r3-20260716T132945Z-99bbe7a-6d84b1f54e25,figure3i,holdout_figure1b,100000,18155,2,6,figure3-wide-r3-i-z03-a04,,,0.5905469704301111,25.0,25,17870,100,88,0.88,0.8018790057328857,0.9300059356298052,0.18155,post_freeze_wide_round_3,transition,True,figure1bc|114514|holdout_figure1b|100000|18155,3d56d929981c50f51337e1d705da14156e61cb2b15ab6b471c7bb18100a36265,39866fbc83f2d894095bede6d54ee28ccaae3ed079c98b1860f6a970707ee807,ef3f0c89d96ab326ed5c33340210b37033e47b033e9f124811cce7c80ef83b87,False,ok
figure3-wide-r3-20260716T132945Z-99bbe7a-6d84b1f54e25,figure3i,holdout_figure1b,100000,18155,2,6,figure3-wide-r3-i-z03-a05,,,0.7243668166820519,25.0,25,17963,100,93,0.93,0.8625048526092651,0.9656807389327273,0.18155,post_freeze_wide_round_3,transition,True,figure1bc|114514|holdout_figure1b|100000|18155,3d56d929981c50f51337e1d705da14156e61cb2b15ab6b471c7bb18100a36265,035740ce9964adefb44fad95f2a6e8c59261c120ca312965a3580c52b1448b05,ef3f0c89d96ab326ed5c33340210b37033e47b033e9f124811cce7c80ef83b87,False,ok
figure3-wide-r3-20260716T132945Z-99bbe7a-6d84b1f54e25,figure3i,holdout_figure1b,100000,18155,2,6,figure3-wide-r3-i-z03-a06,,,0.8272450692089377,25.0,25,18035,100,2,0.02,0.00550196755016235,0.07001179072854388,0.18155,post_freeze_wide_round_3,transition,True,figure1bc|114514|holdout_figure1b|100000|18155,3d56d929981c50f51337e1d705da14156e61cb2b15ab6b471c7bb18100a36265,941ee653908355844d8814804e41728c5834f7cf70c7c2ac34b02c3a4566bd39,ef3f0c89d96ab326ed5c33340210b37033e47b033e9f124811cce7c80ef83b87,False,ok
figure3-wide-r3-20260716T132945Z-99bbe7a-6d84b1f54e25,figure3i,holdout_figure1b,100000,18155,2,6,figure3-wide-r3-i-z03-a07,,,0.8971754204359096,25.0,25,18084,100,0,0.0,0.0,0.03699349820698568,0.18155,post_freeze_wide_round_3,transition,True,figure1bc|114514|holdout_figure1b|100000|18155,3d56d929981c50f51337e1d705da14156e61cb2b15ab6b471c7bb18100a36265,7d13706c27ab35e38d3dd27bec8361cd7a27f261313352d28d66dcd8765258e5,ef3f0c89d96ab326ed5c33340210b37033e47b033e9f124811cce7c80ef83b87,False,ok
figure3-wide-r3-20260716T132945Z-99bbe7a-6d84b1f54e25,figure3i,holdout_figure1b,100000,18155,2,6,figure3-wide-r3-i-z03-a08,,,0.9408232733593045,25.0,25,18114,100,0,0.0,0.0,0.03699349820698568,0.18155,post_freeze_wide_round_3,transition,True,figure1bc|114514|holdout_figure1b|100000|18155,3d56d929981c50f51337e1d705da14156e61cb2b15ab6b471c7bb18100a36265,240c9b29feab5a1a37aeb3388264f0a430cf15ff1f1244dce92845e6d32ba1cb,ef3f0c89d96ab326ed5c33340210b37033e47b033e9f124811cce7c80ef83b87,False,ok
figure3-wide-r3-20260716T132945Z-99bbe7a-6d84b1f54e25,figure3i,holdout_figure1b,100000,18155,2,6,figure3-wide-r3-i-z03-a09,,,0.9666322087978757,25.0,25,18132,100,0,0.0,0.0,0.03699349820698568,0.18155,post_freeze_wide_round_3,transition,True,figure1bc|114514|holdout_figure1b|100000|18155,3d56d929981c50f51337e1d705da14156e61cb2b15ab6b471c7bb18100a36265,2484950491e91d95bd4d9e4e04acfceaaa3e98e11869e1f2370ce7209a3c4626,ef3f0c89d96ab326ed5c33340210b37033e47b033e9f124811cce7c80ef83b87,False,ok
figure3-wide-r3-20260716T132945Z-99bbe7a-6d84b1f54e25,figure3i,holdout_figure1b,100000,18155,2,6,figure3-wide-r3-i-z03-a10,,,0.9814074541817858,25.0,25,18143,100,0,0.0,0.0,0.03699349820698568,0.18155,post_freeze_wide_round_3,transition,True,figure1bc|114514|holdout_figure1b|100000|18155,3d56d929981c50f51337e1d705da14156e61cb2b15ab6b471c7bb18100a36265,f913cb801a56c4309ae647419b0cc25bef29a8a364fab860acc539d1a0227659,ef3f0c89d96ab326ed5c33340210b37033e47b033e9f124811cce7c80ef83b87,False,ok
figure3-wide-r3-20260716T132945Z-99bbe7a-6d84b1f54e25,figure3i,holdout_figure1b,100000,18155,2,6,figure3-wide-r3-i-z04-a00,,,0.11570232443340224,60.0,60,17893,100,0,0.0,0.0,0.03699349820698568,0.18155,post_freeze_wide_round_3,transition,True,figure1bc|114514|holdout_figure1b|100000|18155,3d56d929981c50f51337e1d705da14156e61cb2b15ab6b471c7bb18100a36265,f19f4181a01c3dacd358e4dcf269efb3a7b7221e907e0142f99ea111e7e84693,ef3f0c89d96ab326ed5c33340210b37033e47b033e9f124811cce7c80ef83b87,False,ok
figure3-wide-r3-20260716T132945Z-99bbe7a-6d84b1f54e25,figure3i,holdout_figure1b,100000,18155,2,6,figure3-wide-r3-i-z04-a01,,,0.19251148483725977,60.0,60,17916,100,0,0.0,0.0,0.03699349820698568,0.18155,post_freeze_wide_round_3,transition,True,figure1bc|114514|holdout_figure1b|100000|18155,3d56d929981c50f51337e1d705da14156e61cb2b15ab6b471c7bb18100a36265,d2a94183c33ea47363c3ef86fa991d16cf7a311ede09a06b03321da4b7d661c5,ef3f0c89d96ab326ed5c33340210b37033e47b033e9f124811cce7c80ef83b87,False,ok
figure3-wide-r3-20260716T132945Z-99bbe7a-6d84b1f54e25,figure3i,holdout_figure1b,100000,18155,2,6,figure3-wide-r3-i-z04-a02,,,0.30284787672851043,60.0,60,17948,100,0,0.0,0.0,0.03699349820698568,0.18155,post_freeze_wide_round_3,transition,True,figure1bc|114514|holdout_figure1b|100000|18155,3d56d929981c50f51337e1d705da14156e61cb2b15ab6b471c7bb18100a36265,bff22877f3e5c7d912b09c337371aa1d2a7a5086834a7f2f919fd23e228a4f03,ef3f0c89d96ab326ed5c33340210b37033e47b033e9f124811cce7c80ef83b87,False,ok
figure3-wide-r3-20260716T132945Z-99bbe7a-6d84b1f54e25,figure3i,holdout_figure1b,100000,18155,2,6,figure3-wide-r3-i-z04-a03,,,0.4418214581980088,60.0,60,17990,100,0,0.0,0.0,0.03699349820698568,0.18155,post_freeze_wide_round_3,transition,True,figure1bc|114514|holdout_figure1b|100000|18155,3d56d929981c50f51337e1d705da14156e61cb2b15ab6b471c7bb18100a36265,a867506d5331c52e091a8c231f10a500d39230ccaf0f5156236f57d74a33ee39,ef3f0c89d96ab326ed5c33340210b37033e47b033e9f124811cce7c80ef83b87,False,ok
figure3-wide-r3-20260716T132945Z-99bbe7a-6d84b1f54e25,figure3i,holdout_figure1b,100000,18155,2,6,figure3-wide-r3-i-z04-a04,,,0.5905469704301111,60.0,60,18034,100,0,0.0,0.0,0.03699349820698568,0.18155,post_freeze_wide_round_3,transition,True,figure1bc|114514|holdout_figure1b|100000|18155,3d56d929981c50f51337e1d705da14156e61cb2b15ab6b471c7bb18100a36265,74436fa91fd104bea395046793cd48571d2c241aafe06b26d03382087c69a369,ef3f0c89d96ab326ed5c33340210b37033e47b033e9f124811cce7c80ef83b87,False,ok
figure3-wide-r3-20260716T132945Z-99bbe7a-6d84b1f54e25,figure3i,holdout_figure1b,100000,18155,2,6,figure3-wide-r3-i-z04-a05,,,0.7243668166820519,60.0,60,18074,100,0,0.0,0.0,0.03699349820698568,0.18155,post_freeze_wide_round_3,transition,True,figure1bc|114514|holdout_figure1b|100000|18155,3d56d929981c50f51337e1d705da14156e61cb2b15ab6b471c7bb18100a36265,f3d4f1870191f60c122f673542c11c92ffbdc5d046292bf1996a5886db0655f8,ef3f0c89d96ab326ed5c33340210b37033e47b033e9f124811cce7c80ef83b87,False,ok
figure3-wide-r3-20260716T132945Z-99bbe7a-6d84b1f54e25,figure3i,holdout_figure1b,100000,18155,2,6,figure3-wide-r3-i-z04-a06,,,0.8272450692089377,60.0,60,18104,100,0,0.0,0.0,0.03699349820698568,0.18155,post_freeze_wide_round_3,transition,True,figure1bc|114514|holdout_figure1b|100000|18155,3d56d929981c50f51337e1d705da14156e61cb2b15ab6b471c7bb18100a36265,3ea2495a7dfc00109b1ad7c1d020b8e0af5ceb1cab0cce0d4d17a74a944a32cf,ef3f0c89d96ab326ed5c33340210b37033e47b033e9f124811cce7c80ef83b87,False,ok
figure3-wide-r3-20260716T132945Z-99bbe7a-6d84b1f54e25,figure3i,holdout_figure1b,100000,18155,2,6,figure3-wide-r3-i-z04-a07,,,0.8971754204359096,60.0,60,18125,100,0,0.0,0.0,0.03699349820698568,0.18155,post_freeze_wide_round_3,transition,True,figure1bc|114514|holdout_figure1b|100000|18155,3d56d929981c50f51337e1d705da14156e61cb2b15ab6b471c7bb18100a36265,dcb74ac5aa0f2c387f49da002b3a7ab6014bb23e5728f9af02199b9e72cf8dbd,ef3f0c89d96ab326ed5c33340210b37033e47b033e9f124811cce7c80ef83b87,False,ok
figure3-wide-r3-20260716T132945Z-99bbe7a-6d84b1f54e25,figure3i,holdout_figure1b,100000,18155,2,6,figure3-wide-r3-i-z04-a08,,,0.9408232733593045,60.0,60,18138,100,0,0.0,0.0,0.03699349820698568,0.18155,post_freeze_wide_round_3,transition,True,figure1bc|114514|holdout_figure1b|100000|18155,3d56d929981c50f51337e1d705da14156e61cb2b15ab6b471c7bb18100a36265,a50f5bf21fc750141764acae088c1b28033cc3dbefe6e3ea89ffe9f02c0f6b25,ef3f0c89d96ab326ed5c33340210b37033e47b033e9f124811cce7c80ef83b87,False,ok
figure3-wide-r3-20260716T132945Z-99bbe7a-6d84b1f54e25,figure3i,holdout_figure1b,100000,18155,2,6,figure3-wide-r3-i-z04-a09,,,0.9666322087978757,60.0,60,18146,100,0,0.0,0.0,0.03699349820698568,0.18155,post_freeze_wide_round_3,transition,True,figure1bc|114514|holdout_figure1b|100000|18155,3d56d929981c50f51337e1d705da14156e61cb2b15ab6b471c7bb18100a36265,c1d9b3876062a815d135f97fd7a74b542b8504a6a5e354f6fd5e508093f067da,ef3f0c89d96ab326ed5c33340210b37033e47b033e9f124811cce7c80ef83b87,False,ok
figure3-wide-r3-20260716T132945Z-99bbe7a-6d84b1f54e25,figure3i,holdout_figure1b,100000,18155,2,6,figure3-wide-r3-i-z04-a10,,,0.9814074541817858,60.0,60,18150,100,0,0.0,0.0,0.03699349820698568,0.18155,post_freeze_wide_round_3,transition,True,figure1bc|114514|holdout_figure1b|100000|18155,3d56d929981c50f51337e1d705da14156e61cb2b15ab6b471c7bb18100a36265,73b2f030d10b2bfc8531e717a7b6c78d650d6201883dc90a19540eec251b3fa0,ef3f0c89d96ab326ed5c33340210b37033e47b033e9f124811cce7c80ef83b87,False,ok
figure3-wide-r3-20260716T132945Z-99bbe7a-6d84b1f54e25,figure3i,holdout_figure1b,100000,18155,2,6,frozen-prediction,0.875,0.9,0.7243668166820519,10.018336028423183,10,17701,100,100,1.0,0.9630065017930143,1.0,0.18155,post_freeze_wide_round_3,transition,True,figure1bc|114514|holdout_figure1b|100000|18155,3d56d929981c50f51337e1d705da14156e61cb2b15ab6b471c7bb18100a36265,90c20dba3e64ee0029f29b3f400e0297a493f85df2b29f761db25aa687889eca,ef3f0c89d96ab326ed5c33340210b37033e47b033e9f124811cce7c80ef83b87,True,ok
figure3-wide-r3-20260716T132945Z-99bbe7a-6d84b1f54e25,figure3j,holdout_figure1b,100000,18940,2,6,figure3-wide-r3-j-z00-a00,,,0.11570232443340224,0.0,0,2192,100,0,0.0,0.0,0.03699349820698568,0.1894,post_freeze_wide_round_3,transition,True,figure1bc|114514|holdout_figure1b|100000|18940,e3076a81629c1bb1bd10153bd093e471a59da641b11d517114d129160bc9b9ca,a4d21e49d8ee4f1c05bad0457b2ae1706cd8decc8d11ec3a45ef87d4ca4ea540,ef3f0c89d96ab326ed5c33340210b37033e47b033e9f124811cce7c80ef83b87,False,ok
figure3-wide-r3-20260716T132945Z-99bbe7a-6d84b1f54e25,figure3j,holdout_figure1b,100000,18940,2,6,figure3-wide-r3-j-z00-a01,,,0.19251148483725977,0.0,0,3647,100,0,0.0,0.0,0.03699349820698568,0.1894,post_freeze_wide_round_3,transition,True,figure1bc|114514|holdout_figure1b|100000|18940,e3076a81629c1bb1bd10153bd093e471a59da641b11d517114d129160bc9b9ca,7ff3ee4ad07cef622dec45e521b9d651bd12094a8d0389850462888c740bb129,ef3f0c89d96ab326ed5c33340210b37033e47b033e9f124811cce7c80ef83b87,False,ok
figure3-wide-r3-20260716T132945Z-99bbe7a-6d84b1f54e25,figure3j,holdout_figure1b,100000,18940,2,6,figure3-wide-r3-j-z00-a02,,,0.30284787672851043,0.0,0,5736,100,0,0.0,0.0,0.03699349820698568,0.1894,post_freeze_wide_round_3,transition,True,figure1bc|114514|holdout_figure1b|100000|18940,e3076a81629c1bb1bd10153bd093e471a59da641b11d517114d129160bc9b9ca,2ff1c9c51bd9bbb55fb21384f9d6bc2fbf62a797282aa1d31a1a1999a0e6a214,ef3f0c89d96ab326ed5c33340210b37033e47b033e9f124811cce7c80ef83b87,False,ok
figure3-wide-r3-20260716T132945Z-99bbe7a-6d84b1f54e25,figure3j,holdout_figure1b,100000,18940,2,6,figure3-wide-r3-j-z00-a03,,,0.4418214581980088,0.0,0,8369,100,0,0.0,0.0,0.03699349820698568,0.1894,post_freeze_wide_round_3,transition,True,figure1bc|114514|holdout_figure1b|100000|18940,e3076a81629c1bb1bd10153bd093e471a59da641b11d517114d129160bc9b9ca,1eaf1301d529e5c1884a1ab9272aca14296cac480ca0d142c2b67c02b95a35af,ef3f0c89d96ab326ed5c33340210b37033e47b033e9f124811cce7c80ef83b87,False,ok
figure3-wide-r3-20260716T132945Z-99bbe7a-6d84b1f54e25,figure3j,holdout_figure1b,100000,18940,2,6,figure3-wide-r3-j-z00-a04,,,0.5905469704301111,0.0,0,11185,100,0,0.0,0.0,0.03699349820698568,0.1894,post_freeze_wide_round_3,transition,True,figure1bc|114514|holdout_figure1b|100000|18940,e3076a81629c1bb1bd10153bd093e471a59da641b11d517114d129160bc9b9ca,9e1431027b4ab0d8bac9536c67575c0156b6044c940afae7e79f05adcde6efeb,ef3f0c89d96ab326ed5c33340210b37033e47b033e9f124811cce7c80ef83b87,False,ok
figure3-wide-r3-20260716T132945Z-99bbe7a-6d84b1f54e25,figure3j,holdout_figure1b,100000,18940,2,6,figure3-wide-r3-j-z00-a05,,,0.7243668166820519,0.0,0,13720,100,0,0.0,0.0,0.03699349820698568,0.1894,post_freeze_wide_round_3,transition,True,figure1bc|114514|holdout_figure1b|100000|18940,e3076a81629c1bb1bd10153bd093e471a59da641b11d517114d129160bc9b9ca,a0be75b4944e90b9b1959a4d824f11633d68e3836db4d831161c81e03761c8e9,ef3f0c89d96ab326ed5c33340210b37033e47b033e9f124811cce7c80ef83b87,False,ok
figure3-wide-r3-20260716T132945Z-99bbe7a-6d84b1f54e25,figure3j,holdout_figure1b,100000,18940,2,6,figure3-wide-r3-j-z00-a06,,,0.8272450692089377,0.0,0,15669,100,0,0.0,0.0,0.03699349820698568,0.1894,post_freeze_wide_round_3,transition,True,figure1bc|114514|holdout_figure1b|100000|18940,e3076a81629c1bb1bd10153bd093e471a59da641b11d517114d129160bc9b9ca,c1d089d66afdc5de9b7e0d7cc63e160542d0544263f8a150a229ae12b2f32250,ef3f0c89d96ab326ed5c33340210b37033e47b033e9f124811cce7c80ef83b87,False,ok
figure3-wide-r3-20260716T132945Z-99bbe7a-6d84b1f54e25,figure3j,holdout_figure1b,100000,18940,2,6,figure3-wide-r3-j-z00-a07,,,0.8971754204359096,0.0,0,16993,100,0,0.0,0.0,0.03699349820698568,0.1894,post_freeze_wide_round_3,transition,True,figure1bc|114514|holdout_figure1b|100000|18940,e3076a81629c1bb1bd10153bd093e471a59da641b11d517114d129160bc9b9ca,c0bc0b03f4b769f9896f78649d7dbbc62800d90ed3cf7ddcf396aee712b44b4f,ef3f0c89d96ab326ed5c33340210b37033e47b033e9f124811cce7c80ef83b87,False,ok
figure3-wide-r3-20260716T132945Z-99bbe7a-6d84b1f54e25,figure3j,holdout_figure1b,100000,18940,2,6,figure3-wide-r3-j-z00-a08,,,0.9408232733593045,0.0,0,17820,100,0,0.0,0.0,0.03699349820698568,0.1894,post_freeze_wide_round_3,transition,True,figure1bc|114514|holdout_figure1b|100000|18940,e3076a81629c1bb1bd10153bd093e471a59da641b11d517114d129160bc9b9ca,86d3ca9fb48f8135df7ce68d53eb5c0ee7e98384ed0c35834862a32fe088122a,ef3f0c89d96ab326ed5c33340210b37033e47b033e9f124811cce7c80ef83b87,False,ok
figure3-wide-r3-20260716T132945Z-99bbe7a-6d84b1f54e25,figure3j,holdout_figure1b,100000,18940,2,6,figure3-wide-r3-j-z00-a09,,,0.9666322087978757,0.0,0,18309,100,0,0.0,0.0,0.03699349820698568,0.1894,post_freeze_wide_round_3,transition,True,figure1bc|114514|holdout_figure1b|100000|18940,e3076a81629c1bb1bd10153bd093e471a59da641b11d517114d129160bc9b9ca,3ea470e4a130e0885d1471c149efe8b40830ca3aab72454c99ae2db356548244,ef3f0c89d96ab326ed5c33340210b37033e47b033e9f124811cce7c80ef83b87,False,ok
figure3-wide-r3-20260716T132945Z-99bbe7a-6d84b1f54e25,figure3j,holdout_figure1b,100000,18940,2,6,figure3-wide-r3-j-z00-a10,,,0.9814074541817858,0.0,0,18588,100,0,0.0,0.0,0.03699349820698568,0.1894,post_freeze_wide_round_3,transition,True,figure1bc|114514|holdout_figure1b|100000|18940,e3076a81629c1bb1bd10153bd093e471a59da641b11d517114d129160bc9b9ca,3cb2f3e0afea515ba843bdfb35ee6050625a3c9506c3a2f547129df22100eeba,ef3f0c89d96ab326ed5c33340210b37033e47b033e9f124811cce7c80ef83b87,False,ok
figure3-wide-r3-20260716T132945Z-99bbe7a-6d84b1f54e25,figure3j,holdout_figure1b,100000,18940,2,6,figure3-wide-r3-j-z01-a00,,,0.11570232443340224,5.0,5,16150,100,0,0.0,0.0,0.03699349820698568,0.1894,post_freeze_wide_round_3,transition,True,figure1bc|114514|holdout_figure1b|100000|18940,e3076a81629c1bb1bd10153bd093e471a59da641b11d517114d129160bc9b9ca,7e138a8eeda41bbd27fd5ff06678c0a4bdbaed31c9ad1041dc3cccc07eed1523,ef3f0c89d96ab326ed5c33340210b37033e47b033e9f124811cce7c80ef83b87,False,ok
figure3-wide-r3-20260716T132945Z-99bbe7a-6d84b1f54e25,figure3j,holdout_figure1b,100000,18940,2,6,figure3-wide-r3-j-z01-a01,,,0.19251148483725977,5.0,5,16392,100,0,0.0,0.0,0.03699349820698568,0.1894,post_freeze_wide_round_3,transition,True,figure1bc|114514|holdout_figure1b|100000|18940,e3076a81629c1bb1bd10153bd093e471a59da641b11d517114d129160bc9b9ca,38f054349843d368847d4378bcd877364bb00675d2f1e03a2863025b19647c24,ef3f0c89d96ab326ed5c33340210b37033e47b033e9f124811cce7c80ef83b87,False,ok
figure3-wide-r3-20260716T132945Z-99bbe7a-6d84b1f54e25,figure3j,holdout_figure1b,100000,18940,2,6,figure3-wide-r3-j-z01-a02,,,0.30284787672851043,5.0,5,16740,100,0,0.0,0.0,0.03699349820698568,0.1894,post_freeze_wide_round_3,transition,True,figure1bc|114514|holdout_figure1b|100000|18940,e3076a81629c1bb1bd10153bd093e471a59da641b11d517114d129160bc9b9ca,e90d34ebe657741559b19d29cc1d253e86c5b95555035e1c3d4457db36a7bae8,ef3f0c89d96ab326ed5c33340210b37033e47b033e9f124811cce7c80ef83b87,False,ok
figure3-wide-r3-20260716T132945Z-99bbe7a-6d84b1f54e25,figure3j,holdout_figure1b,100000,18940,2,6,figure3-wide-r3-j-z01-a03,,,0.4418214581980088,5.0,5,17179,100,99,0.99,0.9455138038212946,0.9982325679358593,0.1894,post_freeze_wide_round_3,transition,True,figure1bc|114514|holdout_figure1b|100000|18940,e3076a81629c1bb1bd10153bd093e471a59da641b11d517114d129160bc9b9ca,8165390593ad40038b6786ca4a4fc9c1346587724d9f05c0d87f6dfd73992ae1,ef3f0c89d96ab326ed5c33340210b37033e47b033e9f124811cce7c80ef83b87,False,ok
figure3-wide-r3-20260716T132945Z-99bbe7a-6d84b1f54e25,figure3j,holdout_figure1b,100000,18940,2,6,figure3-wide-r3-j-z01-a04,,,0.5905469704301111,5.0,5,17648,100,100,1.0,0.9630065017930143,1.0,0.1894,post_freeze_wide_round_3,transition,True,figure1bc|114514|holdout_figure1b|100000|18940,e3076a81629c1bb1bd10153bd093e471a59da641b11d517114d129160bc9b9ca,43bcee47c28a04eea8ec0f5e3fb8acbf78357d6b098ca7f654d8997e018802a3,ef3f0c89d96ab326ed5c33340210b37033e47b033e9f124811cce7c80ef83b87,False,ok
figure3-wide-r3-20260716T132945Z-99bbe7a-6d84b1f54e25,figure3j,holdout_figure1b,100000,18940,2,6,figure3-wide-r3-j-z01-a05,,,0.7243668166820519,5.0,5,18071,100,100,1.0,0.9630065017930143,1.0,0.1894,post_freeze_wide_round_3,transition,True,figure1bc|114514|holdout_figure1b|100000|18940,e3076a81629c1bb1bd10153bd093e471a59da641b11d517114d129160bc9b9ca,3553bd02df8dd94a7df04efc03e3d6a8ffd499587c81a0463461252215e0fb4f,ef3f0c89d96ab326ed5c33340210b37033e47b033e9f124811cce7c80ef83b87,False,ok
figure3-wide-r3-20260716T132945Z-99bbe7a-6d84b1f54e25,figure3j,holdout_figure1b,100000,18940,2,6,figure3-wide-r3-j-z01-a06,,,0.8272450692089377,5.0,5,18395,100,22,0.22,0.150012823846054,0.31070353514985793,0.1894,post_freeze_wide_round_3,transition,True,figure1bc|114514|holdout_figure1b|100000|18940,e3076a81629c1bb1bd10153bd093e471a59da641b11d517114d129160bc9b9ca,d6c441299595cdff99b34504673f7420babcebc971eaf8c016ff7ecf4f32e0c4,ef3f0c89d96ab326ed5c33340210b37033e47b033e9f124811cce7c80ef83b87,False,ok
figure3-wide-r3-20260716T132945Z-99bbe7a-6d84b1f54e25,figure3j,holdout_figure1b,100000,18940,2,6,figure3-wide-r3-j-z01-a07,,,0.8971754204359096,5.0,5,18616,100,0,0.0,0.0,0.03699349820698568,0.1894,post_freeze_wide_round_3,transition,True,figure1bc|114514|holdout_figure1b|100000|18940,e3076a81629c1bb1bd10153bd093e471a59da641b11d517114d129160bc9b9ca,34a4d28bf9ae23f0e128f5dc46336ed875d82138e4ffb2df13bfea8405337e08,ef3f0c89d96ab326ed5c33340210b37033e47b033e9f124811cce7c80ef83b87,False,ok
figure3-wide-r3-20260716T132945Z-99bbe7a-6d84b1f54e25,figure3j,holdout_figure1b,100000,18940,2,6,figure3-wide-r3-j-z01-a08,,,0.9408232733593045,5.0,5,18754,100,0,0.0,0.0,0.03699349820698568,0.1894,post_freeze_wide_round_3,transition,True,figure1bc|114514|holdout_figure1b|100000|18940,e3076a81629c1bb1bd10153bd093e471a59da641b11d517114d129160bc9b9ca,ce459dc008ac91ae3062afaa47b139ae7d4ae72a088e5990eac0d372ca286d8d,ef3f0c89d96ab326ed5c33340210b37033e47b033e9f124811cce7c80ef83b87,False,ok
figure3-wide-r3-20260716T132945Z-99bbe7a-6d84b1f54e25,figure3j,holdout_figure1b,100000,18940,2,6,figure3-wide-r3-j-z01-a09,,,0.9666322087978757,5.0,5,18835,100,0,0.0,0.0,0.03699349820698568,0.1894,post_freeze_wide_round_3,transition,True,figure1bc|114514|holdout_figure1b|100000|18940,e3076a81629c1bb1bd10153bd093e471a59da641b11d517114d129160bc9b9ca,7eff80fdb670f5cde438527f8e133f6c7ce10b8bd8ba0b31a3a3e0b76f4e97bc,ef3f0c89d96ab326ed5c33340210b37033e47b033e9f124811cce7c80ef83b87,False,ok
figure3-wide-r3-20260716T132945Z-99bbe7a-6d84b1f54e25,figure3j,holdout_figure1b,100000,18940,2,6,figure3-wide-r3-j-z01-a10,,,0.9814074541817858,5.0,5,18882,100,0,0.0,0.0,0.03699349820698568,0.1894,post_freeze_wide_round_3,transition,True,figure1bc|114514|holdout_figure1b|100000|18940,e3076a81629c1bb1bd10153bd093e471a59da641b11d517114d129160bc9b9ca,06d91e90e7f44c88cbafa9b6fcde14dce14af794198e2b7f2ba45703a94f0307,ef3f0c89d96ab326ed5c33340210b37033e47b033e9f124811cce7c80ef83b87,False,ok
figure3-wide-r3-20260716T132945Z-99bbe7a-6d84b1f54e25,figure3j,holdout_figure1b,100000,18940,2,6,figure3-wide-r3-j-z02-a00,,,0.11570232443340224,10.0,10,17419,100,97,0.97,0.9154806357094724,0.9897454759759611,0.1894,post_freeze_wide_round_3,transition,True,figure1bc|114514|holdout_figure1b|100000|18940,e3076a81629c1bb1bd10153bd093e471a59da641b11d517114d129160bc9b9ca,0ea8fad49b43774772976fe04ffc4571968a04b366c34c27bd3f07da69c2b1cd,ef3f0c89d96ab326ed5c33340210b37033e47b033e9f124811cce7c80ef83b87,False,ok
figure3-wide-r3-20260716T132945Z-99bbe7a-6d84b1f54e25,figure3j,holdout_figure1b,100000,18940,2,6,figure3-wide-r3-j-z02-a01,,,0.19251148483725977,10.0,10,17551,100,100,1.0,0.9630065017930143,1.0,0.1894,post_freeze_wide_round_3,transition,True,figure1bc|114514|holdout_figure1b|100000|18940,e3076a81629c1bb1bd10153bd093e471a59da641b11d517114d129160bc9b9ca,9feb048db92813de5b52287fac1139dfa0bcae20f60a28f1876240bca447e0ee,ef3f0c89d96ab326ed5c33340210b37033e47b033e9f124811cce7c80ef83b87,False,ok
figure3-wide-r3-20260716T132945Z-99bbe7a-6d84b1f54e25,figure3j,holdout_figure1b,100000,18940,2,6,figure3-wide-r3-j-z02-a02,,,0.30284787672851043,10.0,10,17741,100,100,1.0,0.9630065017930143,1.0,0.1894,post_freeze_wide_round_3,transition,True,figure1bc|114514|holdout_figure1b|100000|18940,e3076a81629c1bb1bd10153bd093e471a59da641b11d517114d129160bc9b9ca,5e42dac402d0860d58eebe13dc93c6b06a1ed926700781c7f3205ef3a5574b1f,ef3f0c89d96ab326ed5c33340210b37033e47b033e9f124811cce7c80ef83b87,False,ok
figure3-wide-r3-20260716T132945Z-99bbe7a-6d84b1f54e25,figure3j,holdout_figure1b,100000,18940,2,6,figure3-wide-r3-j-z02-a03,,,0.4418214581980088,10.0,10,17980,100,100,1.0,0.9630065017930143,1.0,0.1894,post_freeze_wide_round_3,transition,True,figure1bc|114514|holdout_figure1b|100000|18940,e3076a81629c1bb1bd10153bd093e471a59da641b11d517114d129160bc9b9ca,168604867ad579d4434f17992c86512c887e65cc2d2c05037e74e7af6b445db2,ef3f0c89d96ab326ed5c33340210b37033e47b033e9f124811cce7c80ef83b87,False,ok
figure3-wide-r3-20260716T132945Z-99bbe7a-6d84b1f54e25,figure3j,holdout_figure1b,100000,18940,2,6,figure3-wide-r3-j-z02-a04,,,0.5905469704301111,10.0,10,18236,100,100,1.0,0.9630065017930143,1.0,0.1894,post_freeze_wide_round_3,transition,True,figure1bc|114514|holdout_figure1b|100000|18940,e3076a81629c1bb1bd10153bd093e471a59da641b11d517114d129160bc9b9ca,2d0b19731a69f0c70a8141bed43a114efff1caaadc7fc464c262f30f0a8e553d,ef3f0c89d96ab326ed5c33340210b37033e47b033e9f124811cce7c80ef83b87,False,ok
figure3-wide-r3-20260716T132945Z-99bbe7a-6d84b1f54e25,figure3j,holdout_figure1b,100000,18940,2,6,figure3-wide-r3-j-z02-a06,,,0.8272450692089377,10.0,10,18643,100,91,0.91,0.837737871472837,0.9519274599974348,0.1894,post_freeze_wide_round_3,transition,True,figure1bc|114514|holdout_figure1b|100000|18940,e3076a81629c1bb1bd10153bd093e471a59da641b11d517114d129160bc9b9ca,b5407f1f60d5a5505cd24d7895597db78ae5e8ddb4ebd751a7975bdf3719ed09,ef3f0c89d96ab326ed5c33340210b37033e47b033e9f124811cce7c80ef83b87,False,ok
figure3-wide-r3-20260716T132945Z-99bbe7a-6d84b1f54e25,figure3j,holdout_figure1b,100000,18940,2,6,figure3-wide-r3-j-z02-a07,,,0.8971754204359096,10.0,10,18764,100,0,0.0,0.0,0.03699349820698568,0.1894,post_freeze_wide_round_3,transition,True,figure1bc|114514|holdout_figure1b|100000|18940,e3076a81629c1bb1bd10153bd093e471a59da641b11d517114d129160bc9b9ca,72ac6c8daa7a8e4c5c4d1f599854e17e50c8105087f3e6435d4d9760fd378fdb,ef3f0c89d96ab326ed5c33340210b37033e47b033e9f124811cce7c80ef83b87,False,ok
figure3-wide-r3-20260716T132945Z-99bbe7a-6d84b1f54e25,figure3j,holdout_figure1b,100000,18940,2,6,figure3-wide-r3-j-z02-a08,,,0.9408232733593045,10.0,10,18839,100,0,0.0,0.0,0.03699349820698568,0.1894,post_freeze_wide_round_3,transition,True,figure1bc|114514|holdout_figure1b|100000|18940,e3076a81629c1bb1bd10153bd093e471a59da641b11d517114d129160bc9b9ca,b81a6e0c68499d46f39af59f337742fb2f7cb56c3de764a757e9cc69e51d4afc,ef3f0c89d96ab326ed5c33340210b37033e47b033e9f124811cce7c80ef83b87,False,ok
figure3-wide-r3-20260716T132945Z-99bbe7a-6d84b1f54e25,figure3j,holdout_figure1b,100000,18940,2,6,figure3-wide-r3-j-z02-a09,,,0.9666322087978757,10.0,10,18883,100,0,0.0,0.0,0.03699349820698568,0.1894,post_freeze_wide_round_3,transition,True,figure1bc|114514|holdout_figure1b|100000|18940,e3076a81629c1bb1bd10153bd093e471a59da641b11d517114d129160bc9b9ca,584cee7e805c8bfbae4992fdc306f9301cfe4b32158bc60e1272c2ccc1c53f1d,ef3f0c89d96ab326ed5c33340210b37033e47b033e9f124811cce7c80ef83b87,False,ok
figure3-wide-r3-20260716T132945Z-99bbe7a-6d84b1f54e25,figure3j,holdout_figure1b,100000,18940,2,6,figure3-wide-r3-j-z02-a10,,,0.9814074541817858,10.0,10,18909,100,0,0.0,0.0,0.03699349820698568,0.1894,post_freeze_wide_round_3,transition,True,figure1bc|114514|holdout_figure1b|100000|18940,e3076a81629c1bb1bd10153bd093e471a59da641b11d517114d129160bc9b9ca,a4dff17988e5ac58bbc97ae00e9235ec49499a5f5b59c443a2be68991c6c3140,ef3f0c89d96ab326ed5c33340210b37033e47b033e9f124811cce7c80ef83b87,False,ok
figure3-wide-r3-20260716T132945Z-99bbe7a-6d84b1f54e25,figure3j,holdout_figure1b,100000,18940,2,6,figure3-wide-r3-j-z03-a00,,,0.11570232443340224,25.0,25,18297,100,100,1.0,0.9630065017930143,1.0,0.1894,post_freeze_wide_round_3,transition,True,figure1bc|114514|holdout_figure1b|100000|18940,e3076a81629c1bb1bd10153bd093e471a59da641b11d517114d129160bc9b9ca,91899ba6782a0136e7ccf3e3d584d48caaf72a5b760d22cf78740ec4f2126244,ef3f0c89d96ab326ed5c33340210b37033e47b033e9f124811cce7c80ef83b87,False,ok
figure3-wide-r3-20260716T132945Z-99bbe7a-6d84b1f54e25,figure3j,holdout_figure1b,100000,18940,2,6,figure3-wide-r3-j-z03-a01,,,0.19251148483725977,25.0,25,18353,100,100,1.0,0.9630065017930143,1.0,0.1894,post_freeze_wide_round_3,transition,True,figure1bc|114514|holdout_figure1b|100000|18940,e3076a81629c1bb1bd10153bd093e471a59da641b11d517114d129160bc9b9ca,452bc4fc1ee99d1ad84bbf83f93a6d3748b085f15cb78671f994662da4788267,ef3f0c89d96ab326ed5c33340210b37033e47b033e9f124811cce7c80ef83b87,False,ok
figure3-wide-r3-20260716T132945Z-99bbe7a-6d84b1f54e25,figure3j,holdout_figure1b,100000,18940,2,6,figure3-wide-r3-j-z03-a02,,,0.30284787672851043,25.0,25,18433,100,100,1.0,0.9630065017930143,1.0,0.1894,post_freeze_wide_round_3,transition,True,figure1bc|114514|holdout_figure1b|100000|18940,e3076a81629c1bb1bd10153bd093e471a59da641b11d517114d129160bc9b9ca,322f64184e09a0dc36a01ec2f706e160b6502ea3f06ccea7209bcc6786adc5d3,ef3f0c89d96ab326ed5c33340210b37033e47b033e9f124811cce7c80ef83b87,False,ok
figure3-wide-r3-20260716T132945Z-99bbe7a-6d84b1f54e25,figure3j,holdout_figure1b,100000,18940,2,6,figure3-wide-r3-j-z03-a03,,,0.4418214581980088,25.0,25,18534,100,100,1.0,0.9630065017930143,1.0,0.1894,post_freeze_wide_round_3,transition,True,figure1bc|114514|holdout_figure1b|100000|18940,e3076a81629c1bb1bd10153bd093e471a59da641b11d517114d129160bc9b9ca,2f9f82c6e75754675aa42281b5bd90e9a94470559b9fbb7e17968f1cd316895b,ef3f0c89d96ab326ed5c33340210b37033e47b033e9f124811cce7c80ef83b87,False,ok
figure3-wide-r3-20260716T132945Z-99bbe7a-6d84b1f54e25,figure3j,holdout_figure1b,100000,18940,2,6,figure3-wide-r3-j-z03-a04,,,0.5905469704301111,25.0,25,18642,100,100,1.0,0.9630065017930143,1.0,0.1894,post_freeze_wide_round_3,transition,True,figure1bc|114514|holdout_figure1b|100000|18940,e3076a81629c1bb1bd10153bd093e471a59da641b11d517114d129160bc9b9ca,60c614250fb47e323b20dde636fc10876436d43520f85420d8766d43853e414e,ef3f0c89d96ab326ed5c33340210b37033e47b033e9f124811cce7c80ef83b87,False,ok
figure3-wide-r3-20260716T132945Z-99bbe7a-6d84b1f54e25,figure3j,holdout_figure1b,100000,18940,2,6,figure3-wide-r3-j-z03-a05,,,0.7243668166820519,25.0,25,18740,100,100,1.0,0.9630065017930143,1.0,0.1894,post_freeze_wide_round_3,transition,True,figure1bc|114514|holdout_figure1b|100000|18940,e3076a81629c1bb1bd10153bd093e471a59da641b11d517114d129160bc9b9ca,5dcdd3929caebb94e5e07bcc208d481ed019fc575f22660d41d8d419c5f51a39,ef3f0c89d96ab326ed5c33340210b37033e47b033e9f124811cce7c80ef83b87,False,ok
figure3-wide-r3-20260716T132945Z-99bbe7a-6d84b1f54e25,figure3j,holdout_figure1b,100000,18940,2,6,figure3-wide-r3-j-z03-a06,,,0.8272450692089377,25.0,25,18815,100,85,0.85,0.7671644040916763,0.9069401471634337,0.1894,post_freeze_wide_round_3,transition,True,figure1bc|114514|holdout_figure1b|100000|18940,e3076a81629c1bb1bd10153bd093e471a59da641b11d517114d129160bc9b9ca,d480012a150aa20c0d8734c4c945f800e8f814fba0345cfbb56ee4a3f8351c31,ef3f0c89d96ab326ed5c33340210b37033e47b033e9f124811cce7c80ef83b87,False,ok
figure3-wide-r3-20260716T132945Z-99bbe7a-6d84b1f54e25,figure3j,holdout_figure1b,100000,18940,2,6,figure3-wide-r3-j-z03-a07,,,0.8971754204359096,25.0,25,18866,100,0,0.0,0.0,0.03699349820698568,0.1894,post_freeze_wide_round_3,transition,True,figure1bc|114514|holdout_figure1b|100000|18940,e3076a81629c1bb1bd10153bd093e471a59da641b11d517114d129160bc9b9ca,eaa4ad8598af2ae1f5db6fb4e4b33c913c6e2d7b1e2774550b83875a694e7779,ef3f0c89d96ab326ed5c33340210b37033e47b033e9f124811cce7c80ef83b87,False,ok
figure3-wide-r3-20260716T132945Z-99bbe7a-6d84b1f54e25,figure3j,holdout_figure1b,100000,18940,2,6,figure3-wide-r3-j-z03-a08,,,0.9408232733593045,25.0,25,18897,100,0,0.0,0.0,0.03699349820698568,0.1894,post_freeze_wide_round_3,transition,True,figure1bc|114514|holdout_figure1b|100000|18940,e3076a81629c1bb1bd10153bd093e471a59da641b11d517114d129160bc9b9ca,44421df9a7cf3aa2a64f9ed702039714eee68aa22a9b60cf43b83e54e1810dd4,ef3f0c89d96ab326ed5c33340210b37033e47b033e9f124811cce7c80ef83b87,False,ok
figure3-wide-r3-20260716T132945Z-99bbe7a-6d84b1f54e25,figure3j,holdout_figure1b,100000,18940,2,6,figure3-wide-r3-j-z03-a09,,,0.9666322087978757,25.0,25,18916,100,0,0.0,0.0,0.03699349820698568,0.1894,post_freeze_wide_round_3,transition,True,figure1bc|114514|holdout_figure1b|100000|18940,e3076a81629c1bb1bd10153bd093e471a59da641b11d517114d129160bc9b9ca,77ec5c79ce60cbeb392140db1f3985dfc430223702043f94a725e4b1fd1eb58b,ef3f0c89d96ab326ed5c33340210b37033e47b033e9f124811cce7c80ef83b87,False,ok
figure3-wide-r3-20260716T132945Z-99bbe7a-6d84b1f54e25,figure3j,holdout_figure1b,100000,18940,2,6,figure3-wide-r3-j-z03-a10,,,0.9814074541817858,25.0,25,18927,100,0,0.0,0.0,0.03699349820698568,0.1894,post_freeze_wide_round_3,transition,True,figure1bc|114514|holdout_figure1b|100000|18940,e3076a81629c1bb1bd10153bd093e471a59da641b11d517114d129160bc9b9ca,b9f0beb1768b1206e79f5bca6c0f231bd426f794b3f92413448f688091ec65ce,ef3f0c89d96ab326ed5c33340210b37033e47b033e9f124811cce7c80ef83b87,False,ok
figure3-wide-r3-20260716T132945Z-99bbe7a-6d84b1f54e25,figure3j,holdout_figure1b,100000,18940,2,6,figure3-wide-r3-j-z04-a00,,,0.11570232443340224,60.0,60,18666,100,86,0.86,0.7786281178903616,0.9147365634006086,0.1894,post_freeze_wide_round_3,transition,True,figure1bc|114514|holdout_figure1b|100000|18940,e3076a81629c1bb1bd10153bd093e471a59da641b11d517114d129160bc9b9ca,35f4548280122b97d9f0d3602bf690ac9821699c4c4a7752d2cee860890995c2,ef3f0c89d96ab326ed5c33340210b37033e47b033e9f124811cce7c80ef83b87,False,ok
figure3-wide-r3-20260716T132945Z-99bbe7a-6d84b1f54e25,figure3j,holdout_figure1b,100000,18940,2,6,figure3-wide-r3-j-z04-a01,,,0.19251148483725977,60.0,60,18690,100,94,0.94,0.8752318455410406,0.9722138760368118,0.1894,post_freeze_wide_round_3,transition,True,figure1bc|114514|holdout_figure1b|100000|18940,e3076a81629c1bb1bd10153bd093e471a59da641b11d517114d129160bc9b9ca,3430f9a8c4ed2c31264982c1b191b645d87e85d582a92257222ff423458fcf79,ef3f0c89d96ab326ed5c33340210b37033e47b033e9f124811cce7c80ef83b87,False,ok
figure3-wide-r3-20260716T132945Z-99bbe7a-6d84b1f54e25,figure3j,holdout_figure1b,100000,18940,2,6,figure3-wide-r3-j-z04-a02,,,0.30284787672851043,60.0,60,18724,100,95,0.95,0.8882495307680808,0.9784563208456319,0.1894,post_freeze_wide_round_3,transition,True,figure1bc|114514|holdout_figure1b|100000|18940,e3076a81629c1bb1bd10153bd093e471a59da641b11d517114d129160bc9b9ca,a3225432c245ec9a862f4634ce8a353deaeb3668add931ef637e87fa52f17531,ef3f0c89d96ab326ed5c33340210b37033e47b033e9f124811cce7c80ef83b87,False,ok
figure3-wide-r3-20260716T132945Z-99bbe7a-6d84b1f54e25,figure3j,holdout_figure1b,100000,18940,2,6,figure3-wide-r3-j-z04-a03,,,0.4418214581980088,60.0,60,18767,100,96,0.96,0.9016292856411208,0.9843366960084523,0.1894,post_freeze_wide_round_3,transition,True,figure1bc|114514|holdout_figure1b|100000|18940,e3076a81629c1bb1bd10153bd093e471a59da641b11d517114d129160bc9b9ca,ebb2153572673d5dcc8809d0a767c02f52b80bd443247a4b47a93d3e88030b54,ef3f0c89d96ab326ed5c33340210b37033e47b033e9f124811cce7c80ef83b87,False,ok
figure3-wide-r3-20260716T132945Z-99bbe7a-6d84b1f54e25,figure3j,holdout_figure1b,100000,18940,2,6,figure3-wide-r3-j-z04-a04,,,0.5905469704301111,60.0,60,18814,100,96,0.96,0.9016292856411208,0.9843366960084523,0.1894,post_freeze_wide_round_3,transition,True,figure1bc|114514|holdout_figure1b|100000|18940,e3076a81629c1bb1bd10153bd093e471a59da641b11d517114d129160bc9b9ca,574fe31827c18316081e1b294f0c6e811bddf6e682379d797efc2545f22dd0e0,ef3f0c89d96ab326ed5c33340210b37033e47b033e9f124811cce7c80ef83b87,False,ok
figure3-wide-r3-20260716T132945Z-99bbe7a-6d84b1f54e25,figure3j,holdout_figure1b,100000,18940,2,6,figure3-wide-r3-j-z04-a05,,,0.7243668166820519,60.0,60,18855,100,99,0.99,0.9455138038212946,0.9982325679358593,0.1894,post_freeze_wide_round_3,transition,True,figure1bc|114514|holdout_figure1b|100000|18940,e3076a81629c1bb1bd10153bd093e471a59da641b11d517114d129160bc9b9ca,f4bc63501ec442eb62f29280bfc0ecde35462d839ed20519a505b845e3f6378e,ef3f0c89d96ab326ed5c33340210b37033e47b033e9f124811cce7c80ef83b87,False,ok
figure3-wide-r3-20260716T132945Z-99bbe7a-6d84b1f54e25,figure3j,holdout_figure1b,100000,18940,2,6,figure3-wide-r3-j-z04-a06,,,0.8272450692089377,60.0,60,18887,100,76,0.76,0.6676766365018553,0.8330867444305122,0.1894,post_freeze_wide_round_3,transition,True,figure1bc|114514|holdout_figure1b|100000|18940,e3076a81629c1bb1bd10153bd093e471a59da641b11d517114d129160bc9b9ca,44933a12106ec90bf4b7fe6b4a9245214d38b6a9e7702b2d212ae6edb4cff214,ef3f0c89d96ab326ed5c33340210b37033e47b033e9f124811cce7c80ef83b87,False,ok
figure3-wide-r3-20260716T132945Z-99bbe7a-6d84b1f54e25,figure3j,holdout_figure1b,100000,18940,2,6,figure3-wide-r3-j-z04-a07,,,0.8971754204359096,60.0,60,18909,100,7,0.07,0.03431926106727268,0.137495147390735,0.1894,post_freeze_wide_round_3,transition,True,figure1bc|114514|holdout_figure1b|100000|18940,e3076a81629c1bb1bd10153bd093e471a59da641b11d517114d129160bc9b9ca,c330451ca8686c9961dd1f7a2930ffc1829e33ba49012d2727736d85444f39bc,ef3f0c89d96ab326ed5c33340210b37033e47b033e9f124811cce7c80ef83b87,False,ok
figure3-wide-r3-20260716T132945Z-99bbe7a-6d84b1f54e25,figure3j,holdout_figure1b,100000,18940,2,6,figure3-wide-r3-j-z04-a08,,,0.9408232733593045,60.0,60,18922,100,0,0.0,0.0,0.03699349820698568,0.1894,post_freeze_wide_round_3,transition,True,figure1bc|114514|holdout_figure1b|100000|18940,e3076a81629c1bb1bd10153bd093e471a59da641b11d517114d129160bc9b9ca,f07989d13c8b15be045536aa289e24e42d6322bebdccac1b3a5b8cc955ad895c,ef3f0c89d96ab326ed5c33340210b37033e47b033e9f124811cce7c80ef83b87,False,ok
figure3-wide-r3-20260716T132945Z-99bbe7a-6d84b1f54e25,figure3j,holdout_figure1b,100000,18940,2,6,figure3-wide-r3-j-z04-a09,,,0.9666322087978757,60.0,60,18930,100,2,0.02,0.00550196755016235,0.07001179072854388,0.1894,post_freeze_wide_round_3,transition,True,figure1bc|114514|holdout_figure1b|100000|18940,e3076a81629c1bb1bd10153bd093e471a59da641b11d517114d129160bc9b9ca,0f8705242df326303dcb6b740548bd1af136b6abbf45fa44988e966aaddb5793,ef3f0c89d96ab326ed5c33340210b37033e47b033e9f124811cce7c80ef83b87,False,ok
figure3-wide-r3-20260716T132945Z-99bbe7a-6d84b1f54e25,figure3j,holdout_figure1b,100000,18940,2,6,figure3-wide-r3-j-z04-a10,,,0.9814074541817858,60.0,60,18935,100,0,0.0,0.0,0.03699349820698568,0.1894,post_freeze_wide_round_3,transition,True,figure1bc|114514|holdout_figure1b|100000|18940,e3076a81629c1bb1bd10153bd093e471a59da641b11d517114d129160bc9b9ca,8233588d01a4778c636f540b9b79e3bf30607daccbc93e14fea76c44ea9b4379,ef3f0c89d96ab326ed5c33340210b37033e47b033e9f124811cce7c80ef83b87,False,ok
figure3-wide-r3-20260716T132945Z-99bbe7a-6d84b1f54e25,figure3j,holdout_figure1b,100000,18940,2,6,frozen-prediction,0.875,0.9,0.7243668166820519,10.16069702346925,10,18466,100,100,1.0,0.9630065017930143,1.0,0.1894,post_freeze_wide_round_3,transition,True,figure1bc|114514|holdout_figure1b|100000|18940,e3076a81629c1bb1bd10153bd093e471a59da641b11d517114d129160bc9b9ca,4c6902a61541babf64548a6cb8155b25a2390cfd1db2c05110adef1cf49e87a8,ef3f0c89d96ab326ed5c33340210b37033e47b033e9f124811cce7c80ef83b87,True,ok
figure3-wide-r3-20260716T132945Z-99bbe7a-6d84b1f54e25,figure3k,holdout_figure1b,1000000,178767,2,6,figure3-wide-r3-k-z00-a00,,,0.11570232443340224,0.0,0,20684,100,0,0.0,0.0,0.03699349820698568,0.178767,post_freeze_wide_round_3,transition,True,figure1bc|114514|holdout_figure1b|1000000|178767,57520cc1db84157419b1a62354ddc37857e0a10096c58b819290bdc8df742fa7,7463e56f3770d0f39ac97bae64fc794d726af01f287870e4cf7f7911c4cb1f81,ef3f0c89d96ab326ed5c33340210b37033e47b033e9f124811cce7c80ef83b87,False,ok
figure3-wide-r3-20260716T132945Z-99bbe7a-6d84b1f54e25,figure3k,holdout_figure1b,1000000,178767,2,6,figure3-wide-r3-k-z00-a01,,,0.19251148483725977,0.0,0,34415,100,0,0.0,0.0,0.03699349820698568,0.178767,post_freeze_wide_round_3,transition,True,figure1bc|114514|holdout_figure1b|1000000|178767,57520cc1db84157419b1a62354ddc37857e0a10096c58b819290bdc8df742fa7,1c6a3531c3720505765e295cc89378fce9b4823297fb3e81ce17f6cecdb3cf27,ef3f0c89d96ab326ed5c33340210b37033e47b033e9f124811cce7c80ef83b87,False,ok
figure3-wide-r3-20260716T132945Z-99bbe7a-6d84b1f54e25,figure3k,holdout_figure1b,1000000,178767,2,6,figure3-wide-r3-k-z00-a02,,,0.30284787672851043,0.0,0,54140,100,0,0.0,0.0,0.03699349820698568,0.178767,post_freeze_wide_round_3,transition,True,figure1bc|114514|holdout_figure1b|1000000|178767,57520cc1db84157419b1a62354ddc37857e0a10096c58b819290bdc8df742fa7,821c90d50f2b43a9ef512f3cbab2690fb1cc17bafdd0dd7cadd2ad0e0613018d,ef3f0c89d96ab326ed5c33340210b37033e47b033e9f124811cce7c80ef83b87,False,ok
figure3-wide-r3-20260716T132945Z-99bbe7a-6d84b1f54e25,figure3k,holdout_figure1b,1000000,178767,2,6,figure3-wide-r3-k-z00-a03,,,0.4418214581980088,0.0,0,78984,100,0,0.0,0.0,0.03699349820698568,0.178767,post_freeze_wide_round_3,transition,True,figure1bc|114514|holdout_figure1b|1000000|178767,57520cc1db84157419b1a62354ddc37857e0a10096c58b819290bdc8df742fa7,00c2a7f742e7369ea266d911558f2f7e7b51d9080bb380e6c8b654eb455fc87d,ef3f0c89d96ab326ed5c33340210b37033e47b033e9f124811cce7c80ef83b87,False,ok
figure3-wide-r3-20260716T132945Z-99bbe7a-6d84b1f54e25,figure3k,holdout_figure1b,1000000,178767,2,6,figure3-wide-r3-k-z00-a04,,,0.5905469704301111,0.0,0,105571,100,0,0.0,0.0,0.03699349820698568,0.178767,post_freeze_wide_round_3,transition,True,figure1bc|114514|holdout_figure1b|1000000|178767,57520cc1db84157419b1a62354ddc37857e0a10096c58b819290bdc8df742fa7,244cf28362c02f77d147c1e2c6ab486c3175d01ec542a80a82e99e777a31b628,ef3f0c89d96ab326ed5c33340210b37033e47b033e9f124811cce7c80ef83b87,False,ok
figure3-wide-r3-20260716T132945Z-99bbe7a-6d84b1f54e25,figure3k,holdout_figure1b,1000000,178767,2,6,figure3-wide-r3-k-z00-a05,,,0.7243668166820519,0.0,0,129493,100,0,0.0,0.0,0.03699349820698568,0.178767,post_freeze_wide_round_3,transition,True,figure1bc|114514|holdout_figure1b|1000000|178767,57520cc1db84157419b1a62354ddc37857e0a10096c58b819290bdc8df742fa7,0243f731169958efdc75802f48d4b1b664f428b652d39ca82b3e925e8807bea8,ef3f0c89d96ab326ed5c33340210b37033e47b033e9f124811cce7c80ef83b87,False,ok
figure3-wide-r3-20260716T132945Z-99bbe7a-6d84b1f54e25,figure3k,holdout_figure1b,1000000,178767,2,6,figure3-wide-r3-k-z00-a06,,,0.8272450692089377,0.0,0,147885,100,0,0.0,0.0,0.03699349820698568,0.178767,post_freeze_wide_round_3,transition,True,figure1bc|114514|holdout_figure1b|1000000|178767,57520cc1db84157419b1a62354ddc37857e0a10096c58b819290bdc8df742fa7,2bedfdfc1cd023854d612c3ed63b1eecefadaedb329cb0fc14637a9a1dac2f0f,ef3f0c89d96ab326ed5c33340210b37033e47b033e9f124811cce7c80ef83b87,False,ok
figure3-wide-r3-20260716T132945Z-99bbe7a-6d84b1f54e25,figure3k,holdout_figure1b,1000000,178767,2,6,figure3-wide-r3-k-z00-a07,,,0.8971754204359096,0.0,0,160386,100,0,0.0,0.0,0.03699349820698568,0.178767,post_freeze_wide_round_3,transition,True,figure1bc|114514|holdout_figure1b|1000000|178767,57520cc1db84157419b1a62354ddc37857e0a10096c58b819290bdc8df742fa7,66421c00d5cfb660700b140b6465cdf26a1aa51263646fd9046a3a344d8035de,ef3f0c89d96ab326ed5c33340210b37033e47b033e9f124811cce7c80ef83b87,False,ok
figure3-wide-r3-20260716T132945Z-99bbe7a-6d84b1f54e25,figure3k,holdout_figure1b,1000000,178767,2,6,figure3-wide-r3-k-z00-a08,,,0.9408232733593045,0.0,0,168189,100,0,0.0,0.0,0.03699349820698568,0.178767,post_freeze_wide_round_3,transition,True,figure1bc|114514|holdout_figure1b|1000000|178767,57520cc1db84157419b1a62354ddc37857e0a10096c58b819290bdc8df742fa7,26d25040122afdfd1615e22221e5a39e5746364e5fd4749a1316ddc62711503e,ef3f0c89d96ab326ed5c33340210b37033e47b033e9f124811cce7c80ef83b87,False,ok
figure3-wide-r3-20260716T132945Z-99bbe7a-6d84b1f54e25,figure3k,holdout_figure1b,1000000,178767,2,6,figure3-wide-r3-k-z00-a09,,,0.9666322087978757,0.0,0,172802,100,0,0.0,0.0,0.03699349820698568,0.178767,post_freeze_wide_round_3,transition,True,figure1bc|114514|holdout_figure1b|1000000|178767,57520cc1db84157419b1a62354ddc37857e0a10096c58b819290bdc8df742fa7,8b2bad49e4388d40ab1a4281690f37267720b8959d349c0ab046c2436115ad1a,ef3f0c89d96ab326ed5c33340210b37033e47b033e9f124811cce7c80ef83b87,False,ok
figure3-wide-r3-20260716T132945Z-99bbe7a-6d84b1f54e25,figure3k,holdout_figure1b,1000000,178767,2,6,figure3-wide-r3-k-z00-a10,,,0.9814074541817858,0.0,0,175444,100,0,0.0,0.0,0.03699349820698568,0.178767,post_freeze_wide_round_3,transition,True,figure1bc|114514|holdout_figure1b|1000000|178767,57520cc1db84157419b1a62354ddc37857e0a10096c58b819290bdc8df742fa7,edab95de9f849a74c83639c788a055682952d58a6b6e08ad599c4875d432b2db,ef3f0c89d96ab326ed5c33340210b37033e47b033e9f124811cce7c80ef83b87,False,ok
figure3-wide-r3-20260716T132945Z-99bbe7a-6d84b1f54e25,figure3k,holdout_figure1b,1000000,178767,2,6,figure3-wide-r3-k-z01-a00,,,0.11570232443340224,11.0,11,165594,100,0,0.0,0.0,0.03699349820698568,0.178767,post_freeze_wide_round_3,transition,True,figure1bc|114514|holdout_figure1b|1000000|178767,57520cc1db84157419b1a62354ddc37857e0a10096c58b819290bdc8df742fa7,1327f1dee2320f7e778ab52dab2a73fb9233295f392275be45d87211b10ef6dc,ef3f0c89d96ab326ed5c33340210b37033e47b033e9f124811cce7c80ef83b87,False,ok
figure3-wide-r3-20260716T132945Z-99bbe7a-6d84b1f54e25,figure3k,holdout_figure1b,1000000,178767,2,6,figure3-wide-r3-k-z01-a01,,,0.19251148483725977,11.0,11,166738,100,0,0.0,0.0,0.03699349820698568,0.178767,post_freeze_wide_round_3,transition,True,figure1bc|114514|holdout_figure1b|1000000|178767,57520cc1db84157419b1a62354ddc37857e0a10096c58b819290bdc8df742fa7,dc7d5f4f6fc734efa158d88064ac6f5abac0b059a0d2b3f61c2000ac739ac1d2,ef3f0c89d96ab326ed5c33340210b37033e47b033e9f124811cce7c80ef83b87,False,ok
figure3-wide-r3-20260716T132945Z-99bbe7a-6d84b1f54e25,figure3k,holdout_figure1b,1000000,178767,2,6,figure3-wide-r3-k-z01-a02,,,0.30284787672851043,11.0,11,168382,100,0,0.0,0.0,0.03699349820698568,0.178767,post_freeze_wide_round_3,transition,True,figure1bc|114514|holdout_figure1b|1000000|178767,57520cc1db84157419b1a62354ddc37857e0a10096c58b819290bdc8df742fa7,c1a9435866f245ca8e92483b6c4b5a15c8d2eb8b6f0c81ae04e248c823915963,ef3f0c89d96ab326ed5c33340210b37033e47b033e9f124811cce7c80ef83b87,False,ok
figure3-wide-r3-20260716T132945Z-99bbe7a-6d84b1f54e25,figure3k,holdout_figure1b,1000000,178767,2,6,figure3-wide-r3-k-z01-a03,,,0.4418214581980088,11.0,11,170452,100,100,1.0,0.9630065017930143,1.0,0.178767,post_freeze_wide_round_3,transition,True,figure1bc|114514|holdout_figure1b|1000000|178767,57520cc1db84157419b1a62354ddc37857e0a10096c58b819290bdc8df742fa7,403064af1c441a5dd015aad69620e844470aabe20e8abf9231f9e4c51693e52f,ef3f0c89d96ab326ed5c33340210b37033e47b033e9f124811cce7c80ef83b87,False,ok
figure3-wide-r3-20260716T132945Z-99bbe7a-6d84b1f54e25,figure3k,holdout_figure1b,1000000,178767,2,6,figure3-wide-r3-k-z01-a04,,,0.5905469704301111,11.0,11,172668,100,100,1.0,0.9630065017930143,1.0,0.178767,post_freeze_wide_round_3,transition,True,figure1bc|114514|holdout_figure1b|1000000|178767,57520cc1db84157419b1a62354ddc37857e0a10096c58b819290bdc8df742fa7,9f1179bffe081a83eab358936a795816aba2deffb556f98e38e850f206ed9def,ef3f0c89d96ab326ed5c33340210b37033e47b033e9f124811cce7c80ef83b87,False,ok
figure3-wide-r3-20260716T132945Z-99bbe7a-6d84b1f54e25,figure3k,holdout_figure1b,1000000,178767,2,6,figure3-wide-r3-k-z01-a05,,,0.7243668166820519,11.0,11,174661,100,100,1.0,0.9630065017930143,1.0,0.178767,post_freeze_wide_round_3,transition,True,figure1bc|114514|holdout_figure1b|1000000|178767,57520cc1db84157419b1a62354ddc37857e0a10096c58b819290bdc8df742fa7,f9d933d5530a0fc2028b43d1b52aefe5fe0f7785bfe01133bd30f7c02be4d53f,ef3f0c89d96ab326ed5c33340210b37033e47b033e9f124811cce7c80ef83b87,False,ok
figure3-wide-r3-20260716T132945Z-99bbe7a-6d84b1f54e25,figure3k,holdout_figure1b,1000000,178767,2,6,figure3-wide-r3-k-z01-a06,,,0.8272450692089377,11.0,11,176194,100,0,0.0,0.0,0.03699349820698568,0.178767,post_freeze_wide_round_3,transition,True,figure1bc|114514|holdout_figure1b|1000000|178767,57520cc1db84157419b1a62354ddc37857e0a10096c58b819290bdc8df742fa7,3601bcea9dff032d4ea366893de51d644357da812462ad276d46425fe5050762,ef3f0c89d96ab326ed5c33340210b37033e47b033e9f124811cce7c80ef83b87,False,ok
figure3-wide-r3-20260716T132945Z-99bbe7a-6d84b1f54e25,figure3k,holdout_figure1b,1000000,178767,2,6,figure3-wide-r3-k-z01-a07,,,0.8971754204359096,11.0,11,177236,100,0,0.0,0.0,0.03699349820698568,0.178767,post_freeze_wide_round_3,transition,True,figure1bc|114514|holdout_figure1b|1000000|178767,57520cc1db84157419b1a62354ddc37857e0a10096c58b819290bdc8df742fa7,867d55ecb8b429e6c74726753d5c8856e07cd46e0e274134e496d2492dbd0888,ef3f0c89d96ab326ed5c33340210b37033e47b033e9f124811cce7c80ef83b87,False,ok
figure3-wide-r3-20260716T132945Z-99bbe7a-6d84b1f54e25,figure3k,holdout_figure1b,1000000,178767,2,6,figure3-wide-r3-k-z01-a08,,,0.9408232733593045,11.0,11,177886,100,0,0.0,0.0,0.03699349820698568,0.178767,post_freeze_wide_round_3,transition,True,figure1bc|114514|holdout_figure1b|1000000|178767,57520cc1db84157419b1a62354ddc37857e0a10096c58b819290bdc8df742fa7,e295f6e2bedf2b407e57f4185a25856139648bf4dc9f66d48465fad747e351b4,ef3f0c89d96ab326ed5c33340210b37033e47b033e9f124811cce7c80ef83b87,False,ok
figure3-wide-r3-20260716T132945Z-99bbe7a-6d84b1f54e25,figure3k,holdout_figure1b,1000000,178767,2,6,figure3-wide-r3-k-z01-a09,,,0.9666322087978757,11.0,11,178270,100,0,0.0,0.0,0.03699349820698568,0.178767,post_freeze_wide_round_3,transition,True,figure1bc|114514|holdout_figure1b|1000000|178767,57520cc1db84157419b1a62354ddc37857e0a10096c58b819290bdc8df742fa7,ef039328ce18ae7f8bd7246208522d125fa0ee9a3e95c18fcec1eb74cc36710f,ef3f0c89d96ab326ed5c33340210b37033e47b033e9f124811cce7c80ef83b87,False,ok
figure3-wide-r3-20260716T132945Z-99bbe7a-6d84b1f54e25,figure3k,holdout_figure1b,1000000,178767,2,6,figure3-wide-r3-k-z01-a10,,,0.9814074541817858,11.0,11,178491,100,0,0.0,0.0,0.03699349820698568,0.178767,post_freeze_wide_round_3,transition,True,figure1bc|114514|holdout_figure1b|1000000|178767,57520cc1db84157419b1a62354ddc37857e0a10096c58b819290bdc8df742fa7,228a3a51dea7b78a15a682664da95094d5012fa4366fdc2a631b32a086f2a196,ef3f0c89d96ab326ed5c33340210b37033e47b033e9f124811cce7c80ef83b87,False,ok
figure3-wide-r3-20260716T132945Z-99bbe7a-6d84b1f54e25,figure3k,holdout_figure1b,1000000,178767,2,6,figure3-wide-r3-k-z02-a00,,,0.11570232443340224,21.0,21,171583,100,99,0.99,0.9455138038212946,0.9982325679358593,0.178767,post_freeze_wide_round_3,transition,True,figure1bc|114514|holdout_figure1b|1000000|178767,57520cc1db84157419b1a62354ddc37857e0a10096c58b819290bdc8df742fa7,f6b4d97775d307132ddf537feaf41b919ebc1a77d7aa7a9fd617c6298b7e6efd,ef3f0c89d96ab326ed5c33340210b37033e47b033e9f124811cce7c80ef83b87,False,ok
figure3-wide-r3-20260716T132945Z-99bbe7a-6d84b1f54e25,figure3k,holdout_figure1b,1000000,178767,2,6,figure3-wide-r3-k-z02-a01,,,0.19251148483725977,21.0,21,172207,100,100,1.0,0.9630065017930143,1.0,0.178767,post_freeze_wide_round_3,transition,True,figure1bc|114514|holdout_figure1b|1000000|178767,57520cc1db84157419b1a62354ddc37857e0a10096c58b819290bdc8df742fa7,f894421481e100800aa01705a6a41a965200d74ca6e9b77260333f6ec4a4cb78,ef3f0c89d96ab326ed5c33340210b37033e47b033e9f124811cce7c80ef83b87,False,ok
figure3-wide-r3-20260716T132945Z-99bbe7a-6d84b1f54e25,figure3k,holdout_figure1b,1000000,178767,2,6,figure3-wide-r3-k-z02-a02,,,0.30284787672851043,21.0,21,173103,100,100,1.0,0.9630065017930143,1.0,0.178767,post_freeze_wide_round_3,transition,True,figure1bc|114514|holdout_figure1b|1000000|178767,57520cc1db84157419b1a62354ddc37857e0a10096c58b819290bdc8df742fa7,c4794b2fa7e696cf4e770920e07cae43943d45c47a778fe70d3609969eab8f7e,ef3f0c89d96ab326ed5c33340210b37033e47b033e9f124811cce7c80ef83b87,False,ok
figure3-wide-r3-20260716T132945Z-99bbe7a-6d84b1f54e25,figure3k,holdout_figure1b,1000000,178767,2,6,figure3-wide-r3-k-z02-a03,,,0.4418214581980088,21.0,21,174232,100,100,1.0,0.9630065017930143,1.0,0.178767,post_freeze_wide_round_3,transition,True,figure1bc|114514|holdout_figure1b|1000000|178767,57520cc1db84157419b1a62354ddc37857e0a10096c58b819290bdc8df742fa7,4e3c62d3757bd9cb576c4adda6065221eb970ca122ebf386d8b058b876c78a48,ef3f0c89d96ab326ed5c33340210b37033e47b033e9f124811cce7c80ef83b87,False,ok
figure3-wide-r3-20260716T132945Z-99bbe7a-6d84b1f54e25,figure3k,holdout_figure1b,1000000,178767,2,6,figure3-wide-r3-k-z02-a04,,,0.5905469704301111,21.0,21,175441,100,100,1.0,0.9630065017930143,1.0,0.178767,post_freeze_wide_round_3,transition,True,figure1bc|114514|holdout_figure1b|1000000|178767,57520cc1db84157419b1a62354ddc37857e0a10096c58b819290bdc8df742fa7,96cb2337a1512f878bb58107add42f065969d030e1098b37287011a5cbd5a5b6,ef3f0c89d96ab326ed5c33340210b37033e47b033e9f124811cce7c80ef83b87,False,ok
figure3-wide-r3-20260716T132945Z-99bbe7a-6d84b1f54e25,figure3k,holdout_figure1b,1000000,178767,2,6,figure3-wide-r3-k-z02-a06,,,0.8272450692089377,21.0,21,177364,100,0,0.0,0.0,0.03699349820698568,0.178767,post_freeze_wide_round_3,transition,True,figure1bc|114514|holdout_figure1b|1000000|178767,57520cc1db84157419b1a62354ddc37857e0a10096c58b819290bdc8df742fa7,784c4158e6fdaed040b8715c33d71eb9946f83a227bf1af37edfc8778a521055,ef3f0c89d96ab326ed5c33340210b37033e47b033e9f124811cce7c80ef83b87,False,ok
figure3-wide-r3-20260716T132945Z-99bbe7a-6d84b1f54e25,figure3k,holdout_figure1b,1000000,178767,2,6,figure3-wide-r3-k-z02-a07,,,0.8971754204359096,21.0,21,177932,100,0,0.0,0.0,0.03699349820698568,0.178767,post_freeze_wide_round_3,transition,True,figure1bc|114514|holdout_figure1b|1000000|178767,57520cc1db84157419b1a62354ddc37857e0a10096c58b819290bdc8df742fa7,746ff4b8d5e8798f802d00ac8f0ac060d7c352a0f48593ef862ba478d3ca26d2,ef3f0c89d96ab326ed5c33340210b37033e47b033e9f124811cce7c80ef83b87,False,ok
figure3-wide-r3-20260716T132945Z-99bbe7a-6d84b1f54e25,figure3k,holdout_figure1b,1000000,178767,2,6,figure3-wide-r3-k-z02-a08,,,0.9408232733593045,21.0,21,178287,100,0,0.0,0.0,0.03699349820698568,0.178767,post_freeze_wide_round_3,transition,True,figure1bc|114514|holdout_figure1b|1000000|178767,57520cc1db84157419b1a62354ddc37857e0a10096c58b819290bdc8df742fa7,37873cee4e2c28cbdc69c8d3b3e8719b8307c771c15a55739f839f8c035ecf3e,ef3f0c89d96ab326ed5c33340210b37033e47b033e9f124811cce7c80ef83b87,False,ok
figure3-wide-r3-20260716T132945Z-99bbe7a-6d84b1f54e25,figure3k,holdout_figure1b,1000000,178767,2,6,figure3-wide-r3-k-z02-a09,,,0.9666322087978757,21.0,21,178496,100,0,0.0,0.0,0.03699349820698568,0.178767,post_freeze_wide_round_3,transition,True,figure1bc|114514|holdout_figure1b|1000000|178767,57520cc1db84157419b1a62354ddc37857e0a10096c58b819290bdc8df742fa7,daa0c8ea1dbda0481adad1fe0007acffee5b6bc004c0a1e9700e588ffb2b2fe8,ef3f0c89d96ab326ed5c33340210b37033e47b033e9f124811cce7c80ef83b87,False,ok
figure3-wide-r3-20260716T132945Z-99bbe7a-6d84b1f54e25,figure3k,holdout_figure1b,1000000,178767,2,6,figure3-wide-r3-k-z02-a10,,,0.9814074541817858,21.0,21,178616,100,0,0.0,0.0,0.03699349820698568,0.178767,post_freeze_wide_round_3,transition,True,figure1bc|114514|holdout_figure1b|1000000|178767,57520cc1db84157419b1a62354ddc37857e0a10096c58b819290bdc8df742fa7,3bb720717e57fdeb7f73355476bb354b899ec5782f3055162540c352bcedd4d2,ef3f0c89d96ab326ed5c33340210b37033e47b033e9f124811cce7c80ef83b87,False,ok
figure3-wide-r3-20260716T132945Z-99bbe7a-6d84b1f54e25,figure3k,holdout_figure1b,1000000,178767,2,6,figure3-wide-r3-k-z03-a00,,,0.11570232443340224,53.0,53,175840,100,100,1.0,0.9630065017930143,1.0,0.178767,post_freeze_wide_round_3,transition,True,figure1bc|114514|holdout_figure1b|1000000|178767,57520cc1db84157419b1a62354ddc37857e0a10096c58b819290bdc8df742fa7,c4e36589027fea1727bd8cbb77b01baa17f40e95f4e3446f904cb7997558b22d,ef3f0c89d96ab326ed5c33340210b37033e47b033e9f124811cce7c80ef83b87,False,ok
figure3-wide-r3-20260716T132945Z-99bbe7a-6d84b1f54e25,figure3k,holdout_figure1b,1000000,178767,2,6,figure3-wide-r3-k-z03-a01,,,0.19251148483725977,53.0,53,176095,100,100,1.0,0.9630065017930143,1.0,0.178767,post_freeze_wide_round_3,transition,True,figure1bc|114514|holdout_figure1b|1000000|178767,57520cc1db84157419b1a62354ddc37857e0a10096c58b819290bdc8df742fa7,e6c81f729e9471e5875bd68537f2b68fcb54f235276b3c18c0992e86a0c0d0f4,ef3f0c89d96ab326ed5c33340210b37033e47b033e9f124811cce7c80ef83b87,False,ok
figure3-wide-r3-20260716T132945Z-99bbe7a-6d84b1f54e25,figure3k,holdout_figure1b,1000000,178767,2,6,figure3-wide-r3-k-z03-a02,,,0.30284787672851043,53.0,53,176460,100,100,1.0,0.9630065017930143,1.0,0.178767,post_freeze_wide_round_3,transition,True,figure1bc|114514|holdout_figure1b|1000000|178767,57520cc1db84157419b1a62354ddc37857e0a10096c58b819290bdc8df742fa7,a1871f2021771e49a21a6b2eb16d4d757d0a4c501c34f50565d1e847706938bb,ef3f0c89d96ab326ed5c33340210b37033e47b033e9f124811cce7c80ef83b87,False,ok
figure3-wide-r3-20260716T132945Z-99bbe7a-6d84b1f54e25,figure3k,holdout_figure1b,1000000,178767,2,6,figure3-wide-r3-k-z03-a03,,,0.4418214581980088,53.0,53,176920,100,100,1.0,0.9630065017930143,1.0,0.178767,post_freeze_wide_round_3,transition,True,figure1bc|114514|holdout_figure1b|1000000|178767,57520cc1db84157419b1a62354ddc37857e0a10096c58b819290bdc8df742fa7,6172b25ff22827a4df51efe20fb6b58f97716aa87df9713e58d5578a5b011b3c,ef3f0c89d96ab326ed5c33340210b37033e47b033e9f124811cce7c80ef83b87,False,ok
figure3-wide-r3-20260716T132945Z-99bbe7a-6d84b1f54e25,figure3k,holdout_figure1b,1000000,178767,2,6,figure3-wide-r3-k-z03-a04,,,0.5905469704301111,53.0,53,177412,100,100,1.0,0.9630065017930143,1.0,0.178767,post_freeze_wide_round_3,transition,True,figure1bc|114514|holdout_figure1b|1000000|178767,57520cc1db84157419b1a62354ddc37857e0a10096c58b819290bdc8df742fa7,a2b58f8dfe27a312435868c4949f34dded366546a17e6209f7c0126d177b4f3d,ef3f0c89d96ab326ed5c33340210b37033e47b033e9f124811cce7c80ef83b87,False,ok
figure3-wide-r3-20260716T132945Z-99bbe7a-6d84b1f54e25,figure3k,holdout_figure1b,1000000,178767,2,6,figure3-wide-r3-k-z03-a05,,,0.7243668166820519,53.0,53,177855,100,100,1.0,0.9630065017930143,1.0,0.178767,post_freeze_wide_round_3,transition,True,figure1bc|114514|holdout_figure1b|1000000|178767,57520cc1db84157419b1a62354ddc37857e0a10096c58b819290bdc8df742fa7,970cbc3f09ecb6386ea8ad60ea6e94e06e665a1b9df84a81f8210cf1daeabb44,ef3f0c89d96ab326ed5c33340210b37033e47b033e9f124811cce7c80ef83b87,False,ok
figure3-wide-r3-20260716T132945Z-99bbe7a-6d84b1f54e25,figure3k,holdout_figure1b,1000000,178767,2,6,figure3-wide-r3-k-z03-a06,,,0.8272450692089377,53.0,53,178196,100,0,0.0,0.0,0.03699349820698568,0.178767,post_freeze_wide_round_3,transition,True,figure1bc|114514|holdout_figure1b|1000000|178767,57520cc1db84157419b1a62354ddc37857e0a10096c58b819290bdc8df742fa7,8c7cdf81a360ff13d1a247b4eaa92c62b6055a2fc629143b07ac16ece034646d,ef3f0c89d96ab326ed5c33340210b37033e47b033e9f124811cce7c80ef83b87,False,ok
figure3-wide-r3-20260716T132945Z-99bbe7a-6d84b1f54e25,figure3k,holdout_figure1b,1000000,178767,2,6,figure3-wide-r3-k-z03-a07,,,0.8971754204359096,53.0,53,178427,100,0,0.0,0.0,0.03699349820698568,0.178767,post_freeze_wide_round_3,transition,True,figure1bc|114514|holdout_figure1b|1000000|178767,57520cc1db84157419b1a62354ddc37857e0a10096c58b819290bdc8df742fa7,2e1195107eb02f48f7d48a887c3d552ca7f934800ccb1e6f30202a197d30151c,ef3f0c89d96ab326ed5c33340210b37033e47b033e9f124811cce7c80ef83b87,False,ok
figure3-wide-r3-20260716T132945Z-99bbe7a-6d84b1f54e25,figure3k,holdout_figure1b,1000000,178767,2,6,figure3-wide-r3-k-z03-a08,,,0.9408232733593045,53.0,53,178572,100,0,0.0,0.0,0.03699349820698568,0.178767,post_freeze_wide_round_3,transition,True,figure1bc|114514|holdout_figure1b|1000000|178767,57520cc1db84157419b1a62354ddc37857e0a10096c58b819290bdc8df742fa7,f8e8fc77da37a350f045306fafc5479cebce52f879021ebdd54b28b7393f1c0a,ef3f0c89d96ab326ed5c33340210b37033e47b033e9f124811cce7c80ef83b87,False,ok
figure3-wide-r3-20260716T132945Z-99bbe7a-6d84b1f54e25,figure3k,holdout_figure1b,1000000,178767,2,6,figure3-wide-r3-k-z03-a09,,,0.9666322087978757,53.0,53,178657,100,0,0.0,0.0,0.03699349820698568,0.178767,post_freeze_wide_round_3,transition,True,figure1bc|114514|holdout_figure1b|1000000|178767,57520cc1db84157419b1a62354ddc37857e0a10096c58b819290bdc8df742fa7,a41ec0214a6ce83af28a7d2ac3d6a1da33a75ddd0506d7a49fba41058ddb9b4c,ef3f0c89d96ab326ed5c33340210b37033e47b033e9f124811cce7c80ef83b87,False,ok
figure3-wide-r3-20260716T132945Z-99bbe7a-6d84b1f54e25,figure3k,holdout_figure1b,1000000,178767,2,6,figure3-wide-r3-k-z03-a10,,,0.9814074541817858,53.0,53,178706,100,0,0.0,0.0,0.03699349820698568,0.178767,post_freeze_wide_round_3,transition,True,figure1bc|114514|holdout_figure1b|1000000|178767,57520cc1db84157419b1a62354ddc37857e0a10096c58b819290bdc8df742fa7,d0bb3edc0679d8420e6f27ac84848f25b5d3102f09615bdcbca800b7209e900a,ef3f0c89d96ab326ed5c33340210b37033e47b033e9f124811cce7c80ef83b87,False,ok
figure3-wide-r3-20260716T132945Z-99bbe7a-6d84b1f54e25,figure3k,holdout_figure1b,1000000,178767,2,6,figure3-wide-r3-k-z04-a00,,,0.11570232443340224,126.0,126,177523,100,93,0.93,0.8625048526092651,0.9656807389327273,0.178767,post_freeze_wide_round_3,transition,True,figure1bc|114514|holdout_figure1b|1000000|178767,57520cc1db84157419b1a62354ddc37857e0a10096c58b819290bdc8df742fa7,9d16e59d4bd5f0119902ae099d06075d5240658c514aef1f8ff004c207935e54,ef3f0c89d96ab326ed5c33340210b37033e47b033e9f124811cce7c80ef83b87,False,ok
figure3-wide-r3-20260716T132945Z-99bbe7a-6d84b1f54e25,figure3k,holdout_figure1b,1000000,178767,2,6,figure3-wide-r3-k-z04-a01,,,0.19251148483725977,126.0,126,177631,100,94,0.94,0.8752318455410406,0.9722138760368118,0.178767,post_freeze_wide_round_3,transition,True,figure1bc|114514|holdout_figure1b|1000000|178767,57520cc1db84157419b1a62354ddc37857e0a10096c58b819290bdc8df742fa7,bb805434c07aeaf27b1cc2b941cb7bb7f7d50573bb89755f60af52c889cab07d,ef3f0c89d96ab326ed5c33340210b37033e47b033e9f124811cce7c80ef83b87,False,ok
figure3-wide-r3-20260716T132945Z-99bbe7a-6d84b1f54e25,figure3k,holdout_figure1b,1000000,178767,2,6,figure3-wide-r3-k-z04-a02,,,0.30284787672851043,126.0,126,177787,100,97,0.97,0.9154806357094724,0.9897454759759611,0.178767,post_freeze_wide_round_3,transition,True,figure1bc|114514|holdout_figure1b|1000000|178767,57520cc1db84157419b1a62354ddc37857e0a10096c58b819290bdc8df742fa7,ce68fae31ef3b672c148ccbe642f51a38d2481cab53040fa135503ea1a3808b0,ef3f0c89d96ab326ed5c33340210b37033e47b033e9f124811cce7c80ef83b87,False,ok
figure3-wide-r3-20260716T132945Z-99bbe7a-6d84b1f54e25,figure3k,holdout_figure1b,1000000,178767,2,6,figure3-wide-r3-k-z04-a03,,,0.4418214581980088,126.0,126,177982,100,100,1.0,0.9630065017930143,1.0,0.178767,post_freeze_wide_round_3,transition,True,figure1bc|114514|holdout_figure1b|1000000|178767,57520cc1db84157419b1a62354ddc37857e0a10096c58b819290bdc8df742fa7,b8199d974e686fb87246252eaa70110463968eae3edd8525e72962c9bf09e7fe,ef3f0c89d96ab326ed5c33340210b37033e47b033e9f124811cce7c80ef83b87,False,ok
figure3-wide-r3-20260716T132945Z-99bbe7a-6d84b1f54e25,figure3k,holdout_figure1b,1000000,178767,2,6,figure3-wide-r3-k-z04-a04,,,0.5905469704301111,126.0,126,178191,100,100,1.0,0.9630065017930143,1.0,0.178767,post_freeze_wide_round_3,transition,True,figure1bc|114514|holdout_figure1b|1000000|178767,57520cc1db84157419b1a62354ddc37857e0a10096c58b819290bdc8df742fa7,9dbfcf193dcffbb08056c18bedf949ca0f2366a3cd900f683b4ed5d6816c8502,ef3f0c89d96ab326ed5c33340210b37033e47b033e9f124811cce7c80ef83b87,False,ok
figure3-wide-r3-20260716T132945Z-99bbe7a-6d84b1f54e25,figure3k,holdout_figure1b,1000000,178767,2,6,figure3-wide-r3-k-z04-a05,,,0.7243668166820519,126.0,126,178380,100,99,0.99,0.9455138038212946,0.9982325679358593,0.178767,post_freeze_wide_round_3,transition,True,figure1bc|114514|holdout_figure1b|1000000|178767,57520cc1db84157419b1a62354ddc37857e0a10096c58b819290bdc8df742fa7,607fcd3ad304280436bcdad39fd3e2a10bc827ed61ab487eed49c35b712bd14f,ef3f0c89d96ab326ed5c33340210b37033e47b033e9f124811cce7c80ef83b87,False,ok
figure3-wide-r3-20260716T132945Z-99bbe7a-6d84b1f54e25,figure3k,holdout_figure1b,1000000,178767,2,6,figure3-wide-r3-k-z04-a06,,,0.8272450692089377,126.0,126,178524,100,0,0.0,0.0,0.03699349820698568,0.178767,post_freeze_wide_round_3,transition,True,figure1bc|114514|holdout_figure1b|1000000|178767,57520cc1db84157419b1a62354ddc37857e0a10096c58b819290bdc8df742fa7,87c18ba7f2886b1c503c394ca1ccd946f19a53d2f99c9a3a46df292cd7bac7ef,ef3f0c89d96ab326ed5c33340210b37033e47b033e9f124811cce7c80ef83b87,False,ok
figure3-wide-r3-20260716T132945Z-99bbe7a-6d84b1f54e25,figure3k,holdout_figure1b,1000000,178767,2,6,figure3-wide-r3-k-z04-a07,,,0.8971754204359096,126.0,126,178623,100,0,0.0,0.0,0.03699349820698568,0.178767,post_freeze_wide_round_3,transition,True,figure1bc|114514|holdout_figure1b|1000000|178767,57520cc1db84157419b1a62354ddc37857e0a10096c58b819290bdc8df742fa7,44cd059680c9f51922249ebf876a5ddc8b13083672df1fb66fbdf16287796643,ef3f0c89d96ab326ed5c33340210b37033e47b033e9f124811cce7c80ef83b87,False,ok
figure3-wide-r3-20260716T132945Z-99bbe7a-6d84b1f54e25,figure3k,holdout_figure1b,1000000,178767,2,6,figure3-wide-r3-k-z04-a08,,,0.9408232733593045,126.0,126,178684,100,0,0.0,0.0,0.03699349820698568,0.178767,post_freeze_wide_round_3,transition,True,figure1bc|114514|holdout_figure1b|1000000|178767,57520cc1db84157419b1a62354ddc37857e0a10096c58b819290bdc8df742fa7,42a842ae0b456299f1c0e5be6d83bff55051b08e6e10bebe9b588e0dec37ac52,ef3f0c89d96ab326ed5c33340210b37033e47b033e9f124811cce7c80ef83b87,False,ok
figure3-wide-r3-20260716T132945Z-99bbe7a-6d84b1f54e25,figure3k,holdout_figure1b,1000000,178767,2,6,figure3-wide-r3-k-z04-a09,,,0.9666322087978757,126.0,126,178721,100,0,0.0,0.0,0.03699349820698568,0.178767,post_freeze_wide_round_3,transition,True,figure1bc|114514|holdout_figure1b|1000000|178767,57520cc1db84157419b1a62354ddc37857e0a10096c58b819290bdc8df742fa7,e749b2caf87373245a9b40cd8c94a714c9d91382c8819d6869c716d6061f2a25,ef3f0c89d96ab326ed5c33340210b37033e47b033e9f124811cce7c80ef83b87,False,ok
figure3-wide-r3-20260716T132945Z-99bbe7a-6d84b1f54e25,figure3k,holdout_figure1b,1000000,178767,2,6,figure3-wide-r3-k-z04-a10,,,0.9814074541817858,126.0,126,178741,100,0,0.0,0.0,0.03699349820698568,0.178767,post_freeze_wide_round_3,transition,True,figure1bc|114514|holdout_figure1b|1000000|178767,57520cc1db84157419b1a62354ddc37857e0a10096c58b819290bdc8df742fa7,1ec7dde0f8f246be6ebe2788715b325e7bdfa3db1e2c186023a3d448026a2a1b,ef3f0c89d96ab326ed5c33340210b37033e47b033e9f124811cce7c80ef83b87,False,ok
figure3-wide-r3-20260716T132945Z-99bbe7a-6d84b1f54e25,figure3k,holdout_figure1b,1000000,178767,2,6,frozen-prediction,0.875,0.9,0.7243668166820519,21.472995216117184,21,176528,100,100,1.0,0.9630065017930143,1.0,0.178767,post_freeze_wide_round_3,transition,True,figure1bc|114514|holdout_figure1b|1000000|178767,57520cc1db84157419b1a62354ddc37857e0a10096c58b819290bdc8df742fa7,bd1d58acf7ff0814ea13e23359506d96ef311e635775b52c697b8e88611a5a05,ef3f0c89d96ab326ed5c33340210b37033e47b033e9f124811cce7c80ef83b87,True,ok
figure3-wide-r3-20260716T132945Z-99bbe7a-6d84b1f54e25,figure3l,holdout_figure1b,1000000,183767,2,6,figure3-wide-r3-l-z00-a00,,,0.11570232443340224,0.0,0,21263,100,0,0.0,0.0,0.03699349820698568,0.183767,post_freeze_wide_round_3,transition,True,figure1bc|114514|holdout_figure1b|1000000|183767,2462c843689b1b33b809fe4e7ef7d0912e7c5e07ddd43c7e82dfd287a7be71f2,0c339841c18de7b7fe654991657b64008a4b20e5b2a75af686665295b705270a,ef3f0c89d96ab326ed5c33340210b37033e47b033e9f124811cce7c80ef83b87,False,ok
figure3-wide-r3-20260716T132945Z-99bbe7a-6d84b1f54e25,figure3l,holdout_figure1b,1000000,183767,2,6,figure3-wide-r3-l-z00-a01,,,0.19251148483725977,0.0,0,35378,100,0,0.0,0.0,0.03699349820698568,0.183767,post_freeze_wide_round_3,transition,True,figure1bc|114514|holdout_figure1b|1000000|183767,2462c843689b1b33b809fe4e7ef7d0912e7c5e07ddd43c7e82dfd287a7be71f2,8a0fe25594307252bb5070481913304c72ae5aa32c47d9f4ed7c1439f132537f,ef3f0c89d96ab326ed5c33340210b37033e47b033e9f124811cce7c80ef83b87,False,ok
figure3-wide-r3-20260716T132945Z-99bbe7a-6d84b1f54e25,figure3l,holdout_figure1b,1000000,183767,2,6,figure3-wide-r3-l-z00-a02,,,0.30284787672851043,0.0,0,55654,100,0,0.0,0.0,0.03699349820698568,0.183767,post_freeze_wide_round_3,transition,True,figure1bc|114514|holdout_figure1b|1000000|183767,2462c843689b1b33b809fe4e7ef7d0912e7c5e07ddd43c7e82dfd287a7be71f2,d7bf8465fe73e9574ce9fa0fb43a453df33e8b564ccc730ff95b4adf321b685a,ef3f0c89d96ab326ed5c33340210b37033e47b033e9f124811cce7c80ef83b87,False,ok
figure3-wide-r3-20260716T132945Z-99bbe7a-6d84b1f54e25,figure3l,holdout_figure1b,1000000,183767,2,6,figure3-wide-r3-l-z00-a03,,,0.4418214581980088,0.0,0,81193,100,0,0.0,0.0,0.03699349820698568,0.183767,post_freeze_wide_round_3,transition,True,figure1bc|114514|holdout_figure1b|1000000|183767,2462c843689b1b33b809fe4e7ef7d0912e7c5e07ddd43c7e82dfd287a7be71f2,f8c6622e3d33bbfde887a00b4fdee432d65472eebc549bb2665c90309124ab94,ef3f0c89d96ab326ed5c33340210b37033e47b033e9f124811cce7c80ef83b87,False,ok
figure3-wide-r3-20260716T132945Z-99bbe7a-6d84b1f54e25,figure3l,holdout_figure1b,1000000,183767,2,6,figure3-wide-r3-l-z00-a04,,,0.5905469704301111,0.0,0,108524,100,0,0.0,0.0,0.03699349820698568,0.183767,post_freeze_wide_round_3,transition,True,figure1bc|114514|holdout_figure1b|1000000|183767,2462c843689b1b33b809fe4e7ef7d0912e7c5e07ddd43c7e82dfd287a7be71f2,a11931a5e4c1484c653b4075fb3d51f85b15b25a3b2a8c5f7601d6aeff7031d1,ef3f0c89d96ab326ed5c33340210b37033e47b033e9f124811cce7c80ef83b87,False,ok
figure3-wide-r3-20260716T132945Z-99bbe7a-6d84b1f54e25,figure3l,holdout_figure1b,1000000,183767,2,6,figure3-wide-r3-l-z00-a05,,,0.7243668166820519,0.0,0,133115,100,0,0.0,0.0,0.03699349820698568,0.183767,post_freeze_wide_round_3,transition,True,figure1bc|114514|holdout_figure1b|1000000|183767,2462c843689b1b33b809fe4e7ef7d0912e7c5e07ddd43c7e82dfd287a7be71f2,382ac08a2c0ef693c735b11949614a88c3d11680be33518fc8d9c7284e7fc881,ef3f0c89d96ab326ed5c33340210b37033e47b033e9f124811cce7c80ef83b87,False,ok
figure3-wide-r3-20260716T132945Z-99bbe7a-6d84b1f54e25,figure3l,holdout_figure1b,1000000,183767,2,6,figure3-wide-r3-l-z00-a06,,,0.8272450692089377,0.0,0,152021,100,0,0.0,0.0,0.03699349820698568,0.183767,post_freeze_wide_round_3,transition,True,figure1bc|114514|holdout_figure1b|1000000|183767,2462c843689b1b33b809fe4e7ef7d0912e7c5e07ddd43c7e82dfd287a7be71f2,80b6b647384b7d8a57acececc9499c5488dea67d124e7cac69327b3f262fb397,ef3f0c89d96ab326ed5c33340210b37033e47b033e9f124811cce7c80ef83b87,False,ok
figure3-wide-r3-20260716T132945Z-99bbe7a-6d84b1f54e25,figure3l,holdout_figure1b,1000000,183767,2,6,figure3-wide-r3-l-z00-a07,,,0.8971754204359096,0.0,0,164872,100,0,0.0,0.0,0.03699349820698568,0.183767,post_freeze_wide_round_3,transition,True,figure1bc|114514|holdout_figure1b|1000000|183767,2462c843689b1b33b809fe4e7ef7d0912e7c5e07ddd43c7e82dfd287a7be71f2,1305cd551c95c2d1321fecaffa077fb6c768ce4ca1a2d3de0ce671a352468eb1,ef3f0c89d96ab326ed5c33340210b37033e47b033e9f124811cce7c80ef83b87,False,ok
figure3-wide-r3-20260716T132945Z-99bbe7a-6d84b1f54e25,figure3l,holdout_figure1b,1000000,183767,2,6,figure3-wide-r3-l-z00-a08,,,0.9408232733593045,0.0,0,172893,100,0,0.0,0.0,0.03699349820698568,0.183767,post_freeze_wide_round_3,transition,True,figure1bc|114514|holdout_figure1b|1000000|183767,2462c843689b1b33b809fe4e7ef7d0912e7c5e07ddd43c7e82dfd287a7be71f2,9d60aa948ea1bcf4c854934aea3ae2c3fbb633464f0c67494d9dfe4900439be3,ef3f0c89d96ab326ed5c33340210b37033e47b033e9f124811cce7c80ef83b87,False,ok
figure3-wide-r3-20260716T132945Z-99bbe7a-6d84b1f54e25,figure3l,holdout_figure1b,1000000,183767,2,6,figure3-wide-r3-l-z00-a09,,,0.9666322087978757,0.0,0,177636,100,0,0.0,0.0,0.03699349820698568,0.183767,post_freeze_wide_round_3,transition,True,figure1bc|114514|holdout_figure1b|1000000|183767,2462c843689b1b33b809fe4e7ef7d0912e7c5e07ddd43c7e82dfd287a7be71f2,4a249bc03a4fcb89ada61cb5e3fe66111e6604cbc2e0b36985e78f874c733da2,ef3f0c89d96ab326ed5c33340210b37033e47b033e9f124811cce7c80ef83b87,False,ok
figure3-wide-r3-20260716T132945Z-99bbe7a-6d84b1f54e25,figure3l,holdout_figure1b,1000000,183767,2,6,figure3-wide-r3-l-z00-a10,,,0.9814074541817858,0.0,0,180351,100,0,0.0,0.0,0.03699349820698568,0.183767,post_freeze_wide_round_3,transition,True,figure1bc|114514|holdout_figure1b|1000000|183767,2462c843689b1b33b809fe4e7ef7d0912e7c5e07ddd43c7e82dfd287a7be71f2,21d75f6135f583dbbae705c4485e0f558762d3ab36925bdea9b4da04a24c4a75,ef3f0c89d96ab326ed5c33340210b37033e47b033e9f124811cce7c80ef83b87,False,ok
figure3-wide-r3-20260716T132945Z-99bbe7a-6d84b1f54e25,figure3l,holdout_figure1b,1000000,183767,2,6,figure3-wide-r3-l-z01-a00,,,0.11570232443340224,11.0,11,170226,100,99,0.99,0.9455138038212946,0.9982325679358593,0.183767,post_freeze_wide_round_3,transition,True,figure1bc|114514|holdout_figure1b|1000000|183767,2462c843689b1b33b809fe4e7ef7d0912e7c5e07ddd43c7e82dfd287a7be71f2,ae3c9d6c3c02a2d990dea4a1d46b34ca6f8841f1d3bfd210ab18afcf21b5477c,ef3f0c89d96ab326ed5c33340210b37033e47b033e9f124811cce7c80ef83b87,False,ok
figure3-wide-r3-20260716T132945Z-99bbe7a-6d84b1f54e25,figure3l,holdout_figure1b,1000000,183767,2,6,figure3-wide-r3-l-z01-a01,,,0.19251148483725977,11.0,11,171402,100,100,1.0,0.9630065017930143,1.0,0.183767,post_freeze_wide_round_3,transition,True,figure1bc|114514|holdout_figure1b|1000000|183767,2462c843689b1b33b809fe4e7ef7d0912e7c5e07ddd43c7e82dfd287a7be71f2,b34a8eed7bab08dce1e2c7bb354fd6bb3ce2e1ac3cc6190d77659ab7bd993577,ef3f0c89d96ab326ed5c33340210b37033e47b033e9f124811cce7c80ef83b87,False,ok
figure3-wide-r3-20260716T132945Z-99bbe7a-6d84b1f54e25,figure3l,holdout_figure1b,1000000,183767,2,6,figure3-wide-r3-l-z01-a02,,,0.30284787672851043,11.0,11,173092,100,100,1.0,0.9630065017930143,1.0,0.183767,post_freeze_wide_round_3,transition,True,figure1bc|114514|holdout_figure1b|1000000|183767,2462c843689b1b33b809fe4e7ef7d0912e7c5e07ddd43c7e82dfd287a7be71f2,076bf86564c7a3124b805d0496c187a814b178cad7692218d0cf9c0df10cb60e,ef3f0c89d96ab326ed5c33340210b37033e47b033e9f124811cce7c80ef83b87,False,ok
figure3-wide-r3-20260716T132945Z-99bbe7a-6d84b1f54e25,figure3l,holdout_figure1b,1000000,183767,2,6,figure3-wide-r3-l-z01-a03,,,0.4418214581980088,11.0,11,175220,100,100,1.0,0.9630065017930143,1.0,0.183767,post_freeze_wide_round_3,transition,True,figure1bc|114514|holdout_figure1b|1000000|183767,2462c843689b1b33b809fe4e7ef7d0912e7c5e07ddd43c7e82dfd287a7be71f2,cf75b8903fb4962515327301bc0b28a27d62fa1c3d4dfaa69a87d6cf41d936f9,ef3f0c89d96ab326ed5c33340210b37033e47b033e9f124811cce7c80ef83b87,False,ok
figure3-wide-r3-20260716T132945Z-99bbe7a-6d84b1f54e25,figure3l,holdout_figure1b,1000000,183767,2,6,figure3-wide-r3-l-z01-a04,,,0.5905469704301111,11.0,11,177498,100,100,1.0,0.9630065017930143,1.0,0.183767,post_freeze_wide_round_3,transition,True,figure1bc|114514|holdout_figure1b|1000000|183767,2462c843689b1b33b809fe4e7ef7d0912e7c5e07ddd43c7e82dfd287a7be71f2,f4048d24ec7043839bbd76a8e9d2ae8504c5b9083027479de6b3347be2e404e2,ef3f0c89d96ab326ed5c33340210b37033e47b033e9f124811cce7c80ef83b87,False,ok
figure3-wide-r3-20260716T132945Z-99bbe7a-6d84b1f54e25,figure3l,holdout_figure1b,1000000,183767,2,6,figure3-wide-r3-l-z01-a05,,,0.7243668166820519,11.0,11,179547,100,100,1.0,0.9630065017930143,1.0,0.183767,post_freeze_wide_round_3,transition,True,figure1bc|114514|holdout_figure1b|1000000|183767,2462c843689b1b33b809fe4e7ef7d0912e7c5e07ddd43c7e82dfd287a7be71f2,be142bcd8cfd99e3a0f1ef0a25a63c9b9d2204f14368af430bcb6397fe43c8de,ef3f0c89d96ab326ed5c33340210b37033e47b033e9f124811cce7c80ef83b87,False,ok
figure3-wide-r3-20260716T132945Z-99bbe7a-6d84b1f54e25,figure3l,holdout_figure1b,1000000,183767,2,6,figure3-wide-r3-l-z01-a06,,,0.8272450692089377,11.0,11,181122,100,0,0.0,0.0,0.03699349820698568,0.183767,post_freeze_wide_round_3,transition,True,figure1bc|114514|holdout_figure1b|1000000|183767,2462c843689b1b33b809fe4e7ef7d0912e7c5e07ddd43c7e82dfd287a7be71f2,86e940de711e98a11aa1f0234ccea14613df475fe3a4b45e0c04fed17192c442,ef3f0c89d96ab326ed5c33340210b37033e47b033e9f124811cce7c80ef83b87,False,ok
figure3-wide-r3-20260716T132945Z-99bbe7a-6d84b1f54e25,figure3l,holdout_figure1b,1000000,183767,2,6,figure3-wide-r3-l-z01-a07,,,0.8971754204359096,11.0,11,182193,100,0,0.0,0.0,0.03699349820698568,0.183767,post_freeze_wide_round_3,transition,True,figure1bc|114514|holdout_figure1b|1000000|183767,2462c843689b1b33b809fe4e7ef7d0912e7c5e07ddd43c7e82dfd287a7be71f2,8ee0f7ece0e3d4adfd08fde66afdec94eb406650d5c57dfb7bb74404acd04b73,ef3f0c89d96ab326ed5c33340210b37033e47b033e9f124811cce7c80ef83b87,False,ok
figure3-wide-r3-20260716T132945Z-99bbe7a-6d84b1f54e25,figure3l,holdout_figure1b,1000000,183767,2,6,figure3-wide-r3-l-z01-a08,,,0.9408232733593045,11.0,11,182861,100,0,0.0,0.0,0.03699349820698568,0.183767,post_freeze_wide_round_3,transition,True,figure1bc|114514|holdout_figure1b|1000000|183767,2462c843689b1b33b809fe4e7ef7d0912e7c5e07ddd43c7e82dfd287a7be71f2,d2c3222569ad6425c7104a2fa75c453635d98e90f9f0af017eed898a6db7fb26,ef3f0c89d96ab326ed5c33340210b37033e47b033e9f124811cce7c80ef83b87,False,ok
figure3-wide-r3-20260716T132945Z-99bbe7a-6d84b1f54e25,figure3l,holdout_figure1b,1000000,183767,2,6,figure3-wide-r3-l-z01-a09,,,0.9666322087978757,11.0,11,183257,100,0,0.0,0.0,0.03699349820698568,0.183767,post_freeze_wide_round_3,transition,True,figure1bc|114514|holdout_figure1b|1000000|183767,2462c843689b1b33b809fe4e7ef7d0912e7c5e07ddd43c7e82dfd287a7be71f2,5443aac0a4850d58dea576ab2e5b1f40cf127f9b90683d4b8ed2cc0ae972a691,ef3f0c89d96ab326ed5c33340210b37033e47b033e9f124811cce7c80ef83b87,False,ok
figure3-wide-r3-20260716T132945Z-99bbe7a-6d84b1f54e25,figure3l,holdout_figure1b,1000000,183767,2,6,figure3-wide-r3-l-z01-a10,,,0.9814074541817858,11.0,11,183483,100,0,0.0,0.0,0.03699349820698568,0.183767,post_freeze_wide_round_3,transition,True,figure1bc|114514|holdout_figure1b|1000000|183767,2462c843689b1b33b809fe4e7ef7d0912e7c5e07ddd43c7e82dfd287a7be71f2,64a69eaf89b372cf300ae86696803805db41fb0c9ddfe1d3e27562fcb98e8913,ef3f0c89d96ab326ed5c33340210b37033e47b033e9f124811cce7c80ef83b87,False,ok
figure3-wide-r3-20260716T132945Z-99bbe7a-6d84b1f54e25,figure3l,holdout_figure1b,1000000,183767,2,6,figure3-wide-r3-l-z02-a00,,,0.11570232443340224,22.0,22,176703,100,100,1.0,0.9630065017930143,1.0,0.183767,post_freeze_wide_round_3,transition,True,figure1bc|114514|holdout_figure1b|1000000|183767,2462c843689b1b33b809fe4e7ef7d0912e7c5e07ddd43c7e82dfd287a7be71f2,521f6136f3a060a9e4ba8b2e00bd57d3b0ba10b6150fc48c52401d7c68294d33,ef3f0c89d96ab326ed5c33340210b37033e47b033e9f124811cce7c80ef83b87,False,ok
figure3-wide-r3-20260716T132945Z-99bbe7a-6d84b1f54e25,figure3l,holdout_figure1b,1000000,183767,2,6,figure3-wide-r3-l-z02-a01,,,0.19251148483725977,22.0,22,177316,100,100,1.0,0.9630065017930143,1.0,0.183767,post_freeze_wide_round_3,transition,True,figure1bc|114514|holdout_figure1b|1000000|183767,2462c843689b1b33b809fe4e7ef7d0912e7c5e07ddd43c7e82dfd287a7be71f2,a8ae33aaa5f49cf1fa842e7679e08639ad7e97acbf9b511224cbbb470cf47f27,ef3f0c89d96ab326ed5c33340210b37033e47b033e9f124811cce7c80ef83b87,False,ok
figure3-wide-r3-20260716T132945Z-99bbe7a-6d84b1f54e25,figure3l,holdout_figure1b,1000000,183767,2,6,figure3-wide-r3-l-z02-a02,,,0.30284787672851043,22.0,22,178198,100,100,1.0,0.9630065017930143,1.0,0.183767,post_freeze_wide_round_3,transition,True,figure1bc|114514|holdout_figure1b|1000000|183767,2462c843689b1b33b809fe4e7ef7d0912e7c5e07ddd43c7e82dfd287a7be71f2,5fa75bbcf20adc8d3c66223574da31843734945476fa62ff6510bace1fea5eb0,ef3f0c89d96ab326ed5c33340210b37033e47b033e9f124811cce7c80ef83b87,False,ok
figure3-wide-r3-20260716T132945Z-99bbe7a-6d84b1f54e25,figure3l,holdout_figure1b,1000000,183767,2,6,figure3-wide-r3-l-z02-a03,,,0.4418214581980088,22.0,22,179308,100,100,1.0,0.9630065017930143,1.0,0.183767,post_freeze_wide_round_3,transition,True,figure1bc|114514|holdout_figure1b|1000000|183767,2462c843689b1b33b809fe4e7ef7d0912e7c5e07ddd43c7e82dfd287a7be71f2,2d049dc380d38bc9dccfacec212d027df7814292ac0e570e7f6e9888fea1479b,ef3f0c89d96ab326ed5c33340210b37033e47b033e9f124811cce7c80ef83b87,False,ok
figure3-wide-r3-20260716T132945Z-99bbe7a-6d84b1f54e25,figure3l,holdout_figure1b,1000000,183767,2,6,figure3-wide-r3-l-z02-a04,,,0.5905469704301111,22.0,22,180496,100,100,1.0,0.9630065017930143,1.0,0.183767,post_freeze_wide_round_3,transition,True,figure1bc|114514|holdout_figure1b|1000000|183767,2462c843689b1b33b809fe4e7ef7d0912e7c5e07ddd43c7e82dfd287a7be71f2,c38fa949498950f65229cbb0448d349a22579d438887f0fd120783387c9231a7,ef3f0c89d96ab326ed5c33340210b37033e47b033e9f124811cce7c80ef83b87,False,ok
figure3-wide-r3-20260716T132945Z-99bbe7a-6d84b1f54e25,figure3l,holdout_figure1b,1000000,183767,2,6,figure3-wide-r3-l-z02-a06,,,0.8272450692089377,22.0,22,182387,100,0,0.0,0.0,0.03699349820698568,0.183767,post_freeze_wide_round_3,transition,True,figure1bc|114514|holdout_figure1b|1000000|183767,2462c843689b1b33b809fe4e7ef7d0912e7c5e07ddd43c7e82dfd287a7be71f2,0c31aa605d74721a925456deabc726a57269702a75f6a269887122611be10c0e,ef3f0c89d96ab326ed5c33340210b37033e47b033e9f124811cce7c80ef83b87,False,ok
figure3-wide-r3-20260716T132945Z-99bbe7a-6d84b1f54e25,figure3l,holdout_figure1b,1000000,183767,2,6,figure3-wide-r3-l-z02-a07,,,0.8971754204359096,22.0,22,182946,100,0,0.0,0.0,0.03699349820698568,0.183767,post_freeze_wide_round_3,transition,True,figure1bc|114514|holdout_figure1b|1000000|183767,2462c843689b1b33b809fe4e7ef7d0912e7c5e07ddd43c7e82dfd287a7be71f2,caa3bcb606da446c7a47fddb791ba18d99bdf41bec7d5dcd07bc72653d3290e2,ef3f0c89d96ab326ed5c33340210b37033e47b033e9f124811cce7c80ef83b87,False,ok
figure3-wide-r3-20260716T132945Z-99bbe7a-6d84b1f54e25,figure3l,holdout_figure1b,1000000,183767,2,6,figure3-wide-r3-l-z02-a08,,,0.9408232733593045,22.0,22,183295,100,0,0.0,0.0,0.03699349820698568,0.183767,post_freeze_wide_round_3,transition,True,figure1bc|114514|holdout_figure1b|1000000|183767,2462c843689b1b33b809fe4e7ef7d0912e7c5e07ddd43c7e82dfd287a7be71f2,12122054c0484c24f3ba8e897dd85df0180d0c282fca7306a3b7f79f52cc0432,ef3f0c89d96ab326ed5c33340210b37033e47b033e9f124811cce7c80ef83b87,False,ok
figure3-wide-r3-20260716T132945Z-99bbe7a-6d84b1f54e25,figure3l,holdout_figure1b,1000000,183767,2,6,figure3-wide-r3-l-z02-a09,,,0.9666322087978757,22.0,22,183501,100,0,0.0,0.0,0.03699349820698568,0.183767,post_freeze_wide_round_3,transition,True,figure1bc|114514|holdout_figure1b|1000000|183767,2462c843689b1b33b809fe4e7ef7d0912e7c5e07ddd43c7e82dfd287a7be71f2,0909ee857bd425d3bafee821e6cecdc4e2229654af7cd131d4b02da26fc8f129,ef3f0c89d96ab326ed5c33340210b37033e47b033e9f124811cce7c80ef83b87,False,ok
figure3-wide-r3-20260716T132945Z-99bbe7a-6d84b1f54e25,figure3l,holdout_figure1b,1000000,183767,2,6,figure3-wide-r3-l-z02-a10,,,0.9814074541817858,22.0,22,183619,100,0,0.0,0.0,0.03699349820698568,0.183767,post_freeze_wide_round_3,transition,True,figure1bc|114514|holdout_figure1b|1000000|183767,2462c843689b1b33b809fe4e7ef7d0912e7c5e07ddd43c7e82dfd287a7be71f2,8881b395dfeb78cbda3b76ac8f0d230e9bd0668967adbca2b79ab4345d929d1d,ef3f0c89d96ab326ed5c33340210b37033e47b033e9f124811cce7c80ef83b87,False,ok
figure3-wide-r3-20260716T132945Z-99bbe7a-6d84b1f54e25,figure3l,holdout_figure1b,1000000,183767,2,6,figure3-wide-r3-l-z03-a00,,,0.11570232443340224,55.0,55,180866,100,100,1.0,0.9630065017930143,1.0,0.183767,post_freeze_wide_round_3,transition,True,figure1bc|114514|holdout_figure1b|1000000|183767,2462c843689b1b33b809fe4e7ef7d0912e7c5e07ddd43c7e82dfd287a7be71f2,749bee10daac1603609a7739b7e57e522a21caf914d4bb2ddd7d55c20265dab2,ef3f0c89d96ab326ed5c33340210b37033e47b033e9f124811cce7c80ef83b87,False,ok
figure3-wide-r3-20260716T132945Z-99bbe7a-6d84b1f54e25,figure3l,holdout_figure1b,1000000,183767,2,6,figure3-wide-r3-l-z03-a01,,,0.19251148483725977,55.0,55,181118,100,100,1.0,0.9630065017930143,1.0,0.183767,post_freeze_wide_round_3,transition,True,figure1bc|114514|holdout_figure1b|1000000|183767,2462c843689b1b33b809fe4e7ef7d0912e7c5e07ddd43c7e82dfd287a7be71f2,a683209cf446780316c71d2192279867fb21248e743b24e6167dad3f5f6ca942,ef3f0c89d96ab326ed5c33340210b37033e47b033e9f124811cce7c80ef83b87,False,ok
figure3-wide-r3-20260716T132945Z-99bbe7a-6d84b1f54e25,figure3l,holdout_figure1b,1000000,183767,2,6,figure3-wide-r3-l-z03-a02,,,0.30284787672851043,55.0,55,181480,100,100,1.0,0.9630065017930143,1.0,0.183767,post_freeze_wide_round_3,transition,True,figure1bc|114514|holdout_figure1b|1000000|183767,2462c843689b1b33b809fe4e7ef7d0912e7c5e07ddd43c7e82dfd287a7be71f2,89141e05d8bf20f2a0341bfee16220d42aa557f31355db0f5f1a50252d2e9ca7,ef3f0c89d96ab326ed5c33340210b37033e47b033e9f124811cce7c80ef83b87,False,ok
figure3-wide-r3-20260716T132945Z-99bbe7a-6d84b1f54e25,figure3l,holdout_figure1b,1000000,183767,2,6,figure3-wide-r3-l-z03-a03,,,0.4418214581980088,55.0,55,181936,100,100,1.0,0.9630065017930143,1.0,0.183767,post_freeze_wide_round_3,transition,True,figure1bc|114514|holdout_figure1b|1000000|183767,2462c843689b1b33b809fe4e7ef7d0912e7c5e07ddd43c7e82dfd287a7be71f2,51d1d67a671cdcd186dd57a27d9765c7644121dfa4f1f6a1bebc0086a9d15cfa,ef3f0c89d96ab326ed5c33340210b37033e47b033e9f124811cce7c80ef83b87,False,ok
figure3-wide-r3-20260716T132945Z-99bbe7a-6d84b1f54e25,figure3l,holdout_figure1b,1000000,183767,2,6,figure3-wide-r3-l-z03-a04,,,0.5905469704301111,55.0,55,182424,100,100,1.0,0.9630065017930143,1.0,0.183767,post_freeze_wide_round_3,transition,True,figure1bc|114514|holdout_figure1b|1000000|183767,2462c843689b1b33b809fe4e7ef7d0912e7c5e07ddd43c7e82dfd287a7be71f2,08fb2022b71fb459167a45cbb05c6a234f477f80a3c6320a206128657df74a19,ef3f0c89d96ab326ed5c33340210b37033e47b033e9f124811cce7c80ef83b87,False,ok
figure3-wide-r3-20260716T132945Z-99bbe7a-6d84b1f54e25,figure3l,holdout_figure1b,1000000,183767,2,6,figure3-wide-r3-l-z03-a05,,,0.7243668166820519,55.0,55,182863,100,100,1.0,0.9630065017930143,1.0,0.183767,post_freeze_wide_round_3,transition,True,figure1bc|114514|holdout_figure1b|1000000|183767,2462c843689b1b33b809fe4e7ef7d0912e7c5e07ddd43c7e82dfd287a7be71f2,d8cb0a8852cd3a1141c2d214d757452613e675a4b20905bd36f6d0ac21f59b6a,ef3f0c89d96ab326ed5c33340210b37033e47b033e9f124811cce7c80ef83b87,False,ok
figure3-wide-r3-20260716T132945Z-99bbe7a-6d84b1f54e25,figure3l,holdout_figure1b,1000000,183767,2,6,figure3-wide-r3-l-z03-a06,,,0.8272450692089377,55.0,55,183201,100,3,0.03,0.010254524024038925,0.0845193642905276,0.183767,post_freeze_wide_round_3,transition,True,figure1bc|114514|holdout_figure1b|1000000|183767,2462c843689b1b33b809fe4e7ef7d0912e7c5e07ddd43c7e82dfd287a7be71f2,23b5c4d2e96904437372f5768fdec4d8c7ff2aec4c86f7c7022db989f15400b9,ef3f0c89d96ab326ed5c33340210b37033e47b033e9f124811cce7c80ef83b87,False,ok
figure3-wide-r3-20260716T132945Z-99bbe7a-6d84b1f54e25,figure3l,holdout_figure1b,1000000,183767,2,6,figure3-wide-r3-l-z03-a07,,,0.8971754204359096,55.0,55,183430,100,0,0.0,0.0,0.03699349820698568,0.183767,post_freeze_wide_round_3,transition,True,figure1bc|114514|holdout_figure1b|1000000|183767,2462c843689b1b33b809fe4e7ef7d0912e7c5e07ddd43c7e82dfd287a7be71f2,077563c86c5fe5e345178e0d7afd2415100e239b3909eda9ede9f99ab798c70d,ef3f0c89d96ab326ed5c33340210b37033e47b033e9f124811cce7c80ef83b87,False,ok
figure3-wide-r3-20260716T132945Z-99bbe7a-6d84b1f54e25,figure3l,holdout_figure1b,1000000,183767,2,6,figure3-wide-r3-l-z03-a08,,,0.9408232733593045,55.0,55,183573,100,0,0.0,0.0,0.03699349820698568,0.183767,post_freeze_wide_round_3,transition,True,figure1bc|114514|holdout_figure1b|1000000|183767,2462c843689b1b33b809fe4e7ef7d0912e7c5e07ddd43c7e82dfd287a7be71f2,a3f5bddbcc0c15cf310859b95319660273474deee057af0c9250dd4af571f4b3,ef3f0c89d96ab326ed5c33340210b37033e47b033e9f124811cce7c80ef83b87,False,ok
figure3-wide-r3-20260716T132945Z-99bbe7a-6d84b1f54e25,figure3l,holdout_figure1b,1000000,183767,2,6,figure3-wide-r3-l-z03-a09,,,0.9666322087978757,55.0,55,183658,100,0,0.0,0.0,0.03699349820698568,0.183767,post_freeze_wide_round_3,transition,True,figure1bc|114514|holdout_figure1b|1000000|183767,2462c843689b1b33b809fe4e7ef7d0912e7c5e07ddd43c7e82dfd287a7be71f2,400676da92d477dd9ac78f0810eb52233bc1c91f254211fbac38b9d5c016d5f1,ef3f0c89d96ab326ed5c33340210b37033e47b033e9f124811cce7c80ef83b87,False,ok
figure3-wide-r3-20260716T132945Z-99bbe7a-6d84b1f54e25,figure3l,holdout_figure1b,1000000,183767,2,6,figure3-wide-r3-l-z03-a10,,,0.9814074541817858,55.0,55,183706,100,0,0.0,0.0,0.03699349820698568,0.183767,post_freeze_wide_round_3,transition,True,figure1bc|114514|holdout_figure1b|1000000|183767,2462c843689b1b33b809fe4e7ef7d0912e7c5e07ddd43c7e82dfd287a7be71f2,86bb9b4b36c6e035784fb2964538cbb8266ab5d8a743eafa7acce61e10c033be,ef3f0c89d96ab326ed5c33340210b37033e47b033e9f124811cce7c80ef83b87,False,ok
figure3-wide-r3-20260716T132945Z-99bbe7a-6d84b1f54e25,figure3l,holdout_figure1b,1000000,183767,2,6,figure3-wide-r3-l-z04-a00,,,0.11570232443340224,132.0,132,182546,100,100,1.0,0.9630065017930143,1.0,0.183767,post_freeze_wide_round_3,transition,True,figure1bc|114514|holdout_figure1b|1000000|183767,2462c843689b1b33b809fe4e7ef7d0912e7c5e07ddd43c7e82dfd287a7be71f2,f1c54272648f73d0d09ee36eb9758734e02ac6d63f17d7bb9bbc774028d2ae45,ef3f0c89d96ab326ed5c33340210b37033e47b033e9f124811cce7c80ef83b87,False,ok
figure3-wide-r3-20260716T132945Z-99bbe7a-6d84b1f54e25,figure3l,holdout_figure1b,1000000,183767,2,6,figure3-wide-r3-l-z04-a01,,,0.19251148483725977,132.0,132,182652,100,100,1.0,0.9630065017930143,1.0,0.183767,post_freeze_wide_round_3,transition,True,figure1bc|114514|holdout_figure1b|1000000|183767,2462c843689b1b33b809fe4e7ef7d0912e7c5e07ddd43c7e82dfd287a7be71f2,5e8727bd1d9d7e1fcbd648069253748b14b3a1c9ebc758c8668fe486ca0b26c2,ef3f0c89d96ab326ed5c33340210b37033e47b033e9f124811cce7c80ef83b87,False,ok
figure3-wide-r3-20260716T132945Z-99bbe7a-6d84b1f54e25,figure3l,holdout_figure1b,1000000,183767,2,6,figure3-wide-r3-l-z04-a02,,,0.30284787672851043,132.0,132,182805,100,100,1.0,0.9630065017930143,1.0,0.183767,post_freeze_wide_round_3,transition,True,figure1bc|114514|holdout_figure1b|1000000|183767,2462c843689b1b33b809fe4e7ef7d0912e7c5e07ddd43c7e82dfd287a7be71f2,ef44a9e4adcda5dcabb0f54ee659d58bd6cfc171a701da4bf9b6a53252d08845,ef3f0c89d96ab326ed5c33340210b37033e47b033e9f124811cce7c80ef83b87,False,ok
figure3-wide-r3-20260716T132945Z-99bbe7a-6d84b1f54e25,figure3l,holdout_figure1b,1000000,183767,2,6,figure3-wide-r3-l-z04-a03,,,0.4418214581980088,132.0,132,182997,100,100,1.0,0.9630065017930143,1.0,0.183767,post_freeze_wide_round_3,transition,True,figure1bc|114514|holdout_figure1b|1000000|183767,2462c843689b1b33b809fe4e7ef7d0912e7c5e07ddd43c7e82dfd287a7be71f2,7aa8cefa3f27bfcf417f270422f5e2911f619f13f7f7c21e2649d75c1fa5956a,ef3f0c89d96ab326ed5c33340210b37033e47b033e9f124811cce7c80ef83b87,False,ok
figure3-wide-r3-20260716T132945Z-99bbe7a-6d84b1f54e25,figure3l,holdout_figure1b,1000000,183767,2,6,figure3-wide-r3-l-z04-a04,,,0.5905469704301111,132.0,132,183202,100,100,1.0,0.9630065017930143,1.0,0.183767,post_freeze_wide_round_3,transition,True,figure1bc|114514|holdout_figure1b|1000000|183767,2462c843689b1b33b809fe4e7ef7d0912e7c5e07ddd43c7e82dfd287a7be71f2,caf01efebb81594791acf8570aca7edbfe91641d8d15ebf6285b03386caeb358,ef3f0c89d96ab326ed5c33340210b37033e47b033e9f124811cce7c80ef83b87,False,ok
figure3-wide-r3-20260716T132945Z-99bbe7a-6d84b1f54e25,figure3l,holdout_figure1b,1000000,183767,2,6,figure3-wide-r3-l-z04-a05,,,0.7243668166820519,132.0,132,183387,100,100,1.0,0.9630065017930143,1.0,0.183767,post_freeze_wide_round_3,transition,True,figure1bc|114514|holdout_figure1b|1000000|183767,2462c843689b1b33b809fe4e7ef7d0912e7c5e07ddd43c7e82dfd287a7be71f2,07fca2aca02a81a2b2afe228a12ee918c50562eeede31172c01a7a6162623cd6,ef3f0c89d96ab326ed5c33340210b37033e47b033e9f124811cce7c80ef83b87,False,ok
figure3-wide-r3-20260716T132945Z-99bbe7a-6d84b1f54e25,figure3l,holdout_figure1b,1000000,183767,2,6,figure3-wide-r3-l-z04-a06,,,0.8272450692089377,132.0,132,183529,100,19,0.19,0.12514751509768735,0.27778845379064376,0.183767,post_freeze_wide_round_3,transition,True,figure1bc|114514|holdout_figure1b|1000000|183767,2462c843689b1b33b809fe4e7ef7d0912e7c5e07ddd43c7e82dfd287a7be71f2,25252d12fd9ea4a1915cb401b83af46d669eb9e1e40fe19781fd7a86f55be37c,ef3f0c89d96ab326ed5c33340210b37033e47b033e9f124811cce7c80ef83b87,False,ok
figure3-wide-r3-20260716T132945Z-99bbe7a-6d84b1f54e25,figure3l,holdout_figure1b,1000000,183767,2,6,figure3-wide-r3-l-z04-a07,,,0.8971754204359096,132.0,132,183625,100,0,0.0,0.0,0.03699349820698568,0.183767,post_freeze_wide_round_3,transition,True,figure1bc|114514|holdout_figure1b|1000000|183767,2462c843689b1b33b809fe4e7ef7d0912e7c5e07ddd43c7e82dfd287a7be71f2,b8622cf1aff17abb8a339fe3a8bd0bb32458b412aaa328956da6668a6d1557b9,ef3f0c89d96ab326ed5c33340210b37033e47b033e9f124811cce7c80ef83b87,False,ok
figure3-wide-r3-20260716T132945Z-99bbe7a-6d84b1f54e25,figure3l,holdout_figure1b,1000000,183767,2,6,figure3-wide-r3-l-z04-a08,,,0.9408232733593045,132.0,132,183686,100,0,0.0,0.0,0.03699349820698568,0.183767,post_freeze_wide_round_3,transition,True,figure1bc|114514|holdout_figure1b|1000000|183767,2462c843689b1b33b809fe4e7ef7d0912e7c5e07ddd43c7e82dfd287a7be71f2,8ac146f315af8f4afeec469f2a42d4e2b865a845cedd57c7008a300c59d02fdc,ef3f0c89d96ab326ed5c33340210b37033e47b033e9f124811cce7c80ef83b87,False,ok
figure3-wide-r3-20260716T132945Z-99bbe7a-6d84b1f54e25,figure3l,holdout_figure1b,1000000,183767,2,6,figure3-wide-r3-l-z04-a09,,,0.9666322087978757,132.0,132,183721,100,0,0.0,0.0,0.03699349820698568,0.183767,post_freeze_wide_round_3,transition,True,figure1bc|114514|holdout_figure1b|1000000|183767,2462c843689b1b33b809fe4e7ef7d0912e7c5e07ddd43c7e82dfd287a7be71f2,804d14aad379b397c999c99a40eb7ca07add96a449c4a4d4313e4cb3c1897c70,ef3f0c89d96ab326ed5c33340210b37033e47b033e9f124811cce7c80ef83b87,False,ok
figure3-wide-r3-20260716T132945Z-99bbe7a-6d84b1f54e25,figure3l,holdout_figure1b,1000000,183767,2,6,figure3-wide-r3-l-z04-a10,,,0.9814074541817858,132.0,132,183742,100,0,0.0,0.0,0.03699349820698568,0.183767,post_freeze_wide_round_3,transition,True,figure1bc|114514|holdout_figure1b|1000000|183767,2462c843689b1b33b809fe4e7ef7d0912e7c5e07ddd43c7e82dfd287a7be71f2,a570849d5825006944a0e1baef7b828de3c0e1a9c3e7f35d4330b775cf7bac4d,ef3f0c89d96ab326ed5c33340210b37033e47b033e9f124811cce7c80ef83b87,False,ok
figure3-wide-r3-20260716T132945Z-99bbe7a-6d84b1f54e25,figure3l,holdout_figure1b,1000000,183767,2,6,frozen-prediction,0.875,0.9,0.7243668166820519,21.67135261011856,22,181565,100,100,1.0,0.9630065017930143,1.0,0.183767,post_freeze_wide_round_3,transition,True,figure1bc|114514|holdout_figure1b|1000000|183767,2462c843689b1b33b809fe4e7ef7d0912e7c5e07ddd43c7e82dfd287a7be71f2,20953fd0562c3c41dc0820c94b91a336eb45f225ad60c5f73ec931da49bdaefb,ef3f0c89d96ab326ed5c33340210b37033e47b033e9f124811cce7c80ef83b87,True,ok
