run_id,stage,domain,d,M,k,ell,candidate_id,C,gamma,a,z_raw,z,CircularBaseRange,trials,successes,success_rate,ci_low,ci_high,rho,m_grid_phase,global_classification,is_informative,dataset_seed,placement_words_sha256,config_sha256,threshold_sha256,is_frozen_prediction,status
figure3-20260716T123930Z-99bbe7a-020bd9ea7099,figure3a,holdout_figure1b,300,67,2,6,figure3a-r00-c00,,,0.49936681668205196,0.0,0,34,100,99,0.99,0.9455138038212946,0.9982325679358593,0.22333333333333333,post_freeze_centered_grid,transition,True,figure1bc|114514|holdout_figure1b|300|67,6645a82b2d79cd282eb0105d089dcc6d4960498bfa991e649b8284621429a21a,30564447bff52447d8da9eef608bde0898dcee6e62e12a56c9d4a4a3f6b22f44,ef3f0c89d96ab326ed5c33340210b37033e47b033e9f124811cce7c80ef83b87,False,ok
figure3-20260716T123930Z-99bbe7a-020bd9ea7099,figure3a,holdout_figure1b,300,67,2,6,figure3a-r00-c01,,,0.5743668166820519,0.0,0,39,100,99,0.99,0.9455138038212946,0.9982325679358593,0.22333333333333333,post_freeze_centered_grid,transition,True,figure1bc|114514|holdout_figure1b|300|67,6645a82b2d79cd282eb0105d089dcc6d4960498bfa991e649b8284621429a21a,cc1adcee20c65ba933228bd3b405c769fc27b4430af5ea20a67ceda1d3072230,ef3f0c89d96ab326ed5c33340210b37033e47b033e9f124811cce7c80ef83b87,False,ok
figure3-20260716T123930Z-99bbe7a-020bd9ea7099,figure3a,holdout_figure1b,300,67,2,6,figure3a-r00-c02,,,0.649366816682052,0.0,0,44,100,99,0.99,0.9455138038212946,0.9982325679358593,0.22333333333333333,post_freeze_centered_grid,transition,True,figure1bc|114514|holdout_figure1b|300|67,6645a82b2d79cd282eb0105d089dcc6d4960498bfa991e649b8284621429a21a,4a640878f37b3b201df4adaa4b0812541474b789e7390fc6893611428da6500a,ef3f0c89d96ab326ed5c33340210b37033e47b033e9f124811cce7c80ef83b87,False,ok
figure3-20260716T123930Z-99bbe7a-020bd9ea7099,figure3a,holdout_figure1b,300,67,2,6,figure3a-r00-c03,,,0.7243668166820519,0.0,0,49,100,98,0.98,0.929988209271456,0.9944980324498376,0.22333333333333333,post_freeze_centered_grid,transition,True,figure1bc|114514|holdout_figure1b|300|67,6645a82b2d79cd282eb0105d089dcc6d4960498bfa991e649b8284621429a21a,3f1a9f737cd5ef11ca0f067ebf1bf7e306db769490d9bdb72cf539303bc716ce,ef3f0c89d96ab326ed5c33340210b37033e47b033e9f124811cce7c80ef83b87,False,ok
figure3-20260716T123930Z-99bbe7a-020bd9ea7099,figure3a,holdout_figure1b,300,67,2,6,figure3a-r00-c04,,,0.7993668166820519,0.0,0,54,100,100,1.0,0.9630065017930143,1.0,0.22333333333333333,post_freeze_centered_grid,transition,True,figure1bc|114514|holdout_figure1b|300|67,6645a82b2d79cd282eb0105d089dcc6d4960498bfa991e649b8284621429a21a,97fa5a591515b5b854af0d2fa9b2b74b7b5cec3980bd0ff85c829c6b4e979305,ef3f0c89d96ab326ed5c33340210b37033e47b033e9f124811cce7c80ef83b87,False,ok
figure3-20260716T123930Z-99bbe7a-020bd9ea7099,figure3a,holdout_figure1b,300,67,2,6,figure3a-r00-c05,,,0.874366816682052,0.0,0,59,100,99,0.99,0.9455138038212946,0.9982325679358593,0.22333333333333333,post_freeze_centered_grid,transition,True,figure1bc|114514|holdout_figure1b|300|67,6645a82b2d79cd282eb0105d089dcc6d4960498bfa991e649b8284621429a21a,3e71059d4243ae375a61efe75be964bdd6329327e60d68560003e1903bae7c8f,ef3f0c89d96ab326ed5c33340210b37033e47b033e9f124811cce7c80ef83b87,False,ok
figure3-20260716T123930Z-99bbe7a-020bd9ea7099,figure3a,holdout_figure1b,300,67,2,6,figure3a-r00-c06,,,0.9493668166820519,0.0,0,64,100,99,0.99,0.9455138038212946,0.9982325679358593,0.22333333333333333,post_freeze_centered_grid,transition,True,figure1bc|114514|holdout_figure1b|300|67,6645a82b2d79cd282eb0105d089dcc6d4960498bfa991e649b8284621429a21a,74643d75382f789d293ca5078f2b841ba78bab84a2d1fe52addf8cf4e644ab02,ef3f0c89d96ab326ed5c33340210b37033e47b033e9f124811cce7c80ef83b87,False,ok
figure3-20260716T123930Z-99bbe7a-020bd9ea7099,figure3a,holdout_figure1b,300,67,2,6,figure3a-r01-c00,,,0.49936681668205196,1.0,1,51,100,99,0.99,0.9455138038212946,0.9982325679358593,0.22333333333333333,post_freeze_centered_grid,transition,True,figure1bc|114514|holdout_figure1b|300|67,6645a82b2d79cd282eb0105d089dcc6d4960498bfa991e649b8284621429a21a,22c61d77f6e0f231e300065da1b61b1d3358073834581b9ea4b69e71fe0dd53e,ef3f0c89d96ab326ed5c33340210b37033e47b033e9f124811cce7c80ef83b87,False,ok
figure3-20260716T123930Z-99bbe7a-020bd9ea7099,figure3a,holdout_figure1b,300,67,2,6,figure3a-r01-c01,,,0.5743668166820519,1.0,1,53,100,96,0.96,0.9016292856411208,0.9843366960084523,0.22333333333333333,post_freeze_centered_grid,transition,True,figure1bc|114514|holdout_figure1b|300|67,6645a82b2d79cd282eb0105d089dcc6d4960498bfa991e649b8284621429a21a,16279b2ec196c67d8d3f7683fe7973b23083cce757ec2e04ea954230d56b432e,ef3f0c89d96ab326ed5c33340210b37033e47b033e9f124811cce7c80ef83b87,False,ok
figure3-20260716T123930Z-99bbe7a-020bd9ea7099,figure3a,holdout_figure1b,300,67,2,6,figure3a-r01-c02,,,0.649366816682052,1.0,1,56,100,97,0.97,0.9154806357094724,0.9897454759759611,0.22333333333333333,post_freeze_centered_grid,transition,True,figure1bc|114514|holdout_figure1b|300|67,6645a82b2d79cd282eb0105d089dcc6d4960498bfa991e649b8284621429a21a,e96faaf828abd59095698c5e05b731a292a9311d3b7fdbda71dd00f767e6a472,ef3f0c89d96ab326ed5c33340210b37033e47b033e9f124811cce7c80ef83b87,False,ok
figure3-20260716T123930Z-99bbe7a-020bd9ea7099,figure3a,holdout_figure1b,300,67,2,6,figure3a-r01-c03,,,0.7243668166820519,1.0,1,58,100,99,0.99,0.9455138038212946,0.9982325679358593,0.22333333333333333,post_freeze_centered_grid,transition,True,figure1bc|114514|holdout_figure1b|300|67,6645a82b2d79cd282eb0105d089dcc6d4960498bfa991e649b8284621429a21a,470f3bc1cd181f29fe99094827b009b218d5fdc7e2084a47e5b6ed249183cd49,ef3f0c89d96ab326ed5c33340210b37033e47b033e9f124811cce7c80ef83b87,False,ok
figure3-20260716T123930Z-99bbe7a-020bd9ea7099,figure3a,holdout_figure1b,300,67,2,6,figure3a-r01-c04,,,0.7993668166820519,1.0,1,61,100,100,1.0,0.9630065017930143,1.0,0.22333333333333333,post_freeze_centered_grid,transition,True,figure1bc|114514|holdout_figure1b|300|67,6645a82b2d79cd282eb0105d089dcc6d4960498bfa991e649b8284621429a21a,5cf5970b8c09e23e7d3be19c70d2bdd8eb336a4061d1ff550ca3eb8f5227ac57,ef3f0c89d96ab326ed5c33340210b37033e47b033e9f124811cce7c80ef83b87,False,ok
figure3-20260716T123930Z-99bbe7a-020bd9ea7099,figure3a,holdout_figure1b,300,67,2,6,figure3a-r01-c05,,,0.874366816682052,1.0,1,63,100,99,0.99,0.9455138038212946,0.9982325679358593,0.22333333333333333,post_freeze_centered_grid,transition,True,figure1bc|114514|holdout_figure1b|300|67,6645a82b2d79cd282eb0105d089dcc6d4960498bfa991e649b8284621429a21a,64069d100fc9c268836109727b414d8cbee2dc7454f3840439d6277ecadfbcf4,ef3f0c89d96ab326ed5c33340210b37033e47b033e9f124811cce7c80ef83b87,False,ok
figure3-20260716T123930Z-99bbe7a-020bd9ea7099,figure3a,holdout_figure1b,300,67,2,6,figure3a-r01-c06,,,0.9493668166820519,1.0,1,66,100,99,0.99,0.9455138038212946,0.9982325679358593,0.22333333333333333,post_freeze_centered_grid,transition,True,figure1bc|114514|holdout_figure1b|300|67,6645a82b2d79cd282eb0105d089dcc6d4960498bfa991e649b8284621429a21a,351590921313beceb1a1ab17ed2f93724788c1f4748d04712c1fac89162cefb4,ef3f0c89d96ab326ed5c33340210b37033e47b033e9f124811cce7c80ef83b87,False,ok
figure3-20260716T123930Z-99bbe7a-020bd9ea7099,figure3a,holdout_figure1b,300,67,2,6,figure3a-r02-c00,,,0.49936681668205196,2.0,2,56,100,84,0.84,0.7557973061072976,0.8990471151119521,0.22333333333333333,post_freeze_centered_grid,transition,True,figure1bc|114514|holdout_figure1b|300|67,6645a82b2d79cd282eb0105d089dcc6d4960498bfa991e649b8284621429a21a,4b52f04bdbf5f2cd103414874dc113b38b2c968f6f5133caeb6ba8ea8b30a575,ef3f0c89d96ab326ed5c33340210b37033e47b033e9f124811cce7c80ef83b87,False,ok
figure3-20260716T123930Z-99bbe7a-020bd9ea7099,figure3a,holdout_figure1b,300,67,2,6,figure3a-r02-c01,,,0.5743668166820519,2.0,2,58,100,88,0.88,0.8018790057328857,0.9300059356298052,0.22333333333333333,post_freeze_centered_grid,transition,True,figure1bc|114514|holdout_figure1b|300|67,6645a82b2d79cd282eb0105d089dcc6d4960498bfa991e649b8284621429a21a,9a98940656c97731bfe6b851ac3d3b8f892ee31c10fa6d179c67b18486a199c3,ef3f0c89d96ab326ed5c33340210b37033e47b033e9f124811cce7c80ef83b87,False,ok
figure3-20260716T123930Z-99bbe7a-020bd9ea7099,figure3a,holdout_figure1b,300,67,2,6,figure3a-r02-c02,,,0.649366816682052,2.0,2,60,100,95,0.95,0.8882495307680808,0.9784563208456319,0.22333333333333333,post_freeze_centered_grid,transition,True,figure1bc|114514|holdout_figure1b|300|67,6645a82b2d79cd282eb0105d089dcc6d4960498bfa991e649b8284621429a21a,8f8352e6bcce968ac063ac5a9d1a39b1767dfc29e213b8879f04efe215569dae,ef3f0c89d96ab326ed5c33340210b37033e47b033e9f124811cce7c80ef83b87,False,ok
figure3-20260716T123930Z-99bbe7a-020bd9ea7099,figure3a,holdout_figure1b,300,67,2,6,figure3a-r02-c04,,,0.7993668166820519,2.0,2,63,100,97,0.97,0.9154806357094724,0.9897454759759611,0.22333333333333333,post_freeze_centered_grid,transition,True,figure1bc|114514|holdout_figure1b|300|67,6645a82b2d79cd282eb0105d089dcc6d4960498bfa991e649b8284621429a21a,d0397fd06a2d8dec86dcc7efeb2d8103b65be1498820cd6dca52fc8fa66f1c71,ef3f0c89d96ab326ed5c33340210b37033e47b033e9f124811cce7c80ef83b87,False,ok
figure3-20260716T123930Z-99bbe7a-020bd9ea7099,figure3a,holdout_figure1b,300,67,2,6,figure3a-r02-c05,,,0.874366816682052,2.0,2,65,100,100,1.0,0.9630065017930143,1.0,0.22333333333333333,post_freeze_centered_grid,transition,True,figure1bc|114514|holdout_figure1b|300|67,6645a82b2d79cd282eb0105d089dcc6d4960498bfa991e649b8284621429a21a,b8ae8d1a9030bc6692d77f8909a5ca2cfb40d761f27011ddd86bd4c370c62286,ef3f0c89d96ab326ed5c33340210b37033e47b033e9f124811cce7c80ef83b87,False,ok
figure3-20260716T123930Z-99bbe7a-020bd9ea7099,figure3a,holdout_figure1b,300,67,2,6,figure3a-r02-c06,,,0.9493668166820519,2.0,2,66,100,98,0.98,0.929988209271456,0.9944980324498376,0.22333333333333333,post_freeze_centered_grid,transition,True,figure1bc|114514|holdout_figure1b|300|67,6645a82b2d79cd282eb0105d089dcc6d4960498bfa991e649b8284621429a21a,5375773ddff6a6b837111807be633d926636d01d2d0e7c55a7e2a0e8ec1fde4c,ef3f0c89d96ab326ed5c33340210b37033e47b033e9f124811cce7c80ef83b87,False,ok
figure3-20260716T123930Z-99bbe7a-020bd9ea7099,figure3a,holdout_figure1b,300,67,2,6,figure3a-r03-c00,,,0.49936681668205196,3.0,3,59,100,58,0.58,0.4820648670304296,0.6720161732564526,0.22333333333333333,post_freeze_centered_grid,transition,True,figure1bc|114514|holdout_figure1b|300|67,6645a82b2d79cd282eb0105d089dcc6d4960498bfa991e649b8284621429a21a,523fd7cd89c121b67f530ce28e0fd2bcf53b928b77802b8c20346ffbd534147b,ef3f0c89d96ab326ed5c33340210b37033e47b033e9f124811cce7c80ef83b87,False,ok
figure3-20260716T123930Z-99bbe7a-020bd9ea7099,figure3a,holdout_figure1b,300,67,2,6,figure3a-r03-c01,,,0.5743668166820519,3.0,3,61,100,83,0.83,0.7445199523239887,0.8910643388594006,0.22333333333333333,post_freeze_centered_grid,transition,True,figure1bc|114514|holdout_figure1b|300|67,6645a82b2d79cd282eb0105d089dcc6d4960498bfa991e649b8284621429a21a,acb7a9a85fc14416ec2b0d392b696b05ff3172bc1a39e3bbb99862186595b6c7,ef3f0c89d96ab326ed5c33340210b37033e47b033e9f124811cce7c80ef83b87,False,ok
figure3-20260716T123930Z-99bbe7a-020bd9ea7099,figure3a,holdout_figure1b,300,67,2,6,figure3a-r03-c02,,,0.649366816682052,3.0,3,62,100,89,0.89,0.8136870349691969,0.9374580364293543,0.22333333333333333,post_freeze_centered_grid,transition,True,figure1bc|114514|holdout_figure1b|300|67,6645a82b2d79cd282eb0105d089dcc6d4960498bfa991e649b8284621429a21a,ff4f9bcabb7fd5e3cae423f8febc78ee9a620203a89a88c336f115ad63e18a64,ef3f0c89d96ab326ed5c33340210b37033e47b033e9f124811cce7c80ef83b87,False,ok
figure3-20260716T123930Z-99bbe7a-020bd9ea7099,figure3a,holdout_figure1b,300,67,2,6,figure3a-r03-c03,,,0.7243668166820519,3.0,3,63,100,87,0.87,0.7901964855992357,0.9224283257275948,0.22333333333333333,post_freeze_centered_grid,transition,True,figure1bc|114514|holdout_figure1b|300|67,6645a82b2d79cd282eb0105d089dcc6d4960498bfa991e649b8284621429a21a,3cb7dcfe0557505a316724ca4a649161864676425ed38c4bd36711bb117a744b,ef3f0c89d96ab326ed5c33340210b37033e47b033e9f124811cce7c80ef83b87,False,ok
figure3-20260716T123930Z-99bbe7a-020bd9ea7099,figure3a,holdout_figure1b,300,67,2,6,figure3a-r03-c04,,,0.7993668166820519,3.0,3,64,100,95,0.95,0.8882495307680808,0.9784563208456319,0.22333333333333333,post_freeze_centered_grid,transition,True,figure1bc|114514|holdout_figure1b|300|67,6645a82b2d79cd282eb0105d089dcc6d4960498bfa991e649b8284621429a21a,e63c544756ed24f1e72c24ad2df7761876b86aa174ac51bbda4171519b3b4a5d,ef3f0c89d96ab326ed5c33340210b37033e47b033e9f124811cce7c80ef83b87,False,ok
figure3-20260716T123930Z-99bbe7a-020bd9ea7099,figure3a,holdout_figure1b,300,67,2,6,figure3a-r03-c05,,,0.874366816682052,3.0,3,65,100,92,0.92,0.8500189229905127,0.9589065385156194,0.22333333333333333,post_freeze_centered_grid,transition,True,figure1bc|114514|holdout_figure1b|300|67,6645a82b2d79cd282eb0105d089dcc6d4960498bfa991e649b8284621429a21a,be7172536355d6b60370af102ec00e735370e5331047b386b6eb43918e1c5511,ef3f0c89d96ab326ed5c33340210b37033e47b033e9f124811cce7c80ef83b87,False,ok
figure3-20260716T123930Z-99bbe7a-020bd9ea7099,figure3a,holdout_figure1b,300,67,2,6,figure3a-r03-c06,,,0.9493668166820519,3.0,3,67,100,95,0.95,0.8882495307680808,0.9784563208456319,0.22333333333333333,post_freeze_centered_grid,transition,True,figure1bc|114514|holdout_figure1b|300|67,6645a82b2d79cd282eb0105d089dcc6d4960498bfa991e649b8284621429a21a,337d2337514bd49b67adecb5dee0234438168d85db7bb83633b9155e88ffaf9c,ef3f0c89d96ab326ed5c33340210b37033e47b033e9f124811cce7c80ef83b87,False,ok
figure3-20260716T123930Z-99bbe7a-020bd9ea7099,figure3a,holdout_figure1b,300,67,2,6,figure3a-r04-c00,,,0.49936681668205196,4.0,4,61,100,66,0.66,0.5627772885472462,0.7453847920265184,0.22333333333333333,post_freeze_centered_grid,transition,True,figure1bc|114514|holdout_figure1b|300|67,6645a82b2d79cd282eb0105d089dcc6d4960498bfa991e649b8284621429a21a,2ecf528ca74e7aa875b09b0e58eed0714add59fcb5a9c8d8a445c283fe856dba,ef3f0c89d96ab326ed5c33340210b37033e47b033e9f124811cce7c80ef83b87,False,ok
figure3-20260716T123930Z-99bbe7a-020bd9ea7099,figure3a,holdout_figure1b,300,67,2,6,figure3a-r04-c01,,,0.5743668166820519,4.0,4,62,100,69,0.69,0.5937394428051057,0.7722030278762395,0.22333333333333333,post_freeze_centered_grid,transition,True,figure1bc|114514|holdout_figure1b|300|67,6645a82b2d79cd282eb0105d089dcc6d4960498bfa991e649b8284621429a21a,7c8f509a204a20f3bfa9bbc52e300f809d606e947f40f1af04c8e2955ea47f2e,ef3f0c89d96ab326ed5c33340210b37033e47b033e9f124811cce7c80ef83b87,False,ok
figure3-20260716T123930Z-99bbe7a-020bd9ea7099,figure3a,holdout_figure1b,300,67,2,6,figure3a-r04-c02,,,0.649366816682052,4.0,4,63,100,76,0.76,0.6676766365018553,0.8330867444305122,0.22333333333333333,post_freeze_centered_grid,transition,True,figure1bc|114514|holdout_figure1b|300|67,6645a82b2d79cd282eb0105d089dcc6d4960498bfa991e649b8284621429a21a,9d9ddce5417846d5434a98c114dffb42ade303d088d4b845a1266e92f521988d,ef3f0c89d96ab326ed5c33340210b37033e47b033e9f124811cce7c80ef83b87,False,ok
figure3-20260716T123930Z-99bbe7a-020bd9ea7099,figure3a,holdout_figure1b,300,67,2,6,figure3a-r04-c03,,,0.7243668166820519,4.0,4,64,100,82,0.82,0.7333264161369926,0.8829977450105364,0.22333333333333333,post_freeze_centered_grid,transition,True,figure1bc|114514|holdout_figure1b|300|67,6645a82b2d79cd282eb0105d089dcc6d4960498bfa991e649b8284621429a21a,b4fb234ade9a81876e97ca96eeed0ac52e50aea6ce802abe631aabcdb4bcd318,ef3f0c89d96ab326ed5c33340210b37033e47b033e9f124811cce7c80ef83b87,False,ok
figure3-20260716T123930Z-99bbe7a-020bd9ea7099,figure3a,holdout_figure1b,300,67,2,6,figure3a-r04-c04,,,0.7993668166820519,4.0,4,65,100,82,0.82,0.7333264161369926,0.8829977450105364,0.22333333333333333,post_freeze_centered_grid,transition,True,figure1bc|114514|holdout_figure1b|300|67,6645a82b2d79cd282eb0105d089dcc6d4960498bfa991e649b8284621429a21a,c254adc3bc70ea880365e363b2b51bca20e4fce47f291707d0e648bc40ae1f3f,ef3f0c89d96ab326ed5c33340210b37033e47b033e9f124811cce7c80ef83b87,False,ok
figure3-20260716T123930Z-99bbe7a-020bd9ea7099,figure3a,holdout_figure1b,300,67,2,6,figure3a-r04-c05,,,0.874366816682052,4.0,4,66,100,88,0.88,0.8018790057328857,0.9300059356298052,0.22333333333333333,post_freeze_centered_grid,transition,True,figure1bc|114514|holdout_figure1b|300|67,6645a82b2d79cd282eb0105d089dcc6d4960498bfa991e649b8284621429a21a,c4ca8ecb986bf8ea2c6841176dd0cfe42bb64a0ef23deb207e08d12e31caa619,ef3f0c89d96ab326ed5c33340210b37033e47b033e9f124811cce7c80ef83b87,False,ok
figure3-20260716T123930Z-99bbe7a-020bd9ea7099,figure3a,holdout_figure1b,300,67,2,6,figure3a-r04-c06,,,0.9493668166820519,4.0,4,67,100,89,0.89,0.8136870349691969,0.9374580364293543,0.22333333333333333,post_freeze_centered_grid,transition,True,figure1bc|114514|holdout_figure1b|300|67,6645a82b2d79cd282eb0105d089dcc6d4960498bfa991e649b8284621429a21a,213456d348d3ad222c7644d8765d924a24994a0a3abede3b95ca39d5811b0dfa,ef3f0c89d96ab326ed5c33340210b37033e47b033e9f124811cce7c80ef83b87,False,ok
figure3-20260716T123930Z-99bbe7a-020bd9ea7099,figure3a,holdout_figure1b,300,67,2,6,frozen-prediction,0.875,0.9,0.7243668166820519,1.5481811578463707,2,61,100,99,0.99,0.9455138038212946,0.9982325679358593,0.22333333333333333,post_freeze_centered_grid,transition,True,figure1bc|114514|holdout_figure1b|300|67,6645a82b2d79cd282eb0105d089dcc6d4960498bfa991e649b8284621429a21a,7ce5e93f15e3dc52eab1d4f63872565994fb10ba8490cd0e25a754114453aab1,ef3f0c89d96ab326ed5c33340210b37033e47b033e9f124811cce7c80ef83b87,True,ok
figure3-20260716T123930Z-99bbe7a-020bd9ea7099,figure3b,holdout_figure1b,300,72,2,6,figure3b-r00-c00,,,0.49936681668205196,0.0,0,36,100,100,1.0,0.9630065017930143,1.0,0.24,post_freeze_centered_grid,transition,True,figure1bc|114514|holdout_figure1b|300|72,26565b7447de1372231ee5b5c71f23a3563d760c3bf055b955ba8f5be43301c5,0b19e5e68754eee7eccf48a8f66224c6ec90c416e32258df7e5287ae78d9abdc,ef3f0c89d96ab326ed5c33340210b37033e47b033e9f124811cce7c80ef83b87,False,ok
figure3-20260716T123930Z-99bbe7a-020bd9ea7099,figure3b,holdout_figure1b,300,72,2,6,figure3b-r00-c01,,,0.5743668166820519,0.0,0,42,100,100,1.0,0.9630065017930143,1.0,0.24,post_freeze_centered_grid,transition,True,figure1bc|114514|holdout_figure1b|300|72,26565b7447de1372231ee5b5c71f23a3563d760c3bf055b955ba8f5be43301c5,c999e25ce4216f9352baa6d33ce1bd9714a30ba8946c1df74739fc38c76dcef4,ef3f0c89d96ab326ed5c33340210b37033e47b033e9f124811cce7c80ef83b87,False,ok
figure3-20260716T123930Z-99bbe7a-020bd9ea7099,figure3b,holdout_figure1b,300,72,2,6,figure3b-r00-c02,,,0.649366816682052,0.0,0,47,100,100,1.0,0.9630065017930143,1.0,0.24,post_freeze_centered_grid,transition,True,figure1bc|114514|holdout_figure1b|300|72,26565b7447de1372231ee5b5c71f23a3563d760c3bf055b955ba8f5be43301c5,d45b22cb735af4c69966b18b4d2a84a614eb4757d218d0be3a9fb709d805553e,ef3f0c89d96ab326ed5c33340210b37033e47b033e9f124811cce7c80ef83b87,False,ok
figure3-20260716T123930Z-99bbe7a-020bd9ea7099,figure3b,holdout_figure1b,300,72,2,6,figure3b-r00-c03,,,0.7243668166820519,0.0,0,53,100,100,1.0,0.9630065017930143,1.0,0.24,post_freeze_centered_grid,transition,True,figure1bc|114514|holdout_figure1b|300|72,26565b7447de1372231ee5b5c71f23a3563d760c3bf055b955ba8f5be43301c5,d4f13458e3c3c1e92a3da8a5fb16caefb8246aa02c283c9a8498732776c11843,ef3f0c89d96ab326ed5c33340210b37033e47b033e9f124811cce7c80ef83b87,False,ok
figure3-20260716T123930Z-99bbe7a-020bd9ea7099,figure3b,holdout_figure1b,300,72,2,6,figure3b-r00-c04,,,0.7993668166820519,0.0,0,58,100,100,1.0,0.9630065017930143,1.0,0.24,post_freeze_centered_grid,transition,True,figure1bc|114514|holdout_figure1b|300|72,26565b7447de1372231ee5b5c71f23a3563d760c3bf055b955ba8f5be43301c5,67447a45f4997b1bac2e6eedde6c55ffd6295b9b28f4eb10a310e270fec6cab6,ef3f0c89d96ab326ed5c33340210b37033e47b033e9f124811cce7c80ef83b87,False,ok
figure3-20260716T123930Z-99bbe7a-020bd9ea7099,figure3b,holdout_figure1b,300,72,2,6,figure3b-r00-c05,,,0.874366816682052,0.0,0,63,100,100,1.0,0.9630065017930143,1.0,0.24,post_freeze_centered_grid,transition,True,figure1bc|114514|holdout_figure1b|300|72,26565b7447de1372231ee5b5c71f23a3563d760c3bf055b955ba8f5be43301c5,2ddfd03eb3864b92e43e67368688c7d77540b3c4a1e5b56ed0bb5c12d365ac48,ef3f0c89d96ab326ed5c33340210b37033e47b033e9f124811cce7c80ef83b87,False,ok
figure3-20260716T123930Z-99bbe7a-020bd9ea7099,figure3b,holdout_figure1b,300,72,2,6,figure3b-r00-c06,,,0.9493668166820519,0.0,0,69,100,100,1.0,0.9630065017930143,1.0,0.24,post_freeze_centered_grid,transition,True,figure1bc|114514|holdout_figure1b|300|72,26565b7447de1372231ee5b5c71f23a3563d760c3bf055b955ba8f5be43301c5,1fad6b705950d7099ddff6a93d4f1eca9b6a75ff0a586a3c485346169da935e9,ef3f0c89d96ab326ed5c33340210b37033e47b033e9f124811cce7c80ef83b87,False,ok
figure3-20260716T123930Z-99bbe7a-020bd9ea7099,figure3b,holdout_figure1b,300,72,2,6,figure3b-r01-c00,,,0.49936681668205196,1.0,1,54,100,99,0.99,0.9455138038212946,0.9982325679358593,0.24,post_freeze_centered_grid,transition,True,figure1bc|114514|holdout_figure1b|300|72,26565b7447de1372231ee5b5c71f23a3563d760c3bf055b955ba8f5be43301c5,d07529b541abb2a80b1a9eebb90fbcc9008bc255ad6dd1d28d41963f4af5506c,ef3f0c89d96ab326ed5c33340210b37033e47b033e9f124811cce7c80ef83b87,False,ok
figure3-20260716T123930Z-99bbe7a-020bd9ea7099,figure3b,holdout_figure1b,300,72,2,6,figure3b-r01-c01,,,0.5743668166820519,1.0,1,57,100,100,1.0,0.9630065017930143,1.0,0.24,post_freeze_centered_grid,transition,True,figure1bc|114514|holdout_figure1b|300|72,26565b7447de1372231ee5b5c71f23a3563d760c3bf055b955ba8f5be43301c5,5222143bda8cc4e41b5369d810f5b71bd9e89bcfc9d1da4486c745b0330dd06f,ef3f0c89d96ab326ed5c33340210b37033e47b033e9f124811cce7c80ef83b87,False,ok
figure3-20260716T123930Z-99bbe7a-020bd9ea7099,figure3b,holdout_figure1b,300,72,2,6,figure3b-r01-c02,,,0.649366816682052,1.0,1,60,100,100,1.0,0.9630065017930143,1.0,0.24,post_freeze_centered_grid,transition,True,figure1bc|114514|holdout_figure1b|300|72,26565b7447de1372231ee5b5c71f23a3563d760c3bf055b955ba8f5be43301c5,0ec4d7ab3b1404edc0f2d8fd99e7cc017b82408bca1229983e6a7eb271ee6190,ef3f0c89d96ab326ed5c33340210b37033e47b033e9f124811cce7c80ef83b87,False,ok
figure3-20260716T123930Z-99bbe7a-020bd9ea7099,figure3b,holdout_figure1b,300,72,2,6,figure3b-r01-c03,,,0.7243668166820519,1.0,1,63,100,100,1.0,0.9630065017930143,1.0,0.24,post_freeze_centered_grid,transition,True,figure1bc|114514|holdout_figure1b|300|72,26565b7447de1372231ee5b5c71f23a3563d760c3bf055b955ba8f5be43301c5,9d967a8f0358777cf5536c043106ed1bd2f26a03eeb1d15cf8fe4f9c4ca03126,ef3f0c89d96ab326ed5c33340210b37033e47b033e9f124811cce7c80ef83b87,False,ok
figure3-20260716T123930Z-99bbe7a-020bd9ea7099,figure3b,holdout_figure1b,300,72,2,6,figure3b-r01-c04,,,0.7993668166820519,1.0,1,65,100,100,1.0,0.9630065017930143,1.0,0.24,post_freeze_centered_grid,transition,True,figure1bc|114514|holdout_figure1b|300|72,26565b7447de1372231ee5b5c71f23a3563d760c3bf055b955ba8f5be43301c5,c6165c3ef51fe31c5283b2fa129930aeffde69d2a882f7d3b0ca3ceb0ac6f732,ef3f0c89d96ab326ed5c33340210b37033e47b033e9f124811cce7c80ef83b87,False,ok
figure3-20260716T123930Z-99bbe7a-020bd9ea7099,figure3b,holdout_figure1b,300,72,2,6,figure3b-r01-c05,,,0.874366816682052,1.0,1,68,100,100,1.0,0.9630065017930143,1.0,0.24,post_freeze_centered_grid,transition,True,figure1bc|114514|holdout_figure1b|300|72,26565b7447de1372231ee5b5c71f23a3563d760c3bf055b955ba8f5be43301c5,bfbe6bf49d4bf2d44f235c03d27664d561144d3216f3b09d15f39031bd21ceee,ef3f0c89d96ab326ed5c33340210b37033e47b033e9f124811cce7c80ef83b87,False,ok
figure3-20260716T123930Z-99bbe7a-020bd9ea7099,figure3b,holdout_figure1b,300,72,2,6,figure3b-r01-c06,,,0.9493668166820519,1.0,1,71,100,100,1.0,0.9630065017930143,1.0,0.24,post_freeze_centered_grid,transition,True,figure1bc|114514|holdout_figure1b|300|72,26565b7447de1372231ee5b5c71f23a3563d760c3bf055b955ba8f5be43301c5,dc307171c7e973cdf40925ae468e42ba56bb85152eb49a78b5d02ad1e5e58c2f,ef3f0c89d96ab326ed5c33340210b37033e47b033e9f124811cce7c80ef83b87,False,ok
figure3-20260716T123930Z-99bbe7a-020bd9ea7099,figure3b,holdout_figure1b,300,72,2,6,figure3b-r02-c00,,,0.49936681668205196,2.0,2,60,100,99,0.99,0.9455138038212946,0.9982325679358593,0.24,post_freeze_centered_grid,transition,True,figure1bc|114514|holdout_figure1b|300|72,26565b7447de1372231ee5b5c71f23a3563d760c3bf055b955ba8f5be43301c5,a359e887e296342f462bcf171f6cee1b99b532bf9f697ac9501c94563db72be4,ef3f0c89d96ab326ed5c33340210b37033e47b033e9f124811cce7c80ef83b87,False,ok
figure3-20260716T123930Z-99bbe7a-020bd9ea7099,figure3b,holdout_figure1b,300,72,2,6,figure3b-r02-c01,,,0.5743668166820519,2.0,2,62,100,99,0.99,0.9455138038212946,0.9982325679358593,0.24,post_freeze_centered_grid,transition,True,figure1bc|114514|holdout_figure1b|300|72,26565b7447de1372231ee5b5c71f23a3563d760c3bf055b955ba8f5be43301c5,9b43cb319b114996889e8c40a2528be28040ee47ac34fd72da25978db72f89d8,ef3f0c89d96ab326ed5c33340210b37033e47b033e9f124811cce7c80ef83b87,False,ok
figure3-20260716T123930Z-99bbe7a-020bd9ea7099,figure3b,holdout_figure1b,300,72,2,6,figure3b-r02-c02,,,0.649366816682052,2.0,2,64,100,100,1.0,0.9630065017930143,1.0,0.24,post_freeze_centered_grid,transition,True,figure1bc|114514|holdout_figure1b|300|72,26565b7447de1372231ee5b5c71f23a3563d760c3bf055b955ba8f5be43301c5,f456f281d0542d9da11912604f6fc670e76f57306ec862b1da982164cc9231ab,ef3f0c89d96ab326ed5c33340210b37033e47b033e9f124811cce7c80ef83b87,False,ok
figure3-20260716T123930Z-99bbe7a-020bd9ea7099,figure3b,holdout_figure1b,300,72,2,6,figure3b-r02-c04,,,0.7993668166820519,2.0,2,68,100,100,1.0,0.9630065017930143,1.0,0.24,post_freeze_centered_grid,transition,True,figure1bc|114514|holdout_figure1b|300|72,26565b7447de1372231ee5b5c71f23a3563d760c3bf055b955ba8f5be43301c5,df1da2a970702b4d77bbe12daae81fb410501d9433bdc73eab7ecb9f6d92f69d,ef3f0c89d96ab326ed5c33340210b37033e47b033e9f124811cce7c80ef83b87,False,ok
figure3-20260716T123930Z-99bbe7a-020bd9ea7099,figure3b,holdout_figure1b,300,72,2,6,figure3b-r02-c05,,,0.874366816682052,2.0,2,69,100,100,1.0,0.9630065017930143,1.0,0.24,post_freeze_centered_grid,transition,True,figure1bc|114514|holdout_figure1b|300|72,26565b7447de1372231ee5b5c71f23a3563d760c3bf055b955ba8f5be43301c5,60dc612ac8d9fe69b39170a884f841019bd1e06eefb6015c187e7bb2ff6b515d,ef3f0c89d96ab326ed5c33340210b37033e47b033e9f124811cce7c80ef83b87,False,ok
figure3-20260716T123930Z-99bbe7a-020bd9ea7099,figure3b,holdout_figure1b,300,72,2,6,figure3b-r02-c06,,,0.9493668166820519,2.0,2,71,100,100,1.0,0.9630065017930143,1.0,0.24,post_freeze_centered_grid,transition,True,figure1bc|114514|holdout_figure1b|300|72,26565b7447de1372231ee5b5c71f23a3563d760c3bf055b955ba8f5be43301c5,6afe04101be89fa36e091b0a55ee8ccfaf3e48e1f5299200b4d45769c47a9fb4,ef3f0c89d96ab326ed5c33340210b37033e47b033e9f124811cce7c80ef83b87,False,ok
figure3-20260716T123930Z-99bbe7a-020bd9ea7099,figure3b,holdout_figure1b,300,72,2,6,figure3b-r03-c00,,,0.49936681668205196,3.0,3,63,100,97,0.97,0.9154806357094724,0.9897454759759611,0.24,post_freeze_centered_grid,transition,True,figure1bc|114514|holdout_figure1b|300|72,26565b7447de1372231ee5b5c71f23a3563d760c3bf055b955ba8f5be43301c5,8402342e56b9f4b548094a292b20fde1f1883df7b8e1406186dc85a349c20b63,ef3f0c89d96ab326ed5c33340210b37033e47b033e9f124811cce7c80ef83b87,False,ok
figure3-20260716T123930Z-99bbe7a-020bd9ea7099,figure3b,holdout_figure1b,300,72,2,6,figure3b-r03-c01,,,0.5743668166820519,3.0,3,65,100,98,0.98,0.929988209271456,0.9944980324498376,0.24,post_freeze_centered_grid,transition,True,figure1bc|114514|holdout_figure1b|300|72,26565b7447de1372231ee5b5c71f23a3563d760c3bf055b955ba8f5be43301c5,8f72d3d810d84eea8b962d16322181e25556293e42f7eaecce43a7816f05b3c6,ef3f0c89d96ab326ed5c33340210b37033e47b033e9f124811cce7c80ef83b87,False,ok
figure3-20260716T123930Z-99bbe7a-020bd9ea7099,figure3b,holdout_figure1b,300,72,2,6,figure3b-r03-c02,,,0.649366816682052,3.0,3,66,100,99,0.99,0.9455138038212946,0.9982325679358593,0.24,post_freeze_centered_grid,transition,True,figure1bc|114514|holdout_figure1b|300|72,26565b7447de1372231ee5b5c71f23a3563d760c3bf055b955ba8f5be43301c5,c86706c6337db89afd26ffa93da2dc93872e6c2face97cf8281d101a2326d242,ef3f0c89d96ab326ed5c33340210b37033e47b033e9f124811cce7c80ef83b87,False,ok
figure3-20260716T123930Z-99bbe7a-020bd9ea7099,figure3b,holdout_figure1b,300,72,2,6,figure3b-r03-c03,,,0.7243668166820519,3.0,3,68,100,99,0.99,0.9455138038212946,0.9982325679358593,0.24,post_freeze_centered_grid,transition,True,figure1bc|114514|holdout_figure1b|300|72,26565b7447de1372231ee5b5c71f23a3563d760c3bf055b955ba8f5be43301c5,6e831e33be4c7279323463092c0774059ed2f52ba59cafa93fef381931562866,ef3f0c89d96ab326ed5c33340210b37033e47b033e9f124811cce7c80ef83b87,False,ok
figure3-20260716T123930Z-99bbe7a-020bd9ea7099,figure3b,holdout_figure1b,300,72,2,6,figure3b-r03-c04,,,0.7993668166820519,3.0,3,69,100,99,0.99,0.9455138038212946,0.9982325679358593,0.24,post_freeze_centered_grid,transition,True,figure1bc|114514|holdout_figure1b|300|72,26565b7447de1372231ee5b5c71f23a3563d760c3bf055b955ba8f5be43301c5,8897b178fd84d03e1e05a177246947e80a12e0404c4ce6723eb866aeb69afe51,ef3f0c89d96ab326ed5c33340210b37033e47b033e9f124811cce7c80ef83b87,False,ok
figure3-20260716T123930Z-99bbe7a-020bd9ea7099,figure3b,holdout_figure1b,300,72,2,6,figure3b-r03-c05,,,0.874366816682052,3.0,3,70,100,99,0.99,0.9455138038212946,0.9982325679358593,0.24,post_freeze_centered_grid,transition,True,figure1bc|114514|holdout_figure1b|300|72,26565b7447de1372231ee5b5c71f23a3563d760c3bf055b955ba8f5be43301c5,fa206184c753b6b9ccd55d5af285ff2de816a0199176d58e91689436bf331ce5,ef3f0c89d96ab326ed5c33340210b37033e47b033e9f124811cce7c80ef83b87,False,ok
figure3-20260716T123930Z-99bbe7a-020bd9ea7099,figure3b,holdout_figure1b,300,72,2,6,figure3b-r03-c06,,,0.9493668166820519,3.0,3,72,100,100,1.0,0.9630065017930143,1.0,0.24,post_freeze_centered_grid,transition,True,figure1bc|114514|holdout_figure1b|300|72,26565b7447de1372231ee5b5c71f23a3563d760c3bf055b955ba8f5be43301c5,7cfe728cb731cb5dce58d93f221ec1b520b36731fd0bfd0dd4ea96d8d2e2ebdc,ef3f0c89d96ab326ed5c33340210b37033e47b033e9f124811cce7c80ef83b87,False,ok
figure3-20260716T123930Z-99bbe7a-020bd9ea7099,figure3b,holdout_figure1b,300,72,2,6,figure3b-r04-c00,,,0.49936681668205196,4.0,4,65,100,88,0.88,0.8018790057328857,0.9300059356298052,0.24,post_freeze_centered_grid,transition,True,figure1bc|114514|holdout_figure1b|300|72,26565b7447de1372231ee5b5c71f23a3563d760c3bf055b955ba8f5be43301c5,d5844f86d27337a76dac43b0980b6e674041a06b52c3f0f7fe81b2f99abd1e13,ef3f0c89d96ab326ed5c33340210b37033e47b033e9f124811cce7c80ef83b87,False,ok
figure3-20260716T123930Z-99bbe7a-020bd9ea7099,figure3b,holdout_figure1b,300,72,2,6,figure3b-r04-c01,,,0.5743668166820519,4.0,4,67,100,95,0.95,0.8882495307680808,0.9784563208456319,0.24,post_freeze_centered_grid,transition,True,figure1bc|114514|holdout_figure1b|300|72,26565b7447de1372231ee5b5c71f23a3563d760c3bf055b955ba8f5be43301c5,cb5f1fa9c588cd874f148297a9ec1886341926085dc7d6085f17c9981a121452,ef3f0c89d96ab326ed5c33340210b37033e47b033e9f124811cce7c80ef83b87,False,ok
figure3-20260716T123930Z-99bbe7a-020bd9ea7099,figure3b,holdout_figure1b,300,72,2,6,figure3b-r04-c02,,,0.649366816682052,4.0,4,68,100,93,0.93,0.8625048526092651,0.9656807389327273,0.24,post_freeze_centered_grid,transition,True,figure1bc|114514|holdout_figure1b|300|72,26565b7447de1372231ee5b5c71f23a3563d760c3bf055b955ba8f5be43301c5,cc97386a6615dda4c45472dd637851c20204c9f4a5e8af746ee6a87ca8064e85,ef3f0c89d96ab326ed5c33340210b37033e47b033e9f124811cce7c80ef83b87,False,ok
figure3-20260716T123930Z-99bbe7a-020bd9ea7099,figure3b,holdout_figure1b,300,72,2,6,figure3b-r04-c03,,,0.7243668166820519,4.0,4,69,100,97,0.97,0.9154806357094724,0.9897454759759611,0.24,post_freeze_centered_grid,transition,True,figure1bc|114514|holdout_figure1b|300|72,26565b7447de1372231ee5b5c71f23a3563d760c3bf055b955ba8f5be43301c5,00fc55d8702a64554069d546e613d7e24ae940af6e06a8aa64343adb3f925c1b,ef3f0c89d96ab326ed5c33340210b37033e47b033e9f124811cce7c80ef83b87,False,ok
figure3-20260716T123930Z-99bbe7a-020bd9ea7099,figure3b,holdout_figure1b,300,72,2,6,figure3b-r04-c04,,,0.7993668166820519,4.0,4,70,100,96,0.96,0.9016292856411208,0.9843366960084523,0.24,post_freeze_centered_grid,transition,True,figure1bc|114514|holdout_figure1b|300|72,26565b7447de1372231ee5b5c71f23a3563d760c3bf055b955ba8f5be43301c5,545e428d11f528ed3197087fcaa0297eb6f698e02f68ef5fed7bb944ff48f3d0,ef3f0c89d96ab326ed5c33340210b37033e47b033e9f124811cce7c80ef83b87,False,ok
figure3-20260716T123930Z-99bbe7a-020bd9ea7099,figure3b,holdout_figure1b,300,72,2,6,figure3b-r04-c05,,,0.874366816682052,4.0,4,71,100,100,1.0,0.9630065017930143,1.0,0.24,post_freeze_centered_grid,transition,True,figure1bc|114514|holdout_figure1b|300|72,26565b7447de1372231ee5b5c71f23a3563d760c3bf055b955ba8f5be43301c5,cef8a5577d5580bbd92f34b721453798a8fdecee28707bdcec646ffab271fbee,ef3f0c89d96ab326ed5c33340210b37033e47b033e9f124811cce7c80ef83b87,False,ok
figure3-20260716T123930Z-99bbe7a-020bd9ea7099,figure3b,holdout_figure1b,300,72,2,6,figure3b-r04-c06,,,0.9493668166820519,4.0,4,72,100,98,0.98,0.929988209271456,0.9944980324498376,0.24,post_freeze_centered_grid,transition,True,figure1bc|114514|holdout_figure1b|300|72,26565b7447de1372231ee5b5c71f23a3563d760c3bf055b955ba8f5be43301c5,b6dfa906761638d21c20ca9a1b59109e591fe5b2eb70ee6a80ecc0aa70a6fd9e,ef3f0c89d96ab326ed5c33340210b37033e47b033e9f124811cce7c80ef83b87,False,ok
figure3-20260716T123930Z-99bbe7a-020bd9ea7099,figure3b,holdout_figure1b,300,72,2,6,frozen-prediction,0.875,0.9,0.7243668166820519,1.5857729624015182,2,66,100,100,1.0,0.9630065017930143,1.0,0.24,post_freeze_centered_grid,transition,True,figure1bc|114514|holdout_figure1b|300|72,26565b7447de1372231ee5b5c71f23a3563d760c3bf055b955ba8f5be43301c5,4a7c0aafb00c2335d759d0e7159ba4248baf72704a0c6299b07161f8b2c35553,ef3f0c89d96ab326ed5c33340210b37033e47b033e9f124811cce7c80ef83b87,True,ok
figure3-20260716T123930Z-99bbe7a-020bd9ea7099,figure3c,holdout_figure1b,1000,211,2,6,figure3c-r00-c00,,,0.49936681668205196,0.0,0,106,100,98,0.98,0.929988209271456,0.9944980324498376,0.211,post_freeze_centered_grid,transition,True,figure1bc|114514|holdout_figure1b|1000|211,67b28e569249f8d4f5c46de41f8e29ace088920455149a8b2781717a21b64091,25c5c55a7b195d277d2eaa3695fad4e8f18eddab34ab0cabc4569f778b0b2017,ef3f0c89d96ab326ed5c33340210b37033e47b033e9f124811cce7c80ef83b87,False,ok
figure3-20260716T123930Z-99bbe7a-020bd9ea7099,figure3c,holdout_figure1b,1000,211,2,6,figure3c-r00-c01,,,0.5743668166820519,0.0,0,122,100,94,0.94,0.8752318455410406,0.9722138760368118,0.211,post_freeze_centered_grid,transition,True,figure1bc|114514|holdout_figure1b|1000|211,67b28e569249f8d4f5c46de41f8e29ace088920455149a8b2781717a21b64091,ce9d62500c96d675b805289985ea5e8cb5ac269470cf6d573dd1788a0fd455c5,ef3f0c89d96ab326ed5c33340210b37033e47b033e9f124811cce7c80ef83b87,False,ok
figure3-20260716T123930Z-99bbe7a-020bd9ea7099,figure3c,holdout_figure1b,1000,211,2,6,figure3c-r00-c02,,,0.649366816682052,0.0,0,138,100,92,0.92,0.8500189229905127,0.9589065385156194,0.211,post_freeze_centered_grid,transition,True,figure1bc|114514|holdout_figure1b|1000|211,67b28e569249f8d4f5c46de41f8e29ace088920455149a8b2781717a21b64091,d20f4e6c453c4a6bcd31d7bc54701b6be5c73ae4a7b432e87445aeaad0b397a3,ef3f0c89d96ab326ed5c33340210b37033e47b033e9f124811cce7c80ef83b87,False,ok
figure3-20260716T123930Z-99bbe7a-020bd9ea7099,figure3c,holdout_figure1b,1000,211,2,6,figure3c-r00-c03,,,0.7243668166820519,0.0,0,153,100,87,0.87,0.7901964855992357,0.9224283257275948,0.211,post_freeze_centered_grid,transition,True,figure1bc|114514|holdout_figure1b|1000|211,67b28e569249f8d4f5c46de41f8e29ace088920455149a8b2781717a21b64091,7ea51a63856fc09f152be9ffcb0ec601c88650dbf6ec7e29161cb061882b14d4,ef3f0c89d96ab326ed5c33340210b37033e47b033e9f124811cce7c80ef83b87,False,ok
figure3-20260716T123930Z-99bbe7a-020bd9ea7099,figure3c,holdout_figure1b,1000,211,2,6,figure3c-r00-c04,,,0.7993668166820519,0.0,0,169,100,92,0.92,0.8500189229905127,0.9589065385156194,0.211,post_freeze_centered_grid,transition,True,figure1bc|114514|holdout_figure1b|1000|211,67b28e569249f8d4f5c46de41f8e29ace088920455149a8b2781717a21b64091,80a039f6ff1f6a89c4d78c70667370028bb9de5fd9dfcfcef5428f435d537ec2,ef3f0c89d96ab326ed5c33340210b37033e47b033e9f124811cce7c80ef83b87,False,ok
figure3-20260716T123930Z-99bbe7a-020bd9ea7099,figure3c,holdout_figure1b,1000,211,2,6,figure3c-r00-c05,,,0.874366816682052,0.0,0,185,100,95,0.95,0.8882495307680808,0.9784563208456319,0.211,post_freeze_centered_grid,transition,True,figure1bc|114514|holdout_figure1b|1000|211,67b28e569249f8d4f5c46de41f8e29ace088920455149a8b2781717a21b64091,2ed7637cb726f4fda61cc5af8360e41adcb8376f2cbb5c0303a753d6cbea574f,ef3f0c89d96ab326ed5c33340210b37033e47b033e9f124811cce7c80ef83b87,False,ok
figure3-20260716T123930Z-99bbe7a-020bd9ea7099,figure3c,holdout_figure1b,1000,211,2,6,figure3c-r00-c06,,,0.9493668166820519,0.0,0,201,100,95,0.95,0.8882495307680808,0.9784563208456319,0.211,post_freeze_centered_grid,transition,True,figure1bc|114514|holdout_figure1b|1000|211,67b28e569249f8d4f5c46de41f8e29ace088920455149a8b2781717a21b64091,984c377e0ad93e243dd89155ffb822acb187a19dfe33e5bdad11ddd160375ae0,ef3f0c89d96ab326ed5c33340210b37033e47b033e9f124811cce7c80ef83b87,False,ok
figure3-20260716T123930Z-99bbe7a-020bd9ea7099,figure3c,holdout_figure1b,1000,211,2,6,figure3c-r01-c00,,,0.49936681668205196,1.0,1,159,100,89,0.89,0.8136870349691969,0.9374580364293543,0.211,post_freeze_centered_grid,transition,True,figure1bc|114514|holdout_figure1b|1000|211,67b28e569249f8d4f5c46de41f8e29ace088920455149a8b2781717a21b64091,ee90d8319f9e74edc360ac6d5a9f56cc597131e156f1f5fd3535927201281a14,ef3f0c89d96ab326ed5c33340210b37033e47b033e9f124811cce7c80ef83b87,False,ok
figure3-20260716T123930Z-99bbe7a-020bd9ea7099,figure3c,holdout_figure1b,1000,211,2,6,figure3c-r01-c01,,,0.5743668166820519,1.0,1,167,100,99,0.99,0.9455138038212946,0.9982325679358593,0.211,post_freeze_centered_grid,transition,True,figure1bc|114514|holdout_figure1b|1000|211,67b28e569249f8d4f5c46de41f8e29ace088920455149a8b2781717a21b64091,eafab1d53f5bec3af894accda41f8ee5ae4fb6d9a4c4d5401c7895f43aae28be,ef3f0c89d96ab326ed5c33340210b37033e47b033e9f124811cce7c80ef83b87,False,ok
figure3-20260716T123930Z-99bbe7a-020bd9ea7099,figure3c,holdout_figure1b,1000,211,2,6,figure3c-r01-c02,,,0.649366816682052,1.0,1,175,100,99,0.99,0.9455138038212946,0.9982325679358593,0.211,post_freeze_centered_grid,transition,True,figure1bc|114514|holdout_figure1b|1000|211,67b28e569249f8d4f5c46de41f8e29ace088920455149a8b2781717a21b64091,c3560b7363700e8e7fb50bdae73dd3239eb724f6b505fcc41eed895abc36a798,ef3f0c89d96ab326ed5c33340210b37033e47b033e9f124811cce7c80ef83b87,False,ok
figure3-20260716T123930Z-99bbe7a-020bd9ea7099,figure3c,holdout_figure1b,1000,211,2,6,figure3c-r01-c03,,,0.7243668166820519,1.0,1,183,100,98,0.98,0.929988209271456,0.9944980324498376,0.211,post_freeze_centered_grid,transition,True,figure1bc|114514|holdout_figure1b|1000|211,67b28e569249f8d4f5c46de41f8e29ace088920455149a8b2781717a21b64091,0f0e43494fe29a6e28e49508b987e0eca37ef0fadd71bc34e4dfbccff7e31b62,ef3f0c89d96ab326ed5c33340210b37033e47b033e9f124811cce7c80ef83b87,False,ok
figure3-20260716T123930Z-99bbe7a-020bd9ea7099,figure3c,holdout_figure1b,1000,211,2,6,figure3c-r01-c04,,,0.7993668166820519,1.0,1,190,100,97,0.97,0.9154806357094724,0.9897454759759611,0.211,post_freeze_centered_grid,transition,True,figure1bc|114514|holdout_figure1b|1000|211,67b28e569249f8d4f5c46de41f8e29ace088920455149a8b2781717a21b64091,da13ab043c536d8303bffb559052b1dc7d30d8a1121ed13ec2979bf31d12b7eb,ef3f0c89d96ab326ed5c33340210b37033e47b033e9f124811cce7c80ef83b87,False,ok
figure3-20260716T123930Z-99bbe7a-020bd9ea7099,figure3c,holdout_figure1b,1000,211,2,6,figure3c-r01-c05,,,0.874366816682052,1.0,1,198,100,99,0.99,0.9455138038212946,0.9982325679358593,0.211,post_freeze_centered_grid,transition,True,figure1bc|114514|holdout_figure1b|1000|211,67b28e569249f8d4f5c46de41f8e29ace088920455149a8b2781717a21b64091,eb43c5bc5cc2ccaf2ec5d579817f10fe780d1985183117e2f1a1edb4dc7b44ef,ef3f0c89d96ab326ed5c33340210b37033e47b033e9f124811cce7c80ef83b87,False,ok
figure3-20260716T123930Z-99bbe7a-020bd9ea7099,figure3c,holdout_figure1b,1000,211,2,6,figure3c-r01-c06,,,0.9493668166820519,1.0,1,206,100,93,0.93,0.8625048526092651,0.9656807389327273,0.211,post_freeze_centered_grid,transition,True,figure1bc|114514|holdout_figure1b|1000|211,67b28e569249f8d4f5c46de41f8e29ace088920455149a8b2781717a21b64091,aff8870493ec27925128e790bd001df4f51fe59074c24df8cb332916450a0914,ef3f0c89d96ab326ed5c33340210b37033e47b033e9f124811cce7c80ef83b87,False,ok
figure3-20260716T123930Z-99bbe7a-020bd9ea7099,figure3c,holdout_figure1b,1000,211,2,6,figure3c-r02-c00,,,0.49936681668205196,2.0,2,176,100,83,0.83,0.7445199523239887,0.8910643388594006,0.211,post_freeze_centered_grid,transition,True,figure1bc|114514|holdout_figure1b|1000|211,67b28e569249f8d4f5c46de41f8e29ace088920455149a8b2781717a21b64091,fdb8ee6088d73ea815934dd37a794400507222e0b254a5ce4e7d0bc9569f7754,ef3f0c89d96ab326ed5c33340210b37033e47b033e9f124811cce7c80ef83b87,False,ok
figure3-20260716T123930Z-99bbe7a-020bd9ea7099,figure3c,holdout_figure1b,1000,211,2,6,figure3c-r02-c01,,,0.5743668166820519,2.0,2,182,100,94,0.94,0.8752318455410406,0.9722138760368118,0.211,post_freeze_centered_grid,transition,True,figure1bc|114514|holdout_figure1b|1000|211,67b28e569249f8d4f5c46de41f8e29ace088920455149a8b2781717a21b64091,182ea173195c2fece5f2174d2da32a06936ac3ca7676c0beca6ce0ee3b56c386,ef3f0c89d96ab326ed5c33340210b37033e47b033e9f124811cce7c80ef83b87,False,ok
figure3-20260716T123930Z-99bbe7a-020bd9ea7099,figure3c,holdout_figure1b,1000,211,2,6,figure3c-r02-c02,,,0.649366816682052,2.0,2,187,100,100,1.0,0.9630065017930143,1.0,0.211,post_freeze_centered_grid,transition,True,figure1bc|114514|holdout_figure1b|1000|211,67b28e569249f8d4f5c46de41f8e29ace088920455149a8b2781717a21b64091,e7cb9d4bd5785ea1bf1e46a761b7962c7804845d7ae80b37ffc052b74d51325f,ef3f0c89d96ab326ed5c33340210b37033e47b033e9f124811cce7c80ef83b87,False,ok
figure3-20260716T123930Z-99bbe7a-020bd9ea7099,figure3c,holdout_figure1b,1000,211,2,6,figure3c-r02-c04,,,0.7993668166820519,2.0,2,197,100,99,0.99,0.9455138038212946,0.9982325679358593,0.211,post_freeze_centered_grid,transition,True,figure1bc|114514|holdout_figure1b|1000|211,67b28e569249f8d4f5c46de41f8e29ace088920455149a8b2781717a21b64091,99a238c17b4a2e889c7ce621357afa4529f467cdb3f5a47bdca906fe2eb66107,ef3f0c89d96ab326ed5c33340210b37033e47b033e9f124811cce7c80ef83b87,False,ok
figure3-20260716T123930Z-99bbe7a-020bd9ea7099,figure3c,holdout_figure1b,1000,211,2,6,figure3c-r02-c05,,,0.874366816682052,2.0,2,203,100,99,0.99,0.9455138038212946,0.9982325679358593,0.211,post_freeze_centered_grid,transition,True,figure1bc|114514|holdout_figure1b|1000|211,67b28e569249f8d4f5c46de41f8e29ace088920455149a8b2781717a21b64091,2029a690f80bae94f023fd23fe3aefa0873db0ead712a949a49329af2fa5fb03,ef3f0c89d96ab326ed5c33340210b37033e47b033e9f124811cce7c80ef83b87,False,ok
figure3-20260716T123930Z-99bbe7a-020bd9ea7099,figure3c,holdout_figure1b,1000,211,2,6,figure3c-r02-c06,,,0.9493668166820519,2.0,2,208,100,98,0.98,0.929988209271456,0.9944980324498376,0.211,post_freeze_centered_grid,transition,True,figure1bc|114514|holdout_figure1b|1000|211,67b28e569249f8d4f5c46de41f8e29ace088920455149a8b2781717a21b64091,3a41299b9acfd830a14b9531cef05220925360cbfcf97b1f9bb71eb7773e2097,ef3f0c89d96ab326ed5c33340210b37033e47b033e9f124811cce7c80ef83b87,False,ok
figure3-20260716T123930Z-99bbe7a-020bd9ea7099,figure3c,holdout_figure1b,1000,211,2,6,figure3c-r03-c00,,,0.49936681668205196,3.0,3,185,100,79,0.79,0.7002003116591013,0.858343459380847,0.211,post_freeze_centered_grid,transition,True,figure1bc|114514|holdout_figure1b|1000|211,67b28e569249f8d4f5c46de41f8e29ace088920455149a8b2781717a21b64091,b560b57e2f16401a93839d3e1469ab03f09ac6889415edcadd73ad522e13b931,ef3f0c89d96ab326ed5c33340210b37033e47b033e9f124811cce7c80ef83b87,False,ok
figure3-20260716T123930Z-99bbe7a-020bd9ea7099,figure3c,holdout_figure1b,1000,211,2,6,figure3c-r03-c01,,,0.5743668166820519,3.0,3,189,100,93,0.93,0.8625048526092651,0.9656807389327273,0.211,post_freeze_centered_grid,transition,True,figure1bc|114514|holdout_figure1b|1000|211,67b28e569249f8d4f5c46de41f8e29ace088920455149a8b2781717a21b64091,e7268812faedea9bff991f5c5856584972986d606379c640e4480d65eef10aa1,ef3f0c89d96ab326ed5c33340210b37033e47b033e9f124811cce7c80ef83b87,False,ok
figure3-20260716T123930Z-99bbe7a-020bd9ea7099,figure3c,holdout_figure1b,1000,211,2,6,figure3c-r03-c02,,,0.649366816682052,3.0,3,193,100,98,0.98,0.929988209271456,0.9944980324498376,0.211,post_freeze_centered_grid,transition,True,figure1bc|114514|holdout_figure1b|1000|211,67b28e569249f8d4f5c46de41f8e29ace088920455149a8b2781717a21b64091,b192d76b1257a09ffbf5e534126ac865a9fd7b74fa4328ebfa354408a85c1f43,ef3f0c89d96ab326ed5c33340210b37033e47b033e9f124811cce7c80ef83b87,False,ok
figure3-20260716T123930Z-99bbe7a-020bd9ea7099,figure3c,holdout_figure1b,1000,211,2,6,figure3c-r03-c03,,,0.7243668166820519,3.0,3,197,100,99,0.99,0.9455138038212946,0.9982325679358593,0.211,post_freeze_centered_grid,transition,True,figure1bc|114514|holdout_figure1b|1000|211,67b28e569249f8d4f5c46de41f8e29ace088920455149a8b2781717a21b64091,51df3aee87d7f8158f2024925a4603c22fc3b30760265c21cc6d9206f6f5b423,ef3f0c89d96ab326ed5c33340210b37033e47b033e9f124811cce7c80ef83b87,False,ok
figure3-20260716T123930Z-99bbe7a-020bd9ea7099,figure3c,holdout_figure1b,1000,211,2,6,figure3c-r03-c04,,,0.7993668166820519,3.0,3,201,100,99,0.99,0.9455138038212946,0.9982325679358593,0.211,post_freeze_centered_grid,transition,True,figure1bc|114514|holdout_figure1b|1000|211,67b28e569249f8d4f5c46de41f8e29ace088920455149a8b2781717a21b64091,35c131a2c54ae53c6ed1b024802ddca9e2612361157f5097ba996c02673f52d9,ef3f0c89d96ab326ed5c33340210b37033e47b033e9f124811cce7c80ef83b87,False,ok
figure3-20260716T123930Z-99bbe7a-020bd9ea7099,figure3c,holdout_figure1b,1000,211,2,6,figure3c-r03-c05,,,0.874366816682052,3.0,3,205,100,99,0.99,0.9455138038212946,0.9982325679358593,0.211,post_freeze_centered_grid,transition,True,figure1bc|114514|holdout_figure1b|1000|211,67b28e569249f8d4f5c46de41f8e29ace088920455149a8b2781717a21b64091,e730c1bf7a3b369270a02cbbd54425ded1dcc5984b870972b5a2ec66c926b234,ef3f0c89d96ab326ed5c33340210b37033e47b033e9f124811cce7c80ef83b87,False,ok
figure3-20260716T123930Z-99bbe7a-020bd9ea7099,figure3c,holdout_figure1b,1000,211,2,6,figure3c-r03-c06,,,0.9493668166820519,3.0,3,209,100,97,0.97,0.9154806357094724,0.9897454759759611,0.211,post_freeze_centered_grid,transition,True,figure1bc|114514|holdout_figure1b|1000|211,67b28e569249f8d4f5c46de41f8e29ace088920455149a8b2781717a21b64091,661684958def34b5c2f1a02efbfc7fd851e87c42248847884725ef2e1699ea27,ef3f0c89d96ab326ed5c33340210b37033e47b033e9f124811cce7c80ef83b87,False,ok
figure3-20260716T123930Z-99bbe7a-020bd9ea7099,figure3c,holdout_figure1b,1000,211,2,6,figure3c-r04-c00,,,0.49936681668205196,4.0,4,190,100,71,0.71,0.6146110882442888,0.7898516425087772,0.211,post_freeze_centered_grid,transition,True,figure1bc|114514|holdout_figure1b|1000|211,67b28e569249f8d4f5c46de41f8e29ace088920455149a8b2781717a21b64091,22a670534095f9cc86685d2c7c983d9ebcc07ddac071d9069ae88b122221f1fc,ef3f0c89d96ab326ed5c33340210b37033e47b033e9f124811cce7c80ef83b87,False,ok
figure3-20260716T123930Z-99bbe7a-020bd9ea7099,figure3c,holdout_figure1b,1000,211,2,6,figure3c-r04-c01,,,0.5743668166820519,4.0,4,194,100,86,0.86,0.7786281178903616,0.9147365634006086,0.211,post_freeze_centered_grid,transition,True,figure1bc|114514|holdout_figure1b|1000|211,67b28e569249f8d4f5c46de41f8e29ace088920455149a8b2781717a21b64091,6efa81a3cf7cb0e37ad0e89fefee808af39ab13cbb8b24302416ce4f5d9f5ee9,ef3f0c89d96ab326ed5c33340210b37033e47b033e9f124811cce7c80ef83b87,False,ok
figure3-20260716T123930Z-99bbe7a-020bd9ea7099,figure3c,holdout_figure1b,1000,211,2,6,figure3c-r04-c02,,,0.649366816682052,4.0,4,197,100,89,0.89,0.8136870349691969,0.9374580364293543,0.211,post_freeze_centered_grid,transition,True,figure1bc|114514|holdout_figure1b|1000|211,67b28e569249f8d4f5c46de41f8e29ace088920455149a8b2781717a21b64091,38e022bb4588ac03c29a94cfc21d22dce9e39e7a496d83ac0762adc8976688c8,ef3f0c89d96ab326ed5c33340210b37033e47b033e9f124811cce7c80ef83b87,False,ok
figure3-20260716T123930Z-99bbe7a-020bd9ea7099,figure3c,holdout_figure1b,1000,211,2,6,figure3c-r04-c03,,,0.7243668166820519,4.0,4,200,100,98,0.98,0.929988209271456,0.9944980324498376,0.211,post_freeze_centered_grid,transition,True,figure1bc|114514|holdout_figure1b|1000|211,67b28e569249f8d4f5c46de41f8e29ace088920455149a8b2781717a21b64091,6e1cc1fbace700fe4e1cbafac6d18b455fb32b7ab6984b4367c6267971e9861b,ef3f0c89d96ab326ed5c33340210b37033e47b033e9f124811cce7c80ef83b87,False,ok
figure3-20260716T123930Z-99bbe7a-020bd9ea7099,figure3c,holdout_figure1b,1000,211,2,6,figure3c-r04-c04,,,0.7993668166820519,4.0,4,203,100,100,1.0,0.9630065017930143,1.0,0.211,post_freeze_centered_grid,transition,True,figure1bc|114514|holdout_figure1b|1000|211,67b28e569249f8d4f5c46de41f8e29ace088920455149a8b2781717a21b64091,7c20468cc97543fe529634329161c57c52223df897455b4de1f1fc22abdfe30a,ef3f0c89d96ab326ed5c33340210b37033e47b033e9f124811cce7c80ef83b87,False,ok
figure3-20260716T123930Z-99bbe7a-020bd9ea7099,figure3c,holdout_figure1b,1000,211,2,6,figure3c-r04-c05,,,0.874366816682052,4.0,4,206,100,99,0.99,0.9455138038212946,0.9982325679358593,0.211,post_freeze_centered_grid,transition,True,figure1bc|114514|holdout_figure1b|1000|211,67b28e569249f8d4f5c46de41f8e29ace088920455149a8b2781717a21b64091,6404b0ab4939c521c89e281b344f9ffe90a634ca7f445bc0e5987eaa4ba74267,ef3f0c89d96ab326ed5c33340210b37033e47b033e9f124811cce7c80ef83b87,False,ok
figure3-20260716T123930Z-99bbe7a-020bd9ea7099,figure3c,holdout_figure1b,1000,211,2,6,figure3c-r04-c06,,,0.9493668166820519,4.0,4,209,100,99,0.99,0.9455138038212946,0.9982325679358593,0.211,post_freeze_centered_grid,transition,True,figure1bc|114514|holdout_figure1b|1000|211,67b28e569249f8d4f5c46de41f8e29ace088920455149a8b2781717a21b64091,99dc13efeb47187ae25a8c8fb62abf02b4f821ffd5af16b36efdc53849fef68a,ef3f0c89d96ab326ed5c33340210b37033e47b033e9f124811cce7c80ef83b87,False,ok
figure3-20260716T123930Z-99bbe7a-020bd9ea7099,figure3c,holdout_figure1b,1000,211,2,6,frozen-prediction,0.875,0.9,0.7243668166820519,2.269295203055566,2,192,100,100,1.0,0.9630065017930143,1.0,0.211,post_freeze_centered_grid,transition,True,figure1bc|114514|holdout_figure1b|1000|211,67b28e569249f8d4f5c46de41f8e29ace088920455149a8b2781717a21b64091,9197aea246255a22af03bf8a35ed8c8e294873c2be117cc0e8548eb731ed2f2e,ef3f0c89d96ab326ed5c33340210b37033e47b033e9f124811cce7c80ef83b87,True,ok
figure3-20260716T123930Z-99bbe7a-020bd9ea7099,figure3d,holdout_figure1b,1000,224,2,6,figure3d-r00-c00,,,0.49936681668205196,0.0,0,112,100,100,1.0,0.9630065017930143,1.0,0.224,post_freeze_centered_grid,transition,True,figure1bc|114514|holdout_figure1b|1000|224,07fd5e60a054af08ea73d0e0337afae706d14a83d6411cba1ff370024ffbd84e,bcfa82cf445dfffa7afe14a5dcde1a440786d545b209c8bf1ac24c341b9d5964,ef3f0c89d96ab326ed5c33340210b37033e47b033e9f124811cce7c80ef83b87,False,ok
figure3-20260716T123930Z-99bbe7a-020bd9ea7099,figure3d,holdout_figure1b,1000,224,2,6,figure3d-r00-c01,,,0.5743668166820519,0.0,0,129,100,100,1.0,0.9630065017930143,1.0,0.224,post_freeze_centered_grid,transition,True,figure1bc|114514|holdout_figure1b|1000|224,07fd5e60a054af08ea73d0e0337afae706d14a83d6411cba1ff370024ffbd84e,d4eb0b83d8352685bf4d7a48bf982e1ba803251e2775d3b7861c5eb5ccd9962c,ef3f0c89d96ab326ed5c33340210b37033e47b033e9f124811cce7c80ef83b87,False,ok
figure3-20260716T123930Z-99bbe7a-020bd9ea7099,figure3d,holdout_figure1b,1000,224,2,6,figure3d-r00-c02,,,0.649366816682052,0.0,0,146,100,100,1.0,0.9630065017930143,1.0,0.224,post_freeze_centered_grid,transition,True,figure1bc|114514|holdout_figure1b|1000|224,07fd5e60a054af08ea73d0e0337afae706d14a83d6411cba1ff370024ffbd84e,d33100830fe473aac0c02fd3d6569dd6bc8e5398ed4b3660c481b2b1b2dc0dcb,ef3f0c89d96ab326ed5c33340210b37033e47b033e9f124811cce7c80ef83b87,False,ok
figure3-20260716T123930Z-99bbe7a-020bd9ea7099,figure3d,holdout_figure1b,1000,224,2,6,figure3d-r00-c03,,,0.7243668166820519,0.0,0,163,100,100,1.0,0.9630065017930143,1.0,0.224,post_freeze_centered_grid,transition,True,figure1bc|114514|holdout_figure1b|1000|224,07fd5e60a054af08ea73d0e0337afae706d14a83d6411cba1ff370024ffbd84e,328b851411306d0b0d5f779e18a6b1d5b5ca11ca330e1da9fdbe2b1de2927cde,ef3f0c89d96ab326ed5c33340210b37033e47b033e9f124811cce7c80ef83b87,False,ok
figure3-20260716T123930Z-99bbe7a-020bd9ea7099,figure3d,holdout_figure1b,1000,224,2,6,figure3d-r00-c04,,,0.7993668166820519,0.0,0,180,100,100,1.0,0.9630065017930143,1.0,0.224,post_freeze_centered_grid,transition,True,figure1bc|114514|holdout_figure1b|1000|224,07fd5e60a054af08ea73d0e0337afae706d14a83d6411cba1ff370024ffbd84e,8e7690f356b3cbc02b200ce33d46c788398fe2c4dcee442517ce418cc5ac85f9,ef3f0c89d96ab326ed5c33340210b37033e47b033e9f124811cce7c80ef83b87,False,ok
figure3-20260716T123930Z-99bbe7a-020bd9ea7099,figure3d,holdout_figure1b,1000,224,2,6,figure3d-r00-c05,,,0.874366816682052,0.0,0,196,100,100,1.0,0.9630065017930143,1.0,0.224,post_freeze_centered_grid,transition,True,figure1bc|114514|holdout_figure1b|1000|224,07fd5e60a054af08ea73d0e0337afae706d14a83d6411cba1ff370024ffbd84e,b3c44361903d33efcaca766d7ddbdb93a2c5bb577f292ca78bc6f355eba8cb56,ef3f0c89d96ab326ed5c33340210b37033e47b033e9f124811cce7c80ef83b87,False,ok
figure3-20260716T123930Z-99bbe7a-020bd9ea7099,figure3d,holdout_figure1b,1000,224,2,6,figure3d-r00-c06,,,0.9493668166820519,0.0,0,213,100,100,1.0,0.9630065017930143,1.0,0.224,post_freeze_centered_grid,transition,True,figure1bc|114514|holdout_figure1b|1000|224,07fd5e60a054af08ea73d0e0337afae706d14a83d6411cba1ff370024ffbd84e,fe8b102bd1d92c2b6036dbd7cb9c80a4be22f5b61e2314841b81e3573475319a,ef3f0c89d96ab326ed5c33340210b37033e47b033e9f124811cce7c80ef83b87,False,ok
figure3-20260716T123930Z-99bbe7a-020bd9ea7099,figure3d,holdout_figure1b,1000,224,2,6,figure3d-r01-c00,,,0.49936681668205196,1.0,1,168,100,100,1.0,0.9630065017930143,1.0,0.224,post_freeze_centered_grid,transition,True,figure1bc|114514|holdout_figure1b|1000|224,07fd5e60a054af08ea73d0e0337afae706d14a83d6411cba1ff370024ffbd84e,6f6f0bb0eefb3f6025c50e51dd8f3c6a4dcd7e77586f90cf062090407c3e4790,ef3f0c89d96ab326ed5c33340210b37033e47b033e9f124811cce7c80ef83b87,False,ok
figure3-20260716T123930Z-99bbe7a-020bd9ea7099,figure3d,holdout_figure1b,1000,224,2,6,figure3d-r01-c01,,,0.5743668166820519,1.0,1,177,100,100,1.0,0.9630065017930143,1.0,0.224,post_freeze_centered_grid,transition,True,figure1bc|114514|holdout_figure1b|1000|224,07fd5e60a054af08ea73d0e0337afae706d14a83d6411cba1ff370024ffbd84e,71c7662af8614588302fd5e447f855f129d3efb6531412d3878f7ad975495e5f,ef3f0c89d96ab326ed5c33340210b37033e47b033e9f124811cce7c80ef83b87,False,ok
figure3-20260716T123930Z-99bbe7a-020bd9ea7099,figure3d,holdout_figure1b,1000,224,2,6,figure3d-r01-c02,,,0.649366816682052,1.0,1,185,100,100,1.0,0.9630065017930143,1.0,0.224,post_freeze_centered_grid,transition,True,figure1bc|114514|holdout_figure1b|1000|224,07fd5e60a054af08ea73d0e0337afae706d14a83d6411cba1ff370024ffbd84e,376b4844edf69a2ee5050ad308ecffc8e9f922cb07ea4ee647e0de37d6575c5d,ef3f0c89d96ab326ed5c33340210b37033e47b033e9f124811cce7c80ef83b87,False,ok
figure3-20260716T123930Z-99bbe7a-020bd9ea7099,figure3d,holdout_figure1b,1000,224,2,6,figure3d-r01-c03,,,0.7243668166820519,1.0,1,194,100,100,1.0,0.9630065017930143,1.0,0.224,post_freeze_centered_grid,transition,True,figure1bc|114514|holdout_figure1b|1000|224,07fd5e60a054af08ea73d0e0337afae706d14a83d6411cba1ff370024ffbd84e,dd6cca50b8e5bd8e2ced1a94d82bdcf595ead77a279db5f03f777b74f89ad556,ef3f0c89d96ab326ed5c33340210b37033e47b033e9f124811cce7c80ef83b87,False,ok
figure3-20260716T123930Z-99bbe7a-020bd9ea7099,figure3d,holdout_figure1b,1000,224,2,6,figure3d-r01-c04,,,0.7993668166820519,1.0,1,202,100,100,1.0,0.9630065017930143,1.0,0.224,post_freeze_centered_grid,transition,True,figure1bc|114514|holdout_figure1b|1000|224,07fd5e60a054af08ea73d0e0337afae706d14a83d6411cba1ff370024ffbd84e,6eb89b15897aa7e9106c5aa8035f307f7e7c30d840c13357cc4e1b198b98f1c6,ef3f0c89d96ab326ed5c33340210b37033e47b033e9f124811cce7c80ef83b87,False,ok
figure3-20260716T123930Z-99bbe7a-020bd9ea7099,figure3d,holdout_figure1b,1000,224,2,6,figure3d-r01-c05,,,0.874366816682052,1.0,1,210,100,100,1.0,0.9630065017930143,1.0,0.224,post_freeze_centered_grid,transition,True,figure1bc|114514|holdout_figure1b|1000|224,07fd5e60a054af08ea73d0e0337afae706d14a83d6411cba1ff370024ffbd84e,9ff7be7669ef4859f55119e13dfe4ee81a8f6421ce84fb223b828363d6193315,ef3f0c89d96ab326ed5c33340210b37033e47b033e9f124811cce7c80ef83b87,False,ok
figure3-20260716T123930Z-99bbe7a-020bd9ea7099,figure3d,holdout_figure1b,1000,224,2,6,figure3d-r01-c06,,,0.9493668166820519,1.0,1,219,100,100,1.0,0.9630065017930143,1.0,0.224,post_freeze_centered_grid,transition,True,figure1bc|114514|holdout_figure1b|1000|224,07fd5e60a054af08ea73d0e0337afae706d14a83d6411cba1ff370024ffbd84e,b51de38559ba1215d6d5780754dbf15b9047f384afffe03d5308db2855324f39,ef3f0c89d96ab326ed5c33340210b37033e47b033e9f124811cce7c80ef83b87,False,ok
figure3-20260716T123930Z-99bbe7a-020bd9ea7099,figure3d,holdout_figure1b,1000,224,2,6,figure3d-r02-c00,,,0.49936681668205196,2.0,2,187,100,99,0.99,0.9455138038212946,0.9982325679358593,0.224,post_freeze_centered_grid,transition,True,figure1bc|114514|holdout_figure1b|1000|224,07fd5e60a054af08ea73d0e0337afae706d14a83d6411cba1ff370024ffbd84e,2af08ff250bfe82991e57d75f6b424435471529daaa4792f64132350300a9d41,ef3f0c89d96ab326ed5c33340210b37033e47b033e9f124811cce7c80ef83b87,False,ok
figure3-20260716T123930Z-99bbe7a-020bd9ea7099,figure3d,holdout_figure1b,1000,224,2,6,figure3d-r02-c01,,,0.5743668166820519,2.0,2,193,100,100,1.0,0.9630065017930143,1.0,0.224,post_freeze_centered_grid,transition,True,figure1bc|114514|holdout_figure1b|1000|224,07fd5e60a054af08ea73d0e0337afae706d14a83d6411cba1ff370024ffbd84e,d10efe4c4de36adfb5ec909feaeeabd724143c482480ebbb673b2ad66c7b840f,ef3f0c89d96ab326ed5c33340210b37033e47b033e9f124811cce7c80ef83b87,False,ok
figure3-20260716T123930Z-99bbe7a-020bd9ea7099,figure3d,holdout_figure1b,1000,224,2,6,figure3d-r02-c02,,,0.649366816682052,2.0,2,199,100,100,1.0,0.9630065017930143,1.0,0.224,post_freeze_centered_grid,transition,True,figure1bc|114514|holdout_figure1b|1000|224,07fd5e60a054af08ea73d0e0337afae706d14a83d6411cba1ff370024ffbd84e,5bd0daa46c377e464c759f98200d9a52b0c6b54f162cee18dad6ef1fa6945f15,ef3f0c89d96ab326ed5c33340210b37033e47b033e9f124811cce7c80ef83b87,False,ok
figure3-20260716T123930Z-99bbe7a-020bd9ea7099,figure3d,holdout_figure1b,1000,224,2,6,figure3d-r02-c04,,,0.7993668166820519,2.0,2,210,100,100,1.0,0.9630065017930143,1.0,0.224,post_freeze_centered_grid,transition,True,figure1bc|114514|holdout_figure1b|1000|224,07fd5e60a054af08ea73d0e0337afae706d14a83d6411cba1ff370024ffbd84e,270a8f1693834e28e237b766779e2af19032305df881fb12ccfab3669e835210,ef3f0c89d96ab326ed5c33340210b37033e47b033e9f124811cce7c80ef83b87,False,ok
figure3-20260716T123930Z-99bbe7a-020bd9ea7099,figure3d,holdout_figure1b,1000,224,2,6,figure3d-r02-c05,,,0.874366816682052,2.0,2,215,100,100,1.0,0.9630065017930143,1.0,0.224,post_freeze_centered_grid,transition,True,figure1bc|114514|holdout_figure1b|1000|224,07fd5e60a054af08ea73d0e0337afae706d14a83d6411cba1ff370024ffbd84e,4e8af1c344b227d6c102f3530b2856c4780a01e525dae18f588aa7c939be08ca,ef3f0c89d96ab326ed5c33340210b37033e47b033e9f124811cce7c80ef83b87,False,ok
figure3-20260716T123930Z-99bbe7a-020bd9ea7099,figure3d,holdout_figure1b,1000,224,2,6,figure3d-r02-c06,,,0.9493668166820519,2.0,2,221,100,100,1.0,0.9630065017930143,1.0,0.224,post_freeze_centered_grid,transition,True,figure1bc|114514|holdout_figure1b|1000|224,07fd5e60a054af08ea73d0e0337afae706d14a83d6411cba1ff370024ffbd84e,62c3a48e6200a0678bfc56d434afa33a3e15b8faea482843203c6f003d6d8e31,ef3f0c89d96ab326ed5c33340210b37033e47b033e9f124811cce7c80ef83b87,False,ok
figure3-20260716T123930Z-99bbe7a-020bd9ea7099,figure3d,holdout_figure1b,1000,224,2,6,figure3d-r03-c00,,,0.49936681668205196,3.0,3,196,100,98,0.98,0.929988209271456,0.9944980324498376,0.224,post_freeze_centered_grid,transition,True,figure1bc|114514|holdout_figure1b|1000|224,07fd5e60a054af08ea73d0e0337afae706d14a83d6411cba1ff370024ffbd84e,17713712c37a42ee79c6320fa4a980d081a07829815256dfc2cd699d55eaa6cb,ef3f0c89d96ab326ed5c33340210b37033e47b033e9f124811cce7c80ef83b87,False,ok
figure3-20260716T123930Z-99bbe7a-020bd9ea7099,figure3d,holdout_figure1b,1000,224,2,6,figure3d-r03-c01,,,0.5743668166820519,3.0,3,201,100,100,1.0,0.9630065017930143,1.0,0.224,post_freeze_centered_grid,transition,True,figure1bc|114514|holdout_figure1b|1000|224,07fd5e60a054af08ea73d0e0337afae706d14a83d6411cba1ff370024ffbd84e,61919aa422484cbc1645d561f0dbf8e6870ba14eeefa211fb7f83785cb931438,ef3f0c89d96ab326ed5c33340210b37033e47b033e9f124811cce7c80ef83b87,False,ok
figure3-20260716T123930Z-99bbe7a-020bd9ea7099,figure3d,holdout_figure1b,1000,224,2,6,figure3d-r03-c02,,,0.649366816682052,3.0,3,205,100,100,1.0,0.9630065017930143,1.0,0.224,post_freeze_centered_grid,transition,True,figure1bc|114514|holdout_figure1b|1000|224,07fd5e60a054af08ea73d0e0337afae706d14a83d6411cba1ff370024ffbd84e,42d59b0f135da6d9cb0b3a61d758d41df2fd3747320a6505329d002e88ecf45d,ef3f0c89d96ab326ed5c33340210b37033e47b033e9f124811cce7c80ef83b87,False,ok
figure3-20260716T123930Z-99bbe7a-020bd9ea7099,figure3d,holdout_figure1b,1000,224,2,6,figure3d-r03-c03,,,0.7243668166820519,3.0,3,209,100,100,1.0,0.9630065017930143,1.0,0.224,post_freeze_centered_grid,transition,True,figure1bc|114514|holdout_figure1b|1000|224,07fd5e60a054af08ea73d0e0337afae706d14a83d6411cba1ff370024ffbd84e,e27e0bf131c21b256647e5d668cfbc30b24c25029fca8605c80902386006659e,ef3f0c89d96ab326ed5c33340210b37033e47b033e9f124811cce7c80ef83b87,False,ok
figure3-20260716T123930Z-99bbe7a-020bd9ea7099,figure3d,holdout_figure1b,1000,224,2,6,figure3d-r03-c04,,,0.7993668166820519,3.0,3,213,100,100,1.0,0.9630065017930143,1.0,0.224,post_freeze_centered_grid,transition,True,figure1bc|114514|holdout_figure1b|1000|224,07fd5e60a054af08ea73d0e0337afae706d14a83d6411cba1ff370024ffbd84e,c44869039b665c1d98f19adecfb3b18fbc0b746a7e2b0e796720a85da7811ebd,ef3f0c89d96ab326ed5c33340210b37033e47b033e9f124811cce7c80ef83b87,False,ok
figure3-20260716T123930Z-99bbe7a-020bd9ea7099,figure3d,holdout_figure1b,1000,224,2,6,figure3d-r03-c05,,,0.874366816682052,3.0,3,217,100,100,1.0,0.9630065017930143,1.0,0.224,post_freeze_centered_grid,transition,True,figure1bc|114514|holdout_figure1b|1000|224,07fd5e60a054af08ea73d0e0337afae706d14a83d6411cba1ff370024ffbd84e,3bce4cba055c67f354f58d1077a096efc99380d3a6a07909dc1bcb79ae6b31e3,ef3f0c89d96ab326ed5c33340210b37033e47b033e9f124811cce7c80ef83b87,False,ok
figure3-20260716T123930Z-99bbe7a-020bd9ea7099,figure3d,holdout_figure1b,1000,224,2,6,figure3d-r03-c06,,,0.9493668166820519,3.0,3,222,100,100,1.0,0.9630065017930143,1.0,0.224,post_freeze_centered_grid,transition,True,figure1bc|114514|holdout_figure1b|1000|224,07fd5e60a054af08ea73d0e0337afae706d14a83d6411cba1ff370024ffbd84e,c1cf69398238b8f15b86d32e96ef585997b0ed0e2a71b3df8f334aaa288cefa6,ef3f0c89d96ab326ed5c33340210b37033e47b033e9f124811cce7c80ef83b87,False,ok
figure3-20260716T123930Z-99bbe7a-020bd9ea7099,figure3d,holdout_figure1b,1000,224,2,6,figure3d-r04-c00,,,0.49936681668205196,4.0,4,202,100,100,1.0,0.9630065017930143,1.0,0.224,post_freeze_centered_grid,transition,True,figure1bc|114514|holdout_figure1b|1000|224,07fd5e60a054af08ea73d0e0337afae706d14a83d6411cba1ff370024ffbd84e,5e33b3526c31219fd139faf9c5e131202ca3f6f7c0668205ed13c45f52c8bd14,ef3f0c89d96ab326ed5c33340210b37033e47b033e9f124811cce7c80ef83b87,False,ok
figure3-20260716T123930Z-99bbe7a-020bd9ea7099,figure3d,holdout_figure1b,1000,224,2,6,figure3d-r04-c01,,,0.5743668166820519,4.0,4,206,100,99,0.99,0.9455138038212946,0.9982325679358593,0.224,post_freeze_centered_grid,transition,True,figure1bc|114514|holdout_figure1b|1000|224,07fd5e60a054af08ea73d0e0337afae706d14a83d6411cba1ff370024ffbd84e,8c0336f2661058374da16445667724dbbbd1aedc1ebd9d542ba4fa73d88cf5c8,ef3f0c89d96ab326ed5c33340210b37033e47b033e9f124811cce7c80ef83b87,False,ok
figure3-20260716T123930Z-99bbe7a-020bd9ea7099,figure3d,holdout_figure1b,1000,224,2,6,figure3d-r04-c02,,,0.649366816682052,4.0,4,209,100,99,0.99,0.9455138038212946,0.9982325679358593,0.224,post_freeze_centered_grid,transition,True,figure1bc|114514|holdout_figure1b|1000|224,07fd5e60a054af08ea73d0e0337afae706d14a83d6411cba1ff370024ffbd84e,0084ef16941547d5bf4fa8c354dc3f3be38dbd92d1c250445bbde4a7679a483a,ef3f0c89d96ab326ed5c33340210b37033e47b033e9f124811cce7c80ef83b87,False,ok
figure3-20260716T123930Z-99bbe7a-020bd9ea7099,figure3d,holdout_figure1b,1000,224,2,6,figure3d-r04-c03,,,0.7243668166820519,4.0,4,212,100,100,1.0,0.9630065017930143,1.0,0.224,post_freeze_centered_grid,transition,True,figure1bc|114514|holdout_figure1b|1000|224,07fd5e60a054af08ea73d0e0337afae706d14a83d6411cba1ff370024ffbd84e,7517f4d0377661917ab3be0f27eb81bcaca693fe692e2b62df8e89badf86d32c,ef3f0c89d96ab326ed5c33340210b37033e47b033e9f124811cce7c80ef83b87,False,ok
figure3-20260716T123930Z-99bbe7a-020bd9ea7099,figure3d,holdout_figure1b,1000,224,2,6,figure3d-r04-c04,,,0.7993668166820519,4.0,4,216,100,100,1.0,0.9630065017930143,1.0,0.224,post_freeze_centered_grid,transition,True,figure1bc|114514|holdout_figure1b|1000|224,07fd5e60a054af08ea73d0e0337afae706d14a83d6411cba1ff370024ffbd84e,54880ba5eed51a7352eb9a1b76835acaed5a88296f24456870482472b0e0950d,ef3f0c89d96ab326ed5c33340210b37033e47b033e9f124811cce7c80ef83b87,False,ok
figure3-20260716T123930Z-99bbe7a-020bd9ea7099,figure3d,holdout_figure1b,1000,224,2,6,figure3d-r04-c05,,,0.874366816682052,4.0,4,219,100,100,1.0,0.9630065017930143,1.0,0.224,post_freeze_centered_grid,transition,True,figure1bc|114514|holdout_figure1b|1000|224,07fd5e60a054af08ea73d0e0337afae706d14a83d6411cba1ff370024ffbd84e,8b5e223eef540205af79dc980ed158f1cecdc3403541cb1fc326e55d3050571d,ef3f0c89d96ab326ed5c33340210b37033e47b033e9f124811cce7c80ef83b87,False,ok
figure3-20260716T123930Z-99bbe7a-020bd9ea7099,figure3d,holdout_figure1b,1000,224,2,6,figure3d-r04-c06,,,0.9493668166820519,4.0,4,222,100,100,1.0,0.9630065017930143,1.0,0.224,post_freeze_centered_grid,transition,True,figure1bc|114514|holdout_figure1b|1000|224,07fd5e60a054af08ea73d0e0337afae706d14a83d6411cba1ff370024ffbd84e,a311e420762285dd6b8d7dd1fe3045be55b5d8febbeb0a798a17f75781afa892,ef3f0c89d96ab326ed5c33340210b37033e47b033e9f124811cce7c80ef83b87,False,ok
figure3-20260716T123930Z-99bbe7a-020bd9ea7099,figure3d,holdout_figure1b,1000,224,2,6,frozen-prediction,0.875,0.9,0.7243668166820519,2.314974346784722,2,204,100,100,1.0,0.9630065017930143,1.0,0.224,post_freeze_centered_grid,transition,True,figure1bc|114514|holdout_figure1b|1000|224,07fd5e60a054af08ea73d0e0337afae706d14a83d6411cba1ff370024ffbd84e,21640949d90ea2b790f18ef366cf7a06ede74d0b9f8ceb0028ac54d5f48566bc,ef3f0c89d96ab326ed5c33340210b37033e47b033e9f124811cce7c80ef83b87,True,ok
figure3-20260716T123930Z-99bbe7a-020bd9ea7099,figure3e,holdout_figure1c,3000,596,2,6,figure3e-r00-c00,,,0.49936681668205196,1.0,1,447,100,22,0.22,0.150012823846054,0.31070353514985793,0.19866666666666666,post_freeze_centered_grid,transition,True,figure1bc|114514|holdout_figure1c|3000|596,bf8db7d70d1b615396a1c599b0cd3d6df167f6c222d8f383df81107734ea9fe6,a52e252cfebdd8e3aeaffcf4a51b698ec98afc6e07fc57f601a0dc6f0a3754ee,ef3f0c89d96ab326ed5c33340210b37033e47b033e9f124811cce7c80ef83b87,False,ok
figure3-20260716T123930Z-99bbe7a-020bd9ea7099,figure3e,holdout_figure1c,3000,596,2,6,figure3e-r00-c01,,,0.5743668166820519,1.0,1,470,100,64,0.64,0.5423540245160874,0.7272877959859567,0.19866666666666666,post_freeze_centered_grid,transition,True,figure1bc|114514|holdout_figure1c|3000|596,bf8db7d70d1b615396a1c599b0cd3d6df167f6c222d8f383df81107734ea9fe6,a522eb226715f1812432e9737ebe6a2f5e0e69f3582c27e8c6878a78c48a6ad3,ef3f0c89d96ab326ed5c33340210b37033e47b033e9f124811cce7c80ef83b87,False,ok
figure3-20260716T123930Z-99bbe7a-020bd9ea7099,figure3e,holdout_figure1c,3000,596,2,6,figure3e-r00-c02,,,0.649366816682052,1.0,1,492,100,60,0.6,0.5020025867910618,0.6905987135675411,0.19866666666666666,post_freeze_centered_grid,transition,True,figure1bc|114514|holdout_figure1c|3000|596,bf8db7d70d1b615396a1c599b0cd3d6df167f6c222d8f383df81107734ea9fe6,ac6359ea3a0e10b7a691c414ce5f1c570743bc0fcadafac6bb5b5671c382d5cd,ef3f0c89d96ab326ed5c33340210b37033e47b033e9f124811cce7c80ef83b87,False,ok
figure3-20260716T123930Z-99bbe7a-020bd9ea7099,figure3e,holdout_figure1c,3000,596,2,6,figure3e-r00-c03,,,0.7243668166820519,1.0,1,514,100,46,0.46,0.36560808309024106,0.5573513967663177,0.19866666666666666,post_freeze_centered_grid,transition,True,figure1bc|114514|holdout_figure1c|3000|596,bf8db7d70d1b615396a1c599b0cd3d6df167f6c222d8f383df81107734ea9fe6,c63d02fd2c64732ef70e25f79ea08628704975b5d045ddf8f3aa1de9846fdf88,ef3f0c89d96ab326ed5c33340210b37033e47b033e9f124811cce7c80ef83b87,False,ok
figure3-20260716T123930Z-99bbe7a-020bd9ea7099,figure3e,holdout_figure1c,3000,596,2,6,figure3e-r00-c04,,,0.7993668166820519,1.0,1,537,100,12,0.12,0.06999406437019488,0.19812099426711421,0.19866666666666666,post_freeze_centered_grid,transition,True,figure1bc|114514|holdout_figure1c|3000|596,bf8db7d70d1b615396a1c599b0cd3d6df167f6c222d8f383df81107734ea9fe6,68bd6ae50fd53ffb85afc7db001ad10aae7803075840caef145d26382185159b,ef3f0c89d96ab326ed5c33340210b37033e47b033e9f124811cce7c80ef83b87,False,ok
figure3-20260716T123930Z-99bbe7a-020bd9ea7099,figure3e,holdout_figure1c,3000,596,2,6,figure3e-r00-c05,,,0.874366816682052,1.0,1,559,100,3,0.03,0.010254524024038925,0.0845193642905276,0.19866666666666666,post_freeze_centered_grid,transition,True,figure1bc|114514|holdout_figure1c|3000|596,bf8db7d70d1b615396a1c599b0cd3d6df167f6c222d8f383df81107734ea9fe6,4320580343c0c963c5128fc5dd62ca47c34a88a3d747f4959e37aacf29c81fc7,ef3f0c89d96ab326ed5c33340210b37033e47b033e9f124811cce7c80ef83b87,False,ok
figure3-20260716T123930Z-99bbe7a-020bd9ea7099,figure3e,holdout_figure1c,3000,596,2,6,figure3e-r00-c06,,,0.9493668166820519,1.0,1,581,100,1,0.01,0.0017674320641406505,0.054486196178705315,0.19866666666666666,post_freeze_centered_grid,transition,True,figure1bc|114514|holdout_figure1c|3000|596,bf8db7d70d1b615396a1c599b0cd3d6df167f6c222d8f383df81107734ea9fe6,9f5cc90cf9cbd60d808d7680295e41b888614b1eec7fb21aa2287a7a264e3f8a,ef3f0c89d96ab326ed5c33340210b37033e47b033e9f124811cce7c80ef83b87,False,ok
figure3-20260716T123930Z-99bbe7a-020bd9ea7099,figure3e,holdout_figure1c,3000,596,2,6,figure3e-r01-c00,,,0.49936681668205196,2.0,2,497,100,18,0.18,0.1170022549894635,0.2666735838630073,0.19866666666666666,post_freeze_centered_grid,transition,True,figure1bc|114514|holdout_figure1c|3000|596,bf8db7d70d1b615396a1c599b0cd3d6df167f6c222d8f383df81107734ea9fe6,8becc4d4d48d7efb6bcfbbd626b85863887744c459174a965e698eb993ed1d55,ef3f0c89d96ab326ed5c33340210b37033e47b033e9f124811cce7c80ef83b87,False,ok
figure3-20260716T123930Z-99bbe7a-020bd9ea7099,figure3e,holdout_figure1c,3000,596,2,6,figure3e-r01-c01,,,0.5743668166820519,2.0,2,512,100,55,0.55,0.45244602997442135,0.6438546202048803,0.19866666666666666,post_freeze_centered_grid,transition,True,figure1bc|114514|holdout_figure1c|3000|596,bf8db7d70d1b615396a1c599b0cd3d6df167f6c222d8f383df81107734ea9fe6,f85ba2c0c7edce4b4a67515beff4de1a569364352d94d58e8fdae887ddbd8377,ef3f0c89d96ab326ed5c33340210b37033e47b033e9f124811cce7c80ef83b87,False,ok
figure3-20260716T123930Z-99bbe7a-020bd9ea7099,figure3e,holdout_figure1c,3000,596,2,6,figure3e-r01-c02,,,0.649366816682052,2.0,2,527,100,91,0.91,0.837737871472837,0.9519274599974348,0.19866666666666666,post_freeze_centered_grid,transition,True,figure1bc|114514|holdout_figure1c|3000|596,bf8db7d70d1b615396a1c599b0cd3d6df167f6c222d8f383df81107734ea9fe6,4a44f9c6638a4769b0e18e1edf9b8f00d8f61e82ae112f5bea768fc8d40255f0,ef3f0c89d96ab326ed5c33340210b37033e47b033e9f124811cce7c80ef83b87,False,ok
figure3-20260716T123930Z-99bbe7a-020bd9ea7099,figure3e,holdout_figure1c,3000,596,2,6,figure3e-r01-c03,,,0.7243668166820519,2.0,2,542,100,91,0.91,0.837737871472837,0.9519274599974348,0.19866666666666666,post_freeze_centered_grid,transition,True,figure1bc|114514|holdout_figure1c|3000|596,bf8db7d70d1b615396a1c599b0cd3d6df167f6c222d8f383df81107734ea9fe6,1c84ce162d93acb2f4d60c48e1b4f64a232f476e01e2a1a2204d1f010dc6f5fa,ef3f0c89d96ab326ed5c33340210b37033e47b033e9f124811cce7c80ef83b87,False,ok
figure3-20260716T123930Z-99bbe7a-020bd9ea7099,figure3e,holdout_figure1c,3000,596,2,6,figure3e-r01-c04,,,0.7993668166820519,2.0,2,557,100,69,0.69,0.5937394428051057,0.7722030278762395,0.19866666666666666,post_freeze_centered_grid,transition,True,figure1bc|114514|holdout_figure1c|3000|596,bf8db7d70d1b615396a1c599b0cd3d6df167f6c222d8f383df81107734ea9fe6,4de1f1c06f31fc6566de33e6d7a4236b9b250652d8580d3b0c9a0fedb3ec1bcd,ef3f0c89d96ab326ed5c33340210b37033e47b033e9f124811cce7c80ef83b87,False,ok
figure3-20260716T123930Z-99bbe7a-020bd9ea7099,figure3e,holdout_figure1c,3000,596,2,6,figure3e-r01-c05,,,0.874366816682052,2.0,2,572,100,32,0.32,0.23669147324999093,0.41662618610452384,0.19866666666666666,post_freeze_centered_grid,transition,True,figure1bc|114514|holdout_figure1c|3000|596,bf8db7d70d1b615396a1c599b0cd3d6df167f6c222d8f383df81107734ea9fe6,9b239fc56f1bac8904c5af078aa08b99dabd84fd271825d6ea8953607d3e80c5,ef3f0c89d96ab326ed5c33340210b37033e47b033e9f124811cce7c80ef83b87,False,ok
figure3-20260716T123930Z-99bbe7a-020bd9ea7099,figure3e,holdout_figure1c,3000,596,2,6,figure3e-r01-c06,,,0.9493668166820519,2.0,2,586,100,6,0.06,0.027786123963188192,0.1247681544589592,0.19866666666666666,post_freeze_centered_grid,transition,True,figure1bc|114514|holdout_figure1c|3000|596,bf8db7d70d1b615396a1c599b0cd3d6df167f6c222d8f383df81107734ea9fe6,12b0d1a846402fd9edf7f8419e8b420e7a1b3ce71efe46e00ca7a4dcf64dfaed,ef3f0c89d96ab326ed5c33340210b37033e47b033e9f124811cce7c80ef83b87,False,ok
figure3-20260716T123930Z-99bbe7a-020bd9ea7099,figure3e,holdout_figure1c,3000,596,2,6,figure3e-r02-c00,,,0.49936681668205196,3.0,3,522,100,33,0.33,0.24563122734128034,0.4269465620490947,0.19866666666666666,post_freeze_centered_grid,transition,True,figure1bc|114514|holdout_figure1c|3000|596,bf8db7d70d1b615396a1c599b0cd3d6df167f6c222d8f383df81107734ea9fe6,90eca8fe4a3eb826c8cdbf5c830d392479e54bc0104d38672942e657b705e4b1,ef3f0c89d96ab326ed5c33340210b37033e47b033e9f124811cce7c80ef83b87,False,ok
figure3-20260716T123930Z-99bbe7a-020bd9ea7099,figure3e,holdout_figure1c,3000,596,2,6,figure3e-r02-c01,,,0.5743668166820519,3.0,3,533,100,69,0.69,0.5937394428051057,0.7722030278762395,0.19866666666666666,post_freeze_centered_grid,transition,True,figure1bc|114514|holdout_figure1c|3000|596,bf8db7d70d1b615396a1c599b0cd3d6df167f6c222d8f383df81107734ea9fe6,4f7bffd9eed549104441f87875cd6cf5d577e2381c5659e619f5340f8c6778d7,ef3f0c89d96ab326ed5c33340210b37033e47b033e9f124811cce7c80ef83b87,False,ok
figure3-20260716T123930Z-99bbe7a-020bd9ea7099,figure3e,holdout_figure1c,3000,596,2,6,figure3e-r02-c02,,,0.649366816682052,3.0,3,544,100,91,0.91,0.837737871472837,0.9519274599974348,0.19866666666666666,post_freeze_centered_grid,transition,True,figure1bc|114514|holdout_figure1c|3000|596,bf8db7d70d1b615396a1c599b0cd3d6df167f6c222d8f383df81107734ea9fe6,f2d323f385f74f367375df83c5dc1ed29d017825a0d57b15d37f81e3812bc716,ef3f0c89d96ab326ed5c33340210b37033e47b033e9f124811cce7c80ef83b87,False,ok
figure3-20260716T123930Z-99bbe7a-020bd9ea7099,figure3e,holdout_figure1c,3000,596,2,6,figure3e-r02-c04,,,0.7993668166820519,3.0,3,567,100,87,0.87,0.7901964855992357,0.9224283257275948,0.19866666666666666,post_freeze_centered_grid,transition,True,figure1bc|114514|holdout_figure1c|3000|596,bf8db7d70d1b615396a1c599b0cd3d6df167f6c222d8f383df81107734ea9fe6,044d27c91b2f8b2f6c4dab430f9ecb6e17fef28f3db934621fd5a97596948e92,ef3f0c89d96ab326ed5c33340210b37033e47b033e9f124811cce7c80ef83b87,False,ok
figure3-20260716T123930Z-99bbe7a-020bd9ea7099,figure3e,holdout_figure1c,3000,596,2,6,figure3e-r02-c05,,,0.874366816682052,3.0,3,578,100,57,0.57,0.47215389549212305,0.6626670147588988,0.19866666666666666,post_freeze_centered_grid,transition,True,figure1bc|114514|holdout_figure1c|3000|596,bf8db7d70d1b615396a1c599b0cd3d6df167f6c222d8f383df81107734ea9fe6,b0a5e152e430ae357942f33ac6a165a6ca27befbae7efb0ed8c982eb5a632a88,ef3f0c89d96ab326ed5c33340210b37033e47b033e9f124811cce7c80ef83b87,False,ok
figure3-20260716T123930Z-99bbe7a-020bd9ea7099,figure3e,holdout_figure1c,3000,596,2,6,figure3e-r02-c06,,,0.9493668166820519,3.0,3,589,100,18,0.18,0.1170022549894635,0.2666735838630073,0.19866666666666666,post_freeze_centered_grid,transition,True,figure1bc|114514|holdout_figure1c|3000|596,bf8db7d70d1b615396a1c599b0cd3d6df167f6c222d8f383df81107734ea9fe6,fef2b2f1399fe1c64c8cdc4d154d42f549aaac2278b890c6e067b60a3c530691,ef3f0c89d96ab326ed5c33340210b37033e47b033e9f124811cce7c80ef83b87,False,ok
figure3-20260716T123930Z-99bbe7a-020bd9ea7099,figure3e,holdout_figure1c,3000,596,2,6,figure3e-r03-c00,,,0.49936681668205196,4.0,4,537,100,48,0.48,0.384645517580519,0.5768342223477603,0.19866666666666666,post_freeze_centered_grid,transition,True,figure1bc|114514|holdout_figure1c|3000|596,bf8db7d70d1b615396a1c599b0cd3d6df167f6c222d8f383df81107734ea9fe6,5d490a86dbec1e3f893032209ca395b72cb1b1cc1cc0dd6b155014a69a94eb9d,ef3f0c89d96ab326ed5c33340210b37033e47b033e9f124811cce7c80ef83b87,False,ok
figure3-20260716T123930Z-99bbe7a-020bd9ea7099,figure3e,holdout_figure1c,3000,596,2,6,figure3e-r03-c01,,,0.5743668166820519,4.0,4,546,100,73,0.73,0.6356788323205499,0.8073041585042365,0.19866666666666666,post_freeze_centered_grid,transition,True,figure1bc|114514|holdout_figure1c|3000|596,bf8db7d70d1b615396a1c599b0cd3d6df167f6c222d8f383df81107734ea9fe6,0563e03bb9952a3c54119f5c0bb4a9fa99e5dd01e5717004e4f99e3e31adf088,ef3f0c89d96ab326ed5c33340210b37033e47b033e9f124811cce7c80ef83b87,False,ok
figure3-20260716T123930Z-99bbe7a-020bd9ea7099,figure3e,holdout_figure1c,3000,596,2,6,figure3e-r03-c02,,,0.649366816682052,4.0,4,555,100,97,0.97,0.9154806357094724,0.9897454759759611,0.19866666666666666,post_freeze_centered_grid,transition,True,figure1bc|114514|holdout_figure1c|3000|596,bf8db7d70d1b615396a1c599b0cd3d6df167f6c222d8f383df81107734ea9fe6,2b14920a181278a5dac5ae9ac72f76ee397b1988a34f4a8506b77457d5391086,ef3f0c89d96ab326ed5c33340210b37033e47b033e9f124811cce7c80ef83b87,False,ok
figure3-20260716T123930Z-99bbe7a-020bd9ea7099,figure3e,holdout_figure1c,3000,596,2,6,figure3e-r03-c03,,,0.7243668166820519,4.0,4,564,100,98,0.98,0.929988209271456,0.9944980324498376,0.19866666666666666,post_freeze_centered_grid,transition,True,figure1bc|114514|holdout_figure1c|3000|596,bf8db7d70d1b615396a1c599b0cd3d6df167f6c222d8f383df81107734ea9fe6,1013fef1cb128271a96ff096bb295eb2735729fad0df84277606b08f32685ec3,ef3f0c89d96ab326ed5c33340210b37033e47b033e9f124811cce7c80ef83b87,False,ok
figure3-20260716T123930Z-99bbe7a-020bd9ea7099,figure3e,holdout_figure1c,3000,596,2,6,figure3e-r03-c04,,,0.7993668166820519,4.0,4,573,100,93,0.93,0.8625048526092651,0.9656807389327273,0.19866666666666666,post_freeze_centered_grid,transition,True,figure1bc|114514|holdout_figure1c|3000|596,bf8db7d70d1b615396a1c599b0cd3d6df167f6c222d8f383df81107734ea9fe6,4dd250e67425bba1ee03ececc43829fffdfe4374dad0719849c4b1a4814e29cc,ef3f0c89d96ab326ed5c33340210b37033e47b033e9f124811cce7c80ef83b87,False,ok
figure3-20260716T123930Z-99bbe7a-020bd9ea7099,figure3e,holdout_figure1c,3000,596,2,6,figure3e-r03-c05,,,0.874366816682052,4.0,4,582,100,59,0.59,0.4920143005341078,0.6813268697886348,0.19866666666666666,post_freeze_centered_grid,transition,True,figure1bc|114514|holdout_figure1c|3000|596,bf8db7d70d1b615396a1c599b0cd3d6df167f6c222d8f383df81107734ea9fe6,7f3376fe07494c0605298518ee132c65307d505ef11edfc3c509a9ca823d27cc,ef3f0c89d96ab326ed5c33340210b37033e47b033e9f124811cce7c80ef83b87,False,ok
figure3-20260716T123930Z-99bbe7a-020bd9ea7099,figure3e,holdout_figure1c,3000,596,2,6,figure3e-r03-c06,,,0.9493668166820519,4.0,4,590,100,32,0.32,0.23669147324999093,0.41662618610452384,0.19866666666666666,post_freeze_centered_grid,transition,True,figure1bc|114514|holdout_figure1c|3000|596,bf8db7d70d1b615396a1c599b0cd3d6df167f6c222d8f383df81107734ea9fe6,218e1f69d4cf8dea5dcc6aa099a0e240cf72ad49672f4c83f5924989080477fd,ef3f0c89d96ab326ed5c33340210b37033e47b033e9f124811cce7c80ef83b87,False,ok
figure3-20260716T123930Z-99bbe7a-020bd9ea7099,figure3e,holdout_figure1c,3000,596,2,6,figure3e-r04-c00,,,0.49936681668205196,5.0,5,547,100,46,0.46,0.36560808309024106,0.5573513967663177,0.19866666666666666,post_freeze_centered_grid,transition,True,figure1bc|114514|holdout_figure1c|3000|596,bf8db7d70d1b615396a1c599b0cd3d6df167f6c222d8f383df81107734ea9fe6,730d425acbe144e2dfb18f53992a8f2d0bb7702af118c8ef7290a1757b55aa79,ef3f0c89d96ab326ed5c33340210b37033e47b033e9f124811cce7c80ef83b87,False,ok
figure3-20260716T123930Z-99bbe7a-020bd9ea7099,figure3e,holdout_figure1c,3000,596,2,6,figure3e-r04-c01,,,0.5743668166820519,5.0,5,554,100,73,0.73,0.6356788323205499,0.8073041585042365,0.19866666666666666,post_freeze_centered_grid,transition,True,figure1bc|114514|holdout_figure1c|3000|596,bf8db7d70d1b615396a1c599b0cd3d6df167f6c222d8f383df81107734ea9fe6,61b82fdf6b6114b2cf04b15f275c941fdd0930513ccaa7d825ff4776329090da,ef3f0c89d96ab326ed5c33340210b37033e47b033e9f124811cce7c80ef83b87,False,ok
figure3-20260716T123930Z-99bbe7a-020bd9ea7099,figure3e,holdout_figure1c,3000,596,2,6,figure3e-r04-c02,,,0.649366816682052,5.0,5,562,100,84,0.84,0.7557973061072976,0.8990471151119521,0.19866666666666666,post_freeze_centered_grid,transition,True,figure1bc|114514|holdout_figure1c|3000|596,bf8db7d70d1b615396a1c599b0cd3d6df167f6c222d8f383df81107734ea9fe6,8bc93bc498db072fac678bd4566e9b526e53b534f5b2d2c084f22c6296bcb3ab,ef3f0c89d96ab326ed5c33340210b37033e47b033e9f124811cce7c80ef83b87,False,ok
figure3-20260716T123930Z-99bbe7a-020bd9ea7099,figure3e,holdout_figure1c,3000,596,2,6,figure3e-r04-c03,,,0.7243668166820519,5.0,5,569,100,94,0.94,0.8752318455410406,0.9722138760368118,0.19866666666666666,post_freeze_centered_grid,transition,True,figure1bc|114514|holdout_figure1c|3000|596,bf8db7d70d1b615396a1c599b0cd3d6df167f6c222d8f383df81107734ea9fe6,fe1e2f65fdf3a08c1ec26a030235278e73890ef53250d9ca80909110c3f90938,ef3f0c89d96ab326ed5c33340210b37033e47b033e9f124811cce7c80ef83b87,False,ok
figure3-20260716T123930Z-99bbe7a-020bd9ea7099,figure3e,holdout_figure1c,3000,596,2,6,figure3e-r04-c04,,,0.7993668166820519,5.0,5,577,100,92,0.92,0.8500189229905127,0.9589065385156194,0.19866666666666666,post_freeze_centered_grid,transition,True,figure1bc|114514|holdout_figure1c|3000|596,bf8db7d70d1b615396a1c599b0cd3d6df167f6c222d8f383df81107734ea9fe6,87c0a1a40f7b0a4aa37b268c3b62fe00cb5eca8bf3a447990e55addf5ad28a56,ef3f0c89d96ab326ed5c33340210b37033e47b033e9f124811cce7c80ef83b87,False,ok
figure3-20260716T123930Z-99bbe7a-020bd9ea7099,figure3e,holdout_figure1c,3000,596,2,6,figure3e-r04-c05,,,0.874366816682052,5.0,5,584,100,74,0.74,0.6462901055081282,0.8159530153525186,0.19866666666666666,post_freeze_centered_grid,transition,True,figure1bc|114514|holdout_figure1c|3000|596,bf8db7d70d1b615396a1c599b0cd3d6df167f6c222d8f383df81107734ea9fe6,2818430d54858a936f4c4d62eca5024be6789ba68fb61435d694dfc3365e76e2,ef3f0c89d96ab326ed5c33340210b37033e47b033e9f124811cce7c80ef83b87,False,ok
figure3-20260716T123930Z-99bbe7a-020bd9ea7099,figure3e,holdout_figure1c,3000,596,2,6,figure3e-r04-c06,,,0.9493668166820519,5.0,5,591,100,37,0.37,0.28182360534324524,0.4677947041905709,0.19866666666666666,post_freeze_centered_grid,transition,True,figure1bc|114514|holdout_figure1c|3000|596,bf8db7d70d1b615396a1c599b0cd3d6df167f6c222d8f383df81107734ea9fe6,1314e7397ceab054ec019b586cdb55b0c24e64ad0700d3516e37b2e13b8b4fe6,ef3f0c89d96ab326ed5c33340210b37033e47b033e9f124811cce7c80ef83b87,False,ok
figure3-20260716T123930Z-99bbe7a-020bd9ea7099,figure3e,holdout_figure1c,3000,596,2,6,frozen-prediction,0.875,0.9,0.7243668166820519,3.2078367850904863,3,555,100,97,0.97,0.9154806357094724,0.9897454759759611,0.19866666666666666,post_freeze_centered_grid,transition,True,figure1bc|114514|holdout_figure1c|3000|596,bf8db7d70d1b615396a1c599b0cd3d6df167f6c222d8f383df81107734ea9fe6,b2979fca2e5aac4fdaba9332a8246f242a9d62a59b55ee56286be3778ae30f1e,ef3f0c89d96ab326ed5c33340210b37033e47b033e9f124811cce7c80ef83b87,True,ok
figure3-20260716T123930Z-99bbe7a-020bd9ea7099,figure3f,holdout_figure1b,3000,621,2,6,figure3f-r00-c00,,,0.49936681668205196,1.0,1,466,100,95,0.95,0.8882495307680808,0.9784563208456319,0.207,post_freeze_centered_grid,transition,True,figure1bc|114514|holdout_figure1b|3000|621,d81a7a17dec88fd3c31e381ec7a0699e08acd8a24db1cb3fea282c028a7fcddb,7f5c93fa1f504a4eee0e4ff01855c5d6e13528193aee7a8675f36c2fb304367e,ef3f0c89d96ab326ed5c33340210b37033e47b033e9f124811cce7c80ef83b87,False,ok
figure3-20260716T123930Z-99bbe7a-020bd9ea7099,figure3f,holdout_figure1b,3000,621,2,6,figure3f-r00-c01,,,0.5743668166820519,1.0,1,490,100,100,1.0,0.9630065017930143,1.0,0.207,post_freeze_centered_grid,transition,True,figure1bc|114514|holdout_figure1b|3000|621,d81a7a17dec88fd3c31e381ec7a0699e08acd8a24db1cb3fea282c028a7fcddb,3e80e7a69539cc5c9bb4035e02800a722cc6cb2b8f4c76c19bccee58000c146e,ef3f0c89d96ab326ed5c33340210b37033e47b033e9f124811cce7c80ef83b87,False,ok
figure3-20260716T123930Z-99bbe7a-020bd9ea7099,figure3f,holdout_figure1b,3000,621,2,6,figure3f-r00-c02,,,0.649366816682052,1.0,1,513,100,100,1.0,0.9630065017930143,1.0,0.207,post_freeze_centered_grid,transition,True,figure1bc|114514|holdout_figure1b|3000|621,d81a7a17dec88fd3c31e381ec7a0699e08acd8a24db1cb3fea282c028a7fcddb,131aa6b4d1b1a9b1df1b29578f6de98ae298c6ffd5aa91feb2d41d82d0ca607a,ef3f0c89d96ab326ed5c33340210b37033e47b033e9f124811cce7c80ef83b87,False,ok
figure3-20260716T123930Z-99bbe7a-020bd9ea7099,figure3f,holdout_figure1b,3000,621,2,6,figure3f-r00-c03,,,0.7243668166820519,1.0,1,536,100,100,1.0,0.9630065017930143,1.0,0.207,post_freeze_centered_grid,transition,True,figure1bc|114514|holdout_figure1b|3000|621,d81a7a17dec88fd3c31e381ec7a0699e08acd8a24db1cb3fea282c028a7fcddb,85b1d23150cc82bd10656c00c39a9226abba5f87057091de227338396c0ebced,ef3f0c89d96ab326ed5c33340210b37033e47b033e9f124811cce7c80ef83b87,False,ok
figure3-20260716T123930Z-99bbe7a-020bd9ea7099,figure3f,holdout_figure1b,3000,621,2,6,figure3f-r00-c04,,,0.7993668166820519,1.0,1,559,100,100,1.0,0.9630065017930143,1.0,0.207,post_freeze_centered_grid,transition,True,figure1bc|114514|holdout_figure1b|3000|621,d81a7a17dec88fd3c31e381ec7a0699e08acd8a24db1cb3fea282c028a7fcddb,fd33419f6f92c23b9b0b62d3c754cb5f9bea72bd830462efacb5b48e363f61fb,ef3f0c89d96ab326ed5c33340210b37033e47b033e9f124811cce7c80ef83b87,False,ok
figure3-20260716T123930Z-99bbe7a-020bd9ea7099,figure3f,holdout_figure1b,3000,621,2,6,figure3f-r00-c05,,,0.874366816682052,1.0,1,583,100,97,0.97,0.9154806357094724,0.9897454759759611,0.207,post_freeze_centered_grid,transition,True,figure1bc|114514|holdout_figure1b|3000|621,d81a7a17dec88fd3c31e381ec7a0699e08acd8a24db1cb3fea282c028a7fcddb,58bdfb553173e3c7262c41da39ee31bbb54f0ac0bb71d9c264fb78fc6cf6934d,ef3f0c89d96ab326ed5c33340210b37033e47b033e9f124811cce7c80ef83b87,False,ok
figure3-20260716T123930Z-99bbe7a-020bd9ea7099,figure3f,holdout_figure1b,3000,621,2,6,figure3f-r00-c06,,,0.9493668166820519,1.0,1,606,100,92,0.92,0.8500189229905127,0.9589065385156194,0.207,post_freeze_centered_grid,transition,True,figure1bc|114514|holdout_figure1b|3000|621,d81a7a17dec88fd3c31e381ec7a0699e08acd8a24db1cb3fea282c028a7fcddb,6c487a2ae547c9034074f7f8a9aa770628593bd7ce149d15d53b41bef54ce7eb,ef3f0c89d96ab326ed5c33340210b37033e47b033e9f124811cce7c80ef83b87,False,ok
figure3-20260716T123930Z-99bbe7a-020bd9ea7099,figure3f,holdout_figure1b,3000,621,2,6,figure3f-r01-c00,,,0.49936681668205196,2.0,2,518,100,89,0.89,0.8136870349691969,0.9374580364293543,0.207,post_freeze_centered_grid,transition,True,figure1bc|114514|holdout_figure1b|3000|621,d81a7a17dec88fd3c31e381ec7a0699e08acd8a24db1cb3fea282c028a7fcddb,2d421eb26e58666b88c75dcb436f2192092ffe1a4068ef7eb2a9dabc77de2e3b,ef3f0c89d96ab326ed5c33340210b37033e47b033e9f124811cce7c80ef83b87,False,ok
figure3-20260716T123930Z-99bbe7a-020bd9ea7099,figure3f,holdout_figure1b,3000,621,2,6,figure3f-r01-c01,,,0.5743668166820519,2.0,2,533,100,100,1.0,0.9630065017930143,1.0,0.207,post_freeze_centered_grid,transition,True,figure1bc|114514|holdout_figure1b|3000|621,d81a7a17dec88fd3c31e381ec7a0699e08acd8a24db1cb3fea282c028a7fcddb,3f16d50d118bb8d943708215bca8c010a027d047905352c27bb0cf960cc3ec18,ef3f0c89d96ab326ed5c33340210b37033e47b033e9f124811cce7c80ef83b87,False,ok
figure3-20260716T123930Z-99bbe7a-020bd9ea7099,figure3f,holdout_figure1b,3000,621,2,6,figure3f-r01-c02,,,0.649366816682052,2.0,2,549,100,100,1.0,0.9630065017930143,1.0,0.207,post_freeze_centered_grid,transition,True,figure1bc|114514|holdout_figure1b|3000|621,d81a7a17dec88fd3c31e381ec7a0699e08acd8a24db1cb3fea282c028a7fcddb,792c6061bb15aae933abc2cf6e632383d10d5d9d3410c72993358b869b388864,ef3f0c89d96ab326ed5c33340210b37033e47b033e9f124811cce7c80ef83b87,False,ok
figure3-20260716T123930Z-99bbe7a-020bd9ea7099,figure3f,holdout_figure1b,3000,621,2,6,figure3f-r01-c03,,,0.7243668166820519,2.0,2,564,100,100,1.0,0.9630065017930143,1.0,0.207,post_freeze_centered_grid,transition,True,figure1bc|114514|holdout_figure1b|3000|621,d81a7a17dec88fd3c31e381ec7a0699e08acd8a24db1cb3fea282c028a7fcddb,c413348905f91a1c605c1a2c6c59cae54e7a3f069a0a37fe159f0f0e29fdbf90,ef3f0c89d96ab326ed5c33340210b37033e47b033e9f124811cce7c80ef83b87,False,ok
figure3-20260716T123930Z-99bbe7a-020bd9ea7099,figure3f,holdout_figure1b,3000,621,2,6,figure3f-r01-c04,,,0.7993668166820519,2.0,2,580,100,100,1.0,0.9630065017930143,1.0,0.207,post_freeze_centered_grid,transition,True,figure1bc|114514|holdout_figure1b|3000|621,d81a7a17dec88fd3c31e381ec7a0699e08acd8a24db1cb3fea282c028a7fcddb,2a017175afe8ec9dfde31c8caa10f8c08faa85e3f1f4f8ca9c46d86b1957c0a6,ef3f0c89d96ab326ed5c33340210b37033e47b033e9f124811cce7c80ef83b87,False,ok
figure3-20260716T123930Z-99bbe7a-020bd9ea7099,figure3f,holdout_figure1b,3000,621,2,6,figure3f-r01-c05,,,0.874366816682052,2.0,2,595,100,100,1.0,0.9630065017930143,1.0,0.207,post_freeze_centered_grid,transition,True,figure1bc|114514|holdout_figure1b|3000|621,d81a7a17dec88fd3c31e381ec7a0699e08acd8a24db1cb3fea282c028a7fcddb,57a6fc9abcf1356371eb212d6dd08ef32a020936d362501ce187c626f3b6a2f3,ef3f0c89d96ab326ed5c33340210b37033e47b033e9f124811cce7c80ef83b87,False,ok
figure3-20260716T123930Z-99bbe7a-020bd9ea7099,figure3f,holdout_figure1b,3000,621,2,6,figure3f-r01-c06,,,0.9493668166820519,2.0,2,611,100,95,0.95,0.8882495307680808,0.9784563208456319,0.207,post_freeze_centered_grid,transition,True,figure1bc|114514|holdout_figure1b|3000|621,d81a7a17dec88fd3c31e381ec7a0699e08acd8a24db1cb3fea282c028a7fcddb,38698b2c1a78bcb639f14de35ca97a5e22df87ceb1a323fa5beeba4f5a7976a6,ef3f0c89d96ab326ed5c33340210b37033e47b033e9f124811cce7c80ef83b87,False,ok
figure3-20260716T123930Z-99bbe7a-020bd9ea7099,figure3f,holdout_figure1b,3000,621,2,6,figure3f-r02-c00,,,0.49936681668205196,3.0,3,544,100,94,0.94,0.8752318455410406,0.9722138760368118,0.207,post_freeze_centered_grid,transition,True,figure1bc|114514|holdout_figure1b|3000|621,d81a7a17dec88fd3c31e381ec7a0699e08acd8a24db1cb3fea282c028a7fcddb,5c92d918a549ad388a47e3d2d1189df1f5ff91ed33fd4bc4df1ed30651c3d3a7,ef3f0c89d96ab326ed5c33340210b37033e47b033e9f124811cce7c80ef83b87,False,ok
figure3-20260716T123930Z-99bbe7a-020bd9ea7099,figure3f,holdout_figure1b,3000,621,2,6,figure3f-r02-c01,,,0.5743668166820519,3.0,3,556,100,100,1.0,0.9630065017930143,1.0,0.207,post_freeze_centered_grid,transition,True,figure1bc|114514|holdout_figure1b|3000|621,d81a7a17dec88fd3c31e381ec7a0699e08acd8a24db1cb3fea282c028a7fcddb,432ef15aa5fbcddb0336332bb5302de98c5f1c833217530977adf446fcfb7865,ef3f0c89d96ab326ed5c33340210b37033e47b033e9f124811cce7c80ef83b87,False,ok
figure3-20260716T123930Z-99bbe7a-020bd9ea7099,figure3f,holdout_figure1b,3000,621,2,6,figure3f-r02-c02,,,0.649366816682052,3.0,3,567,100,100,1.0,0.9630065017930143,1.0,0.207,post_freeze_centered_grid,transition,True,figure1bc|114514|holdout_figure1b|3000|621,d81a7a17dec88fd3c31e381ec7a0699e08acd8a24db1cb3fea282c028a7fcddb,926844f08b86ae9dedbf2e5ce877244b810f075092b773433d5b1dae20b17654,ef3f0c89d96ab326ed5c33340210b37033e47b033e9f124811cce7c80ef83b87,False,ok
figure3-20260716T123930Z-99bbe7a-020bd9ea7099,figure3f,holdout_figure1b,3000,621,2,6,figure3f-r02-c04,,,0.7993668166820519,3.0,3,590,100,100,1.0,0.9630065017930143,1.0,0.207,post_freeze_centered_grid,transition,True,figure1bc|114514|holdout_figure1b|3000|621,d81a7a17dec88fd3c31e381ec7a0699e08acd8a24db1cb3fea282c028a7fcddb,f8dd4b7b433ebcf2046f1f7486667c5a1f283937852fb4537c552c985488f380,ef3f0c89d96ab326ed5c33340210b37033e47b033e9f124811cce7c80ef83b87,False,ok
figure3-20260716T123930Z-99bbe7a-020bd9ea7099,figure3f,holdout_figure1b,3000,621,2,6,figure3f-r02-c05,,,0.874366816682052,3.0,3,602,100,100,1.0,0.9630065017930143,1.0,0.207,post_freeze_centered_grid,transition,True,figure1bc|114514|holdout_figure1b|3000|621,d81a7a17dec88fd3c31e381ec7a0699e08acd8a24db1cb3fea282c028a7fcddb,79ef64a41ba4878e728dc6389ce861b85667cdec481ae1522038cf7cb9ba4ee6,ef3f0c89d96ab326ed5c33340210b37033e47b033e9f124811cce7c80ef83b87,False,ok
figure3-20260716T123930Z-99bbe7a-020bd9ea7099,figure3f,holdout_figure1b,3000,621,2,6,figure3f-r02-c06,,,0.9493668166820519,3.0,3,614,100,97,0.97,0.9154806357094724,0.9897454759759611,0.207,post_freeze_centered_grid,transition,True,figure1bc|114514|holdout_figure1b|3000|621,d81a7a17dec88fd3c31e381ec7a0699e08acd8a24db1cb3fea282c028a7fcddb,cc29fb4ba4739b885689ec7dcf326ac4fb6cc16b4b07142a1262ef58dfd15f38,ef3f0c89d96ab326ed5c33340210b37033e47b033e9f124811cce7c80ef83b87,False,ok
figure3-20260716T123930Z-99bbe7a-020bd9ea7099,figure3f,holdout_figure1b,3000,621,2,6,figure3f-r03-c00,,,0.49936681668205196,4.0,4,559,100,97,0.97,0.9154806357094724,0.9897454759759611,0.207,post_freeze_centered_grid,transition,True,figure1bc|114514|holdout_figure1b|3000|621,d81a7a17dec88fd3c31e381ec7a0699e08acd8a24db1cb3fea282c028a7fcddb,713ef10025d8ed6c6da707e1be6d047508d9d79a004a56c4b7370179c3548991,ef3f0c89d96ab326ed5c33340210b37033e47b033e9f124811cce7c80ef83b87,False,ok
figure3-20260716T123930Z-99bbe7a-020bd9ea7099,figure3f,holdout_figure1b,3000,621,2,6,figure3f-r03-c01,,,0.5743668166820519,4.0,4,569,100,100,1.0,0.9630065017930143,1.0,0.207,post_freeze_centered_grid,transition,True,figure1bc|114514|holdout_figure1b|3000|621,d81a7a17dec88fd3c31e381ec7a0699e08acd8a24db1cb3fea282c028a7fcddb,8eede273f02ac800418628317b0aae9dbc2fa479747d5f45a4c3d23362a34708,ef3f0c89d96ab326ed5c33340210b37033e47b033e9f124811cce7c80ef83b87,False,ok
figure3-20260716T123930Z-99bbe7a-020bd9ea7099,figure3f,holdout_figure1b,3000,621,2,6,figure3f-r03-c02,,,0.649366816682052,4.0,4,578,100,100,1.0,0.9630065017930143,1.0,0.207,post_freeze_centered_grid,transition,True,figure1bc|114514|holdout_figure1b|3000|621,d81a7a17dec88fd3c31e381ec7a0699e08acd8a24db1cb3fea282c028a7fcddb,7b8a6cf480eeb1f70efd4990e58aba2b95b5e50a6c1ab2306d64125bd9ced5b3,ef3f0c89d96ab326ed5c33340210b37033e47b033e9f124811cce7c80ef83b87,False,ok
figure3-20260716T123930Z-99bbe7a-020bd9ea7099,figure3f,holdout_figure1b,3000,621,2,6,figure3f-r03-c03,,,0.7243668166820519,4.0,4,587,100,100,1.0,0.9630065017930143,1.0,0.207,post_freeze_centered_grid,transition,True,figure1bc|114514|holdout_figure1b|3000|621,d81a7a17dec88fd3c31e381ec7a0699e08acd8a24db1cb3fea282c028a7fcddb,2e2dab03cc62df5046695bd0fd23aee71d4940ed4c95140235d8d810c8512766,ef3f0c89d96ab326ed5c33340210b37033e47b033e9f124811cce7c80ef83b87,False,ok
figure3-20260716T123930Z-99bbe7a-020bd9ea7099,figure3f,holdout_figure1b,3000,621,2,6,figure3f-r03-c04,,,0.7993668166820519,4.0,4,597,100,100,1.0,0.9630065017930143,1.0,0.207,post_freeze_centered_grid,transition,True,figure1bc|114514|holdout_figure1b|3000|621,d81a7a17dec88fd3c31e381ec7a0699e08acd8a24db1cb3fea282c028a7fcddb,615fd2e7d5b3717f11bc4b58668768e329d2fed77e5b6754598d2def3a57f69a,ef3f0c89d96ab326ed5c33340210b37033e47b033e9f124811cce7c80ef83b87,False,ok
figure3-20260716T123930Z-99bbe7a-020bd9ea7099,figure3f,holdout_figure1b,3000,621,2,6,figure3f-r03-c05,,,0.874366816682052,4.0,4,606,100,98,0.98,0.929988209271456,0.9944980324498376,0.207,post_freeze_centered_grid,transition,True,figure1bc|114514|holdout_figure1b|3000|621,d81a7a17dec88fd3c31e381ec7a0699e08acd8a24db1cb3fea282c028a7fcddb,a4141302774d9581ca66bb99b5dc76ddf5d57a239431df35fc2159a9cfab2e75,ef3f0c89d96ab326ed5c33340210b37033e47b033e9f124811cce7c80ef83b87,False,ok
figure3-20260716T123930Z-99bbe7a-020bd9ea7099,figure3f,holdout_figure1b,3000,621,2,6,figure3f-r03-c06,,,0.9493668166820519,4.0,4,615,100,100,1.0,0.9630065017930143,1.0,0.207,post_freeze_centered_grid,transition,True,figure1bc|114514|holdout_figure1b|3000|621,d81a7a17dec88fd3c31e381ec7a0699e08acd8a24db1cb3fea282c028a7fcddb,90fc05612d5a63ea1e678c6f0abfa59315abf286937fa6f4805f1800e2551fa8,ef3f0c89d96ab326ed5c33340210b37033e47b033e9f124811cce7c80ef83b87,False,ok
figure3-20260716T123930Z-99bbe7a-020bd9ea7099,figure3f,holdout_figure1b,3000,621,2,6,figure3f-r04-c00,,,0.49936681668205196,5.0,5,570,100,98,0.98,0.929988209271456,0.9944980324498376,0.207,post_freeze_centered_grid,transition,True,figure1bc|114514|holdout_figure1b|3000|621,d81a7a17dec88fd3c31e381ec7a0699e08acd8a24db1cb3fea282c028a7fcddb,0ac3ee50c5c3cd4fa5e92ad0a96e93ed690a793ec51ce3a793a2b591bd0f39a2,ef3f0c89d96ab326ed5c33340210b37033e47b033e9f124811cce7c80ef83b87,False,ok
figure3-20260716T123930Z-99bbe7a-020bd9ea7099,figure3f,holdout_figure1b,3000,621,2,6,figure3f-r04-c01,,,0.5743668166820519,5.0,5,578,100,98,0.98,0.929988209271456,0.9944980324498376,0.207,post_freeze_centered_grid,transition,True,figure1bc|114514|holdout_figure1b|3000|621,d81a7a17dec88fd3c31e381ec7a0699e08acd8a24db1cb3fea282c028a7fcddb,6f56b904af2cf2b26e63625061d051a80ea542891a144584f0f7bad01d30bc90,ef3f0c89d96ab326ed5c33340210b37033e47b033e9f124811cce7c80ef83b87,False,ok
figure3-20260716T123930Z-99bbe7a-020bd9ea7099,figure3f,holdout_figure1b,3000,621,2,6,figure3f-r04-c02,,,0.649366816682052,5.0,5,585,100,100,1.0,0.9630065017930143,1.0,0.207,post_freeze_centered_grid,transition,True,figure1bc|114514|holdout_figure1b|3000|621,d81a7a17dec88fd3c31e381ec7a0699e08acd8a24db1cb3fea282c028a7fcddb,918613a9f888643e9b649d12c2cba2003756b3bf19ba95869d77d5f5d0e9589c,ef3f0c89d96ab326ed5c33340210b37033e47b033e9f124811cce7c80ef83b87,False,ok
figure3-20260716T123930Z-99bbe7a-020bd9ea7099,figure3f,holdout_figure1b,3000,621,2,6,figure3f-r04-c03,,,0.7243668166820519,5.0,5,593,100,100,1.0,0.9630065017930143,1.0,0.207,post_freeze_centered_grid,transition,True,figure1bc|114514|holdout_figure1b|3000|621,d81a7a17dec88fd3c31e381ec7a0699e08acd8a24db1cb3fea282c028a7fcddb,47610f25f7c87619aff6ad15551e22aea0d6e2fa3023eeb98d2b4103a6407bb0,ef3f0c89d96ab326ed5c33340210b37033e47b033e9f124811cce7c80ef83b87,False,ok
figure3-20260716T123930Z-99bbe7a-020bd9ea7099,figure3f,holdout_figure1b,3000,621,2,6,figure3f-r04-c04,,,0.7993668166820519,5.0,5,601,100,100,1.0,0.9630065017930143,1.0,0.207,post_freeze_centered_grid,transition,True,figure1bc|114514|holdout_figure1b|3000|621,d81a7a17dec88fd3c31e381ec7a0699e08acd8a24db1cb3fea282c028a7fcddb,67643454de3d2ce4b01633748833bd4fb8b14f9b1a022022b0598065d55b6718,ef3f0c89d96ab326ed5c33340210b37033e47b033e9f124811cce7c80ef83b87,False,ok
figure3-20260716T123930Z-99bbe7a-020bd9ea7099,figure3f,holdout_figure1b,3000,621,2,6,figure3f-r04-c05,,,0.874366816682052,5.0,5,609,100,100,1.0,0.9630065017930143,1.0,0.207,post_freeze_centered_grid,transition,True,figure1bc|114514|holdout_figure1b|3000|621,d81a7a17dec88fd3c31e381ec7a0699e08acd8a24db1cb3fea282c028a7fcddb,0cbb48d6c8fe69d1dfc5aa94a00a5320bb47fe366d2af6b4383e3a054757f9f8,ef3f0c89d96ab326ed5c33340210b37033e47b033e9f124811cce7c80ef83b87,False,ok
figure3-20260716T123930Z-99bbe7a-020bd9ea7099,figure3f,holdout_figure1b,3000,621,2,6,figure3f-r04-c06,,,0.9493668166820519,5.0,5,616,100,100,1.0,0.9630065017930143,1.0,0.207,post_freeze_centered_grid,transition,True,figure1bc|114514|holdout_figure1b|3000|621,d81a7a17dec88fd3c31e381ec7a0699e08acd8a24db1cb3fea282c028a7fcddb,4fc35d739e1bca7187aa1e66cef04d31b6fd8220df19a562ce65085bb3293ba3,ef3f0c89d96ab326ed5c33340210b37033e47b033e9f124811cce7c80ef83b87,False,ok
figure3-20260716T123930Z-99bbe7a-020bd9ea7099,figure3f,holdout_figure1b,3000,621,2,6,frozen-prediction,0.875,0.9,0.7243668166820519,3.252076177414614,3,579,100,100,1.0,0.9630065017930143,1.0,0.207,post_freeze_centered_grid,transition,True,figure1bc|114514|holdout_figure1b|3000|621,d81a7a17dec88fd3c31e381ec7a0699e08acd8a24db1cb3fea282c028a7fcddb,839aa6b29b53cc502fef26a30e0a070de898ee129469d2d4c121f74787a233b2,ef3f0c89d96ab326ed5c33340210b37033e47b033e9f124811cce7c80ef83b87,True,ok
figure3-20260716T123930Z-99bbe7a-020bd9ea7099,figure3g,holdout_figure1b,10000,1948,2,6,figure3g-r00-c00,,,0.49936681668205196,3.0,3,1705,100,22,0.22,0.150012823846054,0.31070353514985793,0.1948,post_freeze_centered_grid,transition,True,figure1bc|114514|holdout_figure1b|10000|1948,763e2724b2d1776e3bdb26712d3a2982a210e4c56e46cb75413f409d8f8b2091,14bc1d3fa8ab38fc312b5211b2216a226f0ee47b2e4c6ae439d06880fdd8ef6a,ef3f0c89d96ab326ed5c33340210b37033e47b033e9f124811cce7c80ef83b87,False,ok
figure3-20260716T123930Z-99bbe7a-020bd9ea7099,figure3g,holdout_figure1b,10000,1948,2,6,figure3g-r00-c01,,,0.5743668166820519,3.0,3,1741,100,87,0.87,0.7901964855992357,0.9224283257275948,0.1948,post_freeze_centered_grid,transition,True,figure1bc|114514|holdout_figure1b|10000|1948,763e2724b2d1776e3bdb26712d3a2982a210e4c56e46cb75413f409d8f8b2091,e3075ccf2049a233b45cc5a1480dadf01cb51f832a22221dd3e043388b679171,ef3f0c89d96ab326ed5c33340210b37033e47b033e9f124811cce7c80ef83b87,False,ok
figure3-20260716T123930Z-99bbe7a-020bd9ea7099,figure3g,holdout_figure1b,10000,1948,2,6,figure3g-r00-c02,,,0.649366816682052,3.0,3,1778,100,100,1.0,0.9630065017930143,1.0,0.1948,post_freeze_centered_grid,transition,True,figure1bc|114514|holdout_figure1b|10000|1948,763e2724b2d1776e3bdb26712d3a2982a210e4c56e46cb75413f409d8f8b2091,94dea4a22fac3c764828b2b0c363769621b5fc425720a197c35db2a7950988f4,ef3f0c89d96ab326ed5c33340210b37033e47b033e9f124811cce7c80ef83b87,False,ok
figure3-20260716T123930Z-99bbe7a-020bd9ea7099,figure3g,holdout_figure1b,10000,1948,2,6,figure3g-r00-c03,,,0.7243668166820519,3.0,3,1814,100,100,1.0,0.9630065017930143,1.0,0.1948,post_freeze_centered_grid,transition,True,figure1bc|114514|holdout_figure1b|10000|1948,763e2724b2d1776e3bdb26712d3a2982a210e4c56e46cb75413f409d8f8b2091,7ec242b838f08f2ea3332881c274e7afbbab2c47db33e7f4e852c48273bf2895,ef3f0c89d96ab326ed5c33340210b37033e47b033e9f124811cce7c80ef83b87,False,ok
figure3-20260716T123930Z-99bbe7a-020bd9ea7099,figure3g,holdout_figure1b,10000,1948,2,6,figure3g-r00-c04,,,0.7993668166820519,3.0,3,1851,100,88,0.88,0.8018790057328857,0.9300059356298052,0.1948,post_freeze_centered_grid,transition,True,figure1bc|114514|holdout_figure1b|10000|1948,763e2724b2d1776e3bdb26712d3a2982a210e4c56e46cb75413f409d8f8b2091,ea664475f5b9a8f5f9e0547e16d07678d1d2e678e057f1c0e4347871c0fe849d,ef3f0c89d96ab326ed5c33340210b37033e47b033e9f124811cce7c80ef83b87,False,ok
figure3-20260716T123930Z-99bbe7a-020bd9ea7099,figure3g,holdout_figure1b,10000,1948,2,6,figure3g-r00-c05,,,0.874366816682052,3.0,3,1887,100,13,0.13,0.07757167427240512,0.20980351440076428,0.1948,post_freeze_centered_grid,transition,True,figure1bc|114514|holdout_figure1b|10000|1948,763e2724b2d1776e3bdb26712d3a2982a210e4c56e46cb75413f409d8f8b2091,6fa88656ea9341185141310c4d780a42f6fa91435f2396717918c952725ad307,ef3f0c89d96ab326ed5c33340210b37033e47b033e9f124811cce7c80ef83b87,False,ok
figure3-20260716T123930Z-99bbe7a-020bd9ea7099,figure3g,holdout_figure1b,10000,1948,2,6,figure3g-r00-c06,,,0.9493668166820519,3.0,3,1924,100,0,0.0,0.0,0.03699349820698568,0.1948,post_freeze_centered_grid,transition,True,figure1bc|114514|holdout_figure1b|10000|1948,763e2724b2d1776e3bdb26712d3a2982a210e4c56e46cb75413f409d8f8b2091,0e652f50e9880b5f3b6fb2378fdd080b06e4e3f18f356dfd859e6b6228a1d587,ef3f0c89d96ab326ed5c33340210b37033e47b033e9f124811cce7c80ef83b87,False,ok
figure3-20260716T123930Z-99bbe7a-020bd9ea7099,figure3g,holdout_figure1b,10000,1948,2,6,figure3g-r01-c00,,,0.49936681668205196,4.0,4,1754,100,67,0.67,0.5730534379509052,0.7543687726587197,0.1948,post_freeze_centered_grid,transition,True,figure1bc|114514|holdout_figure1b|10000|1948,763e2724b2d1776e3bdb26712d3a2982a210e4c56e46cb75413f409d8f8b2091,e9e0b8a72e157c93c4631b553c87badea9e643f67a49f8f8121246b2b2d28aa1,ef3f0c89d96ab326ed5c33340210b37033e47b033e9f124811cce7c80ef83b87,False,ok
figure3-20260716T123930Z-99bbe7a-020bd9ea7099,figure3g,holdout_figure1b,10000,1948,2,6,figure3g-r01-c01,,,0.5743668166820519,4.0,4,1783,100,96,0.96,0.9016292856411208,0.9843366960084523,0.1948,post_freeze_centered_grid,transition,True,figure1bc|114514|holdout_figure1b|10000|1948,763e2724b2d1776e3bdb26712d3a2982a210e4c56e46cb75413f409d8f8b2091,912f670727b012792c6e4d53242e228cfd7894498595ba6e8629694542a5344b,ef3f0c89d96ab326ed5c33340210b37033e47b033e9f124811cce7c80ef83b87,False,ok
figure3-20260716T123930Z-99bbe7a-020bd9ea7099,figure3g,holdout_figure1b,10000,1948,2,6,figure3g-r01-c02,,,0.649366816682052,4.0,4,1812,100,100,1.0,0.9630065017930143,1.0,0.1948,post_freeze_centered_grid,transition,True,figure1bc|114514|holdout_figure1b|10000|1948,763e2724b2d1776e3bdb26712d3a2982a210e4c56e46cb75413f409d8f8b2091,0f529afc37508ccd661528ea5f0ff6abe7bd257f0aa7ee65a87116dec3ab865d,ef3f0c89d96ab326ed5c33340210b37033e47b033e9f124811cce7c80ef83b87,False,ok
figure3-20260716T123930Z-99bbe7a-020bd9ea7099,figure3g,holdout_figure1b,10000,1948,2,6,figure3g-r01-c03,,,0.7243668166820519,4.0,4,1841,100,100,1.0,0.9630065017930143,1.0,0.1948,post_freeze_centered_grid,transition,True,figure1bc|114514|holdout_figure1b|10000|1948,763e2724b2d1776e3bdb26712d3a2982a210e4c56e46cb75413f409d8f8b2091,4fe4bcc802f8f3fc1da18a642624747f92f3fdf70e75114abce258ffeab59612,ef3f0c89d96ab326ed5c33340210b37033e47b033e9f124811cce7c80ef83b87,False,ok
figure3-20260716T123930Z-99bbe7a-020bd9ea7099,figure3g,holdout_figure1b,10000,1948,2,6,figure3g-r01-c04,,,0.7993668166820519,4.0,4,1870,100,95,0.95,0.8882495307680808,0.9784563208456319,0.1948,post_freeze_centered_grid,transition,True,figure1bc|114514|holdout_figure1b|10000|1948,763e2724b2d1776e3bdb26712d3a2982a210e4c56e46cb75413f409d8f8b2091,a2c4ebbdaefaa7b7bfce9344e93ab7f03516e2846ba4d41cd5ec24b6913f5fbc,ef3f0c89d96ab326ed5c33340210b37033e47b033e9f124811cce7c80ef83b87,False,ok
figure3-20260716T123930Z-99bbe7a-020bd9ea7099,figure3g,holdout_figure1b,10000,1948,2,6,figure3g-r01-c05,,,0.874366816682052,4.0,4,1900,100,34,0.34,0.25461520797348164,0.43722271145275377,0.1948,post_freeze_centered_grid,transition,True,figure1bc|114514|holdout_figure1b|10000|1948,763e2724b2d1776e3bdb26712d3a2982a210e4c56e46cb75413f409d8f8b2091,1a490b830df43e52b1d95bb4a19e60020d248ff4db59bc13c8541810fce95e3b,ef3f0c89d96ab326ed5c33340210b37033e47b033e9f124811cce7c80ef83b87,False,ok
figure3-20260716T123930Z-99bbe7a-020bd9ea7099,figure3g,holdout_figure1b,10000,1948,2,6,figure3g-r01-c06,,,0.9493668166820519,4.0,4,1929,100,0,0.0,0.0,0.03699349820698568,0.1948,post_freeze_centered_grid,transition,True,figure1bc|114514|holdout_figure1b|10000|1948,763e2724b2d1776e3bdb26712d3a2982a210e4c56e46cb75413f409d8f8b2091,281fbe2d67dfb7dc6e4525591f5a77e79e33f7344856647f7e5447a4834d2968,ef3f0c89d96ab326ed5c33340210b37033e47b033e9f124811cce7c80ef83b87,False,ok
figure3-20260716T123930Z-99bbe7a-020bd9ea7099,figure3g,holdout_figure1b,10000,1948,2,6,figure3g-r02-c00,,,0.49936681668205196,5.0,5,1786,100,91,0.91,0.837737871472837,0.9519274599974348,0.1948,post_freeze_centered_grid,transition,True,figure1bc|114514|holdout_figure1b|10000|1948,763e2724b2d1776e3bdb26712d3a2982a210e4c56e46cb75413f409d8f8b2091,b0f589a732aa73771ca205237f07f7e65c9b01c14fca924a93def7729e5fe738,ef3f0c89d96ab326ed5c33340210b37033e47b033e9f124811cce7c80ef83b87,False,ok
figure3-20260716T123930Z-99bbe7a-020bd9ea7099,figure3g,holdout_figure1b,10000,1948,2,6,figure3g-r02-c01,,,0.5743668166820519,5.0,5,1811,100,100,1.0,0.9630065017930143,1.0,0.1948,post_freeze_centered_grid,transition,True,figure1bc|114514|holdout_figure1b|10000|1948,763e2724b2d1776e3bdb26712d3a2982a210e4c56e46cb75413f409d8f8b2091,4a1c43d3720ebf5dff0b8e99caed320e7973959ab55bdc71d6ca5eeece215b8d,ef3f0c89d96ab326ed5c33340210b37033e47b033e9f124811cce7c80ef83b87,False,ok
figure3-20260716T123930Z-99bbe7a-020bd9ea7099,figure3g,holdout_figure1b,10000,1948,2,6,figure3g-r02-c02,,,0.649366816682052,5.0,5,1835,100,100,1.0,0.9630065017930143,1.0,0.1948,post_freeze_centered_grid,transition,True,figure1bc|114514|holdout_figure1b|10000|1948,763e2724b2d1776e3bdb26712d3a2982a210e4c56e46cb75413f409d8f8b2091,bd3e5e974071c533045d24d5f73fd6bb8186a68e8fd1acdbf7157c494ba88235,ef3f0c89d96ab326ed5c33340210b37033e47b033e9f124811cce7c80ef83b87,False,ok
figure3-20260716T123930Z-99bbe7a-020bd9ea7099,figure3g,holdout_figure1b,10000,1948,2,6,figure3g-r02-c04,,,0.7993668166820519,5.0,5,1883,100,99,0.99,0.9455138038212946,0.9982325679358593,0.1948,post_freeze_centered_grid,transition,True,figure1bc|114514|holdout_figure1b|10000|1948,763e2724b2d1776e3bdb26712d3a2982a210e4c56e46cb75413f409d8f8b2091,61d841fbe9a901a1a2aa5adb7014809bb345fd0bb743e11d44ef26b63a2b4f66,ef3f0c89d96ab326ed5c33340210b37033e47b033e9f124811cce7c80ef83b87,False,ok
figure3-20260716T123930Z-99bbe7a-020bd9ea7099,figure3g,holdout_figure1b,10000,1948,2,6,figure3g-r02-c05,,,0.874366816682052,5.0,5,1908,100,48,0.48,0.384645517580519,0.5768342223477603,0.1948,post_freeze_centered_grid,transition,True,figure1bc|114514|holdout_figure1b|10000|1948,763e2724b2d1776e3bdb26712d3a2982a210e4c56e46cb75413f409d8f8b2091,bc893ffe5cecc72f2f922e6a967cd850a6f063a8df075f23e3b024b90a0f37c3,ef3f0c89d96ab326ed5c33340210b37033e47b033e9f124811cce7c80ef83b87,False,ok
figure3-20260716T123930Z-99bbe7a-020bd9ea7099,figure3g,holdout_figure1b,10000,1948,2,6,figure3g-r02-c06,,,0.9493668166820519,5.0,5,1932,100,3,0.03,0.010254524024038925,0.0845193642905276,0.1948,post_freeze_centered_grid,transition,True,figure1bc|114514|holdout_figure1b|10000|1948,763e2724b2d1776e3bdb26712d3a2982a210e4c56e46cb75413f409d8f8b2091,dc7950593866041f5e5d6db878075727add04d019bfc2b9bdfd0929d3d1fbb23,ef3f0c89d96ab326ed5c33340210b37033e47b033e9f124811cce7c80ef83b87,False,ok
figure3-20260716T123930Z-99bbe7a-020bd9ea7099,figure3g,holdout_figure1b,10000,1948,2,6,figure3g-r03-c00,,,0.49936681668205196,6.0,6,1809,100,91,0.91,0.837737871472837,0.9519274599974348,0.1948,post_freeze_centered_grid,transition,True,figure1bc|114514|holdout_figure1b|10000|1948,763e2724b2d1776e3bdb26712d3a2982a210e4c56e46cb75413f409d8f8b2091,abf489219fe8708173f4a886360086125ad6eea79381c25e5d1e0685b2303ae1,ef3f0c89d96ab326ed5c33340210b37033e47b033e9f124811cce7c80ef83b87,False,ok
figure3-20260716T123930Z-99bbe7a-020bd9ea7099,figure3g,holdout_figure1b,10000,1948,2,6,figure3g-r03-c01,,,0.5743668166820519,6.0,6,1830,100,98,0.98,0.929988209271456,0.9944980324498376,0.1948,post_freeze_centered_grid,transition,True,figure1bc|114514|holdout_figure1b|10000|1948,763e2724b2d1776e3bdb26712d3a2982a210e4c56e46cb75413f409d8f8b2091,ee5fe49da57862daf197c874bde56ab00e6d437649e87cc335da8dca358573d8,ef3f0c89d96ab326ed5c33340210b37033e47b033e9f124811cce7c80ef83b87,False,ok
figure3-20260716T123930Z-99bbe7a-020bd9ea7099,figure3g,holdout_figure1b,10000,1948,2,6,figure3g-r03-c02,,,0.649366816682052,6.0,6,1851,100,100,1.0,0.9630065017930143,1.0,0.1948,post_freeze_centered_grid,transition,True,figure1bc|114514|holdout_figure1b|10000|1948,763e2724b2d1776e3bdb26712d3a2982a210e4c56e46cb75413f409d8f8b2091,524a9b6ee3e92f88221c7f9bd35422cbd90aeceb1f781fc0b4a90e970c629ead,ef3f0c89d96ab326ed5c33340210b37033e47b033e9f124811cce7c80ef83b87,False,ok
figure3-20260716T123930Z-99bbe7a-020bd9ea7099,figure3g,holdout_figure1b,10000,1948,2,6,figure3g-r03-c03,,,0.7243668166820519,6.0,6,1872,100,100,1.0,0.9630065017930143,1.0,0.1948,post_freeze_centered_grid,transition,True,figure1bc|114514|holdout_figure1b|10000|1948,763e2724b2d1776e3bdb26712d3a2982a210e4c56e46cb75413f409d8f8b2091,319180666e776abdd5f1e36705472816bce49170a9b46ffa85b17ad730f94fa6,ef3f0c89d96ab326ed5c33340210b37033e47b033e9f124811cce7c80ef83b87,False,ok
figure3-20260716T123930Z-99bbe7a-020bd9ea7099,figure3g,holdout_figure1b,10000,1948,2,6,figure3g-r03-c04,,,0.7993668166820519,6.0,6,1893,100,93,0.93,0.8625048526092651,0.9656807389327273,0.1948,post_freeze_centered_grid,transition,True,figure1bc|114514|holdout_figure1b|10000|1948,763e2724b2d1776e3bdb26712d3a2982a210e4c56e46cb75413f409d8f8b2091,951705878c33e20a7ec9e867fc02ea3cc16510dda283b8b666e52bbdc7578abc,ef3f0c89d96ab326ed5c33340210b37033e47b033e9f124811cce7c80ef83b87,False,ok
figure3-20260716T123930Z-99bbe7a-020bd9ea7099,figure3g,holdout_figure1b,10000,1948,2,6,figure3g-r03-c05,,,0.874366816682052,6.0,6,1914,100,45,0.45,0.3561453797951198,0.5475539700255787,0.1948,post_freeze_centered_grid,transition,True,figure1bc|114514|holdout_figure1b|10000|1948,763e2724b2d1776e3bdb26712d3a2982a210e4c56e46cb75413f409d8f8b2091,817075fb0134bc16d1cf4c68e2a651cade5b22674aca21e3af695e18324768ae,ef3f0c89d96ab326ed5c33340210b37033e47b033e9f124811cce7c80ef83b87,False,ok
figure3-20260716T123930Z-99bbe7a-020bd9ea7099,figure3g,holdout_figure1b,10000,1948,2,6,figure3g-r03-c06,,,0.9493668166820519,6.0,6,1934,100,2,0.02,0.00550196755016235,0.07001179072854388,0.1948,post_freeze_centered_grid,transition,True,figure1bc|114514|holdout_figure1b|10000|1948,763e2724b2d1776e3bdb26712d3a2982a210e4c56e46cb75413f409d8f8b2091,af8eaa9f2dcb2ca0f5446bbf023e448216742eed58bf6936dbd393d818053dc9,ef3f0c89d96ab326ed5c33340210b37033e47b033e9f124811cce7c80ef83b87,False,ok
figure3-20260716T123930Z-99bbe7a-020bd9ea7099,figure3g,holdout_figure1b,10000,1948,2,6,figure3g-r04-c00,,,0.49936681668205196,7.0,7,1827,100,95,0.95,0.8882495307680808,0.9784563208456319,0.1948,post_freeze_centered_grid,transition,True,figure1bc|114514|holdout_figure1b|10000|1948,763e2724b2d1776e3bdb26712d3a2982a210e4c56e46cb75413f409d8f8b2091,f0ffc3c172c401822e44bdb1a1371c67d1de6c463e88ab5ab4887c6bb1a471c1,ef3f0c89d96ab326ed5c33340210b37033e47b033e9f124811cce7c80ef83b87,False,ok
figure3-20260716T123930Z-99bbe7a-020bd9ea7099,figure3g,holdout_figure1b,10000,1948,2,6,figure3g-r04-c01,,,0.5743668166820519,7.0,7,1845,100,99,0.99,0.9455138038212946,0.9982325679358593,0.1948,post_freeze_centered_grid,transition,True,figure1bc|114514|holdout_figure1b|10000|1948,763e2724b2d1776e3bdb26712d3a2982a210e4c56e46cb75413f409d8f8b2091,9494fab62edc56ee6f940708a268a42b72050e3168e35e2b51f4e43c6acd447f,ef3f0c89d96ab326ed5c33340210b37033e47b033e9f124811cce7c80ef83b87,False,ok
figure3-20260716T123930Z-99bbe7a-020bd9ea7099,figure3g,holdout_figure1b,10000,1948,2,6,figure3g-r04-c02,,,0.649366816682052,7.0,7,1863,100,100,1.0,0.9630065017930143,1.0,0.1948,post_freeze_centered_grid,transition,True,figure1bc|114514|holdout_figure1b|10000|1948,763e2724b2d1776e3bdb26712d3a2982a210e4c56e46cb75413f409d8f8b2091,8291ffbaec78b68894bf405e2e216f4a2cbcc54562b9ecff256aff6e60949e91,ef3f0c89d96ab326ed5c33340210b37033e47b033e9f124811cce7c80ef83b87,False,ok
figure3-20260716T123930Z-99bbe7a-020bd9ea7099,figure3g,holdout_figure1b,10000,1948,2,6,figure3g-r04-c03,,,0.7243668166820519,7.0,7,1882,100,100,1.0,0.9630065017930143,1.0,0.1948,post_freeze_centered_grid,transition,True,figure1bc|114514|holdout_figure1b|10000|1948,763e2724b2d1776e3bdb26712d3a2982a210e4c56e46cb75413f409d8f8b2091,63e8f4e5a8e0ee1ae28ef8971e24163e4a24fcaff70504d22cbbcc1032cf9771,ef3f0c89d96ab326ed5c33340210b37033e47b033e9f124811cce7c80ef83b87,False,ok
figure3-20260716T123930Z-99bbe7a-020bd9ea7099,figure3g,holdout_figure1b,10000,1948,2,6,figure3g-r04-c04,,,0.7993668166820519,7.0,7,1900,100,95,0.95,0.8882495307680808,0.9784563208456319,0.1948,post_freeze_centered_grid,transition,True,figure1bc|114514|holdout_figure1b|10000|1948,763e2724b2d1776e3bdb26712d3a2982a210e4c56e46cb75413f409d8f8b2091,2f77f010c6de5e2ce92c5a8227cd886cdd766fa7fa6cfa97befd13328a3aa62f,ef3f0c89d96ab326ed5c33340210b37033e47b033e9f124811cce7c80ef83b87,False,ok
figure3-20260716T123930Z-99bbe7a-020bd9ea7099,figure3g,holdout_figure1b,10000,1948,2,6,figure3g-r04-c05,,,0.874366816682052,7.0,7,1918,100,49,0.49,0.3942199893044113,0.5865198806597283,0.1948,post_freeze_centered_grid,transition,True,figure1bc|114514|holdout_figure1b|10000|1948,763e2724b2d1776e3bdb26712d3a2982a210e4c56e46cb75413f409d8f8b2091,f599de84b5fbcbb1eed40fc3a4342ed2ce5a1b9740a4cbb99280e7bae5df07cc,ef3f0c89d96ab326ed5c33340210b37033e47b033e9f124811cce7c80ef83b87,False,ok
figure3-20260716T123930Z-99bbe7a-020bd9ea7099,figure3g,holdout_figure1b,10000,1948,2,6,figure3g-r04-c06,,,0.9493668166820519,7.0,7,1936,100,7,0.07,0.03431926106727268,0.137495147390735,0.1948,post_freeze_centered_grid,transition,True,figure1bc|114514|holdout_figure1b|10000|1948,763e2724b2d1776e3bdb26712d3a2982a210e4c56e46cb75413f409d8f8b2091,6684003a80d7790aafd73169417eff87df6f51470452e91929d9a83e701993c1,ef3f0c89d96ab326ed5c33340210b37033e47b033e9f124811cce7c80ef83b87,False,ok
figure3-20260716T123930Z-99bbe7a-020bd9ea7099,figure3g,holdout_figure1b,10000,1948,2,6,frozen-prediction,0.875,0.9,0.7243668166820519,4.760579559155621,5,1859,100,100,1.0,0.9630065017930143,1.0,0.1948,post_freeze_centered_grid,transition,True,figure1bc|114514|holdout_figure1b|10000|1948,763e2724b2d1776e3bdb26712d3a2982a210e4c56e46cb75413f409d8f8b2091,7c5a598de8ba513c2281dd6c36c845420c17cfc8b1634ceb9980ca707573447b,ef3f0c89d96ab326ed5c33340210b37033e47b033e9f124811cce7c80ef83b87,True,ok
figure3-20260716T123930Z-99bbe7a-020bd9ea7099,figure3h,holdout_figure1b,10000,2036,2,6,figure3h-r00-c00,,,0.49936681668205196,3.0,3,1782,100,100,1.0,0.9630065017930143,1.0,0.2036,post_freeze_centered_grid,transition,True,figure1bc|114514|holdout_figure1b|10000|2036,cb985cbeabd16d6310f98ee1ba823dfaf41a5d9a68c25d058546cd59159c986b,c04ec32ec8bbf954e5ec15271c5b753ecc6b845190cbc459dece0181fe01323d,ef3f0c89d96ab326ed5c33340210b37033e47b033e9f124811cce7c80ef83b87,False,ok
figure3-20260716T123930Z-99bbe7a-020bd9ea7099,figure3h,holdout_figure1b,10000,2036,2,6,figure3h-r00-c01,,,0.5743668166820519,3.0,3,1820,100,100,1.0,0.9630065017930143,1.0,0.2036,post_freeze_centered_grid,transition,True,figure1bc|114514|holdout_figure1b|10000|2036,cb985cbeabd16d6310f98ee1ba823dfaf41a5d9a68c25d058546cd59159c986b,cc08ae337bf78d78c4627158df8698d2558b3a96346441f53f3120f355f5662f,ef3f0c89d96ab326ed5c33340210b37033e47b033e9f124811cce7c80ef83b87,False,ok
figure3-20260716T123930Z-99bbe7a-020bd9ea7099,figure3h,holdout_figure1b,10000,2036,2,6,figure3h-r00-c02,,,0.649366816682052,3.0,3,1858,100,100,1.0,0.9630065017930143,1.0,0.2036,post_freeze_centered_grid,transition,True,figure1bc|114514|holdout_figure1b|10000|2036,cb985cbeabd16d6310f98ee1ba823dfaf41a5d9a68c25d058546cd59159c986b,f512b5818901a74a350fdbf97d970eea2744289431995bac653996675d4c32d1,ef3f0c89d96ab326ed5c33340210b37033e47b033e9f124811cce7c80ef83b87,False,ok
figure3-20260716T123930Z-99bbe7a-020bd9ea7099,figure3h,holdout_figure1b,10000,2036,2,6,figure3h-r00-c03,,,0.7243668166820519,3.0,3,1896,100,100,1.0,0.9630065017930143,1.0,0.2036,post_freeze_centered_grid,transition,True,figure1bc|114514|holdout_figure1b|10000|2036,cb985cbeabd16d6310f98ee1ba823dfaf41a5d9a68c25d058546cd59159c986b,34f8a86f18e7ebae9a82a847782dfe71391b07056624d67a3d0acd8bcbf43efb,ef3f0c89d96ab326ed5c33340210b37033e47b033e9f124811cce7c80ef83b87,False,ok
figure3-20260716T123930Z-99bbe7a-020bd9ea7099,figure3h,holdout_figure1b,10000,2036,2,6,figure3h-r00-c04,,,0.7993668166820519,3.0,3,1934,100,100,1.0,0.9630065017930143,1.0,0.2036,post_freeze_centered_grid,transition,True,figure1bc|114514|holdout_figure1b|10000|2036,cb985cbeabd16d6310f98ee1ba823dfaf41a5d9a68c25d058546cd59159c986b,d6e9fd34823728d5f239c959f41d930077461ec2550194a362708f9244dc9b79,ef3f0c89d96ab326ed5c33340210b37033e47b033e9f124811cce7c80ef83b87,False,ok
figure3-20260716T123930Z-99bbe7a-020bd9ea7099,figure3h,holdout_figure1b,10000,2036,2,6,figure3h-r00-c05,,,0.874366816682052,3.0,3,1973,100,100,1.0,0.9630065017930143,1.0,0.2036,post_freeze_centered_grid,transition,True,figure1bc|114514|holdout_figure1b|10000|2036,cb985cbeabd16d6310f98ee1ba823dfaf41a5d9a68c25d058546cd59159c986b,638af9406fd81c05c4b9dc318791b2d340c9291c86d806f7ce0a5cf57b62ce7c,ef3f0c89d96ab326ed5c33340210b37033e47b033e9f124811cce7c80ef83b87,False,ok
figure3-20260716T123930Z-99bbe7a-020bd9ea7099,figure3h,holdout_figure1b,10000,2036,2,6,figure3h-r00-c06,,,0.9493668166820519,3.0,3,2011,100,88,0.88,0.8018790057328857,0.9300059356298052,0.2036,post_freeze_centered_grid,transition,True,figure1bc|114514|holdout_figure1b|10000|2036,cb985cbeabd16d6310f98ee1ba823dfaf41a5d9a68c25d058546cd59159c986b,b287daffc4f97a4f45945861360f890bf317407fa606e8b04b20af8107b7bd90,ef3f0c89d96ab326ed5c33340210b37033e47b033e9f124811cce7c80ef83b87,False,ok
figure3-20260716T123930Z-99bbe7a-020bd9ea7099,figure3h,holdout_figure1b,10000,2036,2,6,figure3h-r01-c00,,,0.49936681668205196,4.0,4,1833,100,100,1.0,0.9630065017930143,1.0,0.2036,post_freeze_centered_grid,transition,True,figure1bc|114514|holdout_figure1b|10000|2036,cb985cbeabd16d6310f98ee1ba823dfaf41a5d9a68c25d058546cd59159c986b,9bb91f746c3c2c545f637ac0311cb1a201391eef42ad054c394141d8a95ac848,ef3f0c89d96ab326ed5c33340210b37033e47b033e9f124811cce7c80ef83b87,False,ok
figure3-20260716T123930Z-99bbe7a-020bd9ea7099,figure3h,holdout_figure1b,10000,2036,2,6,figure3h-r01-c01,,,0.5743668166820519,4.0,4,1863,100,100,1.0,0.9630065017930143,1.0,0.2036,post_freeze_centered_grid,transition,True,figure1bc|114514|holdout_figure1b|10000|2036,cb985cbeabd16d6310f98ee1ba823dfaf41a5d9a68c25d058546cd59159c986b,e1c365dd06d0ad42d7d2d86b84364cc3e447384ebe0d75ff8aac775e553c4b03,ef3f0c89d96ab326ed5c33340210b37033e47b033e9f124811cce7c80ef83b87,False,ok
figure3-20260716T123930Z-99bbe7a-020bd9ea7099,figure3h,holdout_figure1b,10000,2036,2,6,figure3h-r01-c02,,,0.649366816682052,4.0,4,1894,100,100,1.0,0.9630065017930143,1.0,0.2036,post_freeze_centered_grid,transition,True,figure1bc|114514|holdout_figure1b|10000|2036,cb985cbeabd16d6310f98ee1ba823dfaf41a5d9a68c25d058546cd59159c986b,b40c6faff4fe4b8c0bf7fb7407592aa5699ce34af445fc1174862028c60a7cd3,ef3f0c89d96ab326ed5c33340210b37033e47b033e9f124811cce7c80ef83b87,False,ok
figure3-20260716T123930Z-99bbe7a-020bd9ea7099,figure3h,holdout_figure1b,10000,2036,2,6,figure3h-r01-c03,,,0.7243668166820519,4.0,4,1924,100,100,1.0,0.9630065017930143,1.0,0.2036,post_freeze_centered_grid,transition,True,figure1bc|114514|holdout_figure1b|10000|2036,cb985cbeabd16d6310f98ee1ba823dfaf41a5d9a68c25d058546cd59159c986b,199e3e31fb2c557c808aa52433d17fc631fb60dda9e1772ba85adadefac0eb51,ef3f0c89d96ab326ed5c33340210b37033e47b033e9f124811cce7c80ef83b87,False,ok
figure3-20260716T123930Z-99bbe7a-020bd9ea7099,figure3h,holdout_figure1b,10000,2036,2,6,figure3h-r01-c04,,,0.7993668166820519,4.0,4,1955,100,100,1.0,0.9630065017930143,1.0,0.2036,post_freeze_centered_grid,transition,True,figure1bc|114514|holdout_figure1b|10000|2036,cb985cbeabd16d6310f98ee1ba823dfaf41a5d9a68c25d058546cd59159c986b,f1779402d81ba0bf2957b51acc20dbff33181270207d8b18d844cd81217b1a23,ef3f0c89d96ab326ed5c33340210b37033e47b033e9f124811cce7c80ef83b87,False,ok
figure3-20260716T123930Z-99bbe7a-020bd9ea7099,figure3h,holdout_figure1b,10000,2036,2,6,figure3h-r01-c05,,,0.874366816682052,4.0,4,1985,100,100,1.0,0.9630065017930143,1.0,0.2036,post_freeze_centered_grid,transition,True,figure1bc|114514|holdout_figure1b|10000|2036,cb985cbeabd16d6310f98ee1ba823dfaf41a5d9a68c25d058546cd59159c986b,dcb26dbea94856e81c3888bd02e9828b0a695e210647a6f3684d65b531856479,ef3f0c89d96ab326ed5c33340210b37033e47b033e9f124811cce7c80ef83b87,False,ok
figure3-20260716T123930Z-99bbe7a-020bd9ea7099,figure3h,holdout_figure1b,10000,2036,2,6,figure3h-r01-c06,,,0.9493668166820519,4.0,4,2016,100,93,0.93,0.8625048526092651,0.9656807389327273,0.2036,post_freeze_centered_grid,transition,True,figure1bc|114514|holdout_figure1b|10000|2036,cb985cbeabd16d6310f98ee1ba823dfaf41a5d9a68c25d058546cd59159c986b,18334b23fbaaee70448e70606806f364dc3504267eb195c4343fe6be1bd31a8f,ef3f0c89d96ab326ed5c33340210b37033e47b033e9f124811cce7c80ef83b87,False,ok
figure3-20260716T123930Z-99bbe7a-020bd9ea7099,figure3h,holdout_figure1b,10000,2036,2,6,figure3h-r02-c00,,,0.49936681668205196,5.0,5,1867,100,100,1.0,0.9630065017930143,1.0,0.2036,post_freeze_centered_grid,transition,True,figure1bc|114514|holdout_figure1b|10000|2036,cb985cbeabd16d6310f98ee1ba823dfaf41a5d9a68c25d058546cd59159c986b,701aa3d82a7bc2b12ec1fe53f8eb4f35e9982f583f2f2716eed64f02bbdf36df,ef3f0c89d96ab326ed5c33340210b37033e47b033e9f124811cce7c80ef83b87,False,ok
figure3-20260716T123930Z-99bbe7a-020bd9ea7099,figure3h,holdout_figure1b,10000,2036,2,6,figure3h-r02-c01,,,0.5743668166820519,5.0,5,1892,100,100,1.0,0.9630065017930143,1.0,0.2036,post_freeze_centered_grid,transition,True,figure1bc|114514|holdout_figure1b|10000|2036,cb985cbeabd16d6310f98ee1ba823dfaf41a5d9a68c25d058546cd59159c986b,3610ecb2659d5dc7b17e072ea19f7867b7f0f13e72a9ea909ded14638e33aefc,ef3f0c89d96ab326ed5c33340210b37033e47b033e9f124811cce7c80ef83b87,False,ok
figure3-20260716T123930Z-99bbe7a-020bd9ea7099,figure3h,holdout_figure1b,10000,2036,2,6,figure3h-r02-c02,,,0.649366816682052,5.0,5,1918,100,100,1.0,0.9630065017930143,1.0,0.2036,post_freeze_centered_grid,transition,True,figure1bc|114514|holdout_figure1b|10000|2036,cb985cbeabd16d6310f98ee1ba823dfaf41a5d9a68c25d058546cd59159c986b,e6d007dc383ea59b6741600b1e2bce26f557039a5990a9a159f6f7203e77b8f9,ef3f0c89d96ab326ed5c33340210b37033e47b033e9f124811cce7c80ef83b87,False,ok
figure3-20260716T123930Z-99bbe7a-020bd9ea7099,figure3h,holdout_figure1b,10000,2036,2,6,figure3h-r02-c04,,,0.7993668166820519,5.0,5,1968,100,100,1.0,0.9630065017930143,1.0,0.2036,post_freeze_centered_grid,transition,True,figure1bc|114514|holdout_figure1b|10000|2036,cb985cbeabd16d6310f98ee1ba823dfaf41a5d9a68c25d058546cd59159c986b,a80d98e9d1e7cc571bb75da06c44d99473532e96af684f62bcd0c78329965094,ef3f0c89d96ab326ed5c33340210b37033e47b033e9f124811cce7c80ef83b87,False,ok
figure3-20260716T123930Z-99bbe7a-020bd9ea7099,figure3h,holdout_figure1b,10000,2036,2,6,figure3h-r02-c05,,,0.874366816682052,5.0,5,1994,100,100,1.0,0.9630065017930143,1.0,0.2036,post_freeze_centered_grid,transition,True,figure1bc|114514|holdout_figure1b|10000|2036,cb985cbeabd16d6310f98ee1ba823dfaf41a5d9a68c25d058546cd59159c986b,0c8eda7c881d26e74f9be6c56eef8fb6e0991178e5144c6a45cc148ae546b179,ef3f0c89d96ab326ed5c33340210b37033e47b033e9f124811cce7c80ef83b87,False,ok
figure3-20260716T123930Z-99bbe7a-020bd9ea7099,figure3h,holdout_figure1b,10000,2036,2,6,figure3h-r02-c06,,,0.9493668166820519,5.0,5,2019,100,92,0.92,0.8500189229905127,0.9589065385156194,0.2036,post_freeze_centered_grid,transition,True,figure1bc|114514|holdout_figure1b|10000|2036,cb985cbeabd16d6310f98ee1ba823dfaf41a5d9a68c25d058546cd59159c986b,e78c6ebea8e1d136e89f6ce22a1267cd934e964e12129ae2707c80367b13e435,ef3f0c89d96ab326ed5c33340210b37033e47b033e9f124811cce7c80ef83b87,False,ok
figure3-20260716T123930Z-99bbe7a-020bd9ea7099,figure3h,holdout_figure1b,10000,2036,2,6,figure3h-r03-c00,,,0.49936681668205196,6.0,6,1891,100,100,1.0,0.9630065017930143,1.0,0.2036,post_freeze_centered_grid,transition,True,figure1bc|114514|holdout_figure1b|10000|2036,cb985cbeabd16d6310f98ee1ba823dfaf41a5d9a68c25d058546cd59159c986b,be27be5588911e557325b1cbcb0a704cae9120605e3749fba992a078a67b5e23,ef3f0c89d96ab326ed5c33340210b37033e47b033e9f124811cce7c80ef83b87,False,ok
figure3-20260716T123930Z-99bbe7a-020bd9ea7099,figure3h,holdout_figure1b,10000,2036,2,6,figure3h-r03-c01,,,0.5743668166820519,6.0,6,1913,100,100,1.0,0.9630065017930143,1.0,0.2036,post_freeze_centered_grid,transition,True,figure1bc|114514|holdout_figure1b|10000|2036,cb985cbeabd16d6310f98ee1ba823dfaf41a5d9a68c25d058546cd59159c986b,039247eccc405eef6b2092ed378508da50478196fd75ef9e4a1c86476b86a70b,ef3f0c89d96ab326ed5c33340210b37033e47b033e9f124811cce7c80ef83b87,False,ok
figure3-20260716T123930Z-99bbe7a-020bd9ea7099,figure3h,holdout_figure1b,10000,2036,2,6,figure3h-r03-c02,,,0.649366816682052,6.0,6,1935,100,100,1.0,0.9630065017930143,1.0,0.2036,post_freeze_centered_grid,transition,True,figure1bc|114514|holdout_figure1b|10000|2036,cb985cbeabd16d6310f98ee1ba823dfaf41a5d9a68c25d058546cd59159c986b,af9fadf7c8700a08f2995ff7bfdb58f3388a60e9809db3e29cda6c47294558e4,ef3f0c89d96ab326ed5c33340210b37033e47b033e9f124811cce7c80ef83b87,False,ok
figure3-20260716T123930Z-99bbe7a-020bd9ea7099,figure3h,holdout_figure1b,10000,2036,2,6,figure3h-r03-c03,,,0.7243668166820519,6.0,6,1957,100,100,1.0,0.9630065017930143,1.0,0.2036,post_freeze_centered_grid,transition,True,figure1bc|114514|holdout_figure1b|10000|2036,cb985cbeabd16d6310f98ee1ba823dfaf41a5d9a68c25d058546cd59159c986b,343cc1047a9c83ce47f64794e8c5352ac723130f485a5f5abf27cdafc5ac5e0b,ef3f0c89d96ab326ed5c33340210b37033e47b033e9f124811cce7c80ef83b87,False,ok
figure3-20260716T123930Z-99bbe7a-020bd9ea7099,figure3h,holdout_figure1b,10000,2036,2,6,figure3h-r03-c04,,,0.7993668166820519,6.0,6,1978,100,100,1.0,0.9630065017930143,1.0,0.2036,post_freeze_centered_grid,transition,True,figure1bc|114514|holdout_figure1b|10000|2036,cb985cbeabd16d6310f98ee1ba823dfaf41a5d9a68c25d058546cd59159c986b,73fb53a27b09327d64c197e1784dafb8d5d812b3b063f5e168e1d1b1aea1def9,ef3f0c89d96ab326ed5c33340210b37033e47b033e9f124811cce7c80ef83b87,False,ok
figure3-20260716T123930Z-99bbe7a-020bd9ea7099,figure3h,holdout_figure1b,10000,2036,2,6,figure3h-r03-c05,,,0.874366816682052,6.0,6,2000,100,100,1.0,0.9630065017930143,1.0,0.2036,post_freeze_centered_grid,transition,True,figure1bc|114514|holdout_figure1b|10000|2036,cb985cbeabd16d6310f98ee1ba823dfaf41a5d9a68c25d058546cd59159c986b,6577094f8e2f4c47a70c8e1d395d2a196c75096c884d53bb6e085aab83a0201e,ef3f0c89d96ab326ed5c33340210b37033e47b033e9f124811cce7c80ef83b87,False,ok
figure3-20260716T123930Z-99bbe7a-020bd9ea7099,figure3h,holdout_figure1b,10000,2036,2,6,figure3h-r03-c06,,,0.9493668166820519,6.0,6,2022,100,96,0.96,0.9016292856411208,0.9843366960084523,0.2036,post_freeze_centered_grid,transition,True,figure1bc|114514|holdout_figure1b|10000|2036,cb985cbeabd16d6310f98ee1ba823dfaf41a5d9a68c25d058546cd59159c986b,0351d4c01b0985a729744b715ed2530f9f1ab71ed6acf935da1d29ebc7442c32,ef3f0c89d96ab326ed5c33340210b37033e47b033e9f124811cce7c80ef83b87,False,ok
figure3-20260716T123930Z-99bbe7a-020bd9ea7099,figure3h,holdout_figure1b,10000,2036,2,6,figure3h-r04-c00,,,0.49936681668205196,7.0,7,1909,100,100,1.0,0.9630065017930143,1.0,0.2036,post_freeze_centered_grid,transition,True,figure1bc|114514|holdout_figure1b|10000|2036,cb985cbeabd16d6310f98ee1ba823dfaf41a5d9a68c25d058546cd59159c986b,9e835f8f268fea717605528e74cbb119304ebe6d5efa6f731af94464239645cc,ef3f0c89d96ab326ed5c33340210b37033e47b033e9f124811cce7c80ef83b87,False,ok
figure3-20260716T123930Z-99bbe7a-020bd9ea7099,figure3h,holdout_figure1b,10000,2036,2,6,figure3h-r04-c01,,,0.5743668166820519,7.0,7,1928,100,100,1.0,0.9630065017930143,1.0,0.2036,post_freeze_centered_grid,transition,True,figure1bc|114514|holdout_figure1b|10000|2036,cb985cbeabd16d6310f98ee1ba823dfaf41a5d9a68c25d058546cd59159c986b,bd70481d52f4c01e99b7d4529aa638566a3e9c84f8a108ff6a1eaa2cbd5b966e,ef3f0c89d96ab326ed5c33340210b37033e47b033e9f124811cce7c80ef83b87,False,ok
figure3-20260716T123930Z-99bbe7a-020bd9ea7099,figure3h,holdout_figure1b,10000,2036,2,6,figure3h-r04-c02,,,0.649366816682052,7.0,7,1947,100,100,1.0,0.9630065017930143,1.0,0.2036,post_freeze_centered_grid,transition,True,figure1bc|114514|holdout_figure1b|10000|2036,cb985cbeabd16d6310f98ee1ba823dfaf41a5d9a68c25d058546cd59159c986b,7be21fcb98cf1421cd935c6f1cb51c8d0ef85a57ea1a31f33a528ff4363b965b,ef3f0c89d96ab326ed5c33340210b37033e47b033e9f124811cce7c80ef83b87,False,ok
figure3-20260716T123930Z-99bbe7a-020bd9ea7099,figure3h,holdout_figure1b,10000,2036,2,6,figure3h-r04-c03,,,0.7243668166820519,7.0,7,1966,100,100,1.0,0.9630065017930143,1.0,0.2036,post_freeze_centered_grid,transition,True,figure1bc|114514|holdout_figure1b|10000|2036,cb985cbeabd16d6310f98ee1ba823dfaf41a5d9a68c25d058546cd59159c986b,b10f5d5475fcbff43c5260f1d74af79ad49f96bb20b2911899bf25595adf2078,ef3f0c89d96ab326ed5c33340210b37033e47b033e9f124811cce7c80ef83b87,False,ok
figure3-20260716T123930Z-99bbe7a-020bd9ea7099,figure3h,holdout_figure1b,10000,2036,2,6,figure3h-r04-c04,,,0.7993668166820519,7.0,7,1986,100,100,1.0,0.9630065017930143,1.0,0.2036,post_freeze_centered_grid,transition,True,figure1bc|114514|holdout_figure1b|10000|2036,cb985cbeabd16d6310f98ee1ba823dfaf41a5d9a68c25d058546cd59159c986b,8f5db7311bba30c3cb82c2136a86cf9143c61efb11ed02c8ed670535975cb444,ef3f0c89d96ab326ed5c33340210b37033e47b033e9f124811cce7c80ef83b87,False,ok
figure3-20260716T123930Z-99bbe7a-020bd9ea7099,figure3h,holdout_figure1b,10000,2036,2,6,figure3h-r04-c05,,,0.874366816682052,7.0,7,2005,100,99,0.99,0.9455138038212946,0.9982325679358593,0.2036,post_freeze_centered_grid,transition,True,figure1bc|114514|holdout_figure1b|10000|2036,cb985cbeabd16d6310f98ee1ba823dfaf41a5d9a68c25d058546cd59159c986b,d15997d498b364a22d16a827afb89f40b7757cbce955f27c9a57c102f39a80e8,ef3f0c89d96ab326ed5c33340210b37033e47b033e9f124811cce7c80ef83b87,False,ok
figure3-20260716T123930Z-99bbe7a-020bd9ea7099,figure3h,holdout_figure1b,10000,2036,2,6,figure3h-r04-c06,,,0.9493668166820519,7.0,7,2024,100,97,0.97,0.9154806357094724,0.9897454759759611,0.2036,post_freeze_centered_grid,transition,True,figure1bc|114514|holdout_figure1b|10000|2036,cb985cbeabd16d6310f98ee1ba823dfaf41a5d9a68c25d058546cd59159c986b,2f97e9e9449be3a7918032cd927f0da9dc0d20844fc7c80f7e696ecc9c9f8adc,ef3f0c89d96ab326ed5c33340210b37033e47b033e9f124811cce7c80ef83b87,False,ok
figure3-20260716T123930Z-99bbe7a-020bd9ea7099,figure3h,holdout_figure1b,10000,2036,2,6,frozen-prediction,0.875,0.9,0.7243668166820519,4.831212065620817,5,1943,100,100,1.0,0.9630065017930143,1.0,0.2036,post_freeze_centered_grid,transition,True,figure1bc|114514|holdout_figure1b|10000|2036,cb985cbeabd16d6310f98ee1ba823dfaf41a5d9a68c25d058546cd59159c986b,f28c942388befe1e5d718a0562827aacd032cb5d26c3df2b0f395107a3d03e2c,ef3f0c89d96ab326ed5c33340210b37033e47b033e9f124811cce7c80ef83b87,True,ok
figure3-20260716T123930Z-99bbe7a-020bd9ea7099,figure3i,holdout_figure1b,100000,18155,2,6,figure3i-r00-c00,,,0.49936681668205196,6.0,6,16857,100,0,0.0,0.0,0.03699349820698568,0.18155,post_freeze_centered_grid,transition,True,figure1bc|114514|holdout_figure1b|100000|18155,3d56d929981c50f51337e1d705da14156e61cb2b15ab6b471c7bb18100a36265,53bcfacec298046ecdec59cf16bd7200f1286805029fe82cc093468018d03976,ef3f0c89d96ab326ed5c33340210b37033e47b033e9f124811cce7c80ef83b87,False,ok
figure3-20260716T123930Z-99bbe7a-020bd9ea7099,figure3i,holdout_figure1b,100000,18155,2,6,figure3i-r00-c01,,,0.5743668166820519,6.0,6,17052,100,30,0.3,0.2189488529493276,0.3958485463334666,0.18155,post_freeze_centered_grid,transition,True,figure1bc|114514|holdout_figure1b|100000|18155,3d56d929981c50f51337e1d705da14156e61cb2b15ab6b471c7bb18100a36265,9dc01a6b47fe13e25d30d61701c2f1dec84fca8b117b3f0cbae03c0308635e22,ef3f0c89d96ab326ed5c33340210b37033e47b033e9f124811cce7c80ef83b87,False,ok
figure3-20260716T123930Z-99bbe7a-020bd9ea7099,figure3i,holdout_figure1b,100000,18155,2,6,figure3i-r00-c02,,,0.649366816682052,6.0,6,17246,100,97,0.97,0.9154806357094724,0.9897454759759611,0.18155,post_freeze_centered_grid,transition,True,figure1bc|114514|holdout_figure1b|100000|18155,3d56d929981c50f51337e1d705da14156e61cb2b15ab6b471c7bb18100a36265,0c835134ba9f7676dc54726ee998a2ad514f31f222f3e924f0b1e487e6239670,ef3f0c89d96ab326ed5c33340210b37033e47b033e9f124811cce7c80ef83b87,False,ok
figure3-20260716T123930Z-99bbe7a-020bd9ea7099,figure3i,holdout_figure1b,100000,18155,2,6,figure3i-r00-c03,,,0.7243668166820519,6.0,6,17441,100,96,0.96,0.9016292856411208,0.9843366960084523,0.18155,post_freeze_centered_grid,transition,True,figure1bc|114514|holdout_figure1b|100000|18155,3d56d929981c50f51337e1d705da14156e61cb2b15ab6b471c7bb18100a36265,a9d541c7f6c00d05ab1a03b72e056277fc48d78b63cc3ade67f435d7664fbf2a,ef3f0c89d96ab326ed5c33340210b37033e47b033e9f124811cce7c80ef83b87,False,ok
figure3-20260716T123930Z-99bbe7a-020bd9ea7099,figure3i,holdout_figure1b,100000,18155,2,6,figure3i-r00-c04,,,0.7993668166820519,6.0,6,17635,100,0,0.0,0.0,0.03699349820698568,0.18155,post_freeze_centered_grid,transition,True,figure1bc|114514|holdout_figure1b|100000|18155,3d56d929981c50f51337e1d705da14156e61cb2b15ab6b471c7bb18100a36265,dc45b7c533414f38db3d034ee512d32e1c9f9fdd3e0e9bceeacdac9fdaf38d5c,ef3f0c89d96ab326ed5c33340210b37033e47b033e9f124811cce7c80ef83b87,False,ok
figure3-20260716T123930Z-99bbe7a-020bd9ea7099,figure3i,holdout_figure1b,100000,18155,2,6,figure3i-r00-c05,,,0.874366816682052,6.0,6,17830,100,0,0.0,0.0,0.03699349820698568,0.18155,post_freeze_centered_grid,transition,True,figure1bc|114514|holdout_figure1b|100000|18155,3d56d929981c50f51337e1d705da14156e61cb2b15ab6b471c7bb18100a36265,c01fe0b05083747cee27e7308bd8f1f629f3ecc6e5f3f3c5fcf90375824670e2,ef3f0c89d96ab326ed5c33340210b37033e47b033e9f124811cce7c80ef83b87,False,ok
figure3-20260716T123930Z-99bbe7a-020bd9ea7099,figure3i,holdout_figure1b,100000,18155,2,6,figure3i-r00-c06,,,0.9493668166820519,6.0,6,18024,100,0,0.0,0.0,0.03699349820698568,0.18155,post_freeze_centered_grid,transition,True,figure1bc|114514|holdout_figure1b|100000|18155,3d56d929981c50f51337e1d705da14156e61cb2b15ab6b471c7bb18100a36265,c9bcb664eaa50556c21b067521ce5438be972c9083985f3ec6fada8a86fcd9ab,ef3f0c89d96ab326ed5c33340210b37033e47b033e9f124811cce7c80ef83b87,False,ok
figure3-20260716T123930Z-99bbe7a-020bd9ea7099,figure3i,holdout_figure1b,100000,18155,2,6,figure3i-r01-c00,,,0.49936681668205196,8.0,8,17146,100,19,0.19,0.12514751509768735,0.27778845379064376,0.18155,post_freeze_centered_grid,transition,True,figure1bc|114514|holdout_figure1b|100000|18155,3d56d929981c50f51337e1d705da14156e61cb2b15ab6b471c7bb18100a36265,f7c69959d34a9b5379382f378b1869481bb729076a65daadcaf8322b4c150d50,ef3f0c89d96ab326ed5c33340210b37033e47b033e9f124811cce7c80ef83b87,False,ok
figure3-20260716T123930Z-99bbe7a-020bd9ea7099,figure3i,holdout_figure1b,100000,18155,2,6,figure3i-r01-c01,,,0.5743668166820519,8.0,8,17297,100,89,0.89,0.8136870349691969,0.9374580364293543,0.18155,post_freeze_centered_grid,transition,True,figure1bc|114514|holdout_figure1b|100000|18155,3d56d929981c50f51337e1d705da14156e61cb2b15ab6b471c7bb18100a36265,b10b232fb9d24a262f9d295bded91933c73710fe0110792e9abb53a2fc16e63f,ef3f0c89d96ab326ed5c33340210b37033e47b033e9f124811cce7c80ef83b87,False,ok
figure3-20260716T123930Z-99bbe7a-020bd9ea7099,figure3i,holdout_figure1b,100000,18155,2,6,figure3i-r01-c02,,,0.649366816682052,8.0,8,17448,100,100,1.0,0.9630065017930143,1.0,0.18155,post_freeze_centered_grid,transition,True,figure1bc|114514|holdout_figure1b|100000|18155,3d56d929981c50f51337e1d705da14156e61cb2b15ab6b471c7bb18100a36265,5fd1ca9f66ed28fcdabedea97a3a3f12b7969a4eac5ae5a032eb75f7392529ab,ef3f0c89d96ab326ed5c33340210b37033e47b033e9f124811cce7c80ef83b87,False,ok
figure3-20260716T123930Z-99bbe7a-020bd9ea7099,figure3i,holdout_figure1b,100000,18155,2,6,figure3i-r01-c03,,,0.7243668166820519,8.0,8,17600,100,100,1.0,0.9630065017930143,1.0,0.18155,post_freeze_centered_grid,transition,True,figure1bc|114514|holdout_figure1b|100000|18155,3d56d929981c50f51337e1d705da14156e61cb2b15ab6b471c7bb18100a36265,9ecf0321aa394d9e9cfb9b3fd5087e1efeebb3e11c361656ba0ae9bbe1f56fc9,ef3f0c89d96ab326ed5c33340210b37033e47b033e9f124811cce7c80ef83b87,False,ok
figure3-20260716T123930Z-99bbe7a-020bd9ea7099,figure3i,holdout_figure1b,100000,18155,2,6,figure3i-r01-c04,,,0.7993668166820519,8.0,8,17751,100,0,0.0,0.0,0.03699349820698568,0.18155,post_freeze_centered_grid,transition,True,figure1bc|114514|holdout_figure1b|100000|18155,3d56d929981c50f51337e1d705da14156e61cb2b15ab6b471c7bb18100a36265,a14f9ec466322b205dd7c472963a91f54728a4266731ad9447c45a9631967faf,ef3f0c89d96ab326ed5c33340210b37033e47b033e9f124811cce7c80ef83b87,False,ok
figure3-20260716T123930Z-99bbe7a-020bd9ea7099,figure3i,holdout_figure1b,100000,18155,2,6,figure3i-r01-c05,,,0.874366816682052,8.0,8,17902,100,0,0.0,0.0,0.03699349820698568,0.18155,post_freeze_centered_grid,transition,True,figure1bc|114514|holdout_figure1b|100000|18155,3d56d929981c50f51337e1d705da14156e61cb2b15ab6b471c7bb18100a36265,a5f6e42fb066e13c70697379dc7b8ecc363e4fdae2fb9b005edd16780e9f1a1e,ef3f0c89d96ab326ed5c33340210b37033e47b033e9f124811cce7c80ef83b87,False,ok
figure3-20260716T123930Z-99bbe7a-020bd9ea7099,figure3i,holdout_figure1b,100000,18155,2,6,figure3i-r01-c06,,,0.9493668166820519,8.0,8,18053,100,0,0.0,0.0,0.03699349820698568,0.18155,post_freeze_centered_grid,transition,True,figure1bc|114514|holdout_figure1b|100000|18155,3d56d929981c50f51337e1d705da14156e61cb2b15ab6b471c7bb18100a36265,a8ce6bceba6bd0bca9564b05bb55bd00565b4530dcfdf3e445cfce4f4e94a74e,ef3f0c89d96ab326ed5c33340210b37033e47b033e9f124811cce7c80ef83b87,False,ok
figure3-20260716T123930Z-99bbe7a-020bd9ea7099,figure3i,holdout_figure1b,100000,18155,2,6,figure3i-r02-c00,,,0.49936681668205196,10.0,10,17329,100,66,0.66,0.5627772885472462,0.7453847920265184,0.18155,post_freeze_centered_grid,transition,True,figure1bc|114514|holdout_figure1b|100000|18155,3d56d929981c50f51337e1d705da14156e61cb2b15ab6b471c7bb18100a36265,d4cf20a059b28afadc9688a69f0c7cbeb755439885ad9e5b227989e2f2b06078,ef3f0c89d96ab326ed5c33340210b37033e47b033e9f124811cce7c80ef83b87,False,ok
figure3-20260716T123930Z-99bbe7a-020bd9ea7099,figure3i,holdout_figure1b,100000,18155,2,6,figure3i-r02-c01,,,0.5743668166820519,10.0,10,17453,100,94,0.94,0.8752318455410406,0.9722138760368118,0.18155,post_freeze_centered_grid,transition,True,figure1bc|114514|holdout_figure1b|100000|18155,3d56d929981c50f51337e1d705da14156e61cb2b15ab6b471c7bb18100a36265,29435f05709cf32fdd2b0fd6c444ae8acef4511df8810157f0dd457a2f7f3ef3,ef3f0c89d96ab326ed5c33340210b37033e47b033e9f124811cce7c80ef83b87,False,ok
figure3-20260716T123930Z-99bbe7a-020bd9ea7099,figure3i,holdout_figure1b,100000,18155,2,6,figure3i-r02-c02,,,0.649366816682052,10.0,10,17577,100,100,1.0,0.9630065017930143,1.0,0.18155,post_freeze_centered_grid,transition,True,figure1bc|114514|holdout_figure1b|100000|18155,3d56d929981c50f51337e1d705da14156e61cb2b15ab6b471c7bb18100a36265,5e70904812ed8d1398493045b546ce212a9984db666c452c74bf37425e14f943,ef3f0c89d96ab326ed5c33340210b37033e47b033e9f124811cce7c80ef83b87,False,ok
figure3-20260716T123930Z-99bbe7a-020bd9ea7099,figure3i,holdout_figure1b,100000,18155,2,6,figure3i-r02-c04,,,0.7993668166820519,10.0,10,17824,100,4,0.04,0.01566330399154762,0.0983707143588792,0.18155,post_freeze_centered_grid,transition,True,figure1bc|114514|holdout_figure1b|100000|18155,3d56d929981c50f51337e1d705da14156e61cb2b15ab6b471c7bb18100a36265,a894e940a293d1cd9b14ad105c52afb1d2ab69c0283aff3f53884620017d3ea0,ef3f0c89d96ab326ed5c33340210b37033e47b033e9f124811cce7c80ef83b87,False,ok
figure3-20260716T123930Z-99bbe7a-020bd9ea7099,figure3i,holdout_figure1b,100000,18155,2,6,figure3i-r02-c05,,,0.874366816682052,10.0,10,17948,100,0,0.0,0.0,0.03699349820698568,0.18155,post_freeze_centered_grid,transition,True,figure1bc|114514|holdout_figure1b|100000|18155,3d56d929981c50f51337e1d705da14156e61cb2b15ab6b471c7bb18100a36265,207f871ed0adbd266d4ab8a27e7e913e53b88b9551864523b22b700a3ed08639,ef3f0c89d96ab326ed5c33340210b37033e47b033e9f124811cce7c80ef83b87,False,ok
figure3-20260716T123930Z-99bbe7a-020bd9ea7099,figure3i,holdout_figure1b,100000,18155,2,6,figure3i-r02-c06,,,0.9493668166820519,10.0,10,18072,100,0,0.0,0.0,0.03699349820698568,0.18155,post_freeze_centered_grid,transition,True,figure1bc|114514|holdout_figure1b|100000|18155,3d56d929981c50f51337e1d705da14156e61cb2b15ab6b471c7bb18100a36265,5b1074d2d8f1cdfa08576f0ebc1513d3fb0dbfbb59d58375b2b137c916bcbe60,ef3f0c89d96ab326ed5c33340210b37033e47b033e9f124811cce7c80ef83b87,False,ok
figure3-20260716T123930Z-99bbe7a-020bd9ea7099,figure3i,holdout_figure1b,100000,18155,2,6,figure3i-r03-c00,,,0.49936681668205196,12.0,12,17457,100,85,0.85,0.7671644040916763,0.9069401471634337,0.18155,post_freeze_centered_grid,transition,True,figure1bc|114514|holdout_figure1b|100000|18155,3d56d929981c50f51337e1d705da14156e61cb2b15ab6b471c7bb18100a36265,674762c3eebbc71e9378b995f61197e2eda86aa8eeca1b8c4331e727667b1a02,ef3f0c89d96ab326ed5c33340210b37033e47b033e9f124811cce7c80ef83b87,False,ok
figure3-20260716T123930Z-99bbe7a-020bd9ea7099,figure3i,holdout_figure1b,100000,18155,2,6,figure3i-r03-c01,,,0.5743668166820519,12.0,12,17561,100,98,0.98,0.929988209271456,0.9944980324498376,0.18155,post_freeze_centered_grid,transition,True,figure1bc|114514|holdout_figure1b|100000|18155,3d56d929981c50f51337e1d705da14156e61cb2b15ab6b471c7bb18100a36265,35c47cb5f5845590bac2f9a47a2c4ecd632dafe25b431dbe730b5e381a994d51,ef3f0c89d96ab326ed5c33340210b37033e47b033e9f124811cce7c80ef83b87,False,ok
figure3-20260716T123930Z-99bbe7a-020bd9ea7099,figure3i,holdout_figure1b,100000,18155,2,6,figure3i-r03-c02,,,0.649366816682052,12.0,12,17666,100,99,0.99,0.9455138038212946,0.9982325679358593,0.18155,post_freeze_centered_grid,transition,True,figure1bc|114514|holdout_figure1b|100000|18155,3d56d929981c50f51337e1d705da14156e61cb2b15ab6b471c7bb18100a36265,4fed97b58aaf8bd2eedf9ae481ad3ac9ef34f1759a8f7c0d4b7639639d7cedf5,ef3f0c89d96ab326ed5c33340210b37033e47b033e9f124811cce7c80ef83b87,False,ok
figure3-20260716T123930Z-99bbe7a-020bd9ea7099,figure3i,holdout_figure1b,100000,18155,2,6,figure3i-r03-c03,,,0.7243668166820519,12.0,12,17771,100,100,1.0,0.9630065017930143,1.0,0.18155,post_freeze_centered_grid,transition,True,figure1bc|114514|holdout_figure1b|100000|18155,3d56d929981c50f51337e1d705da14156e61cb2b15ab6b471c7bb18100a36265,5fcf74e17a87e96770462ac8c835244a0246d3a4cbda3e93f61107636fb50b10,ef3f0c89d96ab326ed5c33340210b37033e47b033e9f124811cce7c80ef83b87,False,ok
figure3-20260716T123930Z-99bbe7a-020bd9ea7099,figure3i,holdout_figure1b,100000,18155,2,6,figure3i-r03-c04,,,0.7993668166820519,12.0,12,17875,100,3,0.03,0.010254524024038925,0.0845193642905276,0.18155,post_freeze_centered_grid,transition,True,figure1bc|114514|holdout_figure1b|100000|18155,3d56d929981c50f51337e1d705da14156e61cb2b15ab6b471c7bb18100a36265,186628d8d54f225330bebd09c0760c04b15d1686ba09fdd7c04b67a3e123e236,ef3f0c89d96ab326ed5c33340210b37033e47b033e9f124811cce7c80ef83b87,False,ok
figure3-20260716T123930Z-99bbe7a-020bd9ea7099,figure3i,holdout_figure1b,100000,18155,2,6,figure3i-r03-c05,,,0.874366816682052,12.0,12,17980,100,0,0.0,0.0,0.03699349820698568,0.18155,post_freeze_centered_grid,transition,True,figure1bc|114514|holdout_figure1b|100000|18155,3d56d929981c50f51337e1d705da14156e61cb2b15ab6b471c7bb18100a36265,d24375150fb104c08f2bb6ce786f16b8bd646e06a3f5e3f90243752def707daf,ef3f0c89d96ab326ed5c33340210b37033e47b033e9f124811cce7c80ef83b87,False,ok
figure3-20260716T123930Z-99bbe7a-020bd9ea7099,figure3i,holdout_figure1b,100000,18155,2,6,figure3i-r03-c06,,,0.9493668166820519,12.0,12,18085,100,0,0.0,0.0,0.03699349820698568,0.18155,post_freeze_centered_grid,transition,True,figure1bc|114514|holdout_figure1b|100000|18155,3d56d929981c50f51337e1d705da14156e61cb2b15ab6b471c7bb18100a36265,6084e8722aa61986dff7b38da3f7417c702ff00f4f21cbf38b787b214996f2b6,ef3f0c89d96ab326ed5c33340210b37033e47b033e9f124811cce7c80ef83b87,False,ok
figure3-20260716T123930Z-99bbe7a-020bd9ea7099,figure3i,holdout_figure1b,100000,18155,2,6,figure3i-r04-c00,,,0.49936681668205196,14.0,14,17550,100,91,0.91,0.837737871472837,0.9519274599974348,0.18155,post_freeze_centered_grid,transition,True,figure1bc|114514|holdout_figure1b|100000|18155,3d56d929981c50f51337e1d705da14156e61cb2b15ab6b471c7bb18100a36265,d24568ad33472e138426a0a993419c7c36f5941b16d63c203aa3e04648a8c113,ef3f0c89d96ab326ed5c33340210b37033e47b033e9f124811cce7c80ef83b87,False,ok
figure3-20260716T123930Z-99bbe7a-020bd9ea7099,figure3i,holdout_figure1b,100000,18155,2,6,figure3i-r04-c01,,,0.5743668166820519,14.0,14,17640,100,96,0.96,0.9016292856411208,0.9843366960084523,0.18155,post_freeze_centered_grid,transition,True,figure1bc|114514|holdout_figure1b|100000|18155,3d56d929981c50f51337e1d705da14156e61cb2b15ab6b471c7bb18100a36265,5fb5c6e1dc81e5e569cac22fc45b3d2a4a9eb06a663d7962dd977d4127a989a7,ef3f0c89d96ab326ed5c33340210b37033e47b033e9f124811cce7c80ef83b87,False,ok
figure3-20260716T123930Z-99bbe7a-020bd9ea7099,figure3i,holdout_figure1b,100000,18155,2,6,figure3i-r04-c02,,,0.649366816682052,14.0,14,17731,100,100,1.0,0.9630065017930143,1.0,0.18155,post_freeze_centered_grid,transition,True,figure1bc|114514|holdout_figure1b|100000|18155,3d56d929981c50f51337e1d705da14156e61cb2b15ab6b471c7bb18100a36265,d95b5ac4d7b5a872d15212bad4533d0826bfb63a5b56ac59350b1a8b8eb8723f,ef3f0c89d96ab326ed5c33340210b37033e47b033e9f124811cce7c80ef83b87,False,ok
figure3-20260716T123930Z-99bbe7a-020bd9ea7099,figure3i,holdout_figure1b,100000,18155,2,6,figure3i-r04-c03,,,0.7243668166820519,14.0,14,17822,100,100,1.0,0.9630065017930143,1.0,0.18155,post_freeze_centered_grid,transition,True,figure1bc|114514|holdout_figure1b|100000|18155,3d56d929981c50f51337e1d705da14156e61cb2b15ab6b471c7bb18100a36265,5ace5af72c75fe63e0bd630fb72735c62e778cf1044c3281e0c8ae0eb14d31f2,ef3f0c89d96ab326ed5c33340210b37033e47b033e9f124811cce7c80ef83b87,False,ok
figure3-20260716T123930Z-99bbe7a-020bd9ea7099,figure3i,holdout_figure1b,100000,18155,2,6,figure3i-r04-c04,,,0.7993668166820519,14.0,14,17913,100,11,0.11,0.06254196357064568,0.18631296503080313,0.18155,post_freeze_centered_grid,transition,True,figure1bc|114514|holdout_figure1b|100000|18155,3d56d929981c50f51337e1d705da14156e61cb2b15ab6b471c7bb18100a36265,4dc45f10450824646b09a42ff6d5c7e15bf4d6b6ee714cd4ede95a2547b7a2b7,ef3f0c89d96ab326ed5c33340210b37033e47b033e9f124811cce7c80ef83b87,False,ok
figure3-20260716T123930Z-99bbe7a-020bd9ea7099,figure3i,holdout_figure1b,100000,18155,2,6,figure3i-r04-c05,,,0.874366816682052,14.0,14,18003,100,0,0.0,0.0,0.03699349820698568,0.18155,post_freeze_centered_grid,transition,True,figure1bc|114514|holdout_figure1b|100000|18155,3d56d929981c50f51337e1d705da14156e61cb2b15ab6b471c7bb18100a36265,f959d10ad3b16159dafed42ca12baf1114fed9fd66c159d25dac134bc240bbca,ef3f0c89d96ab326ed5c33340210b37033e47b033e9f124811cce7c80ef83b87,False,ok
figure3-20260716T123930Z-99bbe7a-020bd9ea7099,figure3i,holdout_figure1b,100000,18155,2,6,figure3i-r04-c06,,,0.9493668166820519,14.0,14,18094,100,0,0.0,0.0,0.03699349820698568,0.18155,post_freeze_centered_grid,transition,True,figure1bc|114514|holdout_figure1b|100000|18155,3d56d929981c50f51337e1d705da14156e61cb2b15ab6b471c7bb18100a36265,9af2fa36b24f9ea9af04a4c3eb4fa13186165bd2f70dfb831190548697b9253b,ef3f0c89d96ab326ed5c33340210b37033e47b033e9f124811cce7c80ef83b87,False,ok
figure3-20260716T123930Z-99bbe7a-020bd9ea7099,figure3i,holdout_figure1b,100000,18155,2,6,frozen-prediction,0.875,0.9,0.7243668166820519,10.018336028423183,10,17701,100,100,1.0,0.9630065017930143,1.0,0.18155,post_freeze_centered_grid,transition,True,figure1bc|114514|holdout_figure1b|100000|18155,3d56d929981c50f51337e1d705da14156e61cb2b15ab6b471c7bb18100a36265,90c20dba3e64ee0029f29b3f400e0297a493f85df2b29f761db25aa687889eca,ef3f0c89d96ab326ed5c33340210b37033e47b033e9f124811cce7c80ef83b87,True,ok
figure3-20260716T123930Z-99bbe7a-020bd9ea7099,figure3j,holdout_figure1b,100000,18940,2,6,figure3j-r00-c00,,,0.49936681668205196,6.0,6,17586,100,100,1.0,0.9630065017930143,1.0,0.1894,post_freeze_centered_grid,transition,True,figure1bc|114514|holdout_figure1b|100000|18940,e3076a81629c1bb1bd10153bd093e471a59da641b11d517114d129160bc9b9ca,f6331ec3301118966cc90aa225ed2308941f79caf24930bab3fafd4b258f288f,ef3f0c89d96ab326ed5c33340210b37033e47b033e9f124811cce7c80ef83b87,False,ok
figure3-20260716T123930Z-99bbe7a-020bd9ea7099,figure3j,holdout_figure1b,100000,18940,2,6,figure3j-r00-c01,,,0.5743668166820519,6.0,6,17789,100,100,1.0,0.9630065017930143,1.0,0.1894,post_freeze_centered_grid,transition,True,figure1bc|114514|holdout_figure1b|100000|18940,e3076a81629c1bb1bd10153bd093e471a59da641b11d517114d129160bc9b9ca,46e51d1610752a0dab8ab68923b61a07fc3e7522310a2be191b4434eb0356ab7,ef3f0c89d96ab326ed5c33340210b37033e47b033e9f124811cce7c80ef83b87,False,ok
figure3-20260716T123930Z-99bbe7a-020bd9ea7099,figure3j,holdout_figure1b,100000,18940,2,6,figure3j-r00-c02,,,0.649366816682052,6.0,6,17992,100,100,1.0,0.9630065017930143,1.0,0.1894,post_freeze_centered_grid,transition,True,figure1bc|114514|holdout_figure1b|100000|18940,e3076a81629c1bb1bd10153bd093e471a59da641b11d517114d129160bc9b9ca,7f660f1bc83415a961318ad6fd8a498e68dd9dbe36853f25e9483546e78b8a9f,ef3f0c89d96ab326ed5c33340210b37033e47b033e9f124811cce7c80ef83b87,False,ok
figure3-20260716T123930Z-99bbe7a-020bd9ea7099,figure3j,holdout_figure1b,100000,18940,2,6,figure3j-r00-c03,,,0.7243668166820519,6.0,6,18195,100,100,1.0,0.9630065017930143,1.0,0.1894,post_freeze_centered_grid,transition,True,figure1bc|114514|holdout_figure1b|100000|18940,e3076a81629c1bb1bd10153bd093e471a59da641b11d517114d129160bc9b9ca,3879b1d0351dcf95f72a917b885c4e1205817a9de906b8230973c66ea5c7c9fa,ef3f0c89d96ab326ed5c33340210b37033e47b033e9f124811cce7c80ef83b87,False,ok
figure3-20260716T123930Z-99bbe7a-020bd9ea7099,figure3j,holdout_figure1b,100000,18940,2,6,figure3j-r00-c04,,,0.7993668166820519,6.0,6,18398,100,99,0.99,0.9455138038212946,0.9982325679358593,0.1894,post_freeze_centered_grid,transition,True,figure1bc|114514|holdout_figure1b|100000|18940,e3076a81629c1bb1bd10153bd093e471a59da641b11d517114d129160bc9b9ca,07c09e631ec58b23d4a071a71b516339387fa453db71614a398aa2317c630247,ef3f0c89d96ab326ed5c33340210b37033e47b033e9f124811cce7c80ef83b87,False,ok
figure3-20260716T123930Z-99bbe7a-020bd9ea7099,figure3j,holdout_figure1b,100000,18940,2,6,figure3j-r00-c05,,,0.874366816682052,6.0,6,18601,100,0,0.0,0.0,0.03699349820698568,0.1894,post_freeze_centered_grid,transition,True,figure1bc|114514|holdout_figure1b|100000|18940,e3076a81629c1bb1bd10153bd093e471a59da641b11d517114d129160bc9b9ca,ee6315cf94f664900a30a47b47b10582456beecf71712b96e933e0b6fbd3d251,ef3f0c89d96ab326ed5c33340210b37033e47b033e9f124811cce7c80ef83b87,False,ok
figure3-20260716T123930Z-99bbe7a-020bd9ea7099,figure3j,holdout_figure1b,100000,18940,2,6,figure3j-r00-c06,,,0.9493668166820519,6.0,6,18804,100,0,0.0,0.0,0.03699349820698568,0.1894,post_freeze_centered_grid,transition,True,figure1bc|114514|holdout_figure1b|100000|18940,e3076a81629c1bb1bd10153bd093e471a59da641b11d517114d129160bc9b9ca,ecb01480d85fe581c3fec5c288cef7536c605b3493d028570b57addec4834a41,ef3f0c89d96ab326ed5c33340210b37033e47b033e9f124811cce7c80ef83b87,False,ok
figure3-20260716T123930Z-99bbe7a-020bd9ea7099,figure3j,holdout_figure1b,100000,18940,2,6,figure3j-r01-c00,,,0.49936681668205196,8.0,8,17887,100,100,1.0,0.9630065017930143,1.0,0.1894,post_freeze_centered_grid,transition,True,figure1bc|114514|holdout_figure1b|100000|18940,e3076a81629c1bb1bd10153bd093e471a59da641b11d517114d129160bc9b9ca,15c685c240b386079287566ef5ad6db8fb16113d83d56c6a474b4f00c14366ef,ef3f0c89d96ab326ed5c33340210b37033e47b033e9f124811cce7c80ef83b87,False,ok
figure3-20260716T123930Z-99bbe7a-020bd9ea7099,figure3j,holdout_figure1b,100000,18940,2,6,figure3j-r01-c01,,,0.5743668166820519,8.0,8,18045,100,100,1.0,0.9630065017930143,1.0,0.1894,post_freeze_centered_grid,transition,True,figure1bc|114514|holdout_figure1b|100000|18940,e3076a81629c1bb1bd10153bd093e471a59da641b11d517114d129160bc9b9ca,4ef0bf91d5ed2f3a189292656beec6c538836e6f95db5c2ac21283c774e238a2,ef3f0c89d96ab326ed5c33340210b37033e47b033e9f124811cce7c80ef83b87,False,ok
figure3-20260716T123930Z-99bbe7a-020bd9ea7099,figure3j,holdout_figure1b,100000,18940,2,6,figure3j-r01-c02,,,0.649366816682052,8.0,8,18203,100,100,1.0,0.9630065017930143,1.0,0.1894,post_freeze_centered_grid,transition,True,figure1bc|114514|holdout_figure1b|100000|18940,e3076a81629c1bb1bd10153bd093e471a59da641b11d517114d129160bc9b9ca,342ea7eeb242f81932444cba43df26d14f8a1455635dce568f66fcd1542b7e12,ef3f0c89d96ab326ed5c33340210b37033e47b033e9f124811cce7c80ef83b87,False,ok
figure3-20260716T123930Z-99bbe7a-020bd9ea7099,figure3j,holdout_figure1b,100000,18940,2,6,figure3j-r01-c03,,,0.7243668166820519,8.0,8,18361,100,100,1.0,0.9630065017930143,1.0,0.1894,post_freeze_centered_grid,transition,True,figure1bc|114514|holdout_figure1b|100000|18940,e3076a81629c1bb1bd10153bd093e471a59da641b11d517114d129160bc9b9ca,93dda0ab5ae27f9e393743922fd237eb3e0370462b79ce33958b7b40b859a0cc,ef3f0c89d96ab326ed5c33340210b37033e47b033e9f124811cce7c80ef83b87,False,ok
figure3-20260716T123930Z-99bbe7a-020bd9ea7099,figure3j,holdout_figure1b,100000,18940,2,6,figure3j-r01-c04,,,0.7993668166820519,8.0,8,18518,100,99,0.99,0.9455138038212946,0.9982325679358593,0.1894,post_freeze_centered_grid,transition,True,figure1bc|114514|holdout_figure1b|100000|18940,e3076a81629c1bb1bd10153bd093e471a59da641b11d517114d129160bc9b9ca,c3ad7a5f7a38bd3a3490944817918c58574dc35742ff497512a1789032852b9c,ef3f0c89d96ab326ed5c33340210b37033e47b033e9f124811cce7c80ef83b87,False,ok
figure3-20260716T123930Z-99bbe7a-020bd9ea7099,figure3j,holdout_figure1b,100000,18940,2,6,figure3j-r01-c05,,,0.874366816682052,8.0,8,18676,100,0,0.0,0.0,0.03699349820698568,0.1894,post_freeze_centered_grid,transition,True,figure1bc|114514|holdout_figure1b|100000|18940,e3076a81629c1bb1bd10153bd093e471a59da641b11d517114d129160bc9b9ca,04720d15e6d6d1137626b0d83bcb5e05f81c64709582411d7c40cefcbcc9667b,ef3f0c89d96ab326ed5c33340210b37033e47b033e9f124811cce7c80ef83b87,False,ok
figure3-20260716T123930Z-99bbe7a-020bd9ea7099,figure3j,holdout_figure1b,100000,18940,2,6,figure3j-r01-c06,,,0.9493668166820519,8.0,8,18834,100,0,0.0,0.0,0.03699349820698568,0.1894,post_freeze_centered_grid,transition,True,figure1bc|114514|holdout_figure1b|100000|18940,e3076a81629c1bb1bd10153bd093e471a59da641b11d517114d129160bc9b9ca,31ac08f0da6f566f582d9d7d4562a3a1aabefb2f7958ea9bd20f348f2508471a,ef3f0c89d96ab326ed5c33340210b37033e47b033e9f124811cce7c80ef83b87,False,ok
figure3-20260716T123930Z-99bbe7a-020bd9ea7099,figure3j,holdout_figure1b,100000,18940,2,6,figure3j-r02-c00,,,0.49936681668205196,10.0,10,18079,100,100,1.0,0.9630065017930143,1.0,0.1894,post_freeze_centered_grid,transition,True,figure1bc|114514|holdout_figure1b|100000|18940,e3076a81629c1bb1bd10153bd093e471a59da641b11d517114d129160bc9b9ca,26d812e40adebea22963a0f1836de33e061ceb95c3a9d7e8f93340f78305dc17,ef3f0c89d96ab326ed5c33340210b37033e47b033e9f124811cce7c80ef83b87,False,ok
figure3-20260716T123930Z-99bbe7a-020bd9ea7099,figure3j,holdout_figure1b,100000,18940,2,6,figure3j-r02-c01,,,0.5743668166820519,10.0,10,18208,100,100,1.0,0.9630065017930143,1.0,0.1894,post_freeze_centered_grid,transition,True,figure1bc|114514|holdout_figure1b|100000|18940,e3076a81629c1bb1bd10153bd093e471a59da641b11d517114d129160bc9b9ca,60640f166da86431532eea9ab62d88696fca77988e46bf6accb56ec588596729,ef3f0c89d96ab326ed5c33340210b37033e47b033e9f124811cce7c80ef83b87,False,ok
figure3-20260716T123930Z-99bbe7a-020bd9ea7099,figure3j,holdout_figure1b,100000,18940,2,6,figure3j-r02-c02,,,0.649366816682052,10.0,10,18337,100,100,1.0,0.9630065017930143,1.0,0.1894,post_freeze_centered_grid,transition,True,figure1bc|114514|holdout_figure1b|100000|18940,e3076a81629c1bb1bd10153bd093e471a59da641b11d517114d129160bc9b9ca,79533314654a920293363d9442b1d41cf3e2e9f3e54788a441408d7f7e8b02ee,ef3f0c89d96ab326ed5c33340210b37033e47b033e9f124811cce7c80ef83b87,False,ok
figure3-20260716T123930Z-99bbe7a-020bd9ea7099,figure3j,holdout_figure1b,100000,18940,2,6,figure3j-r02-c04,,,0.7993668166820519,10.0,10,18595,100,100,1.0,0.9630065017930143,1.0,0.1894,post_freeze_centered_grid,transition,True,figure1bc|114514|holdout_figure1b|100000|18940,e3076a81629c1bb1bd10153bd093e471a59da641b11d517114d129160bc9b9ca,992fb03e89944298daaabf5abd6b6080e96846e098bab8451ec792a821a83646,ef3f0c89d96ab326ed5c33340210b37033e47b033e9f124811cce7c80ef83b87,False,ok
figure3-20260716T123930Z-99bbe7a-020bd9ea7099,figure3j,holdout_figure1b,100000,18940,2,6,figure3j-r02-c05,,,0.874366816682052,10.0,10,18724,100,0,0.0,0.0,0.03699349820698568,0.1894,post_freeze_centered_grid,transition,True,figure1bc|114514|holdout_figure1b|100000|18940,e3076a81629c1bb1bd10153bd093e471a59da641b11d517114d129160bc9b9ca,43e6a22897a231e8ec6a137e80c6b424fb8af4aa692f0be91f55edb1967653d4,ef3f0c89d96ab326ed5c33340210b37033e47b033e9f124811cce7c80ef83b87,False,ok
figure3-20260716T123930Z-99bbe7a-020bd9ea7099,figure3j,holdout_figure1b,100000,18940,2,6,figure3j-r02-c06,,,0.9493668166820519,10.0,10,18853,100,0,0.0,0.0,0.03699349820698568,0.1894,post_freeze_centered_grid,transition,True,figure1bc|114514|holdout_figure1b|100000|18940,e3076a81629c1bb1bd10153bd093e471a59da641b11d517114d129160bc9b9ca,1f5b1982385b07610be6cd09f92012e4a266ab2b51644b05a5df1442893e0d46,ef3f0c89d96ab326ed5c33340210b37033e47b033e9f124811cce7c80ef83b87,False,ok
figure3-20260716T123930Z-99bbe7a-020bd9ea7099,figure3j,holdout_figure1b,100000,18940,2,6,figure3j-r03-c00,,,0.49936681668205196,12.0,12,18212,100,100,1.0,0.9630065017930143,1.0,0.1894,post_freeze_centered_grid,transition,True,figure1bc|114514|holdout_figure1b|100000|18940,e3076a81629c1bb1bd10153bd093e471a59da641b11d517114d129160bc9b9ca,e55e9448d610995db9d02a74fc4af66765caa6192a4c15fe61f28e50de871ab4,ef3f0c89d96ab326ed5c33340210b37033e47b033e9f124811cce7c80ef83b87,False,ok
figure3-20260716T123930Z-99bbe7a-020bd9ea7099,figure3j,holdout_figure1b,100000,18940,2,6,figure3j-r03-c01,,,0.5743668166820519,12.0,12,18321,100,100,1.0,0.9630065017930143,1.0,0.1894,post_freeze_centered_grid,transition,True,figure1bc|114514|holdout_figure1b|100000|18940,e3076a81629c1bb1bd10153bd093e471a59da641b11d517114d129160bc9b9ca,78eb7d13cacc0b6bc10dbed6f9ed5fe214d29008b3ac82555963dc121b4eb095,ef3f0c89d96ab326ed5c33340210b37033e47b033e9f124811cce7c80ef83b87,False,ok
figure3-20260716T123930Z-99bbe7a-020bd9ea7099,figure3j,holdout_figure1b,100000,18940,2,6,figure3j-r03-c02,,,0.649366816682052,12.0,12,18430,100,100,1.0,0.9630065017930143,1.0,0.1894,post_freeze_centered_grid,transition,True,figure1bc|114514|holdout_figure1b|100000|18940,e3076a81629c1bb1bd10153bd093e471a59da641b11d517114d129160bc9b9ca,b24eca1842cd019bb16a5c0e2c868b3c60b7d730d33899b81056f4c6cfc1889f,ef3f0c89d96ab326ed5c33340210b37033e47b033e9f124811cce7c80ef83b87,False,ok
figure3-20260716T123930Z-99bbe7a-020bd9ea7099,figure3j,holdout_figure1b,100000,18940,2,6,figure3j-r03-c03,,,0.7243668166820519,12.0,12,18539,100,100,1.0,0.9630065017930143,1.0,0.1894,post_freeze_centered_grid,transition,True,figure1bc|114514|holdout_figure1b|100000|18940,e3076a81629c1bb1bd10153bd093e471a59da641b11d517114d129160bc9b9ca,ed741561f1a11689f7135dc856db5db7adbc4462f9ca0799fd6f77012e6db064,ef3f0c89d96ab326ed5c33340210b37033e47b033e9f124811cce7c80ef83b87,False,ok
figure3-20260716T123930Z-99bbe7a-020bd9ea7099,figure3j,holdout_figure1b,100000,18940,2,6,figure3j-r03-c04,,,0.7993668166820519,12.0,12,18648,100,100,1.0,0.9630065017930143,1.0,0.1894,post_freeze_centered_grid,transition,True,figure1bc|114514|holdout_figure1b|100000|18940,e3076a81629c1bb1bd10153bd093e471a59da641b11d517114d129160bc9b9ca,adb9a76c3833ab4c110aa454dcc4c89f4fecbabd1323d2f0f82d92367d47458a,ef3f0c89d96ab326ed5c33340210b37033e47b033e9f124811cce7c80ef83b87,False,ok
figure3-20260716T123930Z-99bbe7a-020bd9ea7099,figure3j,holdout_figure1b,100000,18940,2,6,figure3j-r03-c05,,,0.874366816682052,12.0,12,18758,100,5,0.05,0.02154367915436796,0.11175046923191913,0.1894,post_freeze_centered_grid,transition,True,figure1bc|114514|holdout_figure1b|100000|18940,e3076a81629c1bb1bd10153bd093e471a59da641b11d517114d129160bc9b9ca,790edf77d26def1c5f13b3fc862a40e0082d9f398f4caa689f291d01a3ffb0a1,ef3f0c89d96ab326ed5c33340210b37033e47b033e9f124811cce7c80ef83b87,False,ok
figure3-20260716T123930Z-99bbe7a-020bd9ea7099,figure3j,holdout_figure1b,100000,18940,2,6,figure3j-r03-c06,,,0.9493668166820519,12.0,12,18867,100,0,0.0,0.0,0.03699349820698568,0.1894,post_freeze_centered_grid,transition,True,figure1bc|114514|holdout_figure1b|100000|18940,e3076a81629c1bb1bd10153bd093e471a59da641b11d517114d129160bc9b9ca,586ca949f8553cf74e566567e7ec5c49fefc1bf612ebf57e1051370b0d5ff2fd,ef3f0c89d96ab326ed5c33340210b37033e47b033e9f124811cce7c80ef83b87,False,ok
figure3-20260716T123930Z-99bbe7a-020bd9ea7099,figure3j,holdout_figure1b,100000,18940,2,6,figure3j-r04-c00,,,0.49936681668205196,14.0,14,18309,100,100,1.0,0.9630065017930143,1.0,0.1894,post_freeze_centered_grid,transition,True,figure1bc|114514|holdout_figure1b|100000|18940,e3076a81629c1bb1bd10153bd093e471a59da641b11d517114d129160bc9b9ca,e16b188ead056e817ee6c8456c7681d34e75e5fb0fb04a64d9abe69f9535d45f,ef3f0c89d96ab326ed5c33340210b37033e47b033e9f124811cce7c80ef83b87,False,ok
figure3-20260716T123930Z-99bbe7a-020bd9ea7099,figure3j,holdout_figure1b,100000,18940,2,6,figure3j-r04-c01,,,0.5743668166820519,14.0,14,18403,100,100,1.0,0.9630065017930143,1.0,0.1894,post_freeze_centered_grid,transition,True,figure1bc|114514|holdout_figure1b|100000|18940,e3076a81629c1bb1bd10153bd093e471a59da641b11d517114d129160bc9b9ca,91537380b1821a493c601ff32b0ded2fd0e17ad836a898c83c885cce14d48190,ef3f0c89d96ab326ed5c33340210b37033e47b033e9f124811cce7c80ef83b87,False,ok
figure3-20260716T123930Z-99bbe7a-020bd9ea7099,figure3j,holdout_figure1b,100000,18940,2,6,figure3j-r04-c02,,,0.649366816682052,14.0,14,18498,100,100,1.0,0.9630065017930143,1.0,0.1894,post_freeze_centered_grid,transition,True,figure1bc|114514|holdout_figure1b|100000|18940,e3076a81629c1bb1bd10153bd093e471a59da641b11d517114d129160bc9b9ca,5430aea3621ec39094d0382491ff7c45aa0f4952b660d6f085ea3b223b722523,ef3f0c89d96ab326ed5c33340210b37033e47b033e9f124811cce7c80ef83b87,False,ok
figure3-20260716T123930Z-99bbe7a-020bd9ea7099,figure3j,holdout_figure1b,100000,18940,2,6,figure3j-r04-c03,,,0.7243668166820519,14.0,14,18593,100,100,1.0,0.9630065017930143,1.0,0.1894,post_freeze_centered_grid,transition,True,figure1bc|114514|holdout_figure1b|100000|18940,e3076a81629c1bb1bd10153bd093e471a59da641b11d517114d129160bc9b9ca,2d286b112416f3015ac6cb6d05107b140f127569bad4cc4a609378df5ab5fdeb,ef3f0c89d96ab326ed5c33340210b37033e47b033e9f124811cce7c80ef83b87,False,ok
figure3-20260716T123930Z-99bbe7a-020bd9ea7099,figure3j,holdout_figure1b,100000,18940,2,6,figure3j-r04-c04,,,0.7993668166820519,14.0,14,18687,100,100,1.0,0.9630065017930143,1.0,0.1894,post_freeze_centered_grid,transition,True,figure1bc|114514|holdout_figure1b|100000|18940,e3076a81629c1bb1bd10153bd093e471a59da641b11d517114d129160bc9b9ca,13b044ad48732f7cecae7bdc4d550f3c51e09653459dd6786ba3bf0faffa4b19,ef3f0c89d96ab326ed5c33340210b37033e47b033e9f124811cce7c80ef83b87,False,ok
figure3-20260716T123930Z-99bbe7a-020bd9ea7099,figure3j,holdout_figure1b,100000,18940,2,6,figure3j-r04-c05,,,0.874366816682052,14.0,14,18782,100,4,0.04,0.01566330399154762,0.0983707143588792,0.1894,post_freeze_centered_grid,transition,True,figure1bc|114514|holdout_figure1b|100000|18940,e3076a81629c1bb1bd10153bd093e471a59da641b11d517114d129160bc9b9ca,20541a33bc09057041bc3d848ea858c7f95b36be1090b68d2678fb467d84e68b,ef3f0c89d96ab326ed5c33340210b37033e47b033e9f124811cce7c80ef83b87,False,ok
figure3-20260716T123930Z-99bbe7a-020bd9ea7099,figure3j,holdout_figure1b,100000,18940,2,6,figure3j-r04-c06,,,0.9493668166820519,14.0,14,18877,100,0,0.0,0.0,0.03699349820698568,0.1894,post_freeze_centered_grid,transition,True,figure1bc|114514|holdout_figure1b|100000|18940,e3076a81629c1bb1bd10153bd093e471a59da641b11d517114d129160bc9b9ca,626134fa4ad33d9e5866e8ef15ab4d03a6118dee64f302284abc2ddbd8688ba1,ef3f0c89d96ab326ed5c33340210b37033e47b033e9f124811cce7c80ef83b87,False,ok
figure3-20260716T123930Z-99bbe7a-020bd9ea7099,figure3j,holdout_figure1b,100000,18940,2,6,frozen-prediction,0.875,0.9,0.7243668166820519,10.16069702346925,10,18466,100,100,1.0,0.9630065017930143,1.0,0.1894,post_freeze_centered_grid,transition,True,figure1bc|114514|holdout_figure1b|100000|18940,e3076a81629c1bb1bd10153bd093e471a59da641b11d517114d129160bc9b9ca,4c6902a61541babf64548a6cb8155b25a2390cfd1db2c05110adef1cf49e87a8,ef3f0c89d96ab326ed5c33340210b37033e47b033e9f124811cce7c80ef83b87,True,ok
figure3-20260716T123930Z-99bbe7a-020bd9ea7099,figure3k,holdout_figure1b,1000000,178767,2,6,figure3k-r00-c00,,,0.49936681668205196,13.0,13,172375,100,100,1.0,0.9630065017930143,1.0,0.178767,post_freeze_centered_grid,transition,True,figure1bc|114514|holdout_figure1b|1000000|178767,57520cc1db84157419b1a62354ddc37857e0a10096c58b819290bdc8df742fa7,a39b391eda817dfe991a3a53737555fb22004406898a660da5beea9b338142a0,ef3f0c89d96ab326ed5c33340210b37033e47b033e9f124811cce7c80ef83b87,False,ok
figure3-20260716T123930Z-99bbe7a-020bd9ea7099,figure3k,holdout_figure1b,1000000,178767,2,6,figure3k-r00-c01,,,0.5743668166820519,13.0,13,173333,100,100,1.0,0.9630065017930143,1.0,0.178767,post_freeze_centered_grid,transition,True,figure1bc|114514|holdout_figure1b|1000000|178767,57520cc1db84157419b1a62354ddc37857e0a10096c58b819290bdc8df742fa7,f69c4044ebace89064675469924de4ba09cb6c185fc400dfd7ecc13399e0ec38,ef3f0c89d96ab326ed5c33340210b37033e47b033e9f124811cce7c80ef83b87,False,ok
figure3-20260716T123930Z-99bbe7a-020bd9ea7099,figure3k,holdout_figure1b,1000000,178767,2,6,figure3k-r00-c02,,,0.649366816682052,13.0,13,174290,100,100,1.0,0.9630065017930143,1.0,0.178767,post_freeze_centered_grid,transition,True,figure1bc|114514|holdout_figure1b|1000000|178767,57520cc1db84157419b1a62354ddc37857e0a10096c58b819290bdc8df742fa7,e2ee1abb7b2405f1a3ec14e8127cf63a56f1ad1e9e1b1f8c9b0c7041ae399fc0,ef3f0c89d96ab326ed5c33340210b37033e47b033e9f124811cce7c80ef83b87,False,ok
figure3-20260716T123930Z-99bbe7a-020bd9ea7099,figure3k,holdout_figure1b,1000000,178767,2,6,figure3k-r00-c03,,,0.7243668166820519,13.0,13,175248,100,100,1.0,0.9630065017930143,1.0,0.178767,post_freeze_centered_grid,transition,True,figure1bc|114514|holdout_figure1b|1000000|178767,57520cc1db84157419b1a62354ddc37857e0a10096c58b819290bdc8df742fa7,17a062b3a77f8eefffdd156016e9625f82ebc0c9a7b8ffd63d162e816c56407e,ef3f0c89d96ab326ed5c33340210b37033e47b033e9f124811cce7c80ef83b87,False,ok
figure3-20260716T123930Z-99bbe7a-020bd9ea7099,figure3k,holdout_figure1b,1000000,178767,2,6,figure3k-r00-c04,,,0.7993668166820519,13.0,13,176206,100,0,0.0,0.0,0.03699349820698568,0.178767,post_freeze_centered_grid,transition,True,figure1bc|114514|holdout_figure1b|1000000|178767,57520cc1db84157419b1a62354ddc37857e0a10096c58b819290bdc8df742fa7,870b426a63d38cc3ffc0c89fd427ecb9d2165207240c067f403718063bb05aa6,ef3f0c89d96ab326ed5c33340210b37033e47b033e9f124811cce7c80ef83b87,False,ok
figure3-20260716T123930Z-99bbe7a-020bd9ea7099,figure3k,holdout_figure1b,1000000,178767,2,6,figure3k-r00-c05,,,0.874366816682052,13.0,13,177163,100,0,0.0,0.0,0.03699349820698568,0.178767,post_freeze_centered_grid,transition,True,figure1bc|114514|holdout_figure1b|1000000|178767,57520cc1db84157419b1a62354ddc37857e0a10096c58b819290bdc8df742fa7,a512708fec46696c9a2e34057ac6204232496af93b837a6b3f50710b6bdc8bac,ef3f0c89d96ab326ed5c33340210b37033e47b033e9f124811cce7c80ef83b87,False,ok
figure3-20260716T123930Z-99bbe7a-020bd9ea7099,figure3k,holdout_figure1b,1000000,178767,2,6,figure3k-r00-c06,,,0.9493668166820519,13.0,13,178121,100,0,0.0,0.0,0.03699349820698568,0.178767,post_freeze_centered_grid,transition,True,figure1bc|114514|holdout_figure1b|1000000|178767,57520cc1db84157419b1a62354ddc37857e0a10096c58b819290bdc8df742fa7,f8ad9cfd2e20cb9cfa585968f34d51a04bddfdfc41574a11109abe327614f72c,ef3f0c89d96ab326ed5c33340210b37033e47b033e9f124811cce7c80ef83b87,False,ok
figure3-20260716T123930Z-99bbe7a-020bd9ea7099,figure3k,holdout_figure1b,1000000,178767,2,6,figure3k-r01-c00,,,0.49936681668205196,17.0,17,173796,100,100,1.0,0.9630065017930143,1.0,0.178767,post_freeze_centered_grid,transition,True,figure1bc|114514|holdout_figure1b|1000000|178767,57520cc1db84157419b1a62354ddc37857e0a10096c58b819290bdc8df742fa7,c8af9c7e5b67876c1c079407c7b038caa7f9bf28be3b9a9a6b165aafff1eb5f2,ef3f0c89d96ab326ed5c33340210b37033e47b033e9f124811cce7c80ef83b87,False,ok
figure3-20260716T123930Z-99bbe7a-020bd9ea7099,figure3k,holdout_figure1b,1000000,178767,2,6,figure3k-r01-c01,,,0.5743668166820519,17.0,17,174541,100,100,1.0,0.9630065017930143,1.0,0.178767,post_freeze_centered_grid,transition,True,figure1bc|114514|holdout_figure1b|1000000|178767,57520cc1db84157419b1a62354ddc37857e0a10096c58b819290bdc8df742fa7,8b9bed2804b8e4434de7b4db08bde6ca2b5380ea11ac8c45939ab25dbad844ce,ef3f0c89d96ab326ed5c33340210b37033e47b033e9f124811cce7c80ef83b87,False,ok
figure3-20260716T123930Z-99bbe7a-020bd9ea7099,figure3k,holdout_figure1b,1000000,178767,2,6,figure3k-r01-c02,,,0.649366816682052,17.0,17,175285,100,100,1.0,0.9630065017930143,1.0,0.178767,post_freeze_centered_grid,transition,True,figure1bc|114514|holdout_figure1b|1000000|178767,57520cc1db84157419b1a62354ddc37857e0a10096c58b819290bdc8df742fa7,5c2dd59bf2d3fb898e5f8218a07d896c9c805ba94b059f6ee77f91cb10f12875,ef3f0c89d96ab326ed5c33340210b37033e47b033e9f124811cce7c80ef83b87,False,ok
figure3-20260716T123930Z-99bbe7a-020bd9ea7099,figure3k,holdout_figure1b,1000000,178767,2,6,figure3k-r01-c03,,,0.7243668166820519,17.0,17,176030,100,100,1.0,0.9630065017930143,1.0,0.178767,post_freeze_centered_grid,transition,True,figure1bc|114514|holdout_figure1b|1000000|178767,57520cc1db84157419b1a62354ddc37857e0a10096c58b819290bdc8df742fa7,89f1c9be95025efa724b2010a95a3ba1ce9c1972f22601366e4a662b66e6abb7,ef3f0c89d96ab326ed5c33340210b37033e47b033e9f124811cce7c80ef83b87,False,ok
figure3-20260716T123930Z-99bbe7a-020bd9ea7099,figure3k,holdout_figure1b,1000000,178767,2,6,figure3k-r01-c04,,,0.7993668166820519,17.0,17,176775,100,0,0.0,0.0,0.03699349820698568,0.178767,post_freeze_centered_grid,transition,True,figure1bc|114514|holdout_figure1b|1000000|178767,57520cc1db84157419b1a62354ddc37857e0a10096c58b819290bdc8df742fa7,f67de72385be7be9440fb8d9c8846aa8b03feff038429c255ea1281d5a45e558,ef3f0c89d96ab326ed5c33340210b37033e47b033e9f124811cce7c80ef83b87,False,ok
figure3-20260716T123930Z-99bbe7a-020bd9ea7099,figure3k,holdout_figure1b,1000000,178767,2,6,figure3k-r01-c05,,,0.874366816682052,17.0,17,177520,100,0,0.0,0.0,0.03699349820698568,0.178767,post_freeze_centered_grid,transition,True,figure1bc|114514|holdout_figure1b|1000000|178767,57520cc1db84157419b1a62354ddc37857e0a10096c58b819290bdc8df742fa7,190e46a07a261ae399290a2ba43bd6476ad26490f08de3f7a7deff9cb7668358,ef3f0c89d96ab326ed5c33340210b37033e47b033e9f124811cce7c80ef83b87,False,ok
figure3-20260716T123930Z-99bbe7a-020bd9ea7099,figure3k,holdout_figure1b,1000000,178767,2,6,figure3k-r01-c06,,,0.9493668166820519,17.0,17,178265,100,0,0.0,0.0,0.03699349820698568,0.178767,post_freeze_centered_grid,transition,True,figure1bc|114514|holdout_figure1b|1000000|178767,57520cc1db84157419b1a62354ddc37857e0a10096c58b819290bdc8df742fa7,def576707cc09e7e32f0207acaed7b6d3a31b609cad342edb122b0f899fe6dce,ef3f0c89d96ab326ed5c33340210b37033e47b033e9f124811cce7c80ef83b87,False,ok
figure3-20260716T123930Z-99bbe7a-020bd9ea7099,figure3k,holdout_figure1b,1000000,178767,2,6,figure3k-r02-c00,,,0.49936681668205196,21.0,21,174700,100,100,1.0,0.9630065017930143,1.0,0.178767,post_freeze_centered_grid,transition,True,figure1bc|114514|holdout_figure1b|1000000|178767,57520cc1db84157419b1a62354ddc37857e0a10096c58b819290bdc8df742fa7,6404c34292221fc0522c8bf1db9dac77243a632906f8439d54634f371d8cae11,ef3f0c89d96ab326ed5c33340210b37033e47b033e9f124811cce7c80ef83b87,False,ok
figure3-20260716T123930Z-99bbe7a-020bd9ea7099,figure3k,holdout_figure1b,1000000,178767,2,6,figure3k-r02-c01,,,0.5743668166820519,21.0,21,175309,100,100,1.0,0.9630065017930143,1.0,0.178767,post_freeze_centered_grid,transition,True,figure1bc|114514|holdout_figure1b|1000000|178767,57520cc1db84157419b1a62354ddc37857e0a10096c58b819290bdc8df742fa7,060fe04752889c4bf8a5ba3504d2b88ec48eccf4d75a7fde6c53621f685a9b5f,ef3f0c89d96ab326ed5c33340210b37033e47b033e9f124811cce7c80ef83b87,False,ok
figure3-20260716T123930Z-99bbe7a-020bd9ea7099,figure3k,holdout_figure1b,1000000,178767,2,6,figure3k-r02-c02,,,0.649366816682052,21.0,21,175919,100,100,1.0,0.9630065017930143,1.0,0.178767,post_freeze_centered_grid,transition,True,figure1bc|114514|holdout_figure1b|1000000|178767,57520cc1db84157419b1a62354ddc37857e0a10096c58b819290bdc8df742fa7,e0b5c9f3d396d54057fac351b024544c989d4bfb119c810304f73832510ed770,ef3f0c89d96ab326ed5c33340210b37033e47b033e9f124811cce7c80ef83b87,False,ok
figure3-20260716T123930Z-99bbe7a-020bd9ea7099,figure3k,holdout_figure1b,1000000,178767,2,6,figure3k-r02-c04,,,0.7993668166820519,21.0,21,177137,100,0,0.0,0.0,0.03699349820698568,0.178767,post_freeze_centered_grid,transition,True,figure1bc|114514|holdout_figure1b|1000000|178767,57520cc1db84157419b1a62354ddc37857e0a10096c58b819290bdc8df742fa7,24ab9d7262f52e6a9d3fbf9fe68b1dbc593c799a5a6d1f0a42e7a7d9ca38a31a,ef3f0c89d96ab326ed5c33340210b37033e47b033e9f124811cce7c80ef83b87,False,ok
figure3-20260716T123930Z-99bbe7a-020bd9ea7099,figure3k,holdout_figure1b,1000000,178767,2,6,figure3k-r02-c05,,,0.874366816682052,21.0,21,177747,100,0,0.0,0.0,0.03699349820698568,0.178767,post_freeze_centered_grid,transition,True,figure1bc|114514|holdout_figure1b|1000000|178767,57520cc1db84157419b1a62354ddc37857e0a10096c58b819290bdc8df742fa7,e036514e89545ba4cd54cbf557c231b13ea5d628f2c4d79bbce002d833fb486a,ef3f0c89d96ab326ed5c33340210b37033e47b033e9f124811cce7c80ef83b87,False,ok
figure3-20260716T123930Z-99bbe7a-020bd9ea7099,figure3k,holdout_figure1b,1000000,178767,2,6,figure3k-r02-c06,,,0.9493668166820519,21.0,21,178356,100,0,0.0,0.0,0.03699349820698568,0.178767,post_freeze_centered_grid,transition,True,figure1bc|114514|holdout_figure1b|1000000|178767,57520cc1db84157419b1a62354ddc37857e0a10096c58b819290bdc8df742fa7,a994f6a3d23a26569b1b4b0d258ee6f26d013ab16b652fda598d46f76dd96464,ef3f0c89d96ab326ed5c33340210b37033e47b033e9f124811cce7c80ef83b87,False,ok
figure3-20260716T123930Z-99bbe7a-020bd9ea7099,figure3k,holdout_figure1b,1000000,178767,2,6,figure3k-r03-c00,,,0.49936681668205196,25.0,25,175326,100,100,1.0,0.9630065017930143,1.0,0.178767,post_freeze_centered_grid,transition,True,figure1bc|114514|holdout_figure1b|1000000|178767,57520cc1db84157419b1a62354ddc37857e0a10096c58b819290bdc8df742fa7,056ea13e7bc8a28fc17f2093cbcee4a297ed91a35d137ed85f3529cd92e8d2cf,ef3f0c89d96ab326ed5c33340210b37033e47b033e9f124811cce7c80ef83b87,False,ok
figure3-20260716T123930Z-99bbe7a-020bd9ea7099,figure3k,holdout_figure1b,1000000,178767,2,6,figure3k-r03-c01,,,0.5743668166820519,25.0,25,175841,100,100,1.0,0.9630065017930143,1.0,0.178767,post_freeze_centered_grid,transition,True,figure1bc|114514|holdout_figure1b|1000000|178767,57520cc1db84157419b1a62354ddc37857e0a10096c58b819290bdc8df742fa7,b6e428bf461cb7cdea416b449ba1fe674d29c13d2e702c383b3276c74c82506c,ef3f0c89d96ab326ed5c33340210b37033e47b033e9f124811cce7c80ef83b87,False,ok
figure3-20260716T123930Z-99bbe7a-020bd9ea7099,figure3k,holdout_figure1b,1000000,178767,2,6,figure3k-r03-c02,,,0.649366816682052,25.0,25,176357,100,100,1.0,0.9630065017930143,1.0,0.178767,post_freeze_centered_grid,transition,True,figure1bc|114514|holdout_figure1b|1000000|178767,57520cc1db84157419b1a62354ddc37857e0a10096c58b819290bdc8df742fa7,a87178133deded69cb0abf0ac2410d29250b0b0bb1e10a0a2f79a17722563090,ef3f0c89d96ab326ed5c33340210b37033e47b033e9f124811cce7c80ef83b87,False,ok
figure3-20260716T123930Z-99bbe7a-020bd9ea7099,figure3k,holdout_figure1b,1000000,178767,2,6,figure3k-r03-c03,,,0.7243668166820519,25.0,25,176873,100,100,1.0,0.9630065017930143,1.0,0.178767,post_freeze_centered_grid,transition,True,figure1bc|114514|holdout_figure1b|1000000|178767,57520cc1db84157419b1a62354ddc37857e0a10096c58b819290bdc8df742fa7,26b5bcbb92f18707b8737483ab27f1ca0903616ad0f802f7a41ba30754ceafbf,ef3f0c89d96ab326ed5c33340210b37033e47b033e9f124811cce7c80ef83b87,False,ok
figure3-20260716T123930Z-99bbe7a-020bd9ea7099,figure3k,holdout_figure1b,1000000,178767,2,6,figure3k-r03-c04,,,0.7993668166820519,25.0,25,177388,100,0,0.0,0.0,0.03699349820698568,0.178767,post_freeze_centered_grid,transition,True,figure1bc|114514|holdout_figure1b|1000000|178767,57520cc1db84157419b1a62354ddc37857e0a10096c58b819290bdc8df742fa7,fbdd42890f29617d9f06d7e5bbac8c6023b813422526a4a29f3faf585ac7bd3d,ef3f0c89d96ab326ed5c33340210b37033e47b033e9f124811cce7c80ef83b87,False,ok
figure3-20260716T123930Z-99bbe7a-020bd9ea7099,figure3k,holdout_figure1b,1000000,178767,2,6,figure3k-r03-c05,,,0.874366816682052,25.0,25,177904,100,0,0.0,0.0,0.03699349820698568,0.178767,post_freeze_centered_grid,transition,True,figure1bc|114514|holdout_figure1b|1000000|178767,57520cc1db84157419b1a62354ddc37857e0a10096c58b819290bdc8df742fa7,35c89c4811f10b7fac29fa4bcbacb64c70b508509fc8717a634173cdb121b59a,ef3f0c89d96ab326ed5c33340210b37033e47b033e9f124811cce7c80ef83b87,False,ok
figure3-20260716T123930Z-99bbe7a-020bd9ea7099,figure3k,holdout_figure1b,1000000,178767,2,6,figure3k-r03-c06,,,0.9493668166820519,25.0,25,178419,100,0,0.0,0.0,0.03699349820698568,0.178767,post_freeze_centered_grid,transition,True,figure1bc|114514|holdout_figure1b|1000000|178767,57520cc1db84157419b1a62354ddc37857e0a10096c58b819290bdc8df742fa7,9f3176d391193e0b308d6de215505408f0b9badc5534a3494aa2841e9ab36ad0,ef3f0c89d96ab326ed5c33340210b37033e47b033e9f124811cce7c80ef83b87,False,ok
figure3-20260716T123930Z-99bbe7a-020bd9ea7099,figure3k,holdout_figure1b,1000000,178767,2,6,figure3k-r04-c00,,,0.49936681668205196,29.0,29,175785,100,100,1.0,0.9630065017930143,1.0,0.178767,post_freeze_centered_grid,transition,True,figure1bc|114514|holdout_figure1b|1000000|178767,57520cc1db84157419b1a62354ddc37857e0a10096c58b819290bdc8df742fa7,e14321dc1ecee37d7c85f76de372d93caddbe3ab0a40c7e260cea42b30d06fd8,ef3f0c89d96ab326ed5c33340210b37033e47b033e9f124811cce7c80ef83b87,False,ok
figure3-20260716T123930Z-99bbe7a-020bd9ea7099,figure3k,holdout_figure1b,1000000,178767,2,6,figure3k-r04-c01,,,0.5743668166820519,29.0,29,176232,100,100,1.0,0.9630065017930143,1.0,0.178767,post_freeze_centered_grid,transition,True,figure1bc|114514|holdout_figure1b|1000000|178767,57520cc1db84157419b1a62354ddc37857e0a10096c58b819290bdc8df742fa7,991bc1560ff24a5633049bba1b84c6915a35a74c1d21d4fcfc2fa800ffff862d,ef3f0c89d96ab326ed5c33340210b37033e47b033e9f124811cce7c80ef83b87,False,ok
figure3-20260716T123930Z-99bbe7a-020bd9ea7099,figure3k,holdout_figure1b,1000000,178767,2,6,figure3k-r04-c02,,,0.649366816682052,29.0,29,176678,100,100,1.0,0.9630065017930143,1.0,0.178767,post_freeze_centered_grid,transition,True,figure1bc|114514|holdout_figure1b|1000000|178767,57520cc1db84157419b1a62354ddc37857e0a10096c58b819290bdc8df742fa7,e7eceb974ccf988eb695c989118665f4db0ebd7e973fb46807c448de93da5071,ef3f0c89d96ab326ed5c33340210b37033e47b033e9f124811cce7c80ef83b87,False,ok
figure3-20260716T123930Z-99bbe7a-020bd9ea7099,figure3k,holdout_figure1b,1000000,178767,2,6,figure3k-r04-c03,,,0.7243668166820519,29.0,29,177125,100,100,1.0,0.9630065017930143,1.0,0.178767,post_freeze_centered_grid,transition,True,figure1bc|114514|holdout_figure1b|1000000|178767,57520cc1db84157419b1a62354ddc37857e0a10096c58b819290bdc8df742fa7,c60bc9326a19f80b23120404a58d163aa9f79ed9abb1143ecfb1a355546f511f,ef3f0c89d96ab326ed5c33340210b37033e47b033e9f124811cce7c80ef83b87,False,ok
figure3-20260716T123930Z-99bbe7a-020bd9ea7099,figure3k,holdout_figure1b,1000000,178767,2,6,figure3k-r04-c04,,,0.7993668166820519,29.0,29,177572,100,0,0.0,0.0,0.03699349820698568,0.178767,post_freeze_centered_grid,transition,True,figure1bc|114514|holdout_figure1b|1000000|178767,57520cc1db84157419b1a62354ddc37857e0a10096c58b819290bdc8df742fa7,fc29edf671afd3371364b50337cdccb75d430c430aded287af8745d1513e9008,ef3f0c89d96ab326ed5c33340210b37033e47b033e9f124811cce7c80ef83b87,False,ok
figure3-20260716T123930Z-99bbe7a-020bd9ea7099,figure3k,holdout_figure1b,1000000,178767,2,6,figure3k-r04-c05,,,0.874366816682052,29.0,29,178019,100,0,0.0,0.0,0.03699349820698568,0.178767,post_freeze_centered_grid,transition,True,figure1bc|114514|holdout_figure1b|1000000|178767,57520cc1db84157419b1a62354ddc37857e0a10096c58b819290bdc8df742fa7,d8c1b17a4c22899debe4369994aff4dff76b84c7b53f9fe916249de1a3123670,ef3f0c89d96ab326ed5c33340210b37033e47b033e9f124811cce7c80ef83b87,False,ok
figure3-20260716T123930Z-99bbe7a-020bd9ea7099,figure3k,holdout_figure1b,1000000,178767,2,6,figure3k-r04-c06,,,0.9493668166820519,29.0,29,178466,100,0,0.0,0.0,0.03699349820698568,0.178767,post_freeze_centered_grid,transition,True,figure1bc|114514|holdout_figure1b|1000000|178767,57520cc1db84157419b1a62354ddc37857e0a10096c58b819290bdc8df742fa7,2ae8149e904e735add724f33750d31a66d4e86505a999ba51ee2ca78f141381c,ef3f0c89d96ab326ed5c33340210b37033e47b033e9f124811cce7c80ef83b87,False,ok
figure3-20260716T123930Z-99bbe7a-020bd9ea7099,figure3k,holdout_figure1b,1000000,178767,2,6,frozen-prediction,0.875,0.9,0.7243668166820519,21.472995216117184,21,176528,100,100,1.0,0.9630065017930143,1.0,0.178767,post_freeze_centered_grid,transition,True,figure1bc|114514|holdout_figure1b|1000000|178767,57520cc1db84157419b1a62354ddc37857e0a10096c58b819290bdc8df742fa7,bd1d58acf7ff0814ea13e23359506d96ef311e635775b52c697b8e88611a5a05,ef3f0c89d96ab326ed5c33340210b37033e47b033e9f124811cce7c80ef83b87,True,ok
figure3-20260716T123930Z-99bbe7a-020bd9ea7099,figure3l,holdout_figure1b,1000000,183767,2,6,figure3l-r00-c00,,,0.49936681668205196,14.0,14,177634,100,100,1.0,0.9630065017930143,1.0,0.183767,post_freeze_centered_grid,transition,True,figure1bc|114514|holdout_figure1b|1000000|183767,2462c843689b1b33b809fe4e7ef7d0912e7c5e07ddd43c7e82dfd287a7be71f2,68a0a3a87fa9ab06ad925ca72a2092eac46e1188ad364970c0af1d9c7a655275,ef3f0c89d96ab326ed5c33340210b37033e47b033e9f124811cce7c80ef83b87,False,ok
figure3-20260716T123930Z-99bbe7a-020bd9ea7099,figure3l,holdout_figure1b,1000000,183767,2,6,figure3l-r00-c01,,,0.5743668166820519,14.0,14,178553,100,100,1.0,0.9630065017930143,1.0,0.183767,post_freeze_centered_grid,transition,True,figure1bc|114514|holdout_figure1b|1000000|183767,2462c843689b1b33b809fe4e7ef7d0912e7c5e07ddd43c7e82dfd287a7be71f2,135b4ffa8c3c2306d3a5b384364e35e7fdd613e00c63479f3939f8c6003ea4d7,ef3f0c89d96ab326ed5c33340210b37033e47b033e9f124811cce7c80ef83b87,False,ok
figure3-20260716T123930Z-99bbe7a-020bd9ea7099,figure3l,holdout_figure1b,1000000,183767,2,6,figure3l-r00-c02,,,0.649366816682052,14.0,14,179472,100,100,1.0,0.9630065017930143,1.0,0.183767,post_freeze_centered_grid,transition,True,figure1bc|114514|holdout_figure1b|1000000|183767,2462c843689b1b33b809fe4e7ef7d0912e7c5e07ddd43c7e82dfd287a7be71f2,c99544e03e2a540428cac7306527b787b29702f3075d222db95f08d37b7ec0d3,ef3f0c89d96ab326ed5c33340210b37033e47b033e9f124811cce7c80ef83b87,False,ok
figure3-20260716T123930Z-99bbe7a-020bd9ea7099,figure3l,holdout_figure1b,1000000,183767,2,6,figure3l-r00-c03,,,0.7243668166820519,14.0,14,180391,100,100,1.0,0.9630065017930143,1.0,0.183767,post_freeze_centered_grid,transition,True,figure1bc|114514|holdout_figure1b|1000000|183767,2462c843689b1b33b809fe4e7ef7d0912e7c5e07ddd43c7e82dfd287a7be71f2,3d551cac2fffb6117a63f990bbab5d6076479291fcea9cdf20638175106854b7,ef3f0c89d96ab326ed5c33340210b37033e47b033e9f124811cce7c80ef83b87,False,ok
figure3-20260716T123930Z-99bbe7a-020bd9ea7099,figure3l,holdout_figure1b,1000000,183767,2,6,figure3l-r00-c04,,,0.7993668166820519,14.0,14,181310,100,58,0.58,0.4820648670304296,0.6720161732564526,0.183767,post_freeze_centered_grid,transition,True,figure1bc|114514|holdout_figure1b|1000000|183767,2462c843689b1b33b809fe4e7ef7d0912e7c5e07ddd43c7e82dfd287a7be71f2,9cc6798ce30217897f64a96649d4ce75d2cbf6bc0ea7e60c432053b4e54c6b5d,ef3f0c89d96ab326ed5c33340210b37033e47b033e9f124811cce7c80ef83b87,False,ok
figure3-20260716T123930Z-99bbe7a-020bd9ea7099,figure3l,holdout_figure1b,1000000,183767,2,6,figure3l-r00-c05,,,0.874366816682052,14.0,14,182228,100,0,0.0,0.0,0.03699349820698568,0.183767,post_freeze_centered_grid,transition,True,figure1bc|114514|holdout_figure1b|1000000|183767,2462c843689b1b33b809fe4e7ef7d0912e7c5e07ddd43c7e82dfd287a7be71f2,58578eb4e88d0267d371aa1fd3c1ba884553d6771f273865c2d0bf561265ff58,ef3f0c89d96ab326ed5c33340210b37033e47b033e9f124811cce7c80ef83b87,False,ok
figure3-20260716T123930Z-99bbe7a-020bd9ea7099,figure3l,holdout_figure1b,1000000,183767,2,6,figure3l-r00-c06,,,0.9493668166820519,14.0,14,183147,100,0,0.0,0.0,0.03699349820698568,0.183767,post_freeze_centered_grid,transition,True,figure1bc|114514|holdout_figure1b|1000000|183767,2462c843689b1b33b809fe4e7ef7d0912e7c5e07ddd43c7e82dfd287a7be71f2,052d2e903c48b15a4db89888dc06a4a6912db342aca543f0a2046615de57dc88,ef3f0c89d96ab326ed5c33340210b37033e47b033e9f124811cce7c80ef83b87,False,ok
figure3-20260716T123930Z-99bbe7a-020bd9ea7099,figure3l,holdout_figure1b,1000000,183767,2,6,figure3l-r01-c00,,,0.49936681668205196,18.0,18,178926,100,100,1.0,0.9630065017930143,1.0,0.183767,post_freeze_centered_grid,transition,True,figure1bc|114514|holdout_figure1b|1000000|183767,2462c843689b1b33b809fe4e7ef7d0912e7c5e07ddd43c7e82dfd287a7be71f2,25846b5c41cf28c9de5377d3ecace47cc2748bf72ad17669df3be147fd80fa81,ef3f0c89d96ab326ed5c33340210b37033e47b033e9f124811cce7c80ef83b87,False,ok
figure3-20260716T123930Z-99bbe7a-020bd9ea7099,figure3l,holdout_figure1b,1000000,183767,2,6,figure3l-r01-c01,,,0.5743668166820519,18.0,18,179651,100,100,1.0,0.9630065017930143,1.0,0.183767,post_freeze_centered_grid,transition,True,figure1bc|114514|holdout_figure1b|1000000|183767,2462c843689b1b33b809fe4e7ef7d0912e7c5e07ddd43c7e82dfd287a7be71f2,525455d277b87eb835268963b537307edb04b9cb318b95d39d55838369b30dec,ef3f0c89d96ab326ed5c33340210b37033e47b033e9f124811cce7c80ef83b87,False,ok
figure3-20260716T123930Z-99bbe7a-020bd9ea7099,figure3l,holdout_figure1b,1000000,183767,2,6,figure3l-r01-c02,,,0.649366816682052,18.0,18,180377,100,100,1.0,0.9630065017930143,1.0,0.183767,post_freeze_centered_grid,transition,True,figure1bc|114514|holdout_figure1b|1000000|183767,2462c843689b1b33b809fe4e7ef7d0912e7c5e07ddd43c7e82dfd287a7be71f2,aeca8b1ad133b3b9c40725fa696c5f4191e7710646926ecb7280af92198b0559,ef3f0c89d96ab326ed5c33340210b37033e47b033e9f124811cce7c80ef83b87,False,ok
figure3-20260716T123930Z-99bbe7a-020bd9ea7099,figure3l,holdout_figure1b,1000000,183767,2,6,figure3l-r01-c03,,,0.7243668166820519,18.0,18,181102,100,100,1.0,0.9630065017930143,1.0,0.183767,post_freeze_centered_grid,transition,True,figure1bc|114514|holdout_figure1b|1000000|183767,2462c843689b1b33b809fe4e7ef7d0912e7c5e07ddd43c7e82dfd287a7be71f2,1f3b46e93f426440ca9fbc32c347863cb152774ba7a73815625af95357b333b3,ef3f0c89d96ab326ed5c33340210b37033e47b033e9f124811cce7c80ef83b87,False,ok
figure3-20260716T123930Z-99bbe7a-020bd9ea7099,figure3l,holdout_figure1b,1000000,183767,2,6,figure3l-r01-c04,,,0.7993668166820519,18.0,18,181827,100,80,0.8,0.7111708344068411,0.8666330666689676,0.183767,post_freeze_centered_grid,transition,True,figure1bc|114514|holdout_figure1b|1000000|183767,2462c843689b1b33b809fe4e7ef7d0912e7c5e07ddd43c7e82dfd287a7be71f2,5da73d40f8c361a757cd6225a3bfc8826c03f8494545f7e4a774daf5c89450e5,ef3f0c89d96ab326ed5c33340210b37033e47b033e9f124811cce7c80ef83b87,False,ok
figure3-20260716T123930Z-99bbe7a-020bd9ea7099,figure3l,holdout_figure1b,1000000,183767,2,6,figure3l-r01-c05,,,0.874366816682052,18.0,18,182553,100,0,0.0,0.0,0.03699349820698568,0.183767,post_freeze_centered_grid,transition,True,figure1bc|114514|holdout_figure1b|1000000|183767,2462c843689b1b33b809fe4e7ef7d0912e7c5e07ddd43c7e82dfd287a7be71f2,80b7545769c3201a71aefc86b9cd46e5a0e82e1522bcf41e1a3f7babeff68ecb,ef3f0c89d96ab326ed5c33340210b37033e47b033e9f124811cce7c80ef83b87,False,ok
figure3-20260716T123930Z-99bbe7a-020bd9ea7099,figure3l,holdout_figure1b,1000000,183767,2,6,figure3l-r01-c06,,,0.9493668166820519,18.0,18,183278,100,0,0.0,0.0,0.03699349820698568,0.183767,post_freeze_centered_grid,transition,True,figure1bc|114514|holdout_figure1b|1000000|183767,2462c843689b1b33b809fe4e7ef7d0912e7c5e07ddd43c7e82dfd287a7be71f2,e25cb1de28c05ef659dd3fb001946790bbace573951fd978e87e8271c1e4f1e8,ef3f0c89d96ab326ed5c33340210b37033e47b033e9f124811cce7c80ef83b87,False,ok
figure3-20260716T123930Z-99bbe7a-020bd9ea7099,figure3l,holdout_figure1b,1000000,183767,2,6,figure3l-r02-c00,,,0.49936681668205196,22.0,22,179768,100,100,1.0,0.9630065017930143,1.0,0.183767,post_freeze_centered_grid,transition,True,figure1bc|114514|holdout_figure1b|1000000|183767,2462c843689b1b33b809fe4e7ef7d0912e7c5e07ddd43c7e82dfd287a7be71f2,437671e1b524da064bc7cba6bbd12c73da94c6c382fc94fb8c760fc820c36017,ef3f0c89d96ab326ed5c33340210b37033e47b033e9f124811cce7c80ef83b87,False,ok
figure3-20260716T123930Z-99bbe7a-020bd9ea7099,figure3l,holdout_figure1b,1000000,183767,2,6,figure3l-r02-c01,,,0.5743668166820519,22.0,22,180367,100,100,1.0,0.9630065017930143,1.0,0.183767,post_freeze_centered_grid,transition,True,figure1bc|114514|holdout_figure1b|1000000|183767,2462c843689b1b33b809fe4e7ef7d0912e7c5e07ddd43c7e82dfd287a7be71f2,170e3d28f91047e4d2e203ed18befbbfc980d57e703126bc461c30a0debc3852,ef3f0c89d96ab326ed5c33340210b37033e47b033e9f124811cce7c80ef83b87,False,ok
figure3-20260716T123930Z-99bbe7a-020bd9ea7099,figure3l,holdout_figure1b,1000000,183767,2,6,figure3l-r02-c02,,,0.649366816682052,22.0,22,180966,100,100,1.0,0.9630065017930143,1.0,0.183767,post_freeze_centered_grid,transition,True,figure1bc|114514|holdout_figure1b|1000000|183767,2462c843689b1b33b809fe4e7ef7d0912e7c5e07ddd43c7e82dfd287a7be71f2,dc5a39a84e58806b292cabd0f26cfde6e9d5f61c5f627ebad47c4d7bc7aea5dc,ef3f0c89d96ab326ed5c33340210b37033e47b033e9f124811cce7c80ef83b87,False,ok
figure3-20260716T123930Z-99bbe7a-020bd9ea7099,figure3l,holdout_figure1b,1000000,183767,2,6,figure3l-r02-c04,,,0.7993668166820519,22.0,22,182165,100,91,0.91,0.837737871472837,0.9519274599974348,0.183767,post_freeze_centered_grid,transition,True,figure1bc|114514|holdout_figure1b|1000000|183767,2462c843689b1b33b809fe4e7ef7d0912e7c5e07ddd43c7e82dfd287a7be71f2,d409784231247c0034ba7d7c5df13f89b68322a0dd3cc47e740405a967c13198,ef3f0c89d96ab326ed5c33340210b37033e47b033e9f124811cce7c80ef83b87,False,ok
figure3-20260716T123930Z-99bbe7a-020bd9ea7099,figure3l,holdout_figure1b,1000000,183767,2,6,figure3l-r02-c05,,,0.874366816682052,22.0,22,182764,100,0,0.0,0.0,0.03699349820698568,0.183767,post_freeze_centered_grid,transition,True,figure1bc|114514|holdout_figure1b|1000000|183767,2462c843689b1b33b809fe4e7ef7d0912e7c5e07ddd43c7e82dfd287a7be71f2,74cfa3e1b17b616c378edbff002e997f3a5e2d7bd61c5fae5c1314b6bb2b1aa8,ef3f0c89d96ab326ed5c33340210b37033e47b033e9f124811cce7c80ef83b87,False,ok
figure3-20260716T123930Z-99bbe7a-020bd9ea7099,figure3l,holdout_figure1b,1000000,183767,2,6,figure3l-r02-c06,,,0.9493668166820519,22.0,22,183363,100,0,0.0,0.0,0.03699349820698568,0.183767,post_freeze_centered_grid,transition,True,figure1bc|114514|holdout_figure1b|1000000|183767,2462c843689b1b33b809fe4e7ef7d0912e7c5e07ddd43c7e82dfd287a7be71f2,2dacac83894ca295723152f7593a1b5deda179e6d507c288089a64f8bcb0f2d7,ef3f0c89d96ab326ed5c33340210b37033e47b033e9f124811cce7c80ef83b87,False,ok
figure3-20260716T123930Z-99bbe7a-020bd9ea7099,figure3l,holdout_figure1b,1000000,183767,2,6,figure3l-r03-c00,,,0.49936681668205196,26.0,26,180360,100,100,1.0,0.9630065017930143,1.0,0.183767,post_freeze_centered_grid,transition,True,figure1bc|114514|holdout_figure1b|1000000|183767,2462c843689b1b33b809fe4e7ef7d0912e7c5e07ddd43c7e82dfd287a7be71f2,4b9a7bff477477b9636c059ea7cdd076431e7fd30d6e825ae4d32454891a99a6,ef3f0c89d96ab326ed5c33340210b37033e47b033e9f124811cce7c80ef83b87,False,ok
figure3-20260716T123930Z-99bbe7a-020bd9ea7099,figure3l,holdout_figure1b,1000000,183767,2,6,figure3l-r03-c01,,,0.5743668166820519,26.0,26,180871,100,100,1.0,0.9630065017930143,1.0,0.183767,post_freeze_centered_grid,transition,True,figure1bc|114514|holdout_figure1b|1000000|183767,2462c843689b1b33b809fe4e7ef7d0912e7c5e07ddd43c7e82dfd287a7be71f2,4121570c1ea97739bb39bd7d5a9547b713c48c95d221adfc57a07a124add460d,ef3f0c89d96ab326ed5c33340210b37033e47b033e9f124811cce7c80ef83b87,False,ok
figure3-20260716T123930Z-99bbe7a-020bd9ea7099,figure3l,holdout_figure1b,1000000,183767,2,6,figure3l-r03-c02,,,0.649366816682052,26.0,26,181381,100,100,1.0,0.9630065017930143,1.0,0.183767,post_freeze_centered_grid,transition,True,figure1bc|114514|holdout_figure1b|1000000|183767,2462c843689b1b33b809fe4e7ef7d0912e7c5e07ddd43c7e82dfd287a7be71f2,9b29afcf72a589016022d214300939934e9e9c2f3aeec0e0e0730ba1b1413181,ef3f0c89d96ab326ed5c33340210b37033e47b033e9f124811cce7c80ef83b87,False,ok
figure3-20260716T123930Z-99bbe7a-020bd9ea7099,figure3l,holdout_figure1b,1000000,183767,2,6,figure3l-r03-c03,,,0.7243668166820519,26.0,26,181892,100,100,1.0,0.9630065017930143,1.0,0.183767,post_freeze_centered_grid,transition,True,figure1bc|114514|holdout_figure1b|1000000|183767,2462c843689b1b33b809fe4e7ef7d0912e7c5e07ddd43c7e82dfd287a7be71f2,befb101d5201c27d35a4652adea7254a6133d86b373e64ce4ef823385c443736,ef3f0c89d96ab326ed5c33340210b37033e47b033e9f124811cce7c80ef83b87,False,ok
figure3-20260716T123930Z-99bbe7a-020bd9ea7099,figure3l,holdout_figure1b,1000000,183767,2,6,figure3l-r03-c04,,,0.7993668166820519,26.0,26,182402,100,96,0.96,0.9016292856411208,0.9843366960084523,0.183767,post_freeze_centered_grid,transition,True,figure1bc|114514|holdout_figure1b|1000000|183767,2462c843689b1b33b809fe4e7ef7d0912e7c5e07ddd43c7e82dfd287a7be71f2,ac870d6d70c04cb7668358e679edbce678457b1a8a69d7e5876245cf7aad0964,ef3f0c89d96ab326ed5c33340210b37033e47b033e9f124811cce7c80ef83b87,False,ok
figure3-20260716T123930Z-99bbe7a-020bd9ea7099,figure3l,holdout_figure1b,1000000,183767,2,6,figure3l-r03-c05,,,0.874366816682052,26.0,26,182912,100,0,0.0,0.0,0.03699349820698568,0.183767,post_freeze_centered_grid,transition,True,figure1bc|114514|holdout_figure1b|1000000|183767,2462c843689b1b33b809fe4e7ef7d0912e7c5e07ddd43c7e82dfd287a7be71f2,b16a444a36bebe2c5e6046d93ed95afb93891e4c9dc11bb6978a3d1788156045,ef3f0c89d96ab326ed5c33340210b37033e47b033e9f124811cce7c80ef83b87,False,ok
figure3-20260716T123930Z-99bbe7a-020bd9ea7099,figure3l,holdout_figure1b,1000000,183767,2,6,figure3l-r03-c06,,,0.9493668166820519,26.0,26,183423,100,0,0.0,0.0,0.03699349820698568,0.183767,post_freeze_centered_grid,transition,True,figure1bc|114514|holdout_figure1b|1000000|183767,2462c843689b1b33b809fe4e7ef7d0912e7c5e07ddd43c7e82dfd287a7be71f2,0c4a91d503326c6f8288ceea4a3fe4e35a229c051be06d215f1b28f4586c105a,ef3f0c89d96ab326ed5c33340210b37033e47b033e9f124811cce7c80ef83b87,False,ok
figure3-20260716T123930Z-99bbe7a-020bd9ea7099,figure3l,holdout_figure1b,1000000,183767,2,6,figure3l-r04-c00,,,0.49936681668205196,30.0,30,180800,100,100,1.0,0.9630065017930143,1.0,0.183767,post_freeze_centered_grid,transition,True,figure1bc|114514|holdout_figure1b|1000000|183767,2462c843689b1b33b809fe4e7ef7d0912e7c5e07ddd43c7e82dfd287a7be71f2,aabe7b90c6f89a974fe706477b631a7e49e37c48d76ca8468139920535255ef6,ef3f0c89d96ab326ed5c33340210b37033e47b033e9f124811cce7c80ef83b87,False,ok
figure3-20260716T123930Z-99bbe7a-020bd9ea7099,figure3l,holdout_figure1b,1000000,183767,2,6,figure3l-r04-c01,,,0.5743668166820519,30.0,30,181245,100,100,1.0,0.9630065017930143,1.0,0.183767,post_freeze_centered_grid,transition,True,figure1bc|114514|holdout_figure1b|1000000|183767,2462c843689b1b33b809fe4e7ef7d0912e7c5e07ddd43c7e82dfd287a7be71f2,678c8de13c45d5ca53db1ce4ce9cf6dfd821e139d07373dbdd4d01723a250889,ef3f0c89d96ab326ed5c33340210b37033e47b033e9f124811cce7c80ef83b87,False,ok
figure3-20260716T123930Z-99bbe7a-020bd9ea7099,figure3l,holdout_figure1b,1000000,183767,2,6,figure3l-r04-c02,,,0.649366816682052,30.0,30,181689,100,100,1.0,0.9630065017930143,1.0,0.183767,post_freeze_centered_grid,transition,True,figure1bc|114514|holdout_figure1b|1000000|183767,2462c843689b1b33b809fe4e7ef7d0912e7c5e07ddd43c7e82dfd287a7be71f2,2e77a0dde763c328240d41af2dd7920081897ed86e41a97b03a9b0a9986321bd,ef3f0c89d96ab326ed5c33340210b37033e47b033e9f124811cce7c80ef83b87,False,ok
figure3-20260716T123930Z-99bbe7a-020bd9ea7099,figure3l,holdout_figure1b,1000000,183767,2,6,figure3l-r04-c03,,,0.7243668166820519,30.0,30,182134,100,100,1.0,0.9630065017930143,1.0,0.183767,post_freeze_centered_grid,transition,True,figure1bc|114514|holdout_figure1b|1000000|183767,2462c843689b1b33b809fe4e7ef7d0912e7c5e07ddd43c7e82dfd287a7be71f2,bd96bc98cf4eca709ec5f81e8f6788c60e34db7c8869af9103493ad7f64ab634,ef3f0c89d96ab326ed5c33340210b37033e47b033e9f124811cce7c80ef83b87,False,ok
figure3-20260716T123930Z-99bbe7a-020bd9ea7099,figure3l,holdout_figure1b,1000000,183767,2,6,figure3l-r04-c04,,,0.7993668166820519,30.0,30,182578,100,93,0.93,0.8625048526092651,0.9656807389327273,0.183767,post_freeze_centered_grid,transition,True,figure1bc|114514|holdout_figure1b|1000000|183767,2462c843689b1b33b809fe4e7ef7d0912e7c5e07ddd43c7e82dfd287a7be71f2,42f32bf439b47105b507e5f9f45a91c16a50034ac2fb3096b77c116526674a6c,ef3f0c89d96ab326ed5c33340210b37033e47b033e9f124811cce7c80ef83b87,False,ok
figure3-20260716T123930Z-99bbe7a-020bd9ea7099,figure3l,holdout_figure1b,1000000,183767,2,6,figure3l-r04-c05,,,0.874366816682052,30.0,30,183023,100,0,0.0,0.0,0.03699349820698568,0.183767,post_freeze_centered_grid,transition,True,figure1bc|114514|holdout_figure1b|1000000|183767,2462c843689b1b33b809fe4e7ef7d0912e7c5e07ddd43c7e82dfd287a7be71f2,aae667719fba82d79c4381fa396555c6eb59a9dc88f1d810c18f7907f90c6f43,ef3f0c89d96ab326ed5c33340210b37033e47b033e9f124811cce7c80ef83b87,False,ok
figure3-20260716T123930Z-99bbe7a-020bd9ea7099,figure3l,holdout_figure1b,1000000,183767,2,6,figure3l-r04-c06,,,0.9493668166820519,30.0,30,183467,100,0,0.0,0.0,0.03699349820698568,0.183767,post_freeze_centered_grid,transition,True,figure1bc|114514|holdout_figure1b|1000000|183767,2462c843689b1b33b809fe4e7ef7d0912e7c5e07ddd43c7e82dfd287a7be71f2,222c0e115b014f0b74318d624151100f246310c8ebac00fa292b9d2916102a13,ef3f0c89d96ab326ed5c33340210b37033e47b033e9f124811cce7c80ef83b87,False,ok
figure3-20260716T123930Z-99bbe7a-020bd9ea7099,figure3l,holdout_figure1b,1000000,183767,2,6,frozen-prediction,0.875,0.9,0.7243668166820519,21.67135261011856,22,181565,100,100,1.0,0.9630065017930143,1.0,0.183767,post_freeze_centered_grid,transition,True,figure1bc|114514|holdout_figure1b|1000000|183767,2462c843689b1b33b809fe4e7ef7d0912e7c5e07ddd43c7e82dfd287a7be71f2,20953fd0562c3c41dc0820c94b91a336eb45f225ad60c5f73ec931da49bdaefb,ef3f0c89d96ab326ed5c33340210b37033e47b033e9f124811cce7c80ef83b87,True,ok
