run_id,protocol_version,git_commit,phase,k,ell,mode,M,C,D,delta,a_raw,a,z_raw,z,z_rounding,set_size_A,set_size_B,difference_A,difference_B,trials,successes,success_rate,ci_low,ci_high,logical_state_bits,state_bits,control_bits,total_payload_bits,bits_per_cell,R_w30,dedup_hashes,fingerprint_enabled,base_seed,failure_counts,status
figure1a-dense-20260716T160823Z-99bbe7a-08500ad51e5c,figure1a-reduced-v1,99bbe7ae42df1f4bfff92f48bcd78ac1e4e6abaf,dense,2,3,iid,3824,0.875,1.1884504306083168,0.1,0.0,0.0,0.0,0,fixed_zero_iid,20000,20000,5000,5000,100,0,0.0,0.0,0.03699349820698568,355632,355632,352,355984,93,1.1866133333333333,True,False,114514,"{""decode_failed"":100}",complete
figure1a-dense-20260716T160823Z-99bbe7a-08500ad51e5c,figure1a-reduced-v1,99bbe7ae42df1f4bfff92f48bcd78ac1e4e6abaf,dense,2,3,iid,3830,0.875,1.1884504306083168,0.1,0.0,0.0,0.0,0,fixed_zero_iid,20000,20000,5000,5000,100,0,0.0,0.0,0.03699349820698568,356190,356192,352,356544,93,1.18848,True,False,114514,"{""decode_failed"":100}",complete
figure1a-dense-20260716T160823Z-99bbe7a-08500ad51e5c,figure1a-reduced-v1,99bbe7ae42df1f4bfff92f48bcd78ac1e4e6abaf,dense,2,3,iid,3836,0.875,1.1884504306083168,0.1,0.0,0.0,0.0,0,fixed_zero_iid,20000,20000,5000,5000,100,0,0.0,0.0,0.03699349820698568,356748,356752,352,357104,93,1.1903466666666667,True,False,114514,"{""decode_failed"":100}",complete
figure1a-dense-20260716T160823Z-99bbe7a-08500ad51e5c,figure1a-reduced-v1,99bbe7ae42df1f4bfff92f48bcd78ac1e4e6abaf,dense,2,3,iid,3842,0.875,1.1884504306083168,0.1,0.0,0.0,0.0,0,fixed_zero_iid,20000,20000,5000,5000,100,1,0.01,0.0017674320641406505,0.054486196178705315,357306,357312,352,357664,93,1.1922133333333333,True,False,114514,"{""decode_failed"":99}",complete
figure1a-dense-20260716T160823Z-99bbe7a-08500ad51e5c,figure1a-reduced-v1,99bbe7ae42df1f4bfff92f48bcd78ac1e4e6abaf,dense,2,3,iid,3848,0.875,1.1884504306083168,0.1,0.0,0.0,0.0,0,fixed_zero_iid,20000,20000,5000,5000,100,0,0.0,0.0,0.03699349820698568,357864,357864,352,358216,93,1.1940533333333334,True,False,114514,"{""decode_failed"":100}",complete
figure1a-dense-20260716T160823Z-99bbe7a-08500ad51e5c,figure1a-reduced-v1,99bbe7ae42df1f4bfff92f48bcd78ac1e4e6abaf,dense,2,3,iid,3854,0.875,1.1884504306083168,0.1,0.0,0.0,0.0,0,fixed_zero_iid,20000,20000,5000,5000,100,6,0.06,0.027786123963188192,0.1247681544589592,358422,358424,352,358776,93,1.19592,True,False,114514,"{""decode_failed"":94}",complete
figure1a-dense-20260716T160823Z-99bbe7a-08500ad51e5c,figure1a-reduced-v1,99bbe7ae42df1f4bfff92f48bcd78ac1e4e6abaf,dense,2,3,iid,3860,0.875,1.1884504306083168,0.1,0.0,0.0,0.0,0,fixed_zero_iid,20000,20000,5000,5000,100,2,0.02,0.00550196755016235,0.07001179072854388,358980,358984,352,359336,93,1.1977866666666668,True,False,114514,"{""decode_failed"":98}",complete
figure1a-dense-20260716T160823Z-99bbe7a-08500ad51e5c,figure1a-reduced-v1,99bbe7ae42df1f4bfff92f48bcd78ac1e4e6abaf,dense,2,3,iid,3866,0.875,1.1884504306083168,0.1,0.0,0.0,0.0,0,fixed_zero_iid,20000,20000,5000,5000,100,8,0.08,0.041093461484380624,0.14998107700948735,359538,359544,352,359896,93,1.1996533333333332,True,False,114514,"{""decode_failed"":92}",complete
figure1a-dense-20260716T160823Z-99bbe7a-08500ad51e5c,figure1a-reduced-v1,99bbe7ae42df1f4bfff92f48bcd78ac1e4e6abaf,dense,2,3,iid,3872,0.875,1.1884504306083168,0.1,0.0,0.0,0.0,0,fixed_zero_iid,20000,20000,5000,5000,100,11,0.11,0.06254196357064568,0.18631296503080313,360096,360096,352,360448,93,1.2014933333333333,True,False,114514,"{""decode_failed"":89}",complete
figure1a-dense-20260716T160823Z-99bbe7a-08500ad51e5c,figure1a-reduced-v1,99bbe7ae42df1f4bfff92f48bcd78ac1e4e6abaf,dense,2,3,iid,3878,0.875,1.1884504306083168,0.1,0.0,0.0,0.0,0,fixed_zero_iid,20000,20000,5000,5000,100,19,0.19,0.12514751509768735,0.27778845379064376,360654,360656,352,361008,93,1.20336,True,False,114514,"{""decode_failed"":81}",complete
figure1a-dense-20260716T160823Z-99bbe7a-08500ad51e5c,figure1a-reduced-v1,99bbe7ae42df1f4bfff92f48bcd78ac1e4e6abaf,dense,2,3,iid,3884,0.875,1.1884504306083168,0.1,0.0,0.0,0.0,0,fixed_zero_iid,20000,20000,5000,5000,100,21,0.21,0.141656540619153,0.29979968834089865,361212,361216,352,361568,93,1.2052266666666667,True,False,114514,"{""decode_failed"":79}",complete
figure1a-dense-20260716T160823Z-99bbe7a-08500ad51e5c,figure1a-reduced-v1,99bbe7ae42df1f4bfff92f48bcd78ac1e4e6abaf,dense,2,3,iid,3890,0.875,1.1884504306083168,0.1,0.0,0.0,0.0,0,fixed_zero_iid,20000,20000,5000,5000,100,39,0.39,0.3001687400639441,0.4879698295415926,361770,361776,352,362128,93,1.2070933333333334,True,False,114514,"{""decode_failed"":61}",complete
figure1a-dense-20260716T160823Z-99bbe7a-08500ad51e5c,figure1a-reduced-v1,99bbe7ae42df1f4bfff92f48bcd78ac1e4e6abaf,dense,2,3,iid,3896,0.875,1.1884504306083168,0.1,0.0,0.0,0.0,0,fixed_zero_iid,20000,20000,5000,5000,100,42,0.42,0.3279838267435473,0.5179351329695703,362328,362328,352,362680,93,1.2089333333333334,True,False,114514,"{""decode_failed"":58}",complete
figure1a-dense-20260716T160823Z-99bbe7a-08500ad51e5c,figure1a-reduced-v1,99bbe7ae42df1f4bfff92f48bcd78ac1e4e6abaf,dense,2,3,iid,3902,0.875,1.1884504306083168,0.1,0.0,0.0,0.0,0,fixed_zero_iid,20000,20000,5000,5000,100,58,0.58,0.4820648670304296,0.6720161732564526,362886,362888,352,363240,93,1.2108,True,False,114514,"{""decode_failed"":42}",complete
figure1a-dense-20260716T160823Z-99bbe7a-08500ad51e5c,figure1a-reduced-v1,99bbe7ae42df1f4bfff92f48bcd78ac1e4e6abaf,dense,2,3,iid,3908,0.875,1.1884504306083168,0.1,0.0,0.0,0.0,0,fixed_zero_iid,20000,20000,5000,5000,100,67,0.67,0.5730534379509052,0.7543687726587197,363444,363448,352,363800,93,1.2126666666666666,True,False,114514,"{""decode_failed"":33}",complete
figure1a-dense-20260716T160823Z-99bbe7a-08500ad51e5c,figure1a-reduced-v1,99bbe7ae42df1f4bfff92f48bcd78ac1e4e6abaf,dense,2,3,iid,3914,0.875,1.1884504306083168,0.1,0.0,0.0,0.0,0,fixed_zero_iid,20000,20000,5000,5000,100,81,0.81,0.7222115462093562,0.8748524849023126,364002,364008,352,364360,93,1.2145333333333332,True,False,114514,"{""decode_failed"":19}",complete
figure1a-dense-20260716T160823Z-99bbe7a-08500ad51e5c,figure1a-reduced-v1,99bbe7ae42df1f4bfff92f48bcd78ac1e4e6abaf,dense,2,3,iid,3920,0.875,1.1884504306083168,0.1,0.0,0.0,0.0,0,fixed_zero_iid,20000,20000,5000,5000,100,91,0.91,0.837737871472837,0.9519274599974348,364560,364560,352,364912,93,1.2163733333333333,True,False,114514,"{""decode_failed"":9}",complete
figure1a-dense-20260716T160823Z-99bbe7a-08500ad51e5c,figure1a-reduced-v1,99bbe7ae42df1f4bfff92f48bcd78ac1e4e6abaf,dense,2,3,iid,3926,0.875,1.1884504306083168,0.1,0.0,0.0,0.0,0,fixed_zero_iid,20000,20000,5000,5000,100,90,0.9,0.8256343384950865,0.9447708629393249,365118,365120,352,365472,93,1.21824,True,False,114514,"{""decode_failed"":10}",complete
figure1a-dense-20260716T160823Z-99bbe7a-08500ad51e5c,figure1a-reduced-v1,99bbe7ae42df1f4bfff92f48bcd78ac1e4e6abaf,dense,2,3,iid,3932,0.875,1.1884504306083168,0.1,0.0,0.0,0.0,0,fixed_zero_iid,20000,20000,5000,5000,100,95,0.95,0.8882495307680808,0.9784563208456319,365676,365680,352,366032,93,1.2201066666666667,True,False,114514,"{""decode_failed"":5}",complete
figure1a-dense-20260716T160823Z-99bbe7a-08500ad51e5c,figure1a-reduced-v1,99bbe7ae42df1f4bfff92f48bcd78ac1e4e6abaf,dense,2,3,iid,3938,0.875,1.1884504306083168,0.1,0.0,0.0,0.0,0,fixed_zero_iid,20000,20000,5000,5000,100,95,0.95,0.8882495307680808,0.9784563208456319,366234,366240,352,366592,93,1.2219733333333334,True,False,114514,"{""decode_failed"":5}",complete
figure1a-dense-20260716T160823Z-99bbe7a-08500ad51e5c,figure1a-reduced-v1,99bbe7ae42df1f4bfff92f48bcd78ac1e4e6abaf,dense,2,3,iid,3944,0.875,1.1884504306083168,0.1,0.0,0.0,0.0,0,fixed_zero_iid,20000,20000,5000,5000,100,100,1.0,0.9630065017930143,1.0,366792,366792,352,367144,93,1.2238133333333334,True,False,114514,{},complete
figure1a-dense-20260716T160823Z-99bbe7a-08500ad51e5c,figure1a-reduced-v1,99bbe7ae42df1f4bfff92f48bcd78ac1e4e6abaf,dense,2,3,iid,3950,0.875,1.1884504306083168,0.1,0.0,0.0,0.0,0,fixed_zero_iid,20000,20000,5000,5000,100,99,0.99,0.9455138038212946,0.9982325679358593,367350,367352,352,367704,93,1.22568,True,False,114514,"{""decode_failed"":1}",complete
figure1a-dense-20260716T160823Z-99bbe7a-08500ad51e5c,figure1a-reduced-v1,99bbe7ae42df1f4bfff92f48bcd78ac1e4e6abaf,dense,2,3,iid,3956,0.875,1.1884504306083168,0.1,0.0,0.0,0.0,0,fixed_zero_iid,20000,20000,5000,5000,100,100,1.0,0.9630065017930143,1.0,367908,367912,352,368264,93,1.2275466666666666,True,False,114514,{},complete
figure1a-dense-20260716T160823Z-99bbe7a-08500ad51e5c,figure1a-reduced-v1,99bbe7ae42df1f4bfff92f48bcd78ac1e4e6abaf,dense,2,3,iid,3962,0.875,1.1884504306083168,0.1,0.0,0.0,0.0,0,fixed_zero_iid,20000,20000,5000,5000,100,100,1.0,0.9630065017930143,1.0,368466,368472,352,368824,93,1.2294133333333332,True,False,114514,{},complete
figure1a-dense-20260716T160823Z-99bbe7a-08500ad51e5c,figure1a-reduced-v1,99bbe7ae42df1f4bfff92f48bcd78ac1e4e6abaf,dense,2,3,iid,3968,0.875,1.1884504306083168,0.1,0.0,0.0,0.0,0,fixed_zero_iid,20000,20000,5000,5000,100,100,1.0,0.9630065017930143,1.0,369024,369024,352,369376,93,1.2312533333333333,True,False,114514,{},complete
figure1a-dense-20260716T160823Z-99bbe7a-08500ad51e5c,figure1a-reduced-v1,99bbe7ae42df1f4bfff92f48bcd78ac1e4e6abaf,dense,2,3,iid,3974,0.875,1.1884504306083168,0.1,0.0,0.0,0.0,0,fixed_zero_iid,20000,20000,5000,5000,100,100,1.0,0.9630065017930143,1.0,369582,369584,352,369936,93,1.23312,True,False,114514,{},complete
figure1a-dense-20260716T160823Z-99bbe7a-08500ad51e5c,figure1a-reduced-v1,99bbe7ae42df1f4bfff92f48bcd78ac1e4e6abaf,dense,2,3,naive,3904,0.875,1.1884504306083168,0.1,0.0,0.0,14.171389859167823,14,floor(z_raw+0.5),20000,20000,5000,5000,100,0,0.0,0.0,0.03699349820698568,363072,363072,352,363424,93,1.2114133333333332,True,False,114514,"{""decode_failed"":100}",complete
figure1a-dense-20260716T160823Z-99bbe7a-08500ad51e5c,figure1a-reduced-v1,99bbe7ae42df1f4bfff92f48bcd78ac1e4e6abaf,dense,2,3,naive,3910,0.875,1.1884504306083168,0.1,0.0,0.0,14.178646076441494,14,floor(z_raw+0.5),20000,20000,5000,5000,100,0,0.0,0.0,0.03699349820698568,363630,363632,352,363984,93,1.21328,True,False,114514,"{""decode_failed"":100}",complete
figure1a-dense-20260716T160823Z-99bbe7a-08500ad51e5c,figure1a-reduced-v1,99bbe7ae42df1f4bfff92f48bcd78ac1e4e6abaf,dense,2,3,naive,3916,0.875,1.1884504306083168,0.1,0.0,0.0,14.185894874266868,14,floor(z_raw+0.5),20000,20000,5000,5000,100,0,0.0,0.0,0.03699349820698568,364188,364192,352,364544,93,1.2151466666666666,True,False,114514,"{""decode_failed"":100}",complete
figure1a-dense-20260716T160823Z-99bbe7a-08500ad51e5c,figure1a-reduced-v1,99bbe7ae42df1f4bfff92f48bcd78ac1e4e6abaf,dense,2,3,naive,3922,0.875,1.1884504306083168,0.1,0.0,0.0,14.19313627158078,14,floor(z_raw+0.5),20000,20000,5000,5000,100,1,0.01,0.0017674320641406505,0.054486196178705315,364746,364752,352,365104,93,1.2170133333333333,True,False,114514,"{""decode_failed"":99}",complete
figure1a-dense-20260716T160823Z-99bbe7a-08500ad51e5c,figure1a-reduced-v1,99bbe7ae42df1f4bfff92f48bcd78ac1e4e6abaf,dense,2,3,naive,3928,0.875,1.1884504306083168,0.1,0.0,0.0,14.200370287242858,14,floor(z_raw+0.5),20000,20000,5000,5000,100,3,0.03,0.010254524024038925,0.0845193642905276,365304,365304,352,365656,93,1.2188533333333333,True,False,114514,"{""decode_failed"":97}",complete
figure1a-dense-20260716T160823Z-99bbe7a-08500ad51e5c,figure1a-reduced-v1,99bbe7ae42df1f4bfff92f48bcd78ac1e4e6abaf,dense,2,3,naive,3934,0.875,1.1884504306083168,0.1,0.0,0.0,14.207596940035941,14,floor(z_raw+0.5),20000,20000,5000,5000,100,2,0.02,0.00550196755016235,0.07001179072854388,365862,365864,352,366216,93,1.22072,True,False,114514,"{""decode_failed"":98}",complete
figure1a-dense-20260716T160823Z-99bbe7a-08500ad51e5c,figure1a-reduced-v1,99bbe7ae42df1f4bfff92f48bcd78ac1e4e6abaf,dense,2,3,naive,3940,0.875,1.1884504306083168,0.1,0.0,0.0,14.214816248666521,14,floor(z_raw+0.5),20000,20000,5000,5000,100,3,0.03,0.010254524024038925,0.0845193642905276,366420,366424,352,366776,93,1.2225866666666667,True,False,114514,"{""decode_failed"":97}",complete
figure1a-dense-20260716T160823Z-99bbe7a-08500ad51e5c,figure1a-reduced-v1,99bbe7ae42df1f4bfff92f48bcd78ac1e4e6abaf,dense,2,3,naive,3946,0.875,1.1884504306083168,0.1,0.0,0.0,14.222028231765158,14,floor(z_raw+0.5),20000,20000,5000,5000,100,4,0.04,0.01566330399154762,0.0983707143588792,366978,366984,352,367336,93,1.2244533333333334,True,False,114514,"{""decode_failed"":96}",complete
figure1a-dense-20260716T160823Z-99bbe7a-08500ad51e5c,figure1a-reduced-v1,99bbe7ae42df1f4bfff92f48bcd78ac1e4e6abaf,dense,2,3,naive,3952,0.875,1.1884504306083168,0.1,0.0,0.0,14.22923290788691,14,floor(z_raw+0.5),20000,20000,5000,5000,100,7,0.07,0.03431926106727268,0.137495147390735,367536,367536,352,367888,93,1.2262933333333332,True,False,114514,"{""decode_failed"":93}",complete
figure1a-dense-20260716T160823Z-99bbe7a-08500ad51e5c,figure1a-reduced-v1,99bbe7ae42df1f4bfff92f48bcd78ac1e4e6abaf,dense,2,3,naive,3958,0.875,1.1884504306083168,0.1,0.0,0.0,14.236430295511754,14,floor(z_raw+0.5),20000,20000,5000,5000,100,9,0.09,0.04807254000256516,0.1622621285271631,368094,368096,352,368448,93,1.22816,True,False,114514,"{""decode_failed"":91}",complete
figure1a-dense-20260716T160823Z-99bbe7a-08500ad51e5c,figure1a-reduced-v1,99bbe7ae42df1f4bfff92f48bcd78ac1e4e6abaf,dense,2,3,naive,3964,0.875,1.1884504306083168,0.1,0.0,0.0,14.243620413044994,14,floor(z_raw+0.5),20000,20000,5000,5000,100,9,0.09,0.04807254000256516,0.1622621285271631,368652,368656,352,369008,93,1.2300266666666666,True,False,114514,"{""decode_failed"":91}",complete
figure1a-dense-20260716T160823Z-99bbe7a-08500ad51e5c,figure1a-reduced-v1,99bbe7ae42df1f4bfff92f48bcd78ac1e4e6abaf,dense,2,3,naive,3970,0.875,1.1884504306083168,0.1,0.0,0.0,14.250803278817687,14,floor(z_raw+0.5),20000,20000,5000,5000,100,14,0.14,0.08526343659939134,0.22137188210963837,369210,369216,352,369568,93,1.2318933333333333,True,False,114514,"{""decode_failed"":86}",complete
figure1a-dense-20260716T160823Z-99bbe7a-08500ad51e5c,figure1a-reduced-v1,99bbe7ae42df1f4bfff92f48bcd78ac1e4e6abaf,dense,2,3,naive,3976,0.875,1.1884504306083168,0.1,0.0,0.0,14.257978911087049,14,floor(z_raw+0.5),20000,20000,5000,5000,100,23,0.23,0.15843265880303448,0.3215438302287378,369768,369768,352,370120,93,1.2337333333333333,True,False,114514,"{""decode_failed"":77}",complete
figure1a-dense-20260716T160823Z-99bbe7a-08500ad51e5c,figure1a-reduced-v1,99bbe7ae42df1f4bfff92f48bcd78ac1e4e6abaf,dense,2,3,naive,3982,0.875,1.1884504306083168,0.1,0.0,0.0,14.265147328036857,14,floor(z_raw+0.5),20000,20000,5000,5000,100,30,0.3,0.2189488529493276,0.3958485463334666,370326,370328,352,370680,93,1.2356,True,False,114514,"{""decode_failed"":70}",complete
figure1a-dense-20260716T160823Z-99bbe7a-08500ad51e5c,figure1a-reduced-v1,99bbe7ae42df1f4bfff92f48bcd78ac1e4e6abaf,dense,2,3,naive,3988,0.875,1.1884504306083168,0.1,0.0,0.0,14.27230854777787,14,floor(z_raw+0.5),20000,20000,5000,5000,100,15,0.15,0.0930598528365663,0.23283559590832364,370884,370888,352,371240,93,1.2374666666666667,True,False,114514,"{""decode_failed"":85}",complete
figure1a-dense-20260716T160823Z-99bbe7a-08500ad51e5c,figure1a-reduced-v1,99bbe7ae42df1f4bfff92f48bcd78ac1e4e6abaf,dense,2,3,naive,3994,0.875,1.1884504306083168,0.1,0.0,0.0,14.279462588348213,14,floor(z_raw+0.5),20000,20000,5000,5000,100,32,0.32,0.23669147324999093,0.41662618610452384,371442,371448,352,371800,93,1.2393333333333334,True,False,114514,"{""decode_failed"":68}",complete
figure1a-dense-20260716T160823Z-99bbe7a-08500ad51e5c,figure1a-reduced-v1,99bbe7ae42df1f4bfff92f48bcd78ac1e4e6abaf,dense,2,3,naive,4000,0.875,1.1884504306083168,0.1,0.0,0.0,14.286609467713793,14,floor(z_raw+0.5),20000,20000,5000,5000,100,43,0.43,0.33733298524110106,0.5278461045078768,372000,372000,352,372352,93,1.2411733333333332,True,False,114514,"{""decode_failed"":57}",complete
figure1a-dense-20260716T160823Z-99bbe7a-08500ad51e5c,figure1a-reduced-v1,99bbe7ae42df1f4bfff92f48bcd78ac1e4e6abaf,dense,2,3,naive,4006,0.875,1.1884504306083168,0.1,0.0,0.0,14.293749203768687,14,floor(z_raw+0.5),20000,20000,5000,5000,100,41,0.41,0.3186731302113651,0.5079856994658921,372558,372560,352,372912,93,1.24304,True,False,114514,"{""decode_failed"":59}",complete
figure1a-dense-20260716T160823Z-99bbe7a-08500ad51e5c,figure1a-reduced-v1,99bbe7ae42df1f4bfff92f48bcd78ac1e4e6abaf,dense,2,3,naive,4012,0.875,1.1884504306083168,0.1,0.0,0.0,14.300881814335538,14,floor(z_raw+0.5),20000,20000,5000,5000,100,54,0.54,0.44264860323368227,0.6343919169097589,373116,373120,352,373472,93,1.2449066666666666,True,False,114514,"{""decode_failed"":46}",complete
figure1a-dense-20260716T160823Z-99bbe7a-08500ad51e5c,figure1a-reduced-v1,99bbe7ae42df1f4bfff92f48bcd78ac1e4e6abaf,dense,2,3,naive,4018,0.875,1.1884504306083168,0.1,0.0,0.0,14.308007317165945,14,floor(z_raw+0.5),20000,20000,5000,5000,100,45,0.45,0.3561453797951198,0.5475539700255787,373674,373680,352,374032,93,1.2467733333333333,True,False,114514,"{""decode_failed"":55}",complete
figure1a-dense-20260716T160823Z-99bbe7a-08500ad51e5c,figure1a-reduced-v1,99bbe7ae42df1f4bfff92f48bcd78ac1e4e6abaf,dense,2,3,naive,4024,0.875,1.1884504306083168,0.1,0.0,0.0,14.315125729940862,14,floor(z_raw+0.5),20000,20000,5000,5000,100,56,0.56,0.4622810465167699,0.6532797336983921,374232,374232,352,374584,93,1.2486133333333334,True,False,114514,"{""decode_failed"":44}",complete
figure1a-dense-20260716T160823Z-99bbe7a-08500ad51e5c,figure1a-reduced-v1,99bbe7ae42df1f4bfff92f48bcd78ac1e4e6abaf,dense,2,3,naive,4030,0.875,1.1884504306083168,0.1,0.0,0.0,14.322237070270962,14,floor(z_raw+0.5),20000,20000,5000,5000,100,63,0.63,0.5322052958094291,0.7181763946567546,374790,374792,352,375144,93,1.25048,True,False,114514,"{""decode_failed"":37}",complete
figure1a-dense-20260716T160823Z-99bbe7a-08500ad51e5c,figure1a-reduced-v1,99bbe7ae42df1f4bfff92f48bcd78ac1e4e6abaf,dense,2,3,naive,4036,0.875,1.1884504306083168,0.1,0.0,0.0,14.329341355697048,14,floor(z_raw+0.5),20000,20000,5000,5000,100,56,0.56,0.4622810465167699,0.6532797336983921,375348,375352,352,375704,93,1.2523466666666667,True,False,114514,"{""decode_failed"":44}",complete
figure1a-dense-20260716T160823Z-99bbe7a-08500ad51e5c,figure1a-reduced-v1,99bbe7ae42df1f4bfff92f48bcd78ac1e4e6abaf,dense,2,3,naive,4042,0.875,1.1884504306083168,0.1,0.0,0.0,14.336438603690413,14,floor(z_raw+0.5),20000,20000,5000,5000,100,72,0.72,0.6251197129007884,0.7986031478881379,375906,375912,352,376264,93,1.2542133333333334,True,False,114514,"{""decode_failed"":28}",complete
figure1a-dense-20260716T160823Z-99bbe7a-08500ad51e5c,figure1a-reduced-v1,99bbe7ae42df1f4bfff92f48bcd78ac1e4e6abaf,dense,2,3,naive,4048,0.875,1.1884504306083168,0.1,0.0,0.0,14.343528831653225,14,floor(z_raw+0.5),20000,20000,5000,5000,100,61,0.61,0.5120301704584073,0.6998312599360558,376464,376464,352,376816,93,1.2560533333333332,True,False,114514,"{""decode_failed"":39}",complete
figure1a-dense-20260716T160823Z-99bbe7a-08500ad51e5c,figure1a-reduced-v1,99bbe7ae42df1f4bfff92f48bcd78ac1e4e6abaf,dense,2,3,naive,4054,0.875,1.1884504306083168,0.1,0.0,0.0,14.350612056918907,14,floor(z_raw+0.5),20000,20000,5000,5000,100,77,0.77,0.6784561697712622,0.8415673411969654,377022,377024,352,377376,93,1.25792,True,False,114514,"{""decode_failed"":23}",complete
figure1a-dense-20260716T160823Z-99bbe7a-08500ad51e5c,figure1a-reduced-v1,99bbe7ae42df1f4bfff92f48bcd78ac1e4e6abaf,dense,2,3,naive,4060,0.875,1.1884504306083168,0.1,0.0,0.0,14.3576882967525,14,floor(z_raw+0.5),20000,20000,5000,5000,100,77,0.77,0.6784561697712622,0.8415673411969654,377580,377584,352,377936,93,1.2597866666666666,True,False,114514,"{""decode_failed"":23}",complete
figure1a-dense-20260716T160823Z-99bbe7a-08500ad51e5c,figure1a-reduced-v1,99bbe7ae42df1f4bfff92f48bcd78ac1e4e6abaf,dense,2,3,naive,4066,0.875,1.1884504306083168,0.1,0.0,0.0,14.364757568351042,14,floor(z_raw+0.5),20000,20000,5000,5000,100,88,0.88,0.8018790057328857,0.9300059356298052,378138,378144,352,378496,93,1.2616533333333333,True,False,114514,"{""decode_failed"":12}",complete
figure1a-dense-20260716T160823Z-99bbe7a-08500ad51e5c,figure1a-reduced-v1,99bbe7ae42df1f4bfff92f48bcd78ac1e4e6abaf,dense,2,3,naive,4072,0.875,1.1884504306083168,0.1,0.0,0.0,14.37181988884393,14,floor(z_raw+0.5),20000,20000,5000,5000,100,89,0.89,0.8136870349691969,0.9374580364293543,378696,378696,352,379048,93,1.2634933333333334,True,False,114514,"{""decode_failed"":11}",complete
figure1a-dense-20260716T160823Z-99bbe7a-08500ad51e5c,figure1a-reduced-v1,99bbe7ae42df1f4bfff92f48bcd78ac1e4e6abaf,dense,2,3,naive,4078,0.875,1.1884504306083168,0.1,0.0,0.0,14.378875275293296,14,floor(z_raw+0.5),20000,20000,5000,5000,100,90,0.9,0.8256343384950865,0.9447708629393249,379254,379256,352,379608,93,1.26536,True,False,114514,"{""decode_failed"":10}",complete
figure1a-dense-20260716T160823Z-99bbe7a-08500ad51e5c,figure1a-reduced-v1,99bbe7ae42df1f4bfff92f48bcd78ac1e4e6abaf,dense,2,3,naive,4084,0.875,1.1884504306083168,0.1,0.0,0.0,14.38592374469435,14,floor(z_raw+0.5),20000,20000,5000,5000,100,89,0.89,0.8136870349691969,0.9374580364293543,379812,379816,352,380168,93,1.2672266666666667,True,False,114514,"{""decode_failed"":11}",complete
figure1a-dense-20260716T160823Z-99bbe7a-08500ad51e5c,figure1a-reduced-v1,99bbe7ae42df1f4bfff92f48bcd78ac1e4e6abaf,dense,2,3,circular,3666,0.875,1.1884504306083168,0.1,0.7829340825141562,0.7829340825141562,5.012269588725369,5,floor(z_raw+0.5),20000,20000,5000,5000,100,0,0.0,0.0,0.03699349820698568,340938,340944,352,341296,93,1.1376533333333334,True,False,114514,"{""decode_failed"":100}",complete
figure1a-dense-20260716T160823Z-99bbe7a-08500ad51e5c,figure1a-reduced-v1,99bbe7ae42df1f4bfff92f48bcd78ac1e4e6abaf,dense,2,3,circular,3672,0.875,1.1884504306083168,0.1,0.7829340825141562,0.7829340825141562,5.015002560689328,5,floor(z_raw+0.5),20000,20000,5000,5000,100,0,0.0,0.0,0.03699349820698568,341496,341496,352,341848,93,1.1394933333333332,True,False,114514,"{""decode_failed"":100}",complete
figure1a-dense-20260716T160823Z-99bbe7a-08500ad51e5c,figure1a-reduced-v1,99bbe7ae42df1f4bfff92f48bcd78ac1e4e6abaf,dense,2,3,circular,3678,0.875,1.1884504306083168,0.1,0.7829340825141562,0.7829340825141562,5.017732557178802,5,floor(z_raw+0.5),20000,20000,5000,5000,100,2,0.02,0.00550196755016235,0.07001179072854388,342054,342056,352,342408,93,1.14136,True,False,114514,"{""decode_failed"":98}",complete
figure1a-dense-20260716T160823Z-99bbe7a-08500ad51e5c,figure1a-reduced-v1,99bbe7ae42df1f4bfff92f48bcd78ac1e4e6abaf,dense,2,3,circular,3684,0.875,1.1884504306083168,0.1,0.7829340825141562,0.7829340825141562,5.020459586279326,5,floor(z_raw+0.5),20000,20000,5000,5000,100,1,0.01,0.0017674320641406505,0.054486196178705315,342612,342616,352,342968,93,1.1432266666666666,True,False,114514,"{""decode_failed"":99}",complete
figure1a-dense-20260716T160823Z-99bbe7a-08500ad51e5c,figure1a-reduced-v1,99bbe7ae42df1f4bfff92f48bcd78ac1e4e6abaf,dense,2,3,circular,3690,0.875,1.1884504306083168,0.1,0.7829340825141562,0.7829340825141562,5.023183656041338,5,floor(z_raw+0.5),20000,20000,5000,5000,100,1,0.01,0.0017674320641406505,0.054486196178705315,343170,343176,352,343528,93,1.1450933333333333,True,False,114514,"{""decode_failed"":99}",complete
figure1a-dense-20260716T160823Z-99bbe7a-08500ad51e5c,figure1a-reduced-v1,99bbe7ae42df1f4bfff92f48bcd78ac1e4e6abaf,dense,2,3,circular,3696,0.875,1.1884504306083168,0.1,0.7829340825141562,0.7829340825141562,5.025904774480387,5,floor(z_raw+0.5),20000,20000,5000,5000,100,4,0.04,0.01566330399154762,0.0983707143588792,343728,343728,352,344080,93,1.1469333333333334,True,False,114514,"{""decode_failed"":96}",complete
figure1a-dense-20260716T160823Z-99bbe7a-08500ad51e5c,figure1a-reduced-v1,99bbe7ae42df1f4bfff92f48bcd78ac1e4e6abaf,dense,2,3,circular,3702,0.875,1.1884504306083168,0.1,0.7829340825141562,0.7829340825141562,5.028622949577341,5,floor(z_raw+0.5),20000,20000,5000,5000,100,1,0.01,0.0017674320641406505,0.054486196178705315,344286,344288,352,344640,93,1.1488,True,False,114514,"{""decode_failed"":99}",complete
figure1a-dense-20260716T160823Z-99bbe7a-08500ad51e5c,figure1a-reduced-v1,99bbe7ae42df1f4bfff92f48bcd78ac1e4e6abaf,dense,2,3,circular,3708,0.875,1.1884504306083168,0.1,0.7829340825141562,0.7829340825141562,5.031338189278594,5,floor(z_raw+0.5),20000,20000,5000,5000,100,9,0.09,0.04807254000256516,0.1622621285271631,344844,344848,352,345200,93,1.1506666666666667,True,False,114514,"{""decode_failed"":91}",complete
figure1a-dense-20260716T160823Z-99bbe7a-08500ad51e5c,figure1a-reduced-v1,99bbe7ae42df1f4bfff92f48bcd78ac1e4e6abaf,dense,2,3,circular,3714,0.875,1.1884504306083168,0.1,0.7829340825141562,0.7829340825141562,5.034050501496272,5,floor(z_raw+0.5),20000,20000,5000,5000,100,8,0.08,0.041093461484380624,0.14998107700948735,345402,345408,352,345760,93,1.1525333333333334,True,False,114514,"{""decode_failed"":92}",complete
figure1a-dense-20260716T160823Z-99bbe7a-08500ad51e5c,figure1a-reduced-v1,99bbe7ae42df1f4bfff92f48bcd78ac1e4e6abaf,dense,2,3,circular,3720,0.875,1.1884504306083168,0.1,0.7829340825141562,0.7829340825141562,5.036759894108429,5,floor(z_raw+0.5),20000,20000,5000,5000,100,18,0.18,0.1170022549894635,0.2666735838630073,345960,345960,352,346312,93,1.1543733333333333,True,False,114514,"{""decode_failed"":82}",complete
figure1a-dense-20260716T160823Z-99bbe7a-08500ad51e5c,figure1a-reduced-v1,99bbe7ae42df1f4bfff92f48bcd78ac1e4e6abaf,dense,2,3,circular,3726,0.875,1.1884504306083168,0.1,0.7829340825141562,0.7829340825141562,5.039466374959257,5,floor(z_raw+0.5),20000,20000,5000,5000,100,22,0.22,0.150012823846054,0.31070353514985793,346518,346520,352,346872,93,1.15624,True,False,114514,"{""decode_failed"":78}",complete
figure1a-dense-20260716T160823Z-99bbe7a-08500ad51e5c,figure1a-reduced-v1,99bbe7ae42df1f4bfff92f48bcd78ac1e4e6abaf,dense,2,3,circular,3732,0.875,1.1884504306083168,0.1,0.7829340825141562,0.7829340825141562,5.0421699518592815,5,floor(z_raw+0.5),20000,20000,5000,5000,100,26,0.26,0.18404698464748132,0.3537098944918718,347076,347080,352,347432,93,1.1581066666666666,True,False,114514,"{""decode_failed"":74}",complete
figure1a-dense-20260716T160823Z-99bbe7a-08500ad51e5c,figure1a-reduced-v1,99bbe7ae42df1f4bfff92f48bcd78ac1e4e6abaf,dense,2,3,circular,3738,0.875,1.1884504306083168,0.1,0.7829340825141562,0.7829340825141562,5.044870632585558,5,floor(z_raw+0.5),20000,20000,5000,5000,100,35,0.35,0.26364248243097527,0.44745556703112027,347634,347640,352,347992,93,1.1599733333333333,True,False,114514,"{""decode_failed"":65}",complete
figure1a-dense-20260716T160823Z-99bbe7a-08500ad51e5c,figure1a-reduced-v1,99bbe7ae42df1f4bfff92f48bcd78ac1e4e6abaf,dense,2,3,circular,3744,0.875,1.1884504306083168,0.1,0.7829340825141562,0.7829340825141562,5.047568424881872,5,floor(z_raw+0.5),20000,20000,5000,5000,100,43,0.43,0.33733298524110106,0.5278461045078768,348192,348192,352,348544,93,1.1618133333333334,True,False,114514,"{""decode_failed"":57}",complete
figure1a-dense-20260716T160823Z-99bbe7a-08500ad51e5c,figure1a-reduced-v1,99bbe7ae42df1f4bfff92f48bcd78ac1e4e6abaf,dense,2,3,circular,3750,0.875,1.1884504306083168,0.1,0.7829340825141562,0.7829340825141562,5.050263336458936,5,floor(z_raw+0.5),20000,20000,5000,5000,100,48,0.48,0.384645517580519,0.5768342223477603,348750,348752,352,349104,93,1.16368,True,False,114514,"{""decode_failed"":52}",complete
figure1a-dense-20260716T160823Z-99bbe7a-08500ad51e5c,figure1a-reduced-v1,99bbe7ae42df1f4bfff92f48bcd78ac1e4e6abaf,dense,2,3,circular,3756,0.875,1.1884504306083168,0.1,0.7829340825141562,0.7829340825141562,5.0529553749945775,5,floor(z_raw+0.5),20000,20000,5000,5000,100,62,0.62,0.5220975529551107,0.7090240074752127,349308,349312,352,349664,93,1.1655466666666667,True,False,114514,"{""decode_failed"":38}",complete
figure1a-dense-20260716T160823Z-99bbe7a-08500ad51e5c,figure1a-reduced-v1,99bbe7ae42df1f4bfff92f48bcd78ac1e4e6abaf,dense,2,3,circular,3762,0.875,1.1884504306083168,0.1,0.7829340825141562,0.7829340825141562,5.0556445481339365,5,floor(z_raw+0.5),20000,20000,5000,5000,100,65,0.65,0.5525444329688796,0.7363575175690247,349866,349872,352,350224,93,1.1674133333333334,True,False,114514,"{""decode_failed"":35}",complete
figure1a-dense-20260716T160823Z-99bbe7a-08500ad51e5c,figure1a-reduced-v1,99bbe7ae42df1f4bfff92f48bcd78ac1e4e6abaf,dense,2,3,circular,3768,0.875,1.1884504306083168,0.1,0.7829340825141562,0.7829340825141562,5.0583308634896555,5,floor(z_raw+0.5),20000,20000,5000,5000,100,58,0.58,0.4820648670304296,0.6720161732564526,350424,350424,352,350776,93,1.1692533333333333,True,False,114514,"{""decode_failed"":42}",complete
figure1a-dense-20260716T160823Z-99bbe7a-08500ad51e5c,figure1a-reduced-v1,99bbe7ae42df1f4bfff92f48bcd78ac1e4e6abaf,dense,2,3,circular,3774,0.875,1.1884504306083168,0.1,0.7829340825141562,0.7829340825141562,5.0610143286420675,5,floor(z_raw+0.5),20000,20000,5000,5000,100,76,0.76,0.6676766365018553,0.8330867444305122,350982,350984,352,351336,93,1.17112,True,False,114514,"{""decode_failed"":24}",complete
figure1a-dense-20260716T160823Z-99bbe7a-08500ad51e5c,figure1a-reduced-v1,99bbe7ae42df1f4bfff92f48bcd78ac1e4e6abaf,dense,2,3,circular,3780,0.875,1.1884504306083168,0.1,0.7829340825141562,0.7829340825141562,5.063694951139388,5,floor(z_raw+0.5),20000,20000,5000,5000,100,71,0.71,0.6146110882442888,0.7898516425087772,351540,351544,352,351896,93,1.1729866666666666,True,False,114514,"{""decode_failed"":29}",complete
figure1a-dense-20260716T160823Z-99bbe7a-08500ad51e5c,figure1a-reduced-v1,99bbe7ae42df1f4bfff92f48bcd78ac1e4e6abaf,dense,2,3,circular,3786,0.875,1.1884504306083168,0.1,0.7829340825141562,0.7829340825141562,5.066372738497894,5,floor(z_raw+0.5),20000,20000,5000,5000,100,88,0.88,0.8018790057328857,0.9300059356298052,352098,352104,352,352456,93,1.1748533333333333,True,False,114514,"{""decode_failed"":12}",complete
figure1a-dense-20260716T160823Z-99bbe7a-08500ad51e5c,figure1a-reduced-v1,99bbe7ae42df1f4bfff92f48bcd78ac1e4e6abaf,dense,2,3,circular,3792,0.875,1.1884504306083168,0.1,0.7829340825141562,0.7829340825141562,5.06904769820212,5,floor(z_raw+0.5),20000,20000,5000,5000,100,94,0.94,0.8752318455410406,0.9722138760368118,352656,352656,352,353008,93,1.1766933333333334,True,False,114514,"{""decode_failed"":6}",complete
figure1a-dense-20260716T160823Z-99bbe7a-08500ad51e5c,figure1a-reduced-v1,99bbe7ae42df1f4bfff92f48bcd78ac1e4e6abaf,dense,2,3,circular,3798,0.875,1.1884504306083168,0.1,0.7829340825141562,0.7829340825141562,5.071719837705037,5,floor(z_raw+0.5),20000,20000,5000,5000,100,89,0.89,0.8136870349691969,0.9374580364293543,353214,353216,352,353568,93,1.17856,True,False,114514,"{""decode_failed"":11}",complete
figure1a-dense-20260716T160823Z-99bbe7a-08500ad51e5c,figure1a-reduced-v1,99bbe7ae42df1f4bfff92f48bcd78ac1e4e6abaf,dense,2,3,circular,3804,0.875,1.1884504306083168,0.1,0.7829340825141562,0.7829340825141562,5.0743891644282275,5,floor(z_raw+0.5),20000,20000,5000,5000,100,90,0.9,0.8256343384950865,0.9447708629393249,353772,353776,352,354128,93,1.1804266666666667,True,False,114514,"{""decode_failed"":10}",complete
figure1a-dense-20260716T160823Z-99bbe7a-08500ad51e5c,figure1a-reduced-v1,99bbe7ae42df1f4bfff92f48bcd78ac1e4e6abaf,dense,2,3,circular,3810,0.875,1.1884504306083168,0.1,0.7829340825141562,0.7829340825141562,5.077055685762085,5,floor(z_raw+0.5),20000,20000,5000,5000,100,91,0.91,0.837737871472837,0.9519274599974348,354330,354336,352,354688,93,1.1822933333333334,True,False,114514,"{""decode_failed"":9}",complete
figure1a-dense-20260716T160823Z-99bbe7a-08500ad51e5c,figure1a-reduced-v1,99bbe7ae42df1f4bfff92f48bcd78ac1e4e6abaf,dense,2,3,circular,3816,0.875,1.1884504306083168,0.1,0.7829340825141562,0.7829340825141562,5.079719409065976,5,floor(z_raw+0.5),20000,20000,5000,5000,100,97,0.97,0.9154806357094724,0.9897454759759611,354888,354888,352,355240,93,1.1841333333333333,True,False,114514,"{""decode_failed"":3}",complete
figure1a-dense-20260716T160823Z-99bbe7a-08500ad51e5c,figure1a-reduced-v1,99bbe7ae42df1f4bfff92f48bcd78ac1e4e6abaf,dense,2,3,circular,3822,0.875,1.1884504306083168,0.1,0.7829340825141562,0.7829340825141562,5.082380341668428,5,floor(z_raw+0.5),20000,20000,5000,5000,100,93,0.93,0.8625048526092651,0.9656807389327273,355446,355448,352,355800,93,1.186,True,False,114514,"{""decode_failed"":7}",complete
figure1a-dense-20260716T160823Z-99bbe7a-08500ad51e5c,figure1a-reduced-v1,99bbe7ae42df1f4bfff92f48bcd78ac1e4e6abaf,dense,2,3,circular,3828,0.875,1.1884504306083168,0.1,0.7829340825141562,0.7829340825141562,5.085038490867307,5,floor(z_raw+0.5),20000,20000,5000,5000,100,98,0.98,0.929988209271456,0.9944980324498376,356004,356008,352,356360,93,1.1878666666666666,True,False,114514,"{""decode_failed"":2}",complete
figure1a-dense-20260716T160823Z-99bbe7a-08500ad51e5c,figure1a-reduced-v1,99bbe7ae42df1f4bfff92f48bcd78ac1e4e6abaf,dense,2,3,circular,3834,0.875,1.1884504306083168,0.1,0.7829340825141562,0.7829340825141562,5.08769386392999,5,floor(z_raw+0.5),20000,20000,5000,5000,100,97,0.97,0.9154806357094724,0.9897454759759611,356562,356568,352,356920,93,1.1897333333333333,True,False,114514,"{""decode_failed"":3}",complete
figure1a-dense-20260716T160823Z-99bbe7a-08500ad51e5c,figure1a-reduced-v1,99bbe7ae42df1f4bfff92f48bcd78ac1e4e6abaf,dense,2,3,circular,3840,0.875,1.1884504306083168,0.1,0.7829340825141562,0.7829340825141562,5.090346468093542,5,floor(z_raw+0.5),20000,20000,5000,5000,100,98,0.98,0.929988209271456,0.9944980324498376,357120,357120,352,357472,93,1.1915733333333334,True,False,114514,"{""decode_failed"":2}",complete
figure1a-dense-20260716T160823Z-99bbe7a-08500ad51e5c,figure1a-reduced-v1,99bbe7ae42df1f4bfff92f48bcd78ac1e4e6abaf,dense,2,3,circular,3846,0.875,1.1884504306083168,0.1,0.7829340825141562,0.7829340825141562,5.09299631056489,5,floor(z_raw+0.5),20000,20000,5000,5000,100,100,1.0,0.9630065017930143,1.0,357678,357680,352,358032,93,1.19344,True,False,114514,{},complete
figure1a-dense-20260716T160823Z-99bbe7a-08500ad51e5c,figure1a-reduced-v1,99bbe7ae42df1f4bfff92f48bcd78ac1e4e6abaf,dense,2,6,iid,1995,0.875,1.1884504306083168,0.1,0.0,0.0,0.0,0,fixed_zero_iid,20000,20000,5000,5000,100,0,0.0,0.0,0.03699349820698568,367080,367080,352,367432,184,1.2247733333333333,True,False,114514,"{""decode_failed"":100}",complete
figure1a-dense-20260716T160823Z-99bbe7a-08500ad51e5c,figure1a-reduced-v1,99bbe7ae42df1f4bfff92f48bcd78ac1e4e6abaf,dense,2,6,iid,1998,0.875,1.1884504306083168,0.1,0.0,0.0,0.0,0,fixed_zero_iid,20000,20000,5000,5000,100,0,0.0,0.0,0.03699349820698568,367632,367632,352,367984,184,1.2266133333333333,True,False,114514,"{""decode_failed"":100}",complete
figure1a-dense-20260716T160823Z-99bbe7a-08500ad51e5c,figure1a-reduced-v1,99bbe7ae42df1f4bfff92f48bcd78ac1e4e6abaf,dense,2,6,iid,2001,0.875,1.1884504306083168,0.1,0.0,0.0,0.0,0,fixed_zero_iid,20000,20000,5000,5000,100,0,0.0,0.0,0.03699349820698568,368184,368184,352,368536,184,1.2284533333333334,True,False,114514,"{""decode_failed"":100}",complete
figure1a-dense-20260716T160823Z-99bbe7a-08500ad51e5c,figure1a-reduced-v1,99bbe7ae42df1f4bfff92f48bcd78ac1e4e6abaf,dense,2,6,iid,2004,0.875,1.1884504306083168,0.1,0.0,0.0,0.0,0,fixed_zero_iid,20000,20000,5000,5000,100,2,0.02,0.00550196755016235,0.07001179072854388,368736,368736,352,369088,184,1.2302933333333332,True,False,114514,"{""decode_failed"":98}",complete
figure1a-dense-20260716T160823Z-99bbe7a-08500ad51e5c,figure1a-reduced-v1,99bbe7ae42df1f4bfff92f48bcd78ac1e4e6abaf,dense,2,6,iid,2007,0.875,1.1884504306083168,0.1,0.0,0.0,0.0,0,fixed_zero_iid,20000,20000,5000,5000,100,1,0.01,0.0017674320641406505,0.054486196178705315,369288,369288,352,369640,184,1.2321333333333333,True,False,114514,"{""decode_failed"":99}",complete
figure1a-dense-20260716T160823Z-99bbe7a-08500ad51e5c,figure1a-reduced-v1,99bbe7ae42df1f4bfff92f48bcd78ac1e4e6abaf,dense,2,6,iid,2010,0.875,1.1884504306083168,0.1,0.0,0.0,0.0,0,fixed_zero_iid,20000,20000,5000,5000,100,3,0.03,0.010254524024038925,0.0845193642905276,369840,369840,352,370192,184,1.2339733333333334,True,False,114514,"{""decode_failed"":97}",complete
figure1a-dense-20260716T160823Z-99bbe7a-08500ad51e5c,figure1a-reduced-v1,99bbe7ae42df1f4bfff92f48bcd78ac1e4e6abaf,dense,2,6,iid,2013,0.875,1.1884504306083168,0.1,0.0,0.0,0.0,0,fixed_zero_iid,20000,20000,5000,5000,100,6,0.06,0.027786123963188192,0.1247681544589592,370392,370392,352,370744,184,1.2358133333333334,True,False,114514,"{""decode_failed"":94}",complete
figure1a-dense-20260716T160823Z-99bbe7a-08500ad51e5c,figure1a-reduced-v1,99bbe7ae42df1f4bfff92f48bcd78ac1e4e6abaf,dense,2,6,iid,2016,0.875,1.1884504306083168,0.1,0.0,0.0,0.0,0,fixed_zero_iid,20000,20000,5000,5000,100,4,0.04,0.01566330399154762,0.0983707143588792,370944,370944,352,371296,184,1.2376533333333333,True,False,114514,"{""decode_failed"":96}",complete
figure1a-dense-20260716T160823Z-99bbe7a-08500ad51e5c,figure1a-reduced-v1,99bbe7ae42df1f4bfff92f48bcd78ac1e4e6abaf,dense,2,6,iid,2019,0.875,1.1884504306083168,0.1,0.0,0.0,0.0,0,fixed_zero_iid,20000,20000,5000,5000,100,10,0.1,0.0552291370606751,0.17436566150491345,371496,371496,352,371848,184,1.2394933333333333,True,False,114514,"{""decode_failed"":90}",complete
figure1a-dense-20260716T160823Z-99bbe7a-08500ad51e5c,figure1a-reduced-v1,99bbe7ae42df1f4bfff92f48bcd78ac1e4e6abaf,dense,2,6,iid,2022,0.875,1.1884504306083168,0.1,0.0,0.0,0.0,0,fixed_zero_iid,20000,20000,5000,5000,100,17,0.17,0.10893566114059931,0.25548004767601123,372048,372048,352,372400,184,1.2413333333333334,True,False,114514,"{""decode_failed"":83}",complete
figure1a-dense-20260716T160823Z-99bbe7a-08500ad51e5c,figure1a-reduced-v1,99bbe7ae42df1f4bfff92f48bcd78ac1e4e6abaf,dense,2,6,iid,2025,0.875,1.1884504306083168,0.1,0.0,0.0,0.0,0,fixed_zero_iid,20000,20000,5000,5000,100,22,0.22,0.150012823846054,0.31070353514985793,372600,372600,352,372952,184,1.2431733333333332,True,False,114514,"{""decode_failed"":78}",complete
figure1a-dense-20260716T160823Z-99bbe7a-08500ad51e5c,figure1a-reduced-v1,99bbe7ae42df1f4bfff92f48bcd78ac1e4e6abaf,dense,2,6,iid,2028,0.875,1.1884504306083168,0.1,0.0,0.0,0.0,0,fixed_zero_iid,20000,20000,5000,5000,100,26,0.26,0.18404698464748132,0.3537098944918718,373152,373152,352,373504,184,1.2450133333333333,True,False,114514,"{""decode_failed"":74}",complete
figure1a-dense-20260716T160823Z-99bbe7a-08500ad51e5c,figure1a-reduced-v1,99bbe7ae42df1f4bfff92f48bcd78ac1e4e6abaf,dense,2,6,iid,2031,0.875,1.1884504306083168,0.1,0.0,0.0,0.0,0,fixed_zero_iid,20000,20000,5000,5000,100,46,0.46,0.36560808309024106,0.5573513967663177,373704,373704,352,374056,184,1.2468533333333334,True,False,114514,"{""decode_failed"":54}",complete
figure1a-dense-20260716T160823Z-99bbe7a-08500ad51e5c,figure1a-reduced-v1,99bbe7ae42df1f4bfff92f48bcd78ac1e4e6abaf,dense,2,6,iid,2034,0.875,1.1884504306083168,0.1,0.0,0.0,0.0,0,fixed_zero_iid,20000,20000,5000,5000,100,50,0.5,0.4038315303659956,0.5961684696340044,374256,374256,352,374608,184,1.2486933333333334,True,False,114514,"{""decode_failed"":50}",complete
figure1a-dense-20260716T160823Z-99bbe7a-08500ad51e5c,figure1a-reduced-v1,99bbe7ae42df1f4bfff92f48bcd78ac1e4e6abaf,dense,2,6,iid,2037,0.875,1.1884504306083168,0.1,0.0,0.0,0.0,0,fixed_zero_iid,20000,20000,5000,5000,100,60,0.6,0.5020025867910618,0.6905987135675411,374808,374808,352,375160,184,1.2505333333333333,True,False,114514,"{""decode_failed"":40}",complete
figure1a-dense-20260716T160823Z-99bbe7a-08500ad51e5c,figure1a-reduced-v1,99bbe7ae42df1f4bfff92f48bcd78ac1e4e6abaf,dense,2,6,iid,2040,0.875,1.1884504306083168,0.1,0.0,0.0,0.0,0,fixed_zero_iid,20000,20000,5000,5000,100,77,0.77,0.6784561697712622,0.8415673411969654,375360,375360,352,375712,184,1.2523733333333333,True,False,114514,"{""decode_failed"":23}",complete
figure1a-dense-20260716T160823Z-99bbe7a-08500ad51e5c,figure1a-reduced-v1,99bbe7ae42df1f4bfff92f48bcd78ac1e4e6abaf,dense,2,6,iid,2043,0.875,1.1884504306083168,0.1,0.0,0.0,0.0,0,fixed_zero_iid,20000,20000,5000,5000,100,80,0.8,0.7111708344068411,0.8666330666689676,375912,375912,352,376264,184,1.2542133333333334,True,False,114514,"{""decode_failed"":20}",complete
figure1a-dense-20260716T160823Z-99bbe7a-08500ad51e5c,figure1a-reduced-v1,99bbe7ae42df1f4bfff92f48bcd78ac1e4e6abaf,dense,2,6,iid,2046,0.875,1.1884504306083168,0.1,0.0,0.0,0.0,0,fixed_zero_iid,20000,20000,5000,5000,100,91,0.91,0.837737871472837,0.9519274599974348,376464,376464,352,376816,184,1.2560533333333332,True,False,114514,"{""decode_failed"":9}",complete
figure1a-dense-20260716T160823Z-99bbe7a-08500ad51e5c,figure1a-reduced-v1,99bbe7ae42df1f4bfff92f48bcd78ac1e4e6abaf,dense,2,6,iid,2049,0.875,1.1884504306083168,0.1,0.0,0.0,0.0,0,fixed_zero_iid,20000,20000,5000,5000,100,96,0.96,0.9016292856411208,0.9843366960084523,377016,377016,352,377368,184,1.2578933333333333,True,False,114514,"{""decode_failed"":4}",complete
figure1a-dense-20260716T160823Z-99bbe7a-08500ad51e5c,figure1a-reduced-v1,99bbe7ae42df1f4bfff92f48bcd78ac1e4e6abaf,dense,2,6,iid,2052,0.875,1.1884504306083168,0.1,0.0,0.0,0.0,0,fixed_zero_iid,20000,20000,5000,5000,100,94,0.94,0.8752318455410406,0.9722138760368118,377568,377568,352,377920,184,1.2597333333333334,True,False,114514,"{""decode_failed"":6}",complete
figure1a-dense-20260716T160823Z-99bbe7a-08500ad51e5c,figure1a-reduced-v1,99bbe7ae42df1f4bfff92f48bcd78ac1e4e6abaf,dense,2,6,iid,2055,0.875,1.1884504306083168,0.1,0.0,0.0,0.0,0,fixed_zero_iid,20000,20000,5000,5000,100,97,0.97,0.9154806357094724,0.9897454759759611,378120,378120,352,378472,184,1.2615733333333334,True,False,114514,"{""decode_failed"":3}",complete
figure1a-dense-20260716T160823Z-99bbe7a-08500ad51e5c,figure1a-reduced-v1,99bbe7ae42df1f4bfff92f48bcd78ac1e4e6abaf,dense,2,6,iid,2058,0.875,1.1884504306083168,0.1,0.0,0.0,0.0,0,fixed_zero_iid,20000,20000,5000,5000,100,98,0.98,0.929988209271456,0.9944980324498376,378672,378672,352,379024,184,1.2634133333333333,True,False,114514,"{""decode_failed"":2}",complete
figure1a-dense-20260716T160823Z-99bbe7a-08500ad51e5c,figure1a-reduced-v1,99bbe7ae42df1f4bfff92f48bcd78ac1e4e6abaf,dense,2,6,iid,2061,0.875,1.1884504306083168,0.1,0.0,0.0,0.0,0,fixed_zero_iid,20000,20000,5000,5000,100,99,0.99,0.9455138038212946,0.9982325679358593,379224,379224,352,379576,184,1.2652533333333333,True,False,114514,"{""decode_failed"":1}",complete
figure1a-dense-20260716T160823Z-99bbe7a-08500ad51e5c,figure1a-reduced-v1,99bbe7ae42df1f4bfff92f48bcd78ac1e4e6abaf,dense,2,6,iid,2064,0.875,1.1884504306083168,0.1,0.0,0.0,0.0,0,fixed_zero_iid,20000,20000,5000,5000,100,100,1.0,0.9630065017930143,1.0,379776,379776,352,380128,184,1.2670933333333334,True,False,114514,{},complete
figure1a-dense-20260716T160823Z-99bbe7a-08500ad51e5c,figure1a-reduced-v1,99bbe7ae42df1f4bfff92f48bcd78ac1e4e6abaf,dense,2,6,iid,2067,0.875,1.1884504306083168,0.1,0.0,0.0,0.0,0,fixed_zero_iid,20000,20000,5000,5000,100,100,1.0,0.9630065017930143,1.0,380328,380328,352,380680,184,1.2689333333333332,True,False,114514,{},complete
figure1a-dense-20260716T160823Z-99bbe7a-08500ad51e5c,figure1a-reduced-v1,99bbe7ae42df1f4bfff92f48bcd78ac1e4e6abaf,dense,2,6,iid,2070,0.875,1.1884504306083168,0.1,0.0,0.0,0.0,0,fixed_zero_iid,20000,20000,5000,5000,100,100,1.0,0.9630065017930143,1.0,380880,380880,352,381232,184,1.2707733333333333,True,False,114514,{},complete
figure1a-dense-20260716T160823Z-99bbe7a-08500ad51e5c,figure1a-reduced-v1,99bbe7ae42df1f4bfff92f48bcd78ac1e4e6abaf,dense,2,6,iid,2073,0.875,1.1884504306083168,0.1,0.0,0.0,0.0,0,fixed_zero_iid,20000,20000,5000,5000,100,100,1.0,0.9630065017930143,1.0,381432,381432,352,381784,184,1.2726133333333334,True,False,114514,{},complete
figure1a-dense-20260716T160823Z-99bbe7a-08500ad51e5c,figure1a-reduced-v1,99bbe7ae42df1f4bfff92f48bcd78ac1e4e6abaf,dense,2,6,naive,1959,0.875,1.1884504306083168,0.1,0.0,0.0,11.26126870878258,11,floor(z_raw+0.5),20000,20000,5000,5000,100,3,0.03,0.010254524024038925,0.0845193642905276,360456,360456,352,360808,184,1.2026933333333334,True,False,114514,"{""decode_failed"":97}",complete
figure1a-dense-20260716T160823Z-99bbe7a-08500ad51e5c,figure1a-reduced-v1,99bbe7ae42df1f4bfff92f48bcd78ac1e4e6abaf,dense,2,6,naive,1962,0.875,1.1884504306083168,0.1,0.0,0.0,11.267014255038983,11,floor(z_raw+0.5),20000,20000,5000,5000,100,5,0.05,0.02154367915436796,0.11175046923191913,361008,361008,352,361360,184,1.2045333333333332,True,False,114514,"{""decode_failed"":95}",complete
figure1a-dense-20260716T160823Z-99bbe7a-08500ad51e5c,figure1a-reduced-v1,99bbe7ae42df1f4bfff92f48bcd78ac1e4e6abaf,dense,2,6,naive,1965,0.875,1.1884504306083168,0.1,0.0,0.0,11.272753947450516,11,floor(z_raw+0.5),20000,20000,5000,5000,100,5,0.05,0.02154367915436796,0.11175046923191913,361560,361560,352,361912,184,1.2063733333333333,True,False,114514,"{""decode_failed"":95}",complete
figure1a-dense-20260716T160823Z-99bbe7a-08500ad51e5c,figure1a-reduced-v1,99bbe7ae42df1f4bfff92f48bcd78ac1e4e6abaf,dense,2,6,naive,1968,0.875,1.1884504306083168,0.1,0.0,0.0,11.278487800904887,11,floor(z_raw+0.5),20000,20000,5000,5000,100,6,0.06,0.027786123963188192,0.1247681544589592,362112,362112,352,362464,184,1.2082133333333334,True,False,114514,"{""decode_failed"":94}",complete
figure1a-dense-20260716T160823Z-99bbe7a-08500ad51e5c,figure1a-reduced-v1,99bbe7ae42df1f4bfff92f48bcd78ac1e4e6abaf,dense,2,6,naive,1971,0.875,1.1884504306083168,0.1,0.0,0.0,11.284215830229325,11,floor(z_raw+0.5),20000,20000,5000,5000,100,7,0.07,0.03431926106727268,0.137495147390735,362664,362664,352,363016,184,1.2100533333333334,True,False,114514,"{""decode_failed"":93}",complete
figure1a-dense-20260716T160823Z-99bbe7a-08500ad51e5c,figure1a-reduced-v1,99bbe7ae42df1f4bfff92f48bcd78ac1e4e6abaf,dense,2,6,naive,1974,0.875,1.1884504306083168,0.1,0.0,0.0,11.289938050190901,11,floor(z_raw+0.5),20000,20000,5000,5000,100,17,0.17,0.10893566114059931,0.25548004767601123,363216,363216,352,363568,184,1.2118933333333333,True,False,114514,"{""decode_failed"":83}",complete
figure1a-dense-20260716T160823Z-99bbe7a-08500ad51e5c,figure1a-reduced-v1,99bbe7ae42df1f4bfff92f48bcd78ac1e4e6abaf,dense,2,6,naive,1977,0.875,1.1884504306083168,0.1,0.0,0.0,11.295654475496875,11,floor(z_raw+0.5),20000,20000,5000,5000,100,12,0.12,0.06999406437019488,0.19812099426711421,363768,363768,352,364120,184,1.2137333333333333,True,False,114514,"{""decode_failed"":88}",complete
figure1a-dense-20260716T160823Z-99bbe7a-08500ad51e5c,figure1a-reduced-v1,99bbe7ae42df1f4bfff92f48bcd78ac1e4e6abaf,dense,2,6,naive,1980,0.875,1.1884504306083168,0.1,0.0,0.0,11.301365120795019,11,floor(z_raw+0.5),20000,20000,5000,5000,100,17,0.17,0.10893566114059931,0.25548004767601123,364320,364320,352,364672,184,1.2155733333333334,True,False,114514,"{""decode_failed"":83}",complete
figure1a-dense-20260716T160823Z-99bbe7a-08500ad51e5c,figure1a-reduced-v1,99bbe7ae42df1f4bfff92f48bcd78ac1e4e6abaf,dense,2,6,naive,1983,0.875,1.1884504306083168,0.1,0.0,0.0,11.307070000673958,11,floor(z_raw+0.5),20000,20000,5000,5000,100,25,0.25,0.17545211362287672,0.34304463548061603,364872,364872,352,365224,184,1.2174133333333332,True,False,114514,"{""decode_failed"":75}",complete
figure1a-dense-20260716T160823Z-99bbe7a-08500ad51e5c,figure1a-reduced-v1,99bbe7ae42df1f4bfff92f48bcd78ac1e4e6abaf,dense,2,6,naive,1986,0.875,1.1884504306083168,0.1,0.0,0.0,11.312769129663485,11,floor(z_raw+0.5),20000,20000,5000,5000,100,29,0.29,0.2101483574912227,0.3853889117557111,365424,365424,352,365776,184,1.2192533333333333,True,False,114514,"{""decode_failed"":71}",complete
figure1a-dense-20260716T160823Z-99bbe7a-08500ad51e5c,figure1a-reduced-v1,99bbe7ae42df1f4bfff92f48bcd78ac1e4e6abaf,dense,2,6,naive,1989,0.875,1.1884504306083168,0.1,0.0,0.0,11.318462522234897,11,floor(z_raw+0.5),20000,20000,5000,5000,100,21,0.21,0.141656540619153,0.29979968834089865,365976,365976,352,366328,184,1.2210933333333334,True,False,114514,"{""decode_failed"":79}",complete
figure1a-dense-20260716T160823Z-99bbe7a-08500ad51e5c,figure1a-reduced-v1,99bbe7ae42df1f4bfff92f48bcd78ac1e4e6abaf,dense,2,6,naive,1992,0.875,1.1884504306083168,0.1,0.0,0.0,11.324150192801316,11,floor(z_raw+0.5),20000,20000,5000,5000,100,29,0.29,0.2101483574912227,0.3853889117557111,366528,366528,352,366880,184,1.2229333333333334,True,False,114514,"{""decode_failed"":71}",complete
figure1a-dense-20260716T160823Z-99bbe7a-08500ad51e5c,figure1a-reduced-v1,99bbe7ae42df1f4bfff92f48bcd78ac1e4e6abaf,dense,2,6,naive,1995,0.875,1.1884504306083168,0.1,0.0,0.0,11.329832155718007,11,floor(z_raw+0.5),20000,20000,5000,5000,100,36,0.36,0.2727122040140433,0.4576459754839126,367080,367080,352,367432,184,1.2247733333333333,True,False,114514,"{""decode_failed"":64}",complete
figure1a-dense-20260716T160823Z-99bbe7a-08500ad51e5c,figure1a-reduced-v1,99bbe7ae42df1f4bfff92f48bcd78ac1e4e6abaf,dense,2,6,naive,1998,0.875,1.1884504306083168,0.1,0.0,0.0,11.335508425282699,11,floor(z_raw+0.5),20000,20000,5000,5000,100,51,0.51,0.4134801193402717,0.6057800106955886,367632,367632,352,367984,184,1.2266133333333333,True,False,114514,"{""decode_failed"":49}",complete
figure1a-dense-20260716T160823Z-99bbe7a-08500ad51e5c,figure1a-reduced-v1,99bbe7ae42df1f4bfff92f48bcd78ac1e4e6abaf,dense,2,6,naive,2001,0.875,1.1884504306083168,0.1,0.0,0.0,11.341179015735902,11,floor(z_raw+0.5),20000,20000,5000,5000,100,53,0.53,0.4328885697009936,0.6248918204065872,368184,368184,352,368536,184,1.2284533333333334,True,False,114514,"{""decode_failed"":47}",complete
figure1a-dense-20260716T160823Z-99bbe7a-08500ad51e5c,figure1a-reduced-v1,99bbe7ae42df1f4bfff92f48bcd78ac1e4e6abaf,dense,2,6,naive,2004,0.875,1.1884504306083168,0.1,0.0,0.0,11.346843941261222,11,floor(z_raw+0.5),20000,20000,5000,5000,100,57,0.57,0.47215389549212305,0.6626670147588988,368736,368736,352,369088,184,1.2302933333333332,True,False,114514,"{""decode_failed"":43}",complete
figure1a-dense-20260716T160823Z-99bbe7a-08500ad51e5c,figure1a-reduced-v1,99bbe7ae42df1f4bfff92f48bcd78ac1e4e6abaf,dense,2,6,naive,2007,0.875,1.1884504306083168,0.1,0.0,0.0,11.352503215985665,11,floor(z_raw+0.5),20000,20000,5000,5000,100,67,0.67,0.5730534379509052,0.7543687726587197,369288,369288,352,369640,184,1.2321333333333333,True,False,114514,"{""decode_failed"":33}",complete
figure1a-dense-20260716T160823Z-99bbe7a-08500ad51e5c,figure1a-reduced-v1,99bbe7ae42df1f4bfff92f48bcd78ac1e4e6abaf,dense,2,6,naive,2010,0.875,1.1884504306083168,0.1,0.0,0.0,11.358156853979967,11,floor(z_raw+0.5),20000,20000,5000,5000,100,63,0.63,0.5322052958094291,0.7181763946567546,369840,369840,352,370192,184,1.2339733333333334,True,False,114514,"{""decode_failed"":37}",complete
figure1a-dense-20260716T160823Z-99bbe7a-08500ad51e5c,figure1a-reduced-v1,99bbe7ae42df1f4bfff92f48bcd78ac1e4e6abaf,dense,2,6,naive,2013,0.875,1.1884504306083168,0.1,0.0,0.0,11.363804869258876,11,floor(z_raw+0.5),20000,20000,5000,5000,100,72,0.72,0.6251197129007884,0.7986031478881379,370392,370392,352,370744,184,1.2358133333333334,True,False,114514,"{""decode_failed"":28}",complete
figure1a-dense-20260716T160823Z-99bbe7a-08500ad51e5c,figure1a-reduced-v1,99bbe7ae42df1f4bfff92f48bcd78ac1e4e6abaf,dense,2,6,naive,2016,0.875,1.1884504306083168,0.1,0.0,0.0,11.36944727578148,11,floor(z_raw+0.5),20000,20000,5000,5000,100,70,0.7,0.6041514536665332,0.7810511470506724,370944,370944,352,371296,184,1.2376533333333333,True,False,114514,"{""decode_failed"":30}",complete
figure1a-dense-20260716T160823Z-99bbe7a-08500ad51e5c,figure1a-reduced-v1,99bbe7ae42df1f4bfff92f48bcd78ac1e4e6abaf,dense,2,6,naive,2019,0.875,1.1884504306083168,0.1,0.0,0.0,11.375084087451496,11,floor(z_raw+0.5),20000,20000,5000,5000,100,68,0.68,0.5833738138954762,0.7633085267500092,371496,371496,352,371848,184,1.2394933333333333,True,False,114514,"{""decode_failed"":32}",complete
figure1a-dense-20260716T160823Z-99bbe7a-08500ad51e5c,figure1a-reduced-v1,99bbe7ae42df1f4bfff92f48bcd78ac1e4e6abaf,dense,2,6,naive,2022,0.875,1.1884504306083168,0.1,0.0,0.0,11.380715318117577,11,floor(z_raw+0.5),20000,20000,5000,5000,100,70,0.7,0.6041514536665332,0.7810511470506724,372048,372048,352,372400,184,1.2413333333333334,True,False,114514,"{""decode_failed"":30}",complete
figure1a-dense-20260716T160823Z-99bbe7a-08500ad51e5c,figure1a-reduced-v1,99bbe7ae42df1f4bfff92f48bcd78ac1e4e6abaf,dense,2,6,naive,2025,0.875,1.1884504306083168,0.1,0.0,0.0,11.386340981573614,11,floor(z_raw+0.5),20000,20000,5000,5000,100,78,0.78,0.6892964648501421,0.8499871761539459,372600,372600,352,372952,184,1.2431733333333332,True,False,114514,"{""decode_failed"":22}",complete
figure1a-dense-20260716T160823Z-99bbe7a-08500ad51e5c,figure1a-reduced-v1,99bbe7ae42df1f4bfff92f48bcd78ac1e4e6abaf,dense,2,6,naive,2028,0.875,1.1884504306083168,0.1,0.0,0.0,11.391961091559027,11,floor(z_raw+0.5),20000,20000,5000,5000,100,84,0.84,0.7557973061072976,0.8990471151119521,373152,373152,352,373504,184,1.2450133333333333,True,False,114514,"{""decode_failed"":16}",complete
figure1a-dense-20260716T160823Z-99bbe7a-08500ad51e5c,figure1a-reduced-v1,99bbe7ae42df1f4bfff92f48bcd78ac1e4e6abaf,dense,2,6,naive,2031,0.875,1.1884504306083168,0.1,0.0,0.0,11.397575661759065,11,floor(z_raw+0.5),20000,20000,5000,5000,100,85,0.85,0.7671644040916763,0.9069401471634337,373704,373704,352,374056,184,1.2468533333333334,True,False,114514,"{""decode_failed"":15}",complete
figure1a-dense-20260716T160823Z-99bbe7a-08500ad51e5c,figure1a-reduced-v1,99bbe7ae42df1f4bfff92f48bcd78ac1e4e6abaf,dense,2,6,naive,2034,0.875,1.1884504306083168,0.1,0.0,0.0,11.403184705805101,11,floor(z_raw+0.5),20000,20000,5000,5000,100,80,0.8,0.7111708344068411,0.8666330666689676,374256,374256,352,374608,184,1.2486933333333334,True,False,114514,"{""decode_failed"":20}",complete
figure1a-dense-20260716T160823Z-99bbe7a-08500ad51e5c,figure1a-reduced-v1,99bbe7ae42df1f4bfff92f48bcd78ac1e4e6abaf,dense,2,6,naive,2037,0.875,1.1884504306083168,0.1,0.0,0.0,11.408788237274916,11,floor(z_raw+0.5),20000,20000,5000,5000,100,86,0.86,0.7786281178903616,0.9147365634006086,374808,374808,352,375160,184,1.2505333333333333,True,False,114514,"{""decode_failed"":14}",complete
figure1a-dense-20260716T160823Z-99bbe7a-08500ad51e5c,figure1a-reduced-v1,99bbe7ae42df1f4bfff92f48bcd78ac1e4e6abaf,dense,2,6,naive,2040,0.875,1.1884504306083168,0.1,0.0,0.0,11.414386269692994,11,floor(z_raw+0.5),20000,20000,5000,5000,100,85,0.85,0.7671644040916763,0.9069401471634337,375360,375360,352,375712,184,1.2523733333333333,True,False,114514,"{""decode_failed"":15}",complete
figure1a-dense-20260716T160823Z-99bbe7a-08500ad51e5c,figure1a-reduced-v1,99bbe7ae42df1f4bfff92f48bcd78ac1e4e6abaf,dense,2,6,naive,2043,0.875,1.1884504306083168,0.1,0.0,0.0,11.419978816530808,11,floor(z_raw+0.5),20000,20000,5000,5000,100,89,0.89,0.8136870349691969,0.9374580364293543,375912,375912,352,376264,184,1.2542133333333334,True,False,114514,"{""decode_failed"":11}",complete
figure1a-dense-20260716T160823Z-99bbe7a-08500ad51e5c,figure1a-reduced-v1,99bbe7ae42df1f4bfff92f48bcd78ac1e4e6abaf,dense,2,6,naive,2046,0.875,1.1884504306083168,0.1,0.0,0.0,11.425565891207107,11,floor(z_raw+0.5),20000,20000,5000,5000,100,95,0.95,0.8882495307680808,0.9784563208456319,376464,376464,352,376816,184,1.2560533333333332,True,False,114514,"{""decode_failed"":5}",complete
figure1a-dense-20260716T160823Z-99bbe7a-08500ad51e5c,figure1a-reduced-v1,99bbe7ae42df1f4bfff92f48bcd78ac1e4e6abaf,dense,2,6,naive,2049,0.875,1.1884504306083168,0.1,0.0,0.0,11.431147507088193,11,floor(z_raw+0.5),20000,20000,5000,5000,100,94,0.94,0.8752318455410406,0.9722138760368118,377016,377016,352,377368,184,1.2578933333333333,True,False,114514,"{""decode_failed"":6}",complete
figure1a-dense-20260716T160823Z-99bbe7a-08500ad51e5c,figure1a-reduced-v1,99bbe7ae42df1f4bfff92f48bcd78ac1e4e6abaf,dense,2,6,naive,2052,0.875,1.1884504306083168,0.1,0.0,0.0,11.43672367748821,11,floor(z_raw+0.5),20000,20000,5000,5000,100,93,0.93,0.8625048526092651,0.9656807389327273,377568,377568,352,377920,184,1.2597333333333334,True,False,114514,"{""decode_failed"":7}",complete
figure1a-dense-20260716T160823Z-99bbe7a-08500ad51e5c,figure1a-reduced-v1,99bbe7ae42df1f4bfff92f48bcd78ac1e4e6abaf,dense,2,6,naive,2055,0.875,1.1884504306083168,0.1,0.0,0.0,11.44229441566942,11,floor(z_raw+0.5),20000,20000,5000,5000,100,98,0.98,0.929988209271456,0.9944980324498376,378120,378120,352,378472,184,1.2615733333333334,True,False,114514,"{""decode_failed"":2}",complete
figure1a-dense-20260716T160823Z-99bbe7a-08500ad51e5c,figure1a-reduced-v1,99bbe7ae42df1f4bfff92f48bcd78ac1e4e6abaf,dense,2,6,naive,2058,0.875,1.1884504306083168,0.1,0.0,0.0,11.447859734842478,11,floor(z_raw+0.5),20000,20000,5000,5000,100,98,0.98,0.929988209271456,0.9944980324498376,378672,378672,352,379024,184,1.2634133333333333,True,False,114514,"{""decode_failed"":2}",complete
figure1a-dense-20260716T160823Z-99bbe7a-08500ad51e5c,figure1a-reduced-v1,99bbe7ae42df1f4bfff92f48bcd78ac1e4e6abaf,dense,2,6,naive,2061,0.875,1.1884504306083168,0.1,0.0,0.0,11.453419648166715,11,floor(z_raw+0.5),20000,20000,5000,5000,100,97,0.97,0.9154806357094724,0.9897454759759611,379224,379224,352,379576,184,1.2652533333333333,True,False,114514,"{""decode_failed"":3}",complete
figure1a-dense-20260716T160823Z-99bbe7a-08500ad51e5c,figure1a-reduced-v1,99bbe7ae42df1f4bfff92f48bcd78ac1e4e6abaf,dense,2,6,naive,2064,0.875,1.1884504306083168,0.1,0.0,0.0,11.458974168750405,11,floor(z_raw+0.5),20000,20000,5000,5000,100,99,0.99,0.9455138038212946,0.9982325679358593,379776,379776,352,380128,184,1.2670933333333334,True,False,114514,"{""decode_failed"":1}",complete
figure1a-dense-20260716T160823Z-99bbe7a-08500ad51e5c,figure1a-reduced-v1,99bbe7ae42df1f4bfff92f48bcd78ac1e4e6abaf,dense,2,6,naive,2067,0.875,1.1884504306083168,0.1,0.0,0.0,11.464523309651039,11,floor(z_raw+0.5),20000,20000,5000,5000,100,98,0.98,0.929988209271456,0.9944980324498376,380328,380328,352,380680,184,1.2689333333333332,True,False,114514,"{""decode_failed"":2}",complete
figure1a-dense-20260716T160823Z-99bbe7a-08500ad51e5c,figure1a-reduced-v1,99bbe7ae42df1f4bfff92f48bcd78ac1e4e6abaf,dense,2,6,naive,2070,0.875,1.1884504306083168,0.1,0.0,0.0,11.470067083875593,11,floor(z_raw+0.5),20000,20000,5000,5000,100,98,0.98,0.929988209271456,0.9944980324498376,380880,380880,352,381232,184,1.2707733333333333,True,False,114514,"{""decode_failed"":2}",complete
figure1a-dense-20260716T160823Z-99bbe7a-08500ad51e5c,figure1a-reduced-v1,99bbe7ae42df1f4bfff92f48bcd78ac1e4e6abaf,dense,2,6,naive,2073,0.875,1.1884504306083168,0.1,0.0,0.0,11.475605504380805,11,floor(z_raw+0.5),20000,20000,5000,5000,100,99,0.99,0.9455138038212946,0.9982325679358593,381432,381432,352,381784,184,1.2726133333333334,True,False,114514,"{""decode_failed"":1}",complete
figure1a-dense-20260716T160823Z-99bbe7a-08500ad51e5c,figure1a-reduced-v1,99bbe7ae42df1f4bfff92f48bcd78ac1e4e6abaf,dense,2,6,naive,2076,0.875,1.1884504306083168,0.1,0.0,0.0,11.481138584073431,11,floor(z_raw+0.5),20000,20000,5000,5000,100,99,0.99,0.9455138038212946,0.9982325679358593,381984,381984,352,382336,184,1.2744533333333334,True,False,114514,"{""decode_failed"":1}",complete
figure1a-dense-20260716T160823Z-99bbe7a-08500ad51e5c,figure1a-reduced-v1,99bbe7ae42df1f4bfff92f48bcd78ac1e4e6abaf,dense,2,6,naive,2079,0.875,1.1884504306083168,0.1,0.0,0.0,11.486666335810515,11,floor(z_raw+0.5),20000,20000,5000,5000,100,100,1.0,0.9630065017930143,1.0,382536,382536,352,382888,184,1.2762933333333333,True,False,114514,{},complete
figure1a-dense-20260716T160823Z-99bbe7a-08500ad51e5c,figure1a-reduced-v1,99bbe7ae42df1f4bfff92f48bcd78ac1e4e6abaf,dense,2,6,naive,2082,0.875,1.1884504306083168,0.1,0.0,0.0,11.492188772399647,11,floor(z_raw+0.5),20000,20000,5000,5000,100,100,1.0,0.9630065017930143,1.0,383088,383088,352,383440,184,1.2781333333333333,True,False,114514,{},complete
figure1a-dense-20260716T160823Z-99bbe7a-08500ad51e5c,figure1a-reduced-v1,99bbe7ae42df1f4bfff92f48bcd78ac1e4e6abaf,dense,2,6,naive,2085,0.875,1.1884504306083168,0.1,0.0,0.0,11.497705906599236,11,floor(z_raw+0.5),20000,20000,5000,5000,100,100,1.0,0.9630065017930143,1.0,383640,383640,352,383992,184,1.2799733333333334,True,False,114514,{},complete
figure1a-dense-20260716T160823Z-99bbe7a-08500ad51e5c,figure1a-reduced-v1,99bbe7ae42df1f4bfff92f48bcd78ac1e4e6abaf,dense,2,6,circular,1807,0.875,1.1884504306083168,0.1,0.7243668166820519,0.7243668166820519,4.642831199292309,5,floor(z_raw+0.5),20000,20000,5000,5000,100,0,0.0,0.0,0.03699349820698568,332488,332488,352,332840,184,1.1094666666666666,True,False,114514,"{""decode_failed"":100}",complete
figure1a-dense-20260716T160823Z-99bbe7a-08500ad51e5c,figure1a-reduced-v1,99bbe7ae42df1f4bfff92f48bcd78ac1e4e6abaf,dense,2,6,circular,1810,0.875,1.1884504306083168,0.1,0.7243668166820519,0.7243668166820519,4.64539913742611,5,floor(z_raw+0.5),20000,20000,5000,5000,100,0,0.0,0.0,0.03699349820698568,333040,333040,352,333392,184,1.1113066666666667,True,False,114514,"{""decode_failed"":100}",complete
figure1a-dense-20260716T160823Z-99bbe7a-08500ad51e5c,figure1a-reduced-v1,99bbe7ae42df1f4bfff92f48bcd78ac1e4e6abaf,dense,2,6,circular,1813,0.875,1.1884504306083168,0.1,0.7243668166820519,0.7243668166820519,4.6479642396245815,5,floor(z_raw+0.5),20000,20000,5000,5000,100,0,0.0,0.0,0.03699349820698568,333592,333592,352,333944,184,1.1131466666666667,True,False,114514,"{""decode_failed"":100}",complete
figure1a-dense-20260716T160823Z-99bbe7a-08500ad51e5c,figure1a-reduced-v1,99bbe7ae42df1f4bfff92f48bcd78ac1e4e6abaf,dense,2,6,circular,1816,0.875,1.1884504306083168,0.1,0.7243668166820519,0.7243668166820519,4.650526513704532,5,floor(z_raw+0.5),20000,20000,5000,5000,100,0,0.0,0.0,0.03699349820698568,334144,334144,352,334496,184,1.1149866666666666,True,False,114514,"{""decode_failed"":100}",complete
figure1a-dense-20260716T160823Z-99bbe7a-08500ad51e5c,figure1a-reduced-v1,99bbe7ae42df1f4bfff92f48bcd78ac1e4e6abaf,dense,2,6,circular,1819,0.875,1.1884504306083168,0.1,0.7243668166820519,0.7243668166820519,4.653085967448353,5,floor(z_raw+0.5),20000,20000,5000,5000,100,0,0.0,0.0,0.03699349820698568,334696,334696,352,335048,184,1.1168266666666666,True,False,114514,"{""decode_failed"":100}",complete
figure1a-dense-20260716T160823Z-99bbe7a-08500ad51e5c,figure1a-reduced-v1,99bbe7ae42df1f4bfff92f48bcd78ac1e4e6abaf,dense,2,6,circular,1822,0.875,1.1884504306083168,0.1,0.7243668166820519,0.7243668166820519,4.655642608604227,5,floor(z_raw+0.5),20000,20000,5000,5000,100,4,0.04,0.01566330399154762,0.0983707143588792,335248,335248,352,335600,184,1.1186666666666667,True,False,114514,"{""decode_failed"":96}",complete
figure1a-dense-20260716T160823Z-99bbe7a-08500ad51e5c,figure1a-reduced-v1,99bbe7ae42df1f4bfff92f48bcd78ac1e4e6abaf,dense,2,6,circular,1825,0.875,1.1884504306083168,0.1,0.7243668166820519,0.7243668166820519,4.658196444886334,5,floor(z_raw+0.5),20000,20000,5000,5000,100,1,0.01,0.0017674320641406505,0.054486196178705315,335800,335800,352,336152,184,1.1205066666666668,True,False,114514,"{""decode_failed"":99}",complete
figure1a-dense-20260716T160823Z-99bbe7a-08500ad51e5c,figure1a-reduced-v1,99bbe7ae42df1f4bfff92f48bcd78ac1e4e6abaf,dense,2,6,circular,1828,0.875,1.1884504306083168,0.1,0.7243668166820519,0.7243668166820519,4.660747483975056,5,floor(z_raw+0.5),20000,20000,5000,5000,100,6,0.06,0.027786123963188192,0.1247681544589592,336352,336352,352,336704,184,1.1223466666666666,True,False,114514,"{""decode_failed"":94}",complete
figure1a-dense-20260716T160823Z-99bbe7a-08500ad51e5c,figure1a-reduced-v1,99bbe7ae42df1f4bfff92f48bcd78ac1e4e6abaf,dense,2,6,circular,1831,0.875,1.1884504306083168,0.1,0.7243668166820519,0.7243668166820519,4.663295733517185,5,floor(z_raw+0.5),20000,20000,5000,5000,100,5,0.05,0.02154367915436796,0.11175046923191913,336904,336904,352,337256,184,1.1241866666666667,True,False,114514,"{""decode_failed"":95}",complete
figure1a-dense-20260716T160823Z-99bbe7a-08500ad51e5c,figure1a-reduced-v1,99bbe7ae42df1f4bfff92f48bcd78ac1e4e6abaf,dense,2,6,circular,1834,0.875,1.1884504306083168,0.1,0.7243668166820519,0.7243668166820519,4.665841201126116,5,floor(z_raw+0.5),20000,20000,5000,5000,100,14,0.14,0.08526343659939134,0.22137188210963837,337456,337456,352,337808,184,1.1260266666666667,True,False,114514,"{""decode_failed"":86}",complete
figure1a-dense-20260716T160823Z-99bbe7a-08500ad51e5c,figure1a-reduced-v1,99bbe7ae42df1f4bfff92f48bcd78ac1e4e6abaf,dense,2,6,circular,1837,0.875,1.1884504306083168,0.1,0.7243668166820519,0.7243668166820519,4.668383894382057,5,floor(z_raw+0.5),20000,20000,5000,5000,100,7,0.07,0.03431926106727268,0.137495147390735,338008,338008,352,338360,184,1.1278666666666666,True,False,114514,"{""decode_failed"":93}",complete
figure1a-dense-20260716T160823Z-99bbe7a-08500ad51e5c,figure1a-reduced-v1,99bbe7ae42df1f4bfff92f48bcd78ac1e4e6abaf,dense,2,6,circular,1840,0.875,1.1884504306083168,0.1,0.7243668166820519,0.7243668166820519,4.670923820832218,5,floor(z_raw+0.5),20000,20000,5000,5000,100,19,0.19,0.12514751509768735,0.27778845379064376,338560,338560,352,338912,184,1.1297066666666666,True,False,114514,"{""decode_failed"":81}",complete
figure1a-dense-20260716T160823Z-99bbe7a-08500ad51e5c,figure1a-reduced-v1,99bbe7ae42df1f4bfff92f48bcd78ac1e4e6abaf,dense,2,6,circular,1843,0.875,1.1884504306083168,0.1,0.7243668166820519,0.7243668166820519,4.6734609879910165,5,floor(z_raw+0.5),20000,20000,5000,5000,100,23,0.23,0.15843265880303448,0.3215438302287378,339112,339112,352,339464,184,1.1315466666666667,True,False,114514,"{""decode_failed"":77}",complete
figure1a-dense-20260716T160823Z-99bbe7a-08500ad51e5c,figure1a-reduced-v1,99bbe7ae42df1f4bfff92f48bcd78ac1e4e6abaf,dense,2,6,circular,1846,0.875,1.1884504306083168,0.1,0.7243668166820519,0.7243668166820519,4.675995403340266,5,floor(z_raw+0.5),20000,20000,5000,5000,100,22,0.22,0.150012823846054,0.31070353514985793,339664,339664,352,340016,184,1.1333866666666668,True,False,114514,"{""decode_failed"":78}",complete
figure1a-dense-20260716T160823Z-99bbe7a-08500ad51e5c,figure1a-reduced-v1,99bbe7ae42df1f4bfff92f48bcd78ac1e4e6abaf,dense,2,6,circular,1849,0.875,1.1884504306083168,0.1,0.7243668166820519,0.7243668166820519,4.678527074329377,5,floor(z_raw+0.5),20000,20000,5000,5000,100,29,0.29,0.2101483574912227,0.3853889117557111,340216,340216,352,340568,184,1.1352266666666666,True,False,114514,"{""decode_failed"":71}",complete
figure1a-dense-20260716T160823Z-99bbe7a-08500ad51e5c,figure1a-reduced-v1,99bbe7ae42df1f4bfff92f48bcd78ac1e4e6abaf,dense,2,6,circular,1852,0.875,1.1884504306083168,0.1,0.7243668166820519,0.7243668166820519,4.6810560083755455,5,floor(z_raw+0.5),20000,20000,5000,5000,100,41,0.41,0.3186731302113651,0.5079856994658921,340768,340768,352,341120,184,1.1370666666666667,True,False,114514,"{""decode_failed"":59}",complete
figure1a-dense-20260716T160823Z-99bbe7a-08500ad51e5c,figure1a-reduced-v1,99bbe7ae42df1f4bfff92f48bcd78ac1e4e6abaf,dense,2,6,circular,1855,0.875,1.1884504306083168,0.1,0.7243668166820519,0.7243668166820519,4.683582212863944,5,floor(z_raw+0.5),20000,20000,5000,5000,100,36,0.36,0.2727122040140433,0.4576459754839126,341320,341320,352,341672,184,1.1389066666666667,True,False,114514,"{""decode_failed"":64}",complete
figure1a-dense-20260716T160823Z-99bbe7a-08500ad51e5c,figure1a-reduced-v1,99bbe7ae42df1f4bfff92f48bcd78ac1e4e6abaf,dense,2,6,circular,1858,0.875,1.1884504306083168,0.1,0.7243668166820519,0.7243668166820519,4.68610569514791,5,floor(z_raw+0.5),20000,20000,5000,5000,100,42,0.42,0.3279838267435473,0.5179351329695703,341872,341872,352,342224,184,1.1407466666666666,True,False,114514,"{""decode_failed"":58}",complete
figure1a-dense-20260716T160823Z-99bbe7a-08500ad51e5c,figure1a-reduced-v1,99bbe7ae42df1f4bfff92f48bcd78ac1e4e6abaf,dense,2,6,circular,1861,0.875,1.1884504306083168,0.1,0.7243668166820519,0.7243668166820519,4.688626462549143,5,floor(z_raw+0.5),20000,20000,5000,5000,100,55,0.55,0.45244602997442135,0.6438546202048803,342424,342424,352,342776,184,1.1425866666666666,True,False,114514,"{""decode_failed"":45}",complete
figure1a-dense-20260716T160823Z-99bbe7a-08500ad51e5c,figure1a-reduced-v1,99bbe7ae42df1f4bfff92f48bcd78ac1e4e6abaf,dense,2,6,circular,1864,0.875,1.1884504306083168,0.1,0.7243668166820519,0.7243668166820519,4.691144522357881,5,floor(z_raw+0.5),20000,20000,5000,5000,100,62,0.62,0.5220975529551107,0.7090240074752127,342976,342976,352,343328,184,1.1444266666666667,True,False,114514,"{""decode_failed"":38}",complete
figure1a-dense-20260716T160823Z-99bbe7a-08500ad51e5c,figure1a-reduced-v1,99bbe7ae42df1f4bfff92f48bcd78ac1e4e6abaf,dense,2,6,circular,1867,0.875,1.1884504306083168,0.1,0.7243668166820519,0.7243668166820519,4.693659881833088,5,floor(z_raw+0.5),20000,20000,5000,5000,100,62,0.62,0.5220975529551107,0.7090240074752127,343528,343528,352,343880,184,1.1462666666666668,True,False,114514,"{""decode_failed"":38}",complete
figure1a-dense-20260716T160823Z-99bbe7a-08500ad51e5c,figure1a-reduced-v1,99bbe7ae42df1f4bfff92f48bcd78ac1e4e6abaf,dense,2,6,circular,1870,0.875,1.1884504306083168,0.1,0.7243668166820519,0.7243668166820519,4.696172548202646,5,floor(z_raw+0.5),20000,20000,5000,5000,100,74,0.74,0.6462901055081282,0.8159530153525186,344080,344080,352,344432,184,1.1481066666666666,True,False,114514,"{""decode_failed"":26}",complete
figure1a-dense-20260716T160823Z-99bbe7a-08500ad51e5c,figure1a-reduced-v1,99bbe7ae42df1f4bfff92f48bcd78ac1e4e6abaf,dense,2,6,circular,1873,0.875,1.1884504306083168,0.1,0.7243668166820519,0.7243668166820519,4.698682528663527,5,floor(z_raw+0.5),20000,20000,5000,5000,100,77,0.77,0.6784561697712622,0.8415673411969654,344632,344632,352,344984,184,1.1499466666666667,True,False,114514,"{""decode_failed"":23}",complete
figure1a-dense-20260716T160823Z-99bbe7a-08500ad51e5c,figure1a-reduced-v1,99bbe7ae42df1f4bfff92f48bcd78ac1e4e6abaf,dense,2,6,circular,1876,0.875,1.1884504306083168,0.1,0.7243668166820519,0.7243668166820519,4.701189830381983,5,floor(z_raw+0.5),20000,20000,5000,5000,100,84,0.84,0.7557973061072976,0.8990471151119521,345184,345184,352,345536,184,1.1517866666666667,True,False,114514,"{""decode_failed"":16}",complete
figure1a-dense-20260716T160823Z-99bbe7a-08500ad51e5c,figure1a-reduced-v1,99bbe7ae42df1f4bfff92f48bcd78ac1e4e6abaf,dense,2,6,circular,1879,0.875,1.1884504306083168,0.1,0.7243668166820519,0.7243668166820519,4.703694460493721,5,floor(z_raw+0.5),20000,20000,5000,5000,100,84,0.84,0.7557973061072976,0.8990471151119521,345736,345736,352,346088,184,1.1536266666666666,True,False,114514,"{""decode_failed"":16}",complete
figure1a-dense-20260716T160823Z-99bbe7a-08500ad51e5c,figure1a-reduced-v1,99bbe7ae42df1f4bfff92f48bcd78ac1e4e6abaf,dense,2,6,circular,1882,0.875,1.1884504306083168,0.1,0.7243668166820519,0.7243668166820519,4.706196426104083,5,floor(z_raw+0.5),20000,20000,5000,5000,100,92,0.92,0.8500189229905127,0.9589065385156194,346288,346288,352,346640,184,1.1554666666666666,True,False,114514,"{""decode_failed"":8}",complete
figure1a-dense-20260716T160823Z-99bbe7a-08500ad51e5c,figure1a-reduced-v1,99bbe7ae42df1f4bfff92f48bcd78ac1e4e6abaf,dense,2,6,circular,1885,0.875,1.1884504306083168,0.1,0.7243668166820519,0.7243668166820519,4.708695734288223,5,floor(z_raw+0.5),20000,20000,5000,5000,100,90,0.9,0.8256343384950865,0.9447708629393249,346840,346840,352,347192,184,1.1573066666666667,True,False,114514,"{""decode_failed"":10}",complete
figure1a-dense-20260716T160823Z-99bbe7a-08500ad51e5c,figure1a-reduced-v1,99bbe7ae42df1f4bfff92f48bcd78ac1e4e6abaf,dense,2,6,circular,1888,0.875,1.1884504306083168,0.1,0.7243668166820519,0.7243668166820519,4.711192392091286,5,floor(z_raw+0.5),20000,20000,5000,5000,100,93,0.93,0.8625048526092651,0.9656807389327273,347392,347392,352,347744,184,1.1591466666666668,True,False,114514,"{""decode_failed"":7}",complete
figure1a-dense-20260716T160823Z-99bbe7a-08500ad51e5c,figure1a-reduced-v1,99bbe7ae42df1f4bfff92f48bcd78ac1e4e6abaf,dense,2,6,circular,1891,0.875,1.1884504306083168,0.1,0.7243668166820519,0.7243668166820519,4.71368640652858,5,floor(z_raw+0.5),20000,20000,5000,5000,100,93,0.93,0.8625048526092651,0.9656807389327273,347944,347944,352,348296,184,1.1609866666666666,True,False,114514,"{""decode_failed"":7}",complete
figure1a-dense-20260716T160823Z-99bbe7a-08500ad51e5c,figure1a-reduced-v1,99bbe7ae42df1f4bfff92f48bcd78ac1e4e6abaf,dense,2,6,circular,1894,0.875,1.1884504306083168,0.1,0.7243668166820519,0.7243668166820519,4.7161777845857475,5,floor(z_raw+0.5),20000,20000,5000,5000,100,92,0.92,0.8500189229905127,0.9589065385156194,348496,348496,352,348848,184,1.1628266666666667,True,False,114514,"{""decode_failed"":8}",complete
figure1a-dense-20260716T160823Z-99bbe7a-08500ad51e5c,figure1a-reduced-v1,99bbe7ae42df1f4bfff92f48bcd78ac1e4e6abaf,dense,2,6,circular,1897,0.875,1.1884504306083168,0.1,0.7243668166820519,0.7243668166820519,4.718666533218942,5,floor(z_raw+0.5),20000,20000,5000,5000,100,94,0.94,0.8752318455410406,0.9722138760368118,349048,349048,352,349400,184,1.1646666666666667,True,False,114514,"{""decode_failed"":6}",complete
figure1a-dense-20260716T160823Z-99bbe7a-08500ad51e5c,figure1a-reduced-v1,99bbe7ae42df1f4bfff92f48bcd78ac1e4e6abaf,dense,2,6,circular,1900,0.875,1.1884504306083168,0.1,0.7243668166820519,0.7243668166820519,4.721152659354997,5,floor(z_raw+0.5),20000,20000,5000,5000,100,99,0.99,0.9455138038212946,0.9982325679358593,349600,349600,352,349952,184,1.1665066666666666,True,False,114514,"{""decode_failed"":1}",complete
figure1a-dense-20260716T160823Z-99bbe7a-08500ad51e5c,figure1a-reduced-v1,99bbe7ae42df1f4bfff92f48bcd78ac1e4e6abaf,dense,2,6,circular,1903,0.875,1.1884504306083168,0.1,0.7243668166820519,0.7243668166820519,4.723636169891597,5,floor(z_raw+0.5),20000,20000,5000,5000,100,96,0.96,0.9016292856411208,0.9843366960084523,350152,350152,352,350504,184,1.1683466666666666,True,False,114514,"{""decode_failed"":4}",complete
figure1a-dense-20260716T160823Z-99bbe7a-08500ad51e5c,figure1a-reduced-v1,99bbe7ae42df1f4bfff92f48bcd78ac1e4e6abaf,dense,2,6,circular,1906,0.875,1.1884504306083168,0.1,0.7243668166820519,0.7243668166820519,4.72611707169744,5,floor(z_raw+0.5),20000,20000,5000,5000,100,97,0.97,0.9154806357094724,0.9897454759759611,350704,350704,352,351056,184,1.1701866666666667,True,False,114514,"{""decode_failed"":3}",complete
figure1a-dense-20260716T160823Z-99bbe7a-08500ad51e5c,figure1a-reduced-v1,99bbe7ae42df1f4bfff92f48bcd78ac1e4e6abaf,dense,2,6,circular,1909,0.875,1.1884504306083168,0.1,0.7243668166820519,0.7243668166820519,4.728595371612416,5,floor(z_raw+0.5),20000,20000,5000,5000,100,100,1.0,0.9630065017930143,1.0,351256,351256,352,351608,184,1.1720266666666668,True,False,114514,{},complete
figure1a-dense-20260716T160823Z-99bbe7a-08500ad51e5c,figure1a-reduced-v1,99bbe7ae42df1f4bfff92f48bcd78ac1e4e6abaf,dense,2,6,circular,1912,0.875,1.1884504306083168,0.1,0.7243668166820519,0.7243668166820519,4.731071076447759,5,floor(z_raw+0.5),20000,20000,5000,5000,100,100,1.0,0.9630065017930143,1.0,351808,351808,352,352160,184,1.1738666666666666,True,False,114514,{},complete
figure1a-dense-20260716T160823Z-99bbe7a-08500ad51e5c,figure1a-reduced-v1,99bbe7ae42df1f4bfff92f48bcd78ac1e4e6abaf,dense,2,6,circular,1915,0.875,1.1884504306083168,0.1,0.7243668166820519,0.7243668166820519,4.733544192986225,5,floor(z_raw+0.5),20000,20000,5000,5000,100,100,1.0,0.9630065017930143,1.0,352360,352360,352,352712,184,1.1757066666666667,True,False,114514,{},complete
figure1a-dense-20260716T160823Z-99bbe7a-08500ad51e5c,figure1a-reduced-v1,99bbe7ae42df1f4bfff92f48bcd78ac1e4e6abaf,dense,2,6,circular,1918,0.875,1.1884504306083168,0.1,0.7243668166820519,0.7243668166820519,4.736014727982247,5,floor(z_raw+0.5),20000,20000,5000,5000,100,100,1.0,0.9630065017930143,1.0,352912,352912,352,353264,184,1.1775466666666667,True,False,114514,{},complete
figure1a-dense-20260716T160823Z-99bbe7a-08500ad51e5c,figure1a-reduced-v1,99bbe7ae42df1f4bfff92f48bcd78ac1e4e6abaf,dense,3,4,iid,3597,0.875,1.1884504306083168,0.1,0.0,0.0,0.0,0,fixed_zero_iid,20000,20000,5000,5000,100,1,0.01,0.0017674320641406505,0.054486196178705315,446028,446032,352,446384,124,1.4879466666666668,True,False,114514,"{""decode_failed"":99}",complete
figure1a-dense-20260716T160823Z-99bbe7a-08500ad51e5c,figure1a-reduced-v1,99bbe7ae42df1f4bfff92f48bcd78ac1e4e6abaf,dense,3,4,iid,3601,0.875,1.1884504306083168,0.1,0.0,0.0,0.0,0,fixed_zero_iid,20000,20000,5000,5000,100,1,0.01,0.0017674320641406505,0.054486196178705315,446524,446528,352,446880,124,1.4896,True,False,114514,"{""decode_failed"":99}",complete
figure1a-dense-20260716T160823Z-99bbe7a-08500ad51e5c,figure1a-reduced-v1,99bbe7ae42df1f4bfff92f48bcd78ac1e4e6abaf,dense,3,4,iid,3605,0.875,1.1884504306083168,0.1,0.0,0.0,0.0,0,fixed_zero_iid,20000,20000,5000,5000,100,1,0.01,0.0017674320641406505,0.054486196178705315,447020,447024,352,447376,124,1.4912533333333333,True,False,114514,"{""decode_failed"":99}",complete
figure1a-dense-20260716T160823Z-99bbe7a-08500ad51e5c,figure1a-reduced-v1,99bbe7ae42df1f4bfff92f48bcd78ac1e4e6abaf,dense,3,4,iid,3609,0.875,1.1884504306083168,0.1,0.0,0.0,0.0,0,fixed_zero_iid,20000,20000,5000,5000,100,1,0.01,0.0017674320641406505,0.054486196178705315,447516,447520,352,447872,124,1.4929066666666666,True,False,114514,"{""decode_failed"":99}",complete
figure1a-dense-20260716T160823Z-99bbe7a-08500ad51e5c,figure1a-reduced-v1,99bbe7ae42df1f4bfff92f48bcd78ac1e4e6abaf,dense,3,4,iid,3613,0.875,1.1884504306083168,0.1,0.0,0.0,0.0,0,fixed_zero_iid,20000,20000,5000,5000,100,2,0.02,0.00550196755016235,0.07001179072854388,448012,448016,352,448368,124,1.49456,True,False,114514,"{""decode_failed"":98}",complete
figure1a-dense-20260716T160823Z-99bbe7a-08500ad51e5c,figure1a-reduced-v1,99bbe7ae42df1f4bfff92f48bcd78ac1e4e6abaf,dense,3,4,iid,3617,0.875,1.1884504306083168,0.1,0.0,0.0,0.0,0,fixed_zero_iid,20000,20000,5000,5000,100,2,0.02,0.00550196755016235,0.07001179072854388,448508,448512,352,448864,124,1.4962133333333334,True,False,114514,"{""decode_failed"":98}",complete
figure1a-dense-20260716T160823Z-99bbe7a-08500ad51e5c,figure1a-reduced-v1,99bbe7ae42df1f4bfff92f48bcd78ac1e4e6abaf,dense,3,4,iid,3621,0.875,1.1884504306083168,0.1,0.0,0.0,0.0,0,fixed_zero_iid,20000,20000,5000,5000,100,6,0.06,0.027786123963188192,0.1247681544589592,449004,449008,352,449360,124,1.4978666666666667,True,False,114514,"{""decode_failed"":94}",complete
figure1a-dense-20260716T160823Z-99bbe7a-08500ad51e5c,figure1a-reduced-v1,99bbe7ae42df1f4bfff92f48bcd78ac1e4e6abaf,dense,3,4,iid,3625,0.875,1.1884504306083168,0.1,0.0,0.0,0.0,0,fixed_zero_iid,20000,20000,5000,5000,100,8,0.08,0.041093461484380624,0.14998107700948735,449500,449504,352,449856,124,1.49952,True,False,114514,"{""decode_failed"":92}",complete
figure1a-dense-20260716T160823Z-99bbe7a-08500ad51e5c,figure1a-reduced-v1,99bbe7ae42df1f4bfff92f48bcd78ac1e4e6abaf,dense,3,4,iid,3629,0.875,1.1884504306083168,0.1,0.0,0.0,0.0,0,fixed_zero_iid,20000,20000,5000,5000,100,17,0.17,0.10893566114059931,0.25548004767601123,449996,450000,352,450352,124,1.5011733333333332,True,False,114514,"{""decode_failed"":83}",complete
figure1a-dense-20260716T160823Z-99bbe7a-08500ad51e5c,figure1a-reduced-v1,99bbe7ae42df1f4bfff92f48bcd78ac1e4e6abaf,dense,3,4,iid,3633,0.875,1.1884504306083168,0.1,0.0,0.0,0.0,0,fixed_zero_iid,20000,20000,5000,5000,100,20,0.2,0.1333669333310325,0.2888291655931589,450492,450496,352,450848,124,1.5028266666666668,True,False,114514,"{""decode_failed"":80}",complete
figure1a-dense-20260716T160823Z-99bbe7a-08500ad51e5c,figure1a-reduced-v1,99bbe7ae42df1f4bfff92f48bcd78ac1e4e6abaf,dense,3,4,iid,3637,0.875,1.1884504306083168,0.1,0.0,0.0,0.0,0,fixed_zero_iid,20000,20000,5000,5000,100,32,0.32,0.23669147324999093,0.41662618610452384,450988,450992,352,451344,124,1.50448,True,False,114514,"{""decode_failed"":68}",complete
figure1a-dense-20260716T160823Z-99bbe7a-08500ad51e5c,figure1a-reduced-v1,99bbe7ae42df1f4bfff92f48bcd78ac1e4e6abaf,dense,3,4,iid,3641,0.875,1.1884504306083168,0.1,0.0,0.0,0.0,0,fixed_zero_iid,20000,20000,5000,5000,100,25,0.25,0.17545211362287672,0.34304463548061603,451484,451488,352,451840,124,1.5061333333333333,True,False,114514,"{""decode_failed"":75}",complete
figure1a-dense-20260716T160823Z-99bbe7a-08500ad51e5c,figure1a-reduced-v1,99bbe7ae42df1f4bfff92f48bcd78ac1e4e6abaf,dense,3,4,iid,3645,0.875,1.1884504306083168,0.1,0.0,0.0,0.0,0,fixed_zero_iid,20000,20000,5000,5000,100,27,0.27,0.1926958414957634,0.36432116767944994,451980,451984,352,452336,124,1.5077866666666666,True,False,114514,"{""decode_failed"":73}",complete
figure1a-dense-20260716T160823Z-99bbe7a-08500ad51e5c,figure1a-reduced-v1,99bbe7ae42df1f4bfff92f48bcd78ac1e4e6abaf,dense,3,4,iid,3649,0.875,1.1884504306083168,0.1,0.0,0.0,0.0,0,fixed_zero_iid,20000,20000,5000,5000,100,45,0.45,0.3561453797951198,0.5475539700255787,452476,452480,352,452832,124,1.50944,True,False,114514,"{""decode_failed"":55}",complete
figure1a-dense-20260716T160823Z-99bbe7a-08500ad51e5c,figure1a-reduced-v1,99bbe7ae42df1f4bfff92f48bcd78ac1e4e6abaf,dense,3,4,iid,3653,0.875,1.1884504306083168,0.1,0.0,0.0,0.0,0,fixed_zero_iid,20000,20000,5000,5000,100,46,0.46,0.36560808309024106,0.5573513967663177,452972,452976,352,453328,124,1.5110933333333334,True,False,114514,"{""decode_failed"":54}",complete
figure1a-dense-20260716T160823Z-99bbe7a-08500ad51e5c,figure1a-reduced-v1,99bbe7ae42df1f4bfff92f48bcd78ac1e4e6abaf,dense,3,4,iid,3657,0.875,1.1884504306083168,0.1,0.0,0.0,0.0,0,fixed_zero_iid,20000,20000,5000,5000,100,60,0.6,0.5020025867910618,0.6905987135675411,453468,453472,352,453824,124,1.5127466666666667,True,False,114514,"{""decode_failed"":40}",complete
figure1a-dense-20260716T160823Z-99bbe7a-08500ad51e5c,figure1a-reduced-v1,99bbe7ae42df1f4bfff92f48bcd78ac1e4e6abaf,dense,3,4,iid,3661,0.875,1.1884504306083168,0.1,0.0,0.0,0.0,0,fixed_zero_iid,20000,20000,5000,5000,100,60,0.6,0.5020025867910618,0.6905987135675411,453964,453968,352,454320,124,1.5144,True,False,114514,"{""decode_failed"":40}",complete
figure1a-dense-20260716T160823Z-99bbe7a-08500ad51e5c,figure1a-reduced-v1,99bbe7ae42df1f4bfff92f48bcd78ac1e4e6abaf,dense,3,4,iid,3665,0.875,1.1884504306083168,0.1,0.0,0.0,0.0,0,fixed_zero_iid,20000,20000,5000,5000,100,70,0.7,0.6041514536665332,0.7810511470506724,454460,454464,352,454816,124,1.5160533333333333,True,False,114514,"{""decode_failed"":30}",complete
figure1a-dense-20260716T160823Z-99bbe7a-08500ad51e5c,figure1a-reduced-v1,99bbe7ae42df1f4bfff92f48bcd78ac1e4e6abaf,dense,3,4,iid,3669,0.875,1.1884504306083168,0.1,0.0,0.0,0.0,0,fixed_zero_iid,20000,20000,5000,5000,100,84,0.84,0.7557973061072976,0.8990471151119521,454956,454960,352,455312,124,1.5177066666666668,True,False,114514,"{""decode_failed"":16}",complete
figure1a-dense-20260716T160823Z-99bbe7a-08500ad51e5c,figure1a-reduced-v1,99bbe7ae42df1f4bfff92f48bcd78ac1e4e6abaf,dense,3,4,iid,3673,0.875,1.1884504306083168,0.1,0.0,0.0,0.0,0,fixed_zero_iid,20000,20000,5000,5000,100,83,0.83,0.7445199523239887,0.8910643388594006,455452,455456,352,455808,124,1.51936,True,False,114514,"{""decode_failed"":17}",complete
figure1a-dense-20260716T160823Z-99bbe7a-08500ad51e5c,figure1a-reduced-v1,99bbe7ae42df1f4bfff92f48bcd78ac1e4e6abaf,dense,3,4,iid,3677,0.875,1.1884504306083168,0.1,0.0,0.0,0.0,0,fixed_zero_iid,20000,20000,5000,5000,100,82,0.82,0.7333264161369926,0.8829977450105364,455948,455952,352,456304,124,1.5210133333333333,True,False,114514,"{""decode_failed"":18}",complete
figure1a-dense-20260716T160823Z-99bbe7a-08500ad51e5c,figure1a-reduced-v1,99bbe7ae42df1f4bfff92f48bcd78ac1e4e6abaf,dense,3,4,iid,3681,0.875,1.1884504306083168,0.1,0.0,0.0,0.0,0,fixed_zero_iid,20000,20000,5000,5000,100,94,0.94,0.8752318455410406,0.9722138760368118,456444,456448,352,456800,124,1.5226666666666666,True,False,114514,"{""decode_failed"":6}",complete
figure1a-dense-20260716T160823Z-99bbe7a-08500ad51e5c,figure1a-reduced-v1,99bbe7ae42df1f4bfff92f48bcd78ac1e4e6abaf,dense,3,4,iid,3685,0.875,1.1884504306083168,0.1,0.0,0.0,0.0,0,fixed_zero_iid,20000,20000,5000,5000,100,94,0.94,0.8752318455410406,0.9722138760368118,456940,456944,352,457296,124,1.52432,True,False,114514,"{""decode_failed"":6}",complete
figure1a-dense-20260716T160823Z-99bbe7a-08500ad51e5c,figure1a-reduced-v1,99bbe7ae42df1f4bfff92f48bcd78ac1e4e6abaf,dense,3,4,iid,3689,0.875,1.1884504306083168,0.1,0.0,0.0,0.0,0,fixed_zero_iid,20000,20000,5000,5000,100,93,0.93,0.8625048526092651,0.9656807389327273,457436,457440,352,457792,124,1.5259733333333334,True,False,114514,"{""decode_failed"":7}",complete
figure1a-dense-20260716T160823Z-99bbe7a-08500ad51e5c,figure1a-reduced-v1,99bbe7ae42df1f4bfff92f48bcd78ac1e4e6abaf,dense,3,4,iid,3693,0.875,1.1884504306083168,0.1,0.0,0.0,0.0,0,fixed_zero_iid,20000,20000,5000,5000,100,98,0.98,0.929988209271456,0.9944980324498376,457932,457936,352,458288,124,1.5276266666666667,True,False,114514,"{""decode_failed"":2}",complete
figure1a-dense-20260716T160823Z-99bbe7a-08500ad51e5c,figure1a-reduced-v1,99bbe7ae42df1f4bfff92f48bcd78ac1e4e6abaf,dense,3,4,iid,3697,0.875,1.1884504306083168,0.1,0.0,0.0,0.0,0,fixed_zero_iid,20000,20000,5000,5000,100,97,0.97,0.9154806357094724,0.9897454759759611,458428,458432,352,458784,124,1.52928,True,False,114514,"{""decode_failed"":3}",complete
figure1a-dense-20260716T160823Z-99bbe7a-08500ad51e5c,figure1a-reduced-v1,99bbe7ae42df1f4bfff92f48bcd78ac1e4e6abaf,dense,3,4,iid,3701,0.875,1.1884504306083168,0.1,0.0,0.0,0.0,0,fixed_zero_iid,20000,20000,5000,5000,100,100,1.0,0.9630065017930143,1.0,458924,458928,352,459280,124,1.5309333333333333,True,False,114514,{},complete
figure1a-dense-20260716T160823Z-99bbe7a-08500ad51e5c,figure1a-reduced-v1,99bbe7ae42df1f4bfff92f48bcd78ac1e4e6abaf,dense,3,4,iid,3705,0.875,1.1884504306083168,0.1,0.0,0.0,0.0,0,fixed_zero_iid,20000,20000,5000,5000,100,100,1.0,0.9630065017930143,1.0,459420,459424,352,459776,124,1.5325866666666668,True,False,114514,{},complete
figure1a-dense-20260716T160823Z-99bbe7a-08500ad51e5c,figure1a-reduced-v1,99bbe7ae42df1f4bfff92f48bcd78ac1e4e6abaf,dense,3,4,iid,3709,0.875,1.1884504306083168,0.1,0.0,0.0,0.0,0,fixed_zero_iid,20000,20000,5000,5000,100,99,0.99,0.9455138038212946,0.9982325679358593,459916,459920,352,460272,124,1.53424,True,False,114514,"{""decode_failed"":1}",complete
figure1a-dense-20260716T160823Z-99bbe7a-08500ad51e5c,figure1a-reduced-v1,99bbe7ae42df1f4bfff92f48bcd78ac1e4e6abaf,dense,3,4,naive,2987,0.875,1.1884504306083168,0.1,0.0,0.0,12.961469740723805,13,floor(z_raw+0.5),20000,20000,5000,5000,100,6,0.06,0.027786123963188192,0.1247681544589592,370388,370392,352,370744,124,1.2358133333333334,True,False,114514,"{""decode_failed"":94}",complete
figure1a-dense-20260716T160823Z-99bbe7a-08500ad51e5c,figure1a-reduced-v1,99bbe7ae42df1f4bfff92f48bcd78ac1e4e6abaf,dense,3,4,naive,2991,0.875,1.1884504306083168,0.1,0.0,0.0,12.967252884710668,13,floor(z_raw+0.5),20000,20000,5000,5000,100,2,0.02,0.00550196755016235,0.07001179072854388,370884,370888,352,371240,124,1.2374666666666667,True,False,114514,"{""decode_failed"":98}",complete
figure1a-dense-20260716T160823Z-99bbe7a-08500ad51e5c,figure1a-reduced-v1,99bbe7ae42df1f4bfff92f48bcd78ac1e4e6abaf,dense,3,4,naive,2995,0.875,1.1884504306083168,0.1,0.0,0.0,12.973030874952714,13,floor(z_raw+0.5),20000,20000,5000,5000,100,6,0.06,0.027786123963188192,0.1247681544589592,371380,371384,352,371736,124,1.23912,True,False,114514,"{""decode_failed"":94}",complete
figure1a-dense-20260716T160823Z-99bbe7a-08500ad51e5c,figure1a-reduced-v1,99bbe7ae42df1f4bfff92f48bcd78ac1e4e6abaf,dense,3,4,naive,2999,0.875,1.1884504306083168,0.1,0.0,0.0,12.978803722916732,13,floor(z_raw+0.5),20000,20000,5000,5000,100,3,0.03,0.010254524024038925,0.0845193642905276,371876,371880,352,372232,124,1.2407733333333333,True,False,114514,"{""decode_failed"":97}",complete
figure1a-dense-20260716T160823Z-99bbe7a-08500ad51e5c,figure1a-reduced-v1,99bbe7ae42df1f4bfff92f48bcd78ac1e4e6abaf,dense,3,4,naive,3003,0.875,1.1884504306083168,0.1,0.0,0.0,12.984571440028741,13,floor(z_raw+0.5),20000,20000,5000,5000,100,10,0.1,0.0552291370606751,0.17436566150491345,372372,372376,352,372728,124,1.2424266666666666,True,False,114514,"{""decode_failed"":90}",complete
figure1a-dense-20260716T160823Z-99bbe7a-08500ad51e5c,figure1a-reduced-v1,99bbe7ae42df1f4bfff92f48bcd78ac1e4e6abaf,dense,3,4,naive,3007,0.875,1.1884504306083168,0.1,0.0,0.0,12.990334037674199,13,floor(z_raw+0.5),20000,20000,5000,5000,100,8,0.08,0.041093461484380624,0.14998107700948735,372868,372872,352,373224,124,1.24408,True,False,114514,"{""decode_failed"":92}",complete
figure1a-dense-20260716T160823Z-99bbe7a-08500ad51e5c,figure1a-reduced-v1,99bbe7ae42df1f4bfff92f48bcd78ac1e4e6abaf,dense,3,4,naive,3011,0.875,1.1884504306083168,0.1,0.0,0.0,12.996091527198185,13,floor(z_raw+0.5),20000,20000,5000,5000,100,7,0.07,0.03431926106727268,0.137495147390735,373364,373368,352,373720,124,1.2457333333333334,True,False,114514,"{""decode_failed"":93}",complete
figure1a-dense-20260716T160823Z-99bbe7a-08500ad51e5c,figure1a-reduced-v1,99bbe7ae42df1f4bfff92f48bcd78ac1e4e6abaf,dense,3,4,naive,3015,0.875,1.1884504306083168,0.1,0.0,0.0,13.001843919905612,13,floor(z_raw+0.5),20000,20000,5000,5000,100,13,0.13,0.07757167427240512,0.20980351440076428,373860,373864,352,374216,124,1.2473866666666666,True,False,114514,"{""decode_failed"":87}",complete
figure1a-dense-20260716T160823Z-99bbe7a-08500ad51e5c,figure1a-reduced-v1,99bbe7ae42df1f4bfff92f48bcd78ac1e4e6abaf,dense,3,4,naive,3019,0.875,1.1884504306083168,0.1,0.0,0.0,13.007591227061415,13,floor(z_raw+0.5),20000,20000,5000,5000,100,12,0.12,0.06999406437019488,0.19812099426711421,374356,374360,352,374712,124,1.24904,True,False,114514,"{""decode_failed"":88}",complete
figure1a-dense-20260716T160823Z-99bbe7a-08500ad51e5c,figure1a-reduced-v1,99bbe7ae42df1f4bfff92f48bcd78ac1e4e6abaf,dense,3,4,naive,3023,0.875,1.1884504306083168,0.1,0.0,0.0,13.013333459890744,13,floor(z_raw+0.5),20000,20000,5000,5000,100,20,0.2,0.1333669333310325,0.2888291655931589,374852,374856,352,375208,124,1.2506933333333334,True,False,114514,"{""decode_failed"":80}",complete
figure1a-dense-20260716T160823Z-99bbe7a-08500ad51e5c,figure1a-reduced-v1,99bbe7ae42df1f4bfff92f48bcd78ac1e4e6abaf,dense,3,4,naive,3027,0.875,1.1884504306083168,0.1,0.0,0.0,13.019070629579158,13,floor(z_raw+0.5),20000,20000,5000,5000,100,20,0.2,0.1333669333310325,0.2888291655931589,375348,375352,352,375704,124,1.2523466666666667,True,False,114514,"{""decode_failed"":80}",complete
figure1a-dense-20260716T160823Z-99bbe7a-08500ad51e5c,figure1a-reduced-v1,99bbe7ae42df1f4bfff92f48bcd78ac1e4e6abaf,dense,3,4,naive,3031,0.875,1.1884504306083168,0.1,0.0,0.0,13.024802747272817,13,floor(z_raw+0.5),20000,20000,5000,5000,100,15,0.15,0.0930598528365663,0.23283559590832364,375844,375848,352,376200,124,1.254,True,False,114514,"{""decode_failed"":85}",complete
figure1a-dense-20260716T160823Z-99bbe7a-08500ad51e5c,figure1a-reduced-v1,99bbe7ae42df1f4bfff92f48bcd78ac1e4e6abaf,dense,3,4,naive,3035,0.875,1.1884504306083168,0.1,0.0,0.0,13.030529824078675,13,floor(z_raw+0.5),20000,20000,5000,5000,100,21,0.21,0.141656540619153,0.29979968834089865,376340,376344,352,376696,124,1.2556533333333333,True,False,114514,"{""decode_failed"":79}",complete
figure1a-dense-20260716T160823Z-99bbe7a-08500ad51e5c,figure1a-reduced-v1,99bbe7ae42df1f4bfff92f48bcd78ac1e4e6abaf,dense,3,4,naive,3039,0.875,1.1884504306083168,0.1,0.0,0.0,13.036251871064666,13,floor(z_raw+0.5),20000,20000,5000,5000,100,24,0.24,0.16691325556948772,0.33232336349814473,376836,376840,352,377192,124,1.2573066666666666,True,False,114514,"{""decode_failed"":76}",complete
figure1a-dense-20260716T160823Z-99bbe7a-08500ad51e5c,figure1a-reduced-v1,99bbe7ae42df1f4bfff92f48bcd78ac1e4e6abaf,dense,3,4,naive,3043,0.875,1.1884504306083168,0.1,0.0,0.0,13.041968899259889,13,floor(z_raw+0.5),20000,20000,5000,5000,100,23,0.23,0.15843265880303448,0.3215438302287378,377332,377336,352,377688,124,1.25896,True,False,114514,"{""decode_failed"":77}",complete
figure1a-dense-20260716T160823Z-99bbe7a-08500ad51e5c,figure1a-reduced-v1,99bbe7ae42df1f4bfff92f48bcd78ac1e4e6abaf,dense,3,4,naive,3047,0.875,1.1884504306083168,0.1,0.0,0.0,13.047680919654809,13,floor(z_raw+0.5),20000,20000,5000,5000,100,31,0.31,0.22779697212376038,0.40626055719489407,377828,377832,352,378184,124,1.2606133333333334,True,False,114514,"{""decode_failed"":69}",complete
figure1a-dense-20260716T160823Z-99bbe7a-08500ad51e5c,figure1a-reduced-v1,99bbe7ae42df1f4bfff92f48bcd78ac1e4e6abaf,dense,3,4,naive,3051,0.875,1.1884504306083168,0.1,0.0,0.0,13.053387943201425,13,floor(z_raw+0.5),20000,20000,5000,5000,100,24,0.24,0.16691325556948772,0.33232336349814473,378324,378328,352,378680,124,1.2622666666666666,True,False,114514,"{""decode_failed"":76}",complete
figure1a-dense-20260716T160823Z-99bbe7a-08500ad51e5c,figure1a-reduced-v1,99bbe7ae42df1f4bfff92f48bcd78ac1e4e6abaf,dense,3,4,naive,3055,0.875,1.1884504306083168,0.1,0.0,0.0,13.059089980813464,13,floor(z_raw+0.5),20000,20000,5000,5000,100,48,0.48,0.384645517580519,0.5768342223477603,378820,378824,352,379176,124,1.26392,True,False,114514,"{""decode_failed"":52}",complete
figure1a-dense-20260716T160823Z-99bbe7a-08500ad51e5c,figure1a-reduced-v1,99bbe7ae42df1f4bfff92f48bcd78ac1e4e6abaf,dense,3,4,naive,3059,0.875,1.1884504306083168,0.1,0.0,0.0,13.064787043366572,13,floor(z_raw+0.5),20000,20000,5000,5000,100,38,0.38,0.29097599252478734,0.47790244704488916,379316,379320,352,379672,124,1.2655733333333334,True,False,114514,"{""decode_failed"":62}",complete
figure1a-dense-20260716T160823Z-99bbe7a-08500ad51e5c,figure1a-reduced-v1,99bbe7ae42df1f4bfff92f48bcd78ac1e4e6abaf,dense,3,4,naive,3063,0.875,1.1884504306083168,0.1,0.0,0.0,13.070479141698476,13,floor(z_raw+0.5),20000,20000,5000,5000,100,46,0.46,0.36560808309024106,0.5573513967663177,379812,379816,352,380168,124,1.2672266666666667,True,False,114514,"{""decode_failed"":54}",complete
figure1a-dense-20260716T160823Z-99bbe7a-08500ad51e5c,figure1a-reduced-v1,99bbe7ae42df1f4bfff92f48bcd78ac1e4e6abaf,dense,3,4,naive,3067,0.875,1.1884504306083168,0.1,0.0,0.0,13.076166286609187,13,floor(z_raw+0.5),20000,20000,5000,5000,100,47,0.47,0.3751081795934127,0.5671114302990063,380308,380312,352,380664,124,1.26888,True,False,114514,"{""decode_failed"":53}",complete
figure1a-dense-20260716T160823Z-99bbe7a-08500ad51e5c,figure1a-reduced-v1,99bbe7ae42df1f4bfff92f48bcd78ac1e4e6abaf,dense,3,4,naive,3071,0.875,1.1884504306083168,0.1,0.0,0.0,13.08184848886117,13,floor(z_raw+0.5),20000,20000,5000,5000,100,53,0.53,0.4328885697009936,0.6248918204065872,380804,380808,352,381160,124,1.2705333333333333,True,False,114514,"{""decode_failed"":47}",complete
figure1a-dense-20260716T160823Z-99bbe7a-08500ad51e5c,figure1a-reduced-v1,99bbe7ae42df1f4bfff92f48bcd78ac1e4e6abaf,dense,3,4,naive,3075,0.875,1.1884504306083168,0.1,0.0,0.0,13.087525759179519,13,floor(z_raw+0.5),20000,20000,5000,5000,100,49,0.49,0.3942199893044113,0.5865198806597283,381300,381304,352,381656,124,1.2721866666666666,True,False,114514,"{""decode_failed"":51}",complete
figure1a-dense-20260716T160823Z-99bbe7a-08500ad51e5c,figure1a-reduced-v1,99bbe7ae42df1f4bfff92f48bcd78ac1e4e6abaf,dense,3,4,naive,3079,0.875,1.1884504306083168,0.1,0.0,0.0,13.093198108252144,13,floor(z_raw+0.5),20000,20000,5000,5000,100,59,0.59,0.4920143005341078,0.6813268697886348,381796,381800,352,382152,124,1.27384,True,False,114514,"{""decode_failed"":41}",complete
figure1a-dense-20260716T160823Z-99bbe7a-08500ad51e5c,figure1a-reduced-v1,99bbe7ae42df1f4bfff92f48bcd78ac1e4e6abaf,dense,3,4,naive,3083,0.875,1.1884504306083168,0.1,0.0,0.0,13.098865546729948,13,floor(z_raw+0.5),20000,20000,5000,5000,100,58,0.58,0.4820648670304296,0.6720161732564526,382292,382296,352,382648,124,1.2754933333333334,True,False,114514,"{""decode_failed"":42}",complete
figure1a-dense-20260716T160823Z-99bbe7a-08500ad51e5c,figure1a-reduced-v1,99bbe7ae42df1f4bfff92f48bcd78ac1e4e6abaf,dense,3,4,naive,3087,0.875,1.1884504306083168,0.1,0.0,0.0,13.104528085226994,13,floor(z_raw+0.5),20000,20000,5000,5000,100,65,0.65,0.5525444329688796,0.7363575175690247,382788,382792,352,383144,124,1.2771466666666667,True,False,114514,"{""decode_failed"":35}",complete
figure1a-dense-20260716T160823Z-99bbe7a-08500ad51e5c,figure1a-reduced-v1,99bbe7ae42df1f4bfff92f48bcd78ac1e4e6abaf,dense,3,4,naive,3091,0.875,1.1884504306083168,0.1,0.0,0.0,13.11018573432069,13,floor(z_raw+0.5),20000,20000,5000,5000,100,72,0.72,0.6251197129007884,0.7986031478881379,383284,383288,352,383640,124,1.2788,True,False,114514,"{""decode_failed"":28}",complete
figure1a-dense-20260716T160823Z-99bbe7a-08500ad51e5c,figure1a-reduced-v1,99bbe7ae42df1f4bfff92f48bcd78ac1e4e6abaf,dense,3,4,naive,3095,0.875,1.1884504306083168,0.1,0.0,0.0,13.11583850455195,13,floor(z_raw+0.5),20000,20000,5000,5000,100,68,0.68,0.5833738138954762,0.7633085267500092,383780,383784,352,384136,124,1.2804533333333334,True,False,114514,"{""decode_failed"":32}",complete
figure1a-dense-20260716T160823Z-99bbe7a-08500ad51e5c,figure1a-reduced-v1,99bbe7ae42df1f4bfff92f48bcd78ac1e4e6abaf,dense,3,4,naive,3099,0.875,1.1884504306083168,0.1,0.0,0.0,13.121486406425388,13,floor(z_raw+0.5),20000,20000,5000,5000,100,68,0.68,0.5833738138954762,0.7633085267500092,384276,384280,352,384632,124,1.2821066666666667,True,False,114514,"{""decode_failed"":32}",complete
figure1a-dense-20260716T160823Z-99bbe7a-08500ad51e5c,figure1a-reduced-v1,99bbe7ae42df1f4bfff92f48bcd78ac1e4e6abaf,dense,3,4,naive,3103,0.875,1.1884504306083168,0.1,0.0,0.0,13.127129450409468,13,floor(z_raw+0.5),20000,20000,5000,5000,100,76,0.76,0.6676766365018553,0.8330867444305122,384772,384776,352,385128,124,1.28376,True,False,114514,"{""decode_failed"":24}",complete
figure1a-dense-20260716T160823Z-99bbe7a-08500ad51e5c,figure1a-reduced-v1,99bbe7ae42df1f4bfff92f48bcd78ac1e4e6abaf,dense,3,4,naive,3107,0.875,1.1884504306083168,0.1,0.0,0.0,13.132767646936687,13,floor(z_raw+0.5),20000,20000,5000,5000,100,81,0.81,0.7222115462093562,0.8748524849023126,385268,385272,352,385624,124,1.2854133333333333,True,False,114514,"{""decode_failed"":19}",complete
figure1a-dense-20260716T160823Z-99bbe7a-08500ad51e5c,figure1a-reduced-v1,99bbe7ae42df1f4bfff92f48bcd78ac1e4e6abaf,dense,3,4,naive,3111,0.875,1.1884504306083168,0.1,0.0,0.0,13.138401006403736,13,floor(z_raw+0.5),20000,20000,5000,5000,100,81,0.81,0.7222115462093562,0.8748524849023126,385764,385768,352,386120,124,1.2870666666666666,True,False,114514,"{""decode_failed"":19}",complete
figure1a-dense-20260716T160823Z-99bbe7a-08500ad51e5c,figure1a-reduced-v1,99bbe7ae42df1f4bfff92f48bcd78ac1e4e6abaf,dense,3,4,naive,3115,0.875,1.1884504306083168,0.1,0.0,0.0,13.144029539171681,13,floor(z_raw+0.5),20000,20000,5000,5000,100,81,0.81,0.7222115462093562,0.8748524849023126,386260,386264,352,386616,124,1.28872,True,False,114514,"{""decode_failed"":19}",complete
figure1a-dense-20260716T160823Z-99bbe7a-08500ad51e5c,figure1a-reduced-v1,99bbe7ae42df1f4bfff92f48bcd78ac1e4e6abaf,dense,3,4,naive,3119,0.875,1.1884504306083168,0.1,0.0,0.0,13.149653255566125,13,floor(z_raw+0.5),20000,20000,5000,5000,100,81,0.81,0.7222115462093562,0.8748524849023126,386756,386760,352,387112,124,1.2903733333333334,True,False,114514,"{""decode_failed"":19}",complete
figure1a-dense-20260716T160823Z-99bbe7a-08500ad51e5c,figure1a-reduced-v1,99bbe7ae42df1f4bfff92f48bcd78ac1e4e6abaf,dense,3,4,naive,3123,0.875,1.1884504306083168,0.1,0.0,0.0,13.155272165877367,13,floor(z_raw+0.5),20000,20000,5000,5000,100,87,0.87,0.7901964855992357,0.9224283257275948,387252,387256,352,387608,124,1.2920266666666667,True,False,114514,"{""decode_failed"":13}",complete
figure1a-dense-20260716T160823Z-99bbe7a-08500ad51e5c,figure1a-reduced-v1,99bbe7ae42df1f4bfff92f48bcd78ac1e4e6abaf,dense,3,4,naive,3127,0.875,1.1884504306083168,0.1,0.0,0.0,13.160886280360577,13,floor(z_raw+0.5),20000,20000,5000,5000,100,85,0.85,0.7671644040916763,0.9069401471634337,387748,387752,352,388104,124,1.29368,True,False,114514,"{""decode_failed"":15}",complete
figure1a-dense-20260716T160823Z-99bbe7a-08500ad51e5c,figure1a-reduced-v1,99bbe7ae42df1f4bfff92f48bcd78ac1e4e6abaf,dense,3,4,naive,3131,0.875,1.1884504306083168,0.1,0.0,0.0,13.166495609235959,13,floor(z_raw+0.5),20000,20000,5000,5000,100,83,0.83,0.7445199523239887,0.8910643388594006,388244,388248,352,388600,124,1.2953333333333332,True,False,114514,"{""decode_failed"":17}",complete
figure1a-dense-20260716T160823Z-99bbe7a-08500ad51e5c,figure1a-reduced-v1,99bbe7ae42df1f4bfff92f48bcd78ac1e4e6abaf,dense,3,4,naive,3135,0.875,1.1884504306083168,0.1,0.0,0.0,13.172100162688912,13,floor(z_raw+0.5),20000,20000,5000,5000,100,94,0.94,0.8752318455410406,0.9722138760368118,388740,388744,352,389096,124,1.2969866666666667,True,False,114514,"{""decode_failed"":6}",complete
figure1a-dense-20260716T160823Z-99bbe7a-08500ad51e5c,figure1a-reduced-v1,99bbe7ae42df1f4bfff92f48bcd78ac1e4e6abaf,dense,3,4,naive,3139,0.875,1.1884504306083168,0.1,0.0,0.0,13.177699950870196,13,floor(z_raw+0.5),20000,20000,5000,5000,100,91,0.91,0.837737871472837,0.9519274599974348,389236,389240,352,389592,124,1.29864,True,False,114514,"{""decode_failed"":9}",complete
figure1a-dense-20260716T160823Z-99bbe7a-08500ad51e5c,figure1a-reduced-v1,99bbe7ae42df1f4bfff92f48bcd78ac1e4e6abaf,dense,3,4,naive,3143,0.875,1.1884504306083168,0.1,0.0,0.0,13.18329498389609,13,floor(z_raw+0.5),20000,20000,5000,5000,100,92,0.92,0.8500189229905127,0.9589065385156194,389732,389736,352,390088,124,1.3002933333333333,True,False,114514,"{""decode_failed"":8}",complete
figure1a-dense-20260716T160823Z-99bbe7a-08500ad51e5c,figure1a-reduced-v1,99bbe7ae42df1f4bfff92f48bcd78ac1e4e6abaf,dense,3,4,naive,3147,0.875,1.1884504306083168,0.1,0.0,0.0,13.18888527184856,13,floor(z_raw+0.5),20000,20000,5000,5000,100,90,0.9,0.8256343384950865,0.9447708629393249,390228,390232,352,390584,124,1.3019466666666666,True,False,114514,"{""decode_failed"":10}",complete
figure1a-dense-20260716T160823Z-99bbe7a-08500ad51e5c,figure1a-reduced-v1,99bbe7ae42df1f4bfff92f48bcd78ac1e4e6abaf,dense,3,4,naive,3151,0.875,1.1884504306083168,0.1,0.0,0.0,13.194470824775408,13,floor(z_raw+0.5),20000,20000,5000,5000,100,92,0.92,0.8500189229905127,0.9589065385156194,390724,390728,352,391080,124,1.3036,True,False,114514,"{""decode_failed"":8}",complete
figure1a-dense-20260716T160823Z-99bbe7a-08500ad51e5c,figure1a-reduced-v1,99bbe7ae42df1f4bfff92f48bcd78ac1e4e6abaf,dense,3,4,naive,3155,0.875,1.1884504306083168,0.1,0.0,0.0,13.200051652690439,13,floor(z_raw+0.5),20000,20000,5000,5000,100,95,0.95,0.8882495307680808,0.9784563208456319,391220,391224,352,391576,124,1.3052533333333334,True,False,114514,"{""decode_failed"":5}",complete
figure1a-dense-20260716T160823Z-99bbe7a-08500ad51e5c,figure1a-reduced-v1,99bbe7ae42df1f4bfff92f48bcd78ac1e4e6abaf,dense,3,4,naive,3159,0.875,1.1884504306083168,0.1,0.0,0.0,13.205627765573619,13,floor(z_raw+0.5),20000,20000,5000,5000,100,96,0.96,0.9016292856411208,0.9843366960084523,391716,391720,352,392072,124,1.3069066666666667,True,False,114514,"{""decode_failed"":4}",complete
figure1a-dense-20260716T160823Z-99bbe7a-08500ad51e5c,figure1a-reduced-v1,99bbe7ae42df1f4bfff92f48bcd78ac1e4e6abaf,dense,3,4,naive,3163,0.875,1.1884504306083168,0.1,0.0,0.0,13.211199173371227,13,floor(z_raw+0.5),20000,20000,5000,5000,100,94,0.94,0.8752318455410406,0.9722138760368118,392212,392216,352,392568,124,1.30856,True,False,114514,"{""decode_failed"":6}",complete
figure1a-dense-20260716T160823Z-99bbe7a-08500ad51e5c,figure1a-reduced-v1,99bbe7ae42df1f4bfff92f48bcd78ac1e4e6abaf,dense,3,4,naive,3167,0.875,1.1884504306083168,0.1,0.0,0.0,13.216765885996017,13,floor(z_raw+0.5),20000,20000,5000,5000,100,94,0.94,0.8752318455410406,0.9722138760368118,392708,392712,352,393064,124,1.3102133333333332,True,False,114514,"{""decode_failed"":6}",complete
figure1a-dense-20260716T160823Z-99bbe7a-08500ad51e5c,figure1a-reduced-v1,99bbe7ae42df1f4bfff92f48bcd78ac1e4e6abaf,dense,3,4,naive,3171,0.875,1.1884504306083168,0.1,0.0,0.0,13.222327913327366,13,floor(z_raw+0.5),20000,20000,5000,5000,100,95,0.95,0.8882495307680808,0.9784563208456319,393204,393208,352,393560,124,1.3118666666666667,True,False,114514,"{""decode_failed"":5}",complete
figure1a-dense-20260716T160823Z-99bbe7a-08500ad51e5c,figure1a-reduced-v1,99bbe7ae42df1f4bfff92f48bcd78ac1e4e6abaf,dense,3,4,circular,2854,0.875,1.1884504306083168,0.1,0.6012953590370393,0.6012953590370393,6.915570711272082,7,floor(z_raw+0.5),20000,20000,5000,5000,100,6,0.06,0.027786123963188192,0.1247681544589592,353896,353896,352,354248,124,1.1808266666666667,True,False,114514,"{""decode_failed"":94}",complete
figure1a-dense-20260716T160823Z-99bbe7a-08500ad51e5c,figure1a-reduced-v1,99bbe7ae42df1f4bfff92f48bcd78ac1e4e6abaf,dense,3,4,circular,2858,0.875,1.1884504306083168,0.1,0.6012953590370393,0.6012953590370393,6.918800023303998,7,floor(z_raw+0.5),20000,20000,5000,5000,100,8,0.08,0.041093461484380624,0.14998107700948735,354392,354392,352,354744,124,1.18248,True,False,114514,"{""decode_failed"":92}",complete
figure1a-dense-20260716T160823Z-99bbe7a-08500ad51e5c,figure1a-reduced-v1,99bbe7ae42df1f4bfff92f48bcd78ac1e4e6abaf,dense,3,4,circular,2862,0.875,1.1884504306083168,0.1,0.6012953590370393,0.6012953590370393,6.922026323619241,7,floor(z_raw+0.5),20000,20000,5000,5000,100,12,0.12,0.06999406437019488,0.19812099426711421,354888,354888,352,355240,124,1.1841333333333333,True,False,114514,"{""decode_failed"":88}",complete
figure1a-dense-20260716T160823Z-99bbe7a-08500ad51e5c,figure1a-reduced-v1,99bbe7ae42df1f4bfff92f48bcd78ac1e4e6abaf,dense,3,4,circular,2866,0.875,1.1884504306083168,0.1,0.6012953590370393,0.6012953590370393,6.9252496192299615,7,floor(z_raw+0.5),20000,20000,5000,5000,100,13,0.13,0.07757167427240512,0.20980351440076428,355384,355384,352,355736,124,1.1857866666666668,True,False,114514,"{""decode_failed"":87}",complete
figure1a-dense-20260716T160823Z-99bbe7a-08500ad51e5c,figure1a-reduced-v1,99bbe7ae42df1f4bfff92f48bcd78ac1e4e6abaf,dense,3,4,circular,2870,0.875,1.1884504306083168,0.1,0.6012953590370393,0.6012953590370393,6.928469917122222,7,floor(z_raw+0.5),20000,20000,5000,5000,100,15,0.15,0.0930598528365663,0.23283559590832364,355880,355880,352,356232,124,1.18744,True,False,114514,"{""decode_failed"":85}",complete
figure1a-dense-20260716T160823Z-99bbe7a-08500ad51e5c,figure1a-reduced-v1,99bbe7ae42df1f4bfff92f48bcd78ac1e4e6abaf,dense,3,4,circular,2874,0.875,1.1884504306083168,0.1,0.6012953590370393,0.6012953590370393,6.931687224256137,7,floor(z_raw+0.5),20000,20000,5000,5000,100,24,0.24,0.16691325556948772,0.33232336349814473,356376,356376,352,356728,124,1.1890933333333333,True,False,114514,"{""decode_failed"":76}",complete
figure1a-dense-20260716T160823Z-99bbe7a-08500ad51e5c,figure1a-reduced-v1,99bbe7ae42df1f4bfff92f48bcd78ac1e4e6abaf,dense,3,4,circular,2878,0.875,1.1884504306083168,0.1,0.6012953590370393,0.6012953590370393,6.934901547565996,7,floor(z_raw+0.5),20000,20000,5000,5000,100,29,0.29,0.2101483574912227,0.3853889117557111,356872,356872,352,357224,124,1.1907466666666666,True,False,114514,"{""decode_failed"":71}",complete
figure1a-dense-20260716T160823Z-99bbe7a-08500ad51e5c,figure1a-reduced-v1,99bbe7ae42df1f4bfff92f48bcd78ac1e4e6abaf,dense,3,4,circular,2882,0.875,1.1884504306083168,0.1,0.6012953590370393,0.6012953590370393,6.938112893960404,7,floor(z_raw+0.5),20000,20000,5000,5000,100,24,0.24,0.16691325556948772,0.33232336349814473,357368,357368,352,357720,124,1.1924,True,False,114514,"{""decode_failed"":76}",complete
figure1a-dense-20260716T160823Z-99bbe7a-08500ad51e5c,figure1a-reduced-v1,99bbe7ae42df1f4bfff92f48bcd78ac1e4e6abaf,dense,3,4,circular,2886,0.875,1.1884504306083168,0.1,0.6012953590370393,0.6012953590370393,6.941321270322405,7,floor(z_raw+0.5),20000,20000,5000,5000,100,33,0.33,0.24563122734128034,0.4269465620490947,357864,357864,352,358216,124,1.1940533333333334,True,False,114514,"{""decode_failed"":67}",complete
figure1a-dense-20260716T160823Z-99bbe7a-08500ad51e5c,figure1a-reduced-v1,99bbe7ae42df1f4bfff92f48bcd78ac1e4e6abaf,dense,3,4,circular,2890,0.875,1.1884504306083168,0.1,0.6012953590370393,0.6012953590370393,6.944526683509616,7,floor(z_raw+0.5),20000,20000,5000,5000,100,39,0.39,0.3001687400639441,0.4879698295415926,358360,358360,352,358712,124,1.1957066666666667,True,False,114514,"{""decode_failed"":61}",complete
figure1a-dense-20260716T160823Z-99bbe7a-08500ad51e5c,figure1a-reduced-v1,99bbe7ae42df1f4bfff92f48bcd78ac1e4e6abaf,dense,3,4,circular,2894,0.875,1.1884504306083168,0.1,0.6012953590370393,0.6012953590370393,6.947729140354357,7,floor(z_raw+0.5),20000,20000,5000,5000,100,39,0.39,0.3001687400639441,0.4879698295415926,358856,358856,352,359208,124,1.19736,True,False,114514,"{""decode_failed"":61}",complete
figure1a-dense-20260716T160823Z-99bbe7a-08500ad51e5c,figure1a-reduced-v1,99bbe7ae42df1f4bfff92f48bcd78ac1e4e6abaf,dense,3,4,circular,2898,0.875,1.1884504306083168,0.1,0.6012953590370393,0.6012953590370393,6.950928647663775,7,floor(z_raw+0.5),20000,20000,5000,5000,100,44,0.44,0.34672026630160796,0.5377189534832302,359352,359352,352,359704,124,1.1990133333333333,True,False,114514,"{""decode_failed"":56}",complete
figure1a-dense-20260716T160823Z-99bbe7a-08500ad51e5c,figure1a-reduced-v1,99bbe7ae42df1f4bfff92f48bcd78ac1e4e6abaf,dense,3,4,circular,2902,0.875,1.1884504306083168,0.1,0.6012953590370393,0.6012953590370393,6.9541252122199735,7,floor(z_raw+0.5),20000,20000,5000,5000,100,50,0.5,0.4038315303659956,0.5961684696340044,359848,359848,352,360200,124,1.2006666666666668,True,False,114514,"{""decode_failed"":50}",complete
figure1a-dense-20260716T160823Z-99bbe7a-08500ad51e5c,figure1a-reduced-v1,99bbe7ae42df1f4bfff92f48bcd78ac1e4e6abaf,dense,3,4,circular,2906,0.875,1.1884504306083168,0.1,0.6012953590370393,0.6012953590370393,6.95731884078014,7,floor(z_raw+0.5),20000,20000,5000,5000,100,54,0.54,0.44264860323368227,0.6343919169097589,360344,360344,352,360696,124,1.20232,True,False,114514,"{""decode_failed"":46}",complete
figure1a-dense-20260716T160823Z-99bbe7a-08500ad51e5c,figure1a-reduced-v1,99bbe7ae42df1f4bfff92f48bcd78ac1e4e6abaf,dense,3,4,circular,2910,0.875,1.1884504306083168,0.1,0.6012953590370393,0.6012953590370393,6.960509540076669,7,floor(z_raw+0.5),20000,20000,5000,5000,100,57,0.57,0.47215389549212305,0.6626670147588988,360840,360840,352,361192,124,1.2039733333333333,True,False,114514,"{""decode_failed"":43}",complete
figure1a-dense-20260716T160823Z-99bbe7a-08500ad51e5c,figure1a-reduced-v1,99bbe7ae42df1f4bfff92f48bcd78ac1e4e6abaf,dense,3,4,circular,2914,0.875,1.1884504306083168,0.1,0.6012953590370393,0.6012953590370393,6.9636973168172895,7,floor(z_raw+0.5),20000,20000,5000,5000,100,60,0.6,0.5020025867910618,0.6905987135675411,361336,361336,352,361688,124,1.2056266666666666,True,False,114514,"{""decode_failed"":40}",complete
figure1a-dense-20260716T160823Z-99bbe7a-08500ad51e5c,figure1a-reduced-v1,99bbe7ae42df1f4bfff92f48bcd78ac1e4e6abaf,dense,3,4,circular,2918,0.875,1.1884504306083168,0.1,0.6012953590370393,0.6012953590370393,6.96688217768519,7,floor(z_raw+0.5),20000,20000,5000,5000,100,60,0.6,0.5020025867910618,0.6905987135675411,361832,361832,352,362184,124,1.20728,True,False,114514,"{""decode_failed"":40}",complete
figure1a-dense-20260716T160823Z-99bbe7a-08500ad51e5c,figure1a-reduced-v1,99bbe7ae42df1f4bfff92f48bcd78ac1e4e6abaf,dense,3,4,circular,2922,0.875,1.1884504306083168,0.1,0.6012953590370393,0.6012953590370393,6.970064129339137,7,floor(z_raw+0.5),20000,20000,5000,5000,100,58,0.58,0.4820648670304296,0.6720161732564526,362328,362328,352,362680,124,1.2089333333333334,True,False,114514,"{""decode_failed"":42}",complete
figure1a-dense-20260716T160823Z-99bbe7a-08500ad51e5c,figure1a-reduced-v1,99bbe7ae42df1f4bfff92f48bcd78ac1e4e6abaf,dense,3,4,circular,2926,0.875,1.1884504306083168,0.1,0.6012953590370393,0.6012953590370393,6.9732431784136,7,floor(z_raw+0.5),20000,20000,5000,5000,100,67,0.67,0.5730534379509052,0.7543687726587197,362824,362824,352,363176,124,1.2105866666666667,True,False,114514,"{""decode_failed"":33}",complete
figure1a-dense-20260716T160823Z-99bbe7a-08500ad51e5c,figure1a-reduced-v1,99bbe7ae42df1f4bfff92f48bcd78ac1e4e6abaf,dense,3,4,circular,2930,0.875,1.1884504306083168,0.1,0.6012953590370393,0.6012953590370393,6.976419331518878,7,floor(z_raw+0.5),20000,20000,5000,5000,100,65,0.65,0.5525444329688796,0.7363575175690247,363320,363320,352,363672,124,1.21224,True,False,114514,"{""decode_failed"":35}",complete
figure1a-dense-20260716T160823Z-99bbe7a-08500ad51e5c,figure1a-reduced-v1,99bbe7ae42df1f4bfff92f48bcd78ac1e4e6abaf,dense,3,4,circular,2934,0.875,1.1884504306083168,0.1,0.6012953590370393,0.6012953590370393,6.979592595241213,7,floor(z_raw+0.5),20000,20000,5000,5000,100,75,0.75,0.656955364519384,0.8245478863771232,363816,363816,352,364168,124,1.2138933333333333,True,False,114514,"{""decode_failed"":25}",complete
figure1a-dense-20260716T160823Z-99bbe7a-08500ad51e5c,figure1a-reduced-v1,99bbe7ae42df1f4bfff92f48bcd78ac1e4e6abaf,dense,3,4,circular,2938,0.875,1.1884504306083168,0.1,0.6012953590370393,0.6012953590370393,6.9827629761429115,7,floor(z_raw+0.5),20000,20000,5000,5000,100,81,0.81,0.7222115462093562,0.8748524849023126,364312,364312,352,364664,124,1.2155466666666668,True,False,114514,"{""decode_failed"":19}",complete
figure1a-dense-20260716T160823Z-99bbe7a-08500ad51e5c,figure1a-reduced-v1,99bbe7ae42df1f4bfff92f48bcd78ac1e4e6abaf,dense,3,4,circular,2942,0.875,1.1884504306083168,0.1,0.6012953590370393,0.6012953590370393,6.98593048076247,7,floor(z_raw+0.5),20000,20000,5000,5000,100,82,0.82,0.7333264161369926,0.8829977450105364,364808,364808,352,365160,124,1.2172,True,False,114514,"{""decode_failed"":18}",complete
figure1a-dense-20260716T160823Z-99bbe7a-08500ad51e5c,figure1a-reduced-v1,99bbe7ae42df1f4bfff92f48bcd78ac1e4e6abaf,dense,3,4,circular,2946,0.875,1.1884504306083168,0.1,0.6012953590370393,0.6012953590370393,6.9890951156146865,7,floor(z_raw+0.5),20000,20000,5000,5000,100,79,0.79,0.7002003116591013,0.858343459380847,365304,365304,352,365656,124,1.2188533333333333,True,False,114514,"{""decode_failed"":21}",complete
figure1a-dense-20260716T160823Z-99bbe7a-08500ad51e5c,figure1a-reduced-v1,99bbe7ae42df1f4bfff92f48bcd78ac1e4e6abaf,dense,3,4,circular,2950,0.875,1.1884504306083168,0.1,0.6012953590370393,0.6012953590370393,6.992256887190783,7,floor(z_raw+0.5),20000,20000,5000,5000,100,86,0.86,0.7786281178903616,0.9147365634006086,365800,365800,352,366152,124,1.2205066666666666,True,False,114514,"{""decode_failed"":14}",complete
figure1a-dense-20260716T160823Z-99bbe7a-08500ad51e5c,figure1a-reduced-v1,99bbe7ae42df1f4bfff92f48bcd78ac1e4e6abaf,dense,3,4,circular,2954,0.875,1.1884504306083168,0.1,0.6012953590370393,0.6012953590370393,6.9954158019585195,7,floor(z_raw+0.5),20000,20000,5000,5000,100,72,0.72,0.6251197129007884,0.7986031478881379,366296,366296,352,366648,124,1.22216,True,False,114514,"{""decode_failed"":28}",complete
figure1a-dense-20260716T160823Z-99bbe7a-08500ad51e5c,figure1a-reduced-v1,99bbe7ae42df1f4bfff92f48bcd78ac1e4e6abaf,dense,3,4,circular,2958,0.875,1.1884504306083168,0.1,0.6012953590370393,0.6012953590370393,6.998571866362313,7,floor(z_raw+0.5),20000,20000,5000,5000,100,87,0.87,0.7901964855992357,0.9224283257275948,366792,366792,352,367144,124,1.2238133333333334,True,False,114514,"{""decode_failed"":13}",complete
figure1a-dense-20260716T160823Z-99bbe7a-08500ad51e5c,figure1a-reduced-v1,99bbe7ae42df1f4bfff92f48bcd78ac1e4e6abaf,dense,3,4,circular,2962,0.875,1.1884504306083168,0.1,0.6012953590370393,0.6012953590370393,7.001725086823352,7,floor(z_raw+0.5),20000,20000,5000,5000,100,81,0.81,0.7222115462093562,0.8748524849023126,367288,367288,352,367640,124,1.2254666666666667,True,False,114514,"{""decode_failed"":19}",complete
figure1a-dense-20260716T160823Z-99bbe7a-08500ad51e5c,figure1a-reduced-v1,99bbe7ae42df1f4bfff92f48bcd78ac1e4e6abaf,dense,3,4,circular,2966,0.875,1.1884504306083168,0.1,0.6012953590370393,0.6012953590370393,7.00487546973971,7,floor(z_raw+0.5),20000,20000,5000,5000,100,82,0.82,0.7333264161369926,0.8829977450105364,367784,367784,352,368136,124,1.22712,True,False,114514,"{""decode_failed"":18}",complete
figure1a-dense-20260716T160823Z-99bbe7a-08500ad51e5c,figure1a-reduced-v1,99bbe7ae42df1f4bfff92f48bcd78ac1e4e6abaf,dense,3,4,circular,2970,0.875,1.1884504306083168,0.1,0.6012953590370393,0.6012953590370393,7.008023021486466,7,floor(z_raw+0.5),20000,20000,5000,5000,100,86,0.86,0.7786281178903616,0.9147365634006086,368280,368280,352,368632,124,1.2287733333333333,True,False,114514,"{""decode_failed"":14}",complete
figure1a-dense-20260716T160823Z-99bbe7a-08500ad51e5c,figure1a-reduced-v1,99bbe7ae42df1f4bfff92f48bcd78ac1e4e6abaf,dense,3,4,circular,2974,0.875,1.1884504306083168,0.1,0.6012953590370393,0.6012953590370393,7.011167748415806,7,floor(z_raw+0.5),20000,20000,5000,5000,100,94,0.94,0.8752318455410406,0.9722138760368118,368776,368776,352,369128,124,1.2304266666666666,True,False,114514,"{""decode_failed"":6}",complete
figure1a-dense-20260716T160823Z-99bbe7a-08500ad51e5c,figure1a-reduced-v1,99bbe7ae42df1f4bfff92f48bcd78ac1e4e6abaf,dense,3,4,circular,2978,0.875,1.1884504306083168,0.1,0.6012953590370393,0.6012953590370393,7.01430965685715,7,floor(z_raw+0.5),20000,20000,5000,5000,100,93,0.93,0.8625048526092651,0.9656807389327273,369272,369272,352,369624,124,1.23208,True,False,114514,"{""decode_failed"":7}",complete
figure1a-dense-20260716T160823Z-99bbe7a-08500ad51e5c,figure1a-reduced-v1,99bbe7ae42df1f4bfff92f48bcd78ac1e4e6abaf,dense,3,4,circular,2982,0.875,1.1884504306083168,0.1,0.6012953590370393,0.6012953590370393,7.017448753117254,7,floor(z_raw+0.5),20000,20000,5000,5000,100,88,0.88,0.8018790057328857,0.9300059356298052,369768,369768,352,370120,124,1.2337333333333333,True,False,114514,"{""decode_failed"":12}",complete
figure1a-dense-20260716T160823Z-99bbe7a-08500ad51e5c,figure1a-reduced-v1,99bbe7ae42df1f4bfff92f48bcd78ac1e4e6abaf,dense,3,4,circular,2986,0.875,1.1884504306083168,0.1,0.6012953590370393,0.6012953590370393,7.020585043480325,7,floor(z_raw+0.5),20000,20000,5000,5000,100,95,0.95,0.8882495307680808,0.9784563208456319,370264,370264,352,370616,124,1.2353866666666666,True,False,114514,"{""decode_failed"":5}",complete
figure1a-dense-20260716T160823Z-99bbe7a-08500ad51e5c,figure1a-reduced-v1,99bbe7ae42df1f4bfff92f48bcd78ac1e4e6abaf,dense,3,4,circular,2990,0.875,1.1884504306083168,0.1,0.6012953590370393,0.6012953590370393,7.023718534208132,7,floor(z_raw+0.5),20000,20000,5000,5000,100,97,0.97,0.9154806357094724,0.9897454759759611,370760,370760,352,371112,124,1.23704,True,False,114514,"{""decode_failed"":3}",complete
