accounting_exact,ack_bytes,alice_generate_cpu_s,alice_ingest_cpu_s,bob_ingest_cpu_s,bob_receive_cpu_s,bytes,cohort,config_id,count_bytes,counts_identical,d,dataset_sha256,hash_bits,kind,mean_count_bytes,metadata_bytes,padding_bits,ratio,repetition,status,symbol_bits,symbols,symbols_per_d,total_cpu_s,trial,truth_verified,wall_s,wire_decode_cpu_s,wire_encode_cpu_s,wire_sha256
True,1,17.16309622000002,2.263711153,1.735238368,17.121643114999966,2366,evaluation_epoch0,efc0a6e053db228278bc56e56b0af6d016d46751f2272dd64cf247812024046d,327,True,100,66292e257a4ae5c944cad2e8c75252f7be6df464b93dd611300c1f25437e3b54,10752,communication,1.9464285714285714,22,336,6.309333333333333,0,success,5040,168,1.68,38.284525756,0,True,38.376648331,6.288199999548993e-05,7.515399996371741e-05,89c65be5386b0e8942bebb67035eb0d4a4da08143a365b2d18e62d1c7c2367f2
True,1,15.618179047000012,1.5452623080000003,1.955495661,15.312786138999972,1940,evaluation_epoch0,efc0a6e053db228278bc56e56b0af6d016d46751f2272dd64cf247812024046d,273,True,100,b674bea314c4752164af2819264482cdc86b342247d20f01ce4659895f46abe5,8768,communication,1.9927007299270072,22,274,5.173333333333333,0,success,4110,137,1.37,34.432352975,1,True,34.714505968,5.273900001512288e-05,5.658099997418731e-05,d38b394cf3a7dfcd2f7291dd245d199715864da081d40983cf5b345a5ad83032
True,1,16.275768254999925,2.0441250739999997,1.7806404320000002,16.293262188,2185,evaluation_epoch0,efc0a6e053db228278bc56e56b0af6d016d46751f2272dd64cf247812024046d,302,True,100,411c5758e877113a1c7cb1ec19beaa36e8967a6957a89d94597f009c9b4c1964,9920,communication,1.9483870967741936,22,310,5.826666666666667,0,success,4650,155,1.55,36.394527308,2,True,36.463793495,6.0691000009605034e-05,6.438999998970019e-05,e9b53ef3e10a0c74db19c5a715162022a758337eb73ab6b07a2006b6ee125e99
True,1,15.73988390500001,2.1961922979999997,1.766025183,15.681301272000002,2016,evaluation_epoch0,efc0a6e053db228278bc56e56b0af6d016d46751f2272dd64cf247812024046d,277,True,100,598da285bd1a9e91ef5a568eeee1327d680feb2c60d4d2c6fa30eb1b5a1841a4,9152,communication,1.937062937062937,22,286,5.376,0,success,4290,143,1.43,35.384031422999996,3,True,35.461218654,5.0720999966280544e-05,6.163599999808866e-05,9f8279300f98d712bca029b41b33b1d92005f6f4dc5529e478253007cbbb462d
True,1,15.828957292000002,1.8710392699999998,1.825033162,15.78268640399998,2004,evaluation_epoch0,efc0a6e053db228278bc56e56b0af6d016d46751f2272dd64cf247812024046d,277,True,100,1ab3ce0ada28a8bb89dc0f86cf408d2e06a866fad08c7ba70bf7f6374b58f52d,9088,communication,1.9507042253521127,22,284,5.344,0,success,4260,142,1.42,35.308365081000005,4,True,35.369805152,5.3339999969814755e-05,5.761299999829106e-05,4244d65859768496a88639241581a627b026a547c63b3ebb46a4bae2a420f8c9
True,1,15.894901801000026,2.112862704,1.7334908959999997,15.880601493999993,2060,evaluation_epoch0,efc0a6e053db228278bc56e56b0af6d016d46751f2272dd64cf247812024046d,285,True,100,86579d838d272092dc29f8b1a6b102ca73cf2523f51ffa28ed726f08a0db7b5c,9344,communication,1.952054794520548,22,292,5.493333333333333,0,success,4380,146,1.46,35.622539,5,True,35.694263422,5.453999996163361e-05,6.0202999984326766e-05,9f8ecda18b049b1550517858b66f4092c28993ae5de3b07081d384d91d697fd4
True,1,15.89076414699999,2.048064007,1.7475190759999997,15.941099045999984,2087,evaluation_epoch0,efc0a6e053db228278bc56e56b0af6d016d46751f2272dd64cf247812024046d,288,True,100,62b386e2a25237af5b49c4e81019d194c0fd0bf0978812157251f52d654527d5,9472,communication,1.945945945945946,22,296,5.565333333333333,0,success,4440,148,1.48,35.62810493,6,True,35.700614976,5.51300000157795e-05,5.9944000016187715e-05,7dc63a7321bc008d8167eb7e8a2a2cd8ba4b14dc09d9d1ba519724f6c1960610
True,1,15.860403824000016,2.23118385,1.7099556559999995,15.854927010999997,2102,evaluation_epoch0,efc0a6e053db228278bc56e56b0af6d016d46751f2272dd64cf247812024046d,291,True,100,66c375a71e5bcebf60ca2be618c334348a75e0b536f1e64b877f2608dccf56ef,9536,communication,1.9530201342281879,22,298,5.605333333333333,0,success,4470,149,1.49,35.657141547,7,True,35.722363525,5.614200001424763e-05,6.061199997109412e-05,8847c78fcf32f7d246213f7e42cdc73a33d1f1fff202d40a7e03d7b633b2ec68
True,1,15.941501141000016,1.102763644,0.978037168,16.10287840599998,2018,evaluation_epoch0,efc0a6e053db228278bc56e56b0af6d016d46751f2272dd64cf247812024046d,279,True,100,e779a81bb3e7d8652e15f1ab2cd813d72050624d51300c5159af22bc1071aaa5,9152,communication,1.951048951048951,22,286,5.381333333333333,0,success,4290,143,1.43,34.125897035,8,True,34.191179909,5.5179999966181725e-05,5.747000000688729e-05,de3ddb99dfc7f3bb6a102d38d6f0f00b0c897dc450a1400eac0bd766b2305b5a
True,1,15.555780047000006,1.160508325,1.2572545149999999,15.455530146999973,1954,evaluation_epoch0,efc0a6e053db228278bc56e56b0af6d016d46751f2272dd64cf247812024046d,275,True,100,2cbdcd29b1fc2b28bfdec6a14d0e87b00e89fd1ec4da863b0c53ddee40c5aedd,8832,communication,1.9927536231884058,22,276,5.210666666666667,0,success,4140,138,1.38,33.429748529,9,True,33.682771662,5.104699998437212e-05,7.379499997339778e-05,fbee69f39a4c43851b1b0d9cba3b41bc80735ab042713286dc39bb0c2f623d48
True,1,16.389802642999992,1.5449912769999998,1.0698823149999996,16.313497251999976,2157,evaluation_epoch0,efc0a6e053db228278bc56e56b0af6d016d46751f2272dd64cf247812024046d,298,True,100,c0217f592a337d19127534eb1a6238c3b266dc8a0192af704b837a9d7116e7ed,9792,communication,1.9477124183006536,22,306,5.752,0,success,4590,153,1.53,35.318932474,10,True,35.366220348,5.798399995260439e-05,7.902500001755186e-05,02aa4f8769bb6cb157af65d79f7b1c3a421d11c47745efa31d2edb84b8e94a02
True,1,16.28049064699996,1.474620801,1.3582962899999997,16.20716491199996,2146,evaluation_epoch0,efc0a6e053db228278bc56e56b0af6d016d46751f2272dd64cf247812024046d,299,True,100,ea3304c46b0bd854f07e25a9f86b527874d99619965d18e62f234f99864a37b4,9728,communication,1.9671052631578947,22,304,5.722666666666667,0,success,4560,152,1.52,35.321319584,11,True,35.369836981,5.596099999838344e-05,6.28049999775726e-05,41c7d80c0d8cbb37a7e087c4fea8430bccbc1eb6d0a0ede075ad5da78cdc9a85
True,1,15.151110163000002,1.3216517570000001,1.37568397,15.163991228,1823,evaluation_epoch0,efc0a6e053db228278bc56e56b0af6d016d46751f2272dd64cf247812024046d,252,True,100,a997508a950e08fb67d8c3135a052fe945d0bd7768f367a0d8e7272201fbac3a,8256,communication,1.9534883720930232,22,258,4.8613333333333335,0,success,3870,129,1.29,33.013019166,12,True,33.0572806,4.7414999992057005e-05,4.901400001866563e-05,3e28f89b293cc386e9f3b3c3cdcd1e98a4867b29b597f281424ac49877ac1d4b
True,1,15.764903831000012,1.526273004,1.254695634,15.652073900999985,1983,evaluation_epoch0,efc0a6e053db228278bc56e56b0af6d016d46751f2272dd64cf247812024046d,268,True,100,6e5db0b683724a6a4a7887f7657e8758f917b65e1d78514aa054c8a0bc8e18e8,9024,communication,1.900709219858156,22,282,5.288,0,success,4230,141,1.41,34.198615117,13,True,34.243423883,5.501199999713435e-05,6.90360000179524e-05,6d3158009cbc379403f87af182ebd3a6164637fb1c199b8dfdae5d28876a1bc1
True,1,15.917310388999983,1.5662445799999998,1.196033818,15.87093282099999,2048,evaluation_epoch0,efc0a6e053db228278bc56e56b0af6d016d46751f2272dd64cf247812024046d,285,True,100,b7347d0550879967d08343c815c20c90f6021b6476ca4e8b65b92f03bc7c1bec,9280,communication,1.9655172413793103,22,290,5.461333333333333,0,success,4350,145,1.45,34.551206663,14,True,34.599340827,7.160100000103142e-05,6.774000003595404e-05,f455e5e94077b070fad1601ea14897201a52b344e59ff18fba095c2ec06c3e39
True,1,16.41378175599999,1.5638048649999998,1.1724180270000004,16.352319664000014,2197,evaluation_epoch0,efc0a6e053db228278bc56e56b0af6d016d46751f2272dd64cf247812024046d,302,True,100,810d3ef3c5ba3250ea4f28fdb352734cda264a3d434da2f042bee0865dc33e14,9984,communication,1.935897435897436,22,312,5.858666666666666,0,success,4680,156,1.56,35.5030664,15,True,35.549881424,6.182599998716398e-05,6.212000001593054e-05,d57c1f082e3057884c9db45aa255dfca4193c5abea6122ee50203e4858925092
True,1,16.287424133999984,1.06566479,0.9971160050000001,16.212229614999984,2154,evaluation_epoch0,efc0a6e053db228278bc56e56b0af6d016d46751f2272dd64cf247812024046d,295,True,100,24fe05f833f6bab5e165569125dff4060363668d603f4a37472ee65526e3171a,9792,communication,1.9281045751633987,22,306,5.744,0,success,4590,153,1.53,34.563239767,16,True,34.624565225,5.723199999341233e-05,6.48940000242959e-05,4869d98ec38b8caffb9fbe5a4fb959b8d5a7fc0755c5da7efefdef82e75b9018
True,1,15.510802961000007,1.2507262909999999,1.0851122069999999,15.558698435999991,2086,evaluation_epoch0,efc0a6e053db228278bc56e56b0af6d016d46751f2272dd64cf247812024046d,287,True,100,281c60d4ad4286e68ced63b98381ca1755f4d1aa31da67328a504d358e154c31,9472,communication,1.9391891891891893,22,296,5.562666666666667,0,success,4440,148,1.48,33.406016155,17,True,33.661479633,5.5512999978191147e-05,5.759400001048576e-05,eab1ba1994a355920044bc00c4d637a526b54ff466def81b01db409b862fac34
True,1,15.418900934000018,1.2254277089999999,0.9909963709999998,15.535835368999996,1981,evaluation_epoch0,efc0a6e053db228278bc56e56b0af6d016d46751f2272dd64cf247812024046d,278,True,100,516c1620f0e585aede8761b61aa02687c6ea3019ad77ee3c58f05b89b3ba040c,8960,communication,1.9857142857142858,22,280,5.282666666666667,0,success,4200,140,1.4,33.17179876,18,True,33.210191893,5.595800000612883e-05,6.301599997371454e-05,5e3dc56f420cf3a78a115ee639cda23c435bef52f6943776be98a309652be435
True,1,15.862379583999997,1.235707691,1.006491821,15.918625783999985,2134,evaluation_epoch0,efc0a6e053db228278bc56e56b0af6d016d46751f2272dd64cf247812024046d,299,True,100,0e48bf344310f815477d3f4c1984a5ab72eb25355371fcfeb0697455f1e15fbb,9664,communication,1.9801324503311257,22,302,5.690666666666667,0,success,4530,151,1.51,34.023905848999995,19,True,34.065595677,5.602199999099611e-05,5.876300001395052e-05,2a19c2afd15a3cf7d02972c8bc2e31e0a778d76c5d8397e0abcdd5c083204f67
True,1,15.089979103999998,1.273130599,1.0667871740000003,15.076566026999991,1921,evaluation_epoch0,efc0a6e053db228278bc56e56b0af6d016d46751f2272dd64cf247812024046d,266,True,100,21e4a15f556f3e05a5783d7ad7531a807e0750ff31dd5a52489c0c01eaf8c27f,8704,communication,1.9558823529411764,22,272,5.1226666666666665,0,success,4080,136,1.36,32.507064841,20,True,32.582273601,5.1398999983742755e-05,5.149200000786891e-05,a92efecc314fff4cb3d56530b9d215791f3d652991a4cecde7064887971907ef
True,1,15.911550229000007,1.134952502,1.1355470170000004,16.03500561399999,2181,evaluation_epoch0,efc0a6e053db228278bc56e56b0af6d016d46751f2272dd64cf247812024046d,298,True,100,f1945b379c75f4bb4b3a50dfc36da4df95a62ff77bc37f23f157d9c850b4fce5,9920,communication,1.9225806451612903,22,310,5.816,0,success,4650,155,1.55,34.217779879,21,True,34.260418722,5.868500002703669e-05,6.035399996529023e-05,9c39556664b9485bdb0e8d06dcb28b4b7c6760389be41f0411553374b272b2ac
True,1,15.352128707999976,1.1638711339999999,1.0781934040000003,15.352546176000008,1985,evaluation_epoch0,efc0a6e053db228278bc56e56b0af6d016d46751f2272dd64cf247812024046d,270,True,100,0273651add6180ba22d64135fbfd9360596435799c7b4a456fe518f82764e775,9024,communication,1.9148936170212767,22,282,5.293333333333333,0,success,4230,141,1.41,32.947357961,22,True,32.987100904,5.090099998028563e-05,5.178500002056552e-05,72e3caf664e0c6ce17fc2babe6acfe9d820cee122e86ca9afa27dd183175124c
True,1,15.799043135999993,1.255960562,0.9734594040000002,15.855324545999995,2126,evaluation_epoch0,efc0a6e053db228278bc56e56b0af6d016d46751f2272dd64cf247812024046d,291,True,100,9c7524dd3c4570acf06067ca6a0513bf56b32081ef136fe82077d7ff9e6fd9e0,9664,communication,1.9271523178807948,22,302,5.669333333333333,0,success,4530,151,1.51,33.884505049000005,23,True,33.923652253,6.035300001583366e-05,6.0940000003562034e-05,51d073d5b8215bbb92df2dbbd6af9f544f0b9ef0aad5576f4a7499ee0b8b43cb
True,1,15.552436241999995,1.028352962,0.8991259519999999,15.527608153999992,1894,evaluation_epoch0,efc0a6e053db228278bc56e56b0af6d016d46751f2272dd64cf247812024046d,263,True,100,549e310ee4ffea8aaac19aa8d74a9cbdfd3ea5dba53041c7db759e4adbde49ad,8576,communication,1.962686567164179,22,268,5.050666666666666,0,success,4020,134,1.34,33.008212317,24,True,33.07749441,5.205300004140767e-05,5.974599999980512e-05,696c520d03bdba0babee67d881989fae507fa9ae0bebced2734bdf9e1d350f3a
True,1,15.24154762100001,1.197038477,1.0243180510000003,15.257552408999992,1974,evaluation_epoch0,efc0a6e053db228278bc56e56b0af6d016d46751f2272dd64cf247812024046d,271,True,100,482c296e6fcd4577dd3a2cf8f8bede2249326da8e586b3e62aba107370f8d64a,8960,communication,1.9357142857142857,22,280,5.264,0,success,4200,140,1.4,32.721086908,25,True,32.975684378,5.245800001452139e-05,5.5115000009209325e-05,a850fe9c3ddf91d4324a6f2930ea2605983a215c97715b303467134cea0a4d9e
True,1,16.662080101000015,1.2723338629999998,1.01846389,16.74172132100001,2346,evaluation_epoch0,efc0a6e053db228278bc56e56b0af6d016d46751f2272dd64cf247812024046d,319,True,100,501749e17b03e1bb7fb5c3df6c0e18b9e6ddda96f5fd0e7ddf5250fdf555d8a7,10688,communication,1.910179640718563,22,334,6.256,0,success,5010,167,1.67,35.695387559000004,26,True,35.739816628,6.625400002002735e-05,6.605699998596393e-05,f37b05db965d4995b11914055a22f6b5bd78694cbc94249fb550af4d172104ad
True,1,15.49475238900001,1.270718919,1.040776899,15.534463979000012,2011,evaluation_epoch0,efc0a6e053db228278bc56e56b0af6d016d46751f2272dd64cf247812024046d,272,True,100,292271c3ab8cd31d96c80b0cf95c8f80e1ef0883e6456fbf350029409812fc39,9152,communication,1.902097902097902,22,286,5.362666666666667,0,success,4290,143,1.43,33.34135222,27,True,33.385654572,5.234799998632411e-05,5.407599999562862e-05,2952b64b5f40e79a6d1e9074f8dc79c65ab51339f85ce94c0fecf6835ee89398
True,1,15.936368676999983,1.1689506390000002,1.0761338180000002,16.004863511000032,2196,evaluation_epoch0,efc0a6e053db228278bc56e56b0af6d016d46751f2272dd64cf247812024046d,301,True,100,ced6b67b27cc992f60acd44132c5a47da9cd9c8e32ad5d2857038653690df2d2,9984,communication,1.9294871794871795,22,312,5.856,0,success,4680,156,1.56,34.187030076000006,28,True,34.23031193,5.938700001406616e-05,6.2747999960866e-05,37b3fd6307029c4faf42b71bdeb1ad39eef8f048e4df522116197b7ac79cbe26
True,1,15.719008567000042,1.1871515819999998,1.126183288,15.760470014999983,2103,evaluation_epoch0,efc0a6e053db228278bc56e56b0af6d016d46751f2272dd64cf247812024046d,292,True,100,36135b0f21348fe379cb3be4452c65df726c546c7b0b71bf704ad03712dc2374,9536,communication,1.9597315436241611,22,298,5.608,0,success,4470,149,1.49,33.793499876,29,True,33.836355241,5.678600001068901e-05,5.763499998767685e-05,f5ea08123980c609430cbeaf0aac69cd8b3df0088d572369422611e5b07a759f
True,1,15.659237057999997,1.144962129,1.118029349,15.661058544999984,2118,evaluation_epoch0,efc0a6e053db228278bc56e56b0af6d016d46751f2272dd64cf247812024046d,295,True,100,18925ef9f4b6003a96042a989d279176947bf9707dab18724e467a4282be4dcc,9600,communication,1.9666666666666666,22,300,5.648,0,success,4500,150,1.5,33.583964484999996,30,True,33.625176859,7.196099999973171e-05,5.755900001735981e-05,ea4477458b0942d21a294ee81f185b8eb85a604ea05d22b665d21b5661492b4c
True,1,15.267156169999986,1.2515687500000001,0.95507505,15.242068365000014,1946,evaluation_epoch0,efc0a6e053db228278bc56e56b0af6d016d46751f2272dd64cf247812024046d,267,True,100,f555a2dd988b0f1bbd9685128e0e1de99fd8a0a662885980fad728a5f5a19aeb,8832,communication,1.934782608695652,22,276,5.189333333333333,0,success,4140,138,1.38,32.716501937,31,True,32.754115321,5.382600000203297e-05,5.2891999946513835e-05,500d9feaa5d90f2d785fb34c96c8050d4d682a92267d8a6dcfd7d370f88322df
True,1,15.666960870000008,1.064147207,0.9115169249999999,15.729535792000005,1881,evaluation_epoch0,efc0a6e053db228278bc56e56b0af6d016d46751f2272dd64cf247812024046d,262,True,100,7b62393b24760100a2f56b5ec960139fd4b06b668fabe8b9219245f21c8a1c67,8512,communication,1.9699248120300752,22,266,5.016,0,success,3990,133,1.33,33.372929526,32,True,33.588066291,5.639799998480299e-05,6.199799996409183e-05,b25cea5005b177798f52d9cc4d3a3086a62e91311a7ed174c6259bcdbe7aa26e
True,1,15.443066805000019,1.1406480109999997,1.0843997770000002,15.480183097000015,1978,evaluation_epoch0,efc0a6e053db228278bc56e56b0af6d016d46751f2272dd64cf247812024046d,275,True,100,b286e3c8279c0104e5c718e7e873b89d8e38f69d4afa6e6e9d96c995f6945fe9,8960,communication,1.9642857142857142,22,280,5.274666666666667,0,success,4200,140,1.4,33.149018471000005,33,True,33.23288006,5.9575000016298674e-05,6.344400002511463e-05,6a4c0c2adb8acf7c6880a1b890df1f61e61bb1802d91c92340b48b7054a9bf30
True,1,15.831564425999986,0.9806507990000001,0.9404333490000001,15.84276068699996,1956,evaluation_epoch0,efc0a6e053db228278bc56e56b0af6d016d46751f2272dd64cf247812024046d,265,True,100,0f32d96b6ec8eee9bfea4988252b89c68e05eae309fbbe103deac32976238885,8896,communication,1.9064748201438848,22,278,5.216,0,success,4170,139,1.39,33.59616552,34,True,33.63941732,5.8388000017561836e-05,6.53860000099371e-05,ac9964201fd25566210def1ee06c775552fb84f2720ee77e28457cf25e83cca6
True,1,15.676164773000014,1.2314890669999998,1.054253127,15.718487591000002,1964,evaluation_epoch0,efc0a6e053db228278bc56e56b0af6d016d46751f2272dd64cf247812024046d,273,True,100,0bef450fae15d8d274fe52cf9e8f7cdb60736143df434f415442476b94464267,8896,communication,1.9640287769784173,22,278,5.237333333333333,0,success,4170,139,1.39,33.68110972,35,True,33.756236788,5.941499999861932e-05,6.2847000022348e-05,6cdf25dc203b11c6568dfdbe0cf954f5bc4f03aa533e7587a96cab4961a5f482
True,1,15.666355626000003,1.198500401,1.0013144119999997,15.718847305000011,2018,evaluation_epoch0,efc0a6e053db228278bc56e56b0af6d016d46751f2272dd64cf247812024046d,279,True,100,c3182c56ab6a704f314dc939648cdb4b2570b835392e09918d1d76df88567ad9,9152,communication,1.951048951048951,22,286,5.381333333333333,0,success,4290,143,1.43,33.585754677000004,36,True,33.664140214,6.373600001374768e-05,6.636699999074125e-05,d6cfef19270fd280bd8906ac8438fd5a9951843dca6b45b6265854418f992a3b
True,1,16.172567164999986,1.2063160529999999,1.1238335519999998,16.106511263999955,2119,evaluation_epoch0,efc0a6e053db228278bc56e56b0af6d016d46751f2272dd64cf247812024046d,296,True,100,171d36e07404c5a571d5707596896eb34ef2682653b1674b8d8b15338d55c698,9600,communication,1.9733333333333334,22,300,5.650666666666667,0,success,4500,150,1.5,34.61001812,37,True,34.656541967,6.584399998788015e-05,6.965800002145528e-05,b3b88513e3868414bb256ad47bc4a8b18fbc8df52b7385ba50ae8fb6f538658a
True,1,15.608254199000019,1.0916572029999998,1.1398177130000002,15.691463085000017,1989,evaluation_epoch0,efc0a6e053db228278bc56e56b0af6d016d46751f2272dd64cf247812024046d,274,True,100,a27ca7656eadbc77b4a67e901b19ab368367540e9b174df30fa56729460d7a91,9024,communication,1.9432624113475176,22,282,5.304,0,success,4230,141,1.41,33.531920497,38,True,33.577657608,6.961100001179332e-05,6.261000000051808e-05,e6a8cfc33c3b8f5a2ef70046d4c4eda101f626aefb287f4ef1b0dafe03368b72
True,1,15.995979198000033,1.251498405,1.0468270720000001,15.97859269799999,2080,evaluation_epoch0,efc0a6e053db228278bc56e56b0af6d016d46751f2272dd64cf247812024046d,293,True,100,edcb8c4c26109b3f0eafb4650e0c83d5752b221f2857c9a0c9f670cae07b1e8f,9408,communication,1.9931972789115646,22,294,5.546666666666667,0,success,4410,147,1.47,34.273658343,39,True,34.319097012,6.27430000177398e-05,6.881699998384505e-05,7ff810993ac15a951671c04a6490d1e9a282fd2d7f6ae40d81bdb7c59a9f0282
True,1,15.559858012000007,1.147574669,0.9608830420000001,15.618318899999968,1949,evaluation_epoch0,efc0a6e053db228278bc56e56b0af6d016d46751f2272dd64cf247812024046d,270,True,100,41d32fb8d621db83f673046959532462f09072fc07529dcdd94b25fd31c4d65e,8832,communication,1.9565217391304348,22,276,5.197333333333333,0,success,4140,138,1.38,33.287344122,40,True,33.536841099,5.27840000148494e-05,5.843999998145222e-05,1e02a2b1a6eba250b9e0625a7cf4b5bd09d670c5f0abf9cb6f2fa3f8006c6af0
True,1,15.415473590000023,1.137264995,1.0754122269999997,15.389210362999988,2027,evaluation_epoch0,efc0a6e053db228278bc56e56b0af6d016d46751f2272dd64cf247812024046d,276,True,100,edc93ad56c28beaa8d3507b2c05b159dee35956c06184f594c32f0734f87482f,9216,communication,1.9166666666666667,22,288,5.405333333333333,0,success,4320,144,1.44,33.017996552,41,True,33.059447699,5.577500001807678e-05,5.675999998411285e-05,565cbcc548e2e13b665570ff7c32ecc15a23b99c39c9cc143f213c06abf85d84
True,1,16.544585650000023,1.068564351,0.9794367409999998,16.550172869000008,2301,evaluation_epoch0,efc0a6e053db228278bc56e56b0af6d016d46751f2272dd64cf247812024046d,322,True,100,4dea9a738112871addd4110d486f920d4b9ab16da0e4bf1cc54a5a441b368cc4,10432,communication,1.9754601226993864,22,326,6.136,0,success,4890,163,1.63,35.143571425000005,42,True,35.186651658,6.805600001502654e-05,8.208299999612478e-05,776226ab6a990b3389319093b3ba86524ad82b6f8d1a0208f5ee04646a6e58e7
True,1,16.351354982000004,1.104741255,1.0512939710000002,16.355044465000002,2281,evaluation_epoch0,efc0a6e053db228278bc56e56b0af6d016d46751f2272dd64cf247812024046d,314,True,100,5501b15cb705cd621c797137b01d81c0ec2afaeaf6eb863e820b5e3e3812c37c,10368,communication,1.9382716049382716,22,324,6.082666666666666,0,success,4860,162,1.62,34.863194912,43,True,34.915669457,6.447100000173123e-05,6.315799999923044e-05,4496b738c85b11fc3a903522e6ec9c32fd9cb9200a3ab81e26d42ff4c36d06a2
True,1,15.27641498199998,1.212363303,1.0422846439999998,15.280437894000006,1975,evaluation_epoch0,efc0a6e053db228278bc56e56b0af6d016d46751f2272dd64cf247812024046d,272,True,100,d5d645debea46eb9083c9376b10cc1a7dbc35b9bd49f1a301a37419f3edcda3e,8960,communication,1.9428571428571428,22,280,5.266666666666667,0,success,4200,140,1.4,32.812113643,44,True,32.898606442,5.3427000028971605e-05,5.5420000020234284e-05,0450ed821fff3cf3f0a5f01de6d1ec7bde47a686a0786db12f275d19f5a0009f
True,1,15.608576232999988,1.136835633,0.9914116370000001,15.70868563799999,2031,evaluation_epoch0,efc0a6e053db228278bc56e56b0af6d016d46751f2272dd64cf247812024046d,280,True,100,05a8d8bf35ca928407ccb7598736791406a8c1fe6ce45aadaf663beb0f6da5b6,9216,communication,1.9444444444444444,22,288,5.416,0,success,4320,144,1.44,33.446164554,45,True,33.486725236,5.3773000018075834e-05,5.7309999990540206e-05,db5ae352526acc4f4f0458675181af993e7637df7846746de261d59218f7f1d0
True,1,15.093801276000027,1.0833979280000001,0.938062999,15.067006225999975,1933,evaluation_epoch0,efc0a6e053db228278bc56e56b0af6d016d46751f2272dd64cf247812024046d,266,True,100,210dcf17d2ce7c2f108486184a3089ffa5b8cea1df7a891ff5ff35813d8a2c7a,8768,communication,1.9416058394160585,22,274,5.1546666666666665,0,success,4110,137,1.37,32.182850617999996,46,True,32.221870188,5.296300000212639e-05,5.140099994616065e-05,107afb510ece46b7b08d9171b78aa356d7c4f6bc4b65314f99c053b3c6db14de
True,1,15.860626178999983,1.140224828,0.987748479,15.87759176899998,2113,evaluation_epoch0,efc0a6e053db228278bc56e56b0af6d016d46751f2272dd64cf247812024046d,290,True,100,b2dfae5227f80009e9fbb51a51fd6d6e4fdf4fb64ab4c9c7c2be677b731881d8,9600,communication,1.9333333333333333,22,300,5.634666666666667,0,success,4500,150,1.5,33.866884747,47,True,33.906955072,5.8707999976981284e-05,6.306999999328156e-05,15ab2955ff58db9d1927ec3bde9c4c4fd20b9499ace3e10eea316e6383eba32f
True,1,15.965771039999996,1.014715732,1.0410242110000003,15.886394472999964,2088,evaluation_epoch0,efc0a6e053db228278bc56e56b0af6d016d46751f2272dd64cf247812024046d,289,True,100,b85df1af126bc15bb56d9fe72351c9577e9a62ded06573ed84f1686cee503d79,9472,communication,1.9527027027027026,22,296,5.568,0,success,4440,148,1.48,33.908681256,48,True,34.182939347,5.838400001945132e-05,6.590199999179092e-05,0588ca7fcd540ffb93301bf15f4c43cffddc557a39bfc55951c78911fc01c11e
True,1,15.266031430000018,1.140605853,1.071969101,15.397906839999983,2022,evaluation_epoch0,efc0a6e053db228278bc56e56b0af6d016d46751f2272dd64cf247812024046d,283,True,100,e0fd031ae6e7360c8886c325081a38658d231796f8b34a9074300088bc7700ca,9152,communication,1.979020979020979,22,286,5.392,0,success,4290,143,1.43,32.877155808,49,True,32.9178121,5.1739000060724294e-05,5.628100001375813e-05,15ac816f64e58f759d9bb3dcebc259397afbe08e930c556e8daada434bb40d19
True,1,15.920558078999978,1.0857553320000002,0.9897748319999997,15.882909601999984,2095,evaluation_epoch0,efc0a6e053db228278bc56e56b0af6d016d46751f2272dd64cf247812024046d,284,True,100,1cd24d80c90b062301c9f07fe257743e1d50dcc7c524067623c27df377b4a676,9536,communication,1.9060402684563758,22,298,5.586666666666667,0,success,4470,149,1.49,33.879747591,50,True,33.921707749,6.362900002665484e-05,6.474899997410688e-05,2026a0795f0a0b0b23fe881ecf6ee957f207f7d4b22f0fd2b4342f1b97b40ce9
True,1,15.76638449600003,1.151123415,0.9775762340000003,15.763445132999998,2089,evaluation_epoch0,efc0a6e053db228278bc56e56b0af6d016d46751f2272dd64cf247812024046d,290,True,100,8d47c146a63d64cf583e854f924dd63a813b2c4303f89a96e6286d75eaa3de92,9472,communication,1.9594594594594594,22,296,5.570666666666667,0,success,4440,148,1.48,33.659247743,51,True,33.708945483,7.024999998916925e-05,5.729500000040133e-05,8e4dc5e2efd969b3fe08809ff5504e12f9d50bd9ebdc5bcc6b6f1d6fcfb178bc
True,1,14.957684574,1.20493483,1.0476562109999996,14.89560771799998,1866,evaluation_epoch0,efc0a6e053db228278bc56e56b0af6d016d46751f2272dd64cf247812024046d,259,True,100,98b8f96f6fa0ba1e605ad879f87680f81df7751c2a3daab048073a3ab942b607,8448,communication,1.9621212121212122,22,264,4.976,0,success,3960,132,1.32,32.106472839000006,52,True,32.158541694,5.149100001133888e-05,5.347499998231697e-05,e277d927115f649d6a005682f3373f725b84c6ca6b372f65e102315337663738
True,1,15.495160048999985,1.1404552620000001,1.047663101,15.496525118999989,2006,evaluation_epoch0,efc0a6e053db228278bc56e56b0af6d016d46751f2272dd64cf247812024046d,279,True,100,9226687566e9b4efae76cb22647663282202ecd17a13c63f460f79fef28b81a4,9088,communication,1.9647887323943662,22,284,5.349333333333333,0,success,4260,142,1.42,33.180462118,53,True,33.221829555,5.5756000004958395e-05,5.7286000006318005e-05,dca5e8796e41eb6749006b7545cd6d2e2583643b984ce87038504eb909d629c4
True,1,16.439792271999963,1.19982085,0.934071919,16.53582459500005,2379,evaluation_epoch0,efc0a6e053db228278bc56e56b0af6d016d46751f2272dd64cf247812024046d,328,True,100,6fc8cfe3618cfab50e5bbbd4cfe49cfa96fed37e05cb162ecb5529f97315cd4a,10816,communication,1.9408284023668638,22,338,6.344,0,success,5070,169,1.69,35.110293704,54,True,35.156186719,6.734100000116428e-05,6.93109999998498e-05,5ee9f7c88eb3d74e050f2b7efb3e93b2dd92f7641fc0424db8a13eafd7c833a8
True,1,15.229715269000032,1.12760535,1.0777095810000001,15.264245507999966,1936,evaluation_epoch0,efc0a6e053db228278bc56e56b0af6d016d46751f2272dd64cf247812024046d,269,True,100,a544f139167cc5d1fb7765901b9564ca5d05af2f6df41d00dbc090d10997bffe,8768,communication,1.9635036496350364,22,274,5.1626666666666665,0,success,4110,137,1.37,32.699905372,55,True,32.73940605,5.155999995576366e-05,5.341299999939153e-05,19b68de8477adbe3fa65d562171ec724a8af7a6895e54d2e21f7d6303876c422
True,1,15.823651815999991,1.063093805,0.99868226,15.868215983999958,2048,evaluation_epoch0,efc0a6e053db228278bc56e56b0af6d016d46751f2272dd64cf247812024046d,285,True,100,ae1db72cd4514ac51ab17f7bf21165f78a4daa4e956aa38a1e86df5b2f0bc606,9280,communication,1.9655172413793103,22,290,5.461333333333333,0,success,4350,145,1.45,33.754423143,56,True,33.979177125,6.195600002500967e-05,6.729500005198119e-05,65ca08dec1d47caf92120b5fd82b3cb47d1e4b0f0c7caeef6285249e7231204c
True,1,15.98749298200006,1.216231667,1.0675927940000003,15.993759520000022,2260,evaluation_epoch0,efc0a6e053db228278bc56e56b0af6d016d46751f2272dd64cf247812024046d,317,True,100,6f239dc802aed7dd187f6f079329819968e6134612e799a4c645b9e164fbe541,10240,communication,1.98125,22,320,6.026666666666666,0,success,4800,160,1.6,34.265827129,57,True,34.364935653,6.09609999551175e-05,6.795500003597965e-05,ad69131169a63d09adbdb80dcfc51c43ff6e49bb9161897ff7fb56e4a5eb7e3b
True,1,15.150364388999964,1.1027152610000002,0.9688339340000001,15.200406413000014,1837,evaluation_epoch0,efc0a6e053db228278bc56e56b0af6d016d46751f2272dd64cf247812024046d,254,True,100,1253a17877e9201e91ade10b1f9e3a2c30bb9761fc37e7b40cb750060cf0cb3c,8320,communication,1.9538461538461538,22,260,4.898666666666666,0,success,3900,130,1.3,32.422962364,58,True,32.462256556,5.546199999573176e-05,5.748199998034664e-05,42d754b726f49cae25df57e51be19107f666051416677b52bb151672196091b4
True,1,16.02095080399997,1.0303814839999998,0.9275389039999997,16.120330341000027,2155,evaluation_epoch0,efc0a6e053db228278bc56e56b0af6d016d46751f2272dd64cf247812024046d,296,True,100,fd582fcb39d299c57f125084173b44656a7598ad309d298c8bd167a975e54436,9792,communication,1.934640522875817,22,306,5.746666666666667,0,success,4590,153,1.53,34.099955883999996,59,True,34.151668661,6.219799999174214e-05,6.486500002234052e-05,7db17c3f2d63e7df165de4c7db23dd82b55843323bd5747902c08d95eff56e40
True,1,15.512227480000018,1.179115322,1.148997627,15.517072827999968,2066,evaluation_epoch0,efc0a6e053db228278bc56e56b0af6d016d46751f2272dd64cf247812024046d,279,True,100,671817c7fc6bdc03bf0f1e74706437df71e2f0a1c900e7406d7a30b01e11e3b9,9408,communication,1.8979591836734695,22,294,5.509333333333333,0,success,4410,147,1.47,33.358065118999995,60,True,33.40939344,5.691000001029067e-05,5.7042000002560656e-05,90d2aad33ffedbd547817309a72e9c2729ed521b08a834ac15f40da81f5a912f
True,1,15.880827451000004,1.101521263,0.9310100540000001,15.917222857999962,2111,evaluation_epoch0,efc0a6e053db228278bc56e56b0af6d016d46751f2272dd64cf247812024046d,288,True,100,9a75052dc233466bf3fa1e3fb60f9a3e05f60a7c3c910c3b4ceb44080248080b,9600,communication,1.92,22,300,5.629333333333333,0,success,4500,150,1.5,33.831318091,61,True,33.87450408,6.149299999691493e-05,6.394199997838967e-05,91e903579d431af6d0c57b21949b327abbae83bcacd2464363e7ecba0587a893
True,1,14.903438127999983,1.062959024,1.000543892,14.92067678699999,1873,evaluation_epoch0,efc0a6e053db228278bc56e56b0af6d016d46751f2272dd64cf247812024046d,254,True,100,bb4e4f106452a38156fedcfd45a50d2219f2fc44529e8d11ea93bbe4c3e98433,8512,communication,1.9097744360902256,22,266,4.994666666666666,0,success,3990,133,1.33,31.888213048,62,True,31.927834074,5.0436000028852845e-05,5.1980000000728666e-05,eaa592f97e6877c34382e286c6ab36c72157a5d72832dde89d982c3750d5beb1
True,1,15.364652505999986,1.104118714,0.942267808,15.329472401000013,1946,evaluation_epoch0,efc0a6e053db228278bc56e56b0af6d016d46751f2272dd64cf247812024046d,267,True,100,3bfa7ab5aaf2a9ea087b48ac12e981aa29c35ac1fa87a691867000ff9f583a26,8832,communication,1.934782608695652,22,276,5.189333333333333,0,success,4140,138,1.38,32.741188497,63,True,32.780190906,5.7514999983521164e-05,5.86720000081975e-05,1a4934810af2306aa7a0042512c9d748f2d4153dbadf8cefe2c488f20ec5454c
True,1,16.216723821000038,1.0938779790000002,0.9584294,16.23926931200002,2142,evaluation_epoch0,efc0a6e053db228278bc56e56b0af6d016d46751f2272dd64cf247812024046d,295,True,100,903385de039038406cf04bec977ace8dfbc999736ced8d8060aeae8b495ea085,9728,communication,1.9407894736842106,22,304,5.712,0,success,4560,152,1.52,34.509093992000004,64,True,34.745845362,6.18630000137621e-05,6.6521000002151e-05,da482bd7487af71544c06e2138ad10e64178b9e663b9b582f399747c83091c53
True,1,16.287575219999987,1.220492643,1.028997066,16.218595987999993,2223,evaluation_epoch0,efc0a6e053db228278bc56e56b0af6d016d46751f2272dd64cf247812024046d,304,True,100,58298d293f7e20cb3d8ebfeabe3fdc4e91af3843c677a1343682768295356586,10112,communication,1.9240506329113924,22,316,5.928,0,success,4740,158,1.58,34.756413648,65,True,34.803059905,6.242899999664431e-05,6.847300002910117e-05,4d6c222f40b6cc0d087c3980a06c9306f3f02136411bab9513d0578b2495d6e3
True,1,16.448513016999996,1.115698717,0.9571927489999998,16.535117140999997,2245,evaluation_epoch0,efc0a6e053db228278bc56e56b0af6d016d46751f2272dd64cf247812024046d,314,True,100,5e14b82b1aa6ce7ab8b55057981dd86911b258e6d78b5e6b5b135be9c18ec673,10176,communication,1.9748427672955975,22,318,5.986666666666666,0,success,4770,159,1.59,35.057279825,66,True,35.102646254,6.550700001684007e-05,6.379299997005816e-05,dc598b2ff093d03a4d6a419d02cf660ee3e1bc381e445f1db3ed1804037cc89a
True,1,15.584398449000005,1.07772974,0.9951574719999998,15.532911957999978,1908,evaluation_epoch0,efc0a6e053db228278bc56e56b0af6d016d46751f2272dd64cf247812024046d,265,True,100,1d116ea1e7dc633b4c33413338620629fceb540ccbbf6f2a1efae32e694ad632,8640,communication,1.962962962962963,22,270,5.088,0,success,4050,135,1.35,33.190877760999996,67,True,33.239523739,5.798100000831141e-05,5.556199999023903e-05,6b0edc8f3e3b36b755016076bbfcae952f9c8773a8811f225bd79262cc76a3c9
True,1,15.979419299999986,1.163414998,1.0743381000000003,16.06321002100002,2132,evaluation_epoch0,efc0a6e053db228278bc56e56b0af6d016d46751f2272dd64cf247812024046d,297,True,100,324f31d080ef3e2b586cb22d2e96c291b8e325e923110b72289b47c7e3457f77,9664,communication,1.966887417218543,22,302,5.685333333333333,0,success,4530,151,1.51,34.281072957999996,68,True,34.327626509,6.177099997950464e-05,5.979500003228111e-05,fa7d85b2628dd193b2aafd74b2c45f641aaa520684e32205b3d36548f1d21d49
True,1,15.602237585999987,1.0809662740000001,0.9383614420000002,15.720447644999997,1924,evaluation_epoch0,efc0a6e053db228278bc56e56b0af6d016d46751f2272dd64cf247812024046d,269,True,100,8b09a16044db2c066ad6c76326bd760d121bbaf762e25423ba515df21762c383,8704,communication,1.9779411764705883,22,272,5.1306666666666665,0,success,4080,136,1.36,33.342675565,69,True,33.386392562,5.604200000064452e-05,5.675100002688893e-05,7a91e0cfbca42e3699970dd267a6f7e0ec345d1def649b57f4350ced1f433393
True,1,15.758438108000032,1.1824379609999998,0.974859624,15.781208633000004,2093,evaluation_epoch0,efc0a6e053db228278bc56e56b0af6d016d46751f2272dd64cf247812024046d,294,True,100,97f2d3f1de0d1dec09253046789e7d20991d9023a457ca16710cfd94c2dc33f2,9472,communication,1.9864864864864864,22,296,5.581333333333333,0,success,4440,148,1.48,33.697598566,70,True,33.742343239,5.658400000285724e-05,5.734100000909237e-05,24b20b1a0328c1b4a5fba11563e258d1318d85e881cef9535535fd76fd47e7b0
True,1,15.355344805000017,1.050884671,0.9250583840000002,15.354583795999984,1907,evaluation_epoch0,efc0a6e053db228278bc56e56b0af6d016d46751f2272dd64cf247812024046d,264,True,100,a7a79ed509fa43564dd492879386e4d9628e3343505ec50a87645a4375ee34e7,8640,communication,1.9555555555555555,22,270,5.085333333333334,0,success,4050,135,1.35,32.686517288999994,71,True,32.726518066,6.711999999620133e-05,5.400000003952243e-05,eeb256a57d15051f092918dd474941c6bc44212d0d87f748816fd92371b1d6be
True,1,15.189276455000005,1.1299674560000001,0.933048442,15.301364400000011,1900,evaluation_epoch0,efc0a6e053db228278bc56e56b0af6d016d46751f2272dd64cf247812024046d,257,True,100,5fe7b7fe57abeeca23bf292eb042bf4182eca7261ec3e8608905715fda97a040,8640,communication,1.9037037037037037,22,270,5.066666666666666,0,success,4050,135,1.35,32.554374689,72,True,32.825036444,5.78300000086962e-05,6.000799997973871e-05,82fd5495cd664a63770f71f275ddd01b2bbd4b181bff06c21c3c01e41e6528f8
True,1,14.859681179999967,1.2111590769999998,1.0683079159999997,14.951980780999989,1882,evaluation_epoch0,efc0a6e053db228278bc56e56b0af6d016d46751f2272dd64cf247812024046d,263,True,100,40917ff95cde43ac86de8e67945aed8a2bc84ceebefd02b66b1dae6c50a3c342,8512,communication,1.9774436090225564,22,266,5.018666666666666,0,success,3990,133,1.33,32.091722565000005,73,True,32.131229802,5.1296999965089185e-05,5.079100002136627e-05,c1e2af177046e74f1611ec97f41f5c04014e957038eeb3f2c3c9292facf269e6
True,1,15.160435466000031,0.9788667070000001,1.01315789,15.200320853000003,1892,evaluation_epoch0,efc0a6e053db228278bc56e56b0af6d016d46751f2272dd64cf247812024046d,261,True,100,f51c5d716fcef8cfeb589ca61cf90821218810c24b82e3138f9a1ca46c5454ed,8576,communication,1.9477611940298507,22,268,5.045333333333334,0,success,4020,134,1.34,32.353441952,74,True,32.393276082,5.606399997759581e-05,5.621399999888865e-05,16b87f30abc0c6480515349a68c920064dad6c7b52c0fcc098a2cbd2f98de813
True,1,15.738546798999987,1.0196045360000001,0.885932508,15.657071320000016,2044,evaluation_epoch0,efc0a6e053db228278bc56e56b0af6d016d46751f2272dd64cf247812024046d,281,True,100,2a61053ca1f1b618e16cbd5c545438d6c02c4593918b03c5151efd4d478ef03c,9280,communication,1.9379310344827587,22,290,5.450666666666667,0,success,4350,145,1.45,33.301874525,75,True,33.344237449,6.212399999361295e-05,6.259699999011659e-05,2e56d23d729d209982d450710829848ac3fec029d60ca30a5df3f63cf9f7a0be
True,1,16.264883811999994,1.122285936,1.080144885,16.33428027500006,2322,evaluation_epoch0,efc0a6e053db228278bc56e56b0af6d016d46751f2272dd64cf247812024046d,319,True,100,e46c44c009ef91247a7eeedc03cd5771f4a8b296c39e7e6567591a9fa401365d,10560,communication,1.9333333333333333,22,330,6.192,0,success,4950,165,1.65,34.802318325,76,True,34.866465346,6.453400000916432e-05,6.316500000780323e-05,77de0b0c1576f3111d59b27949e9858c5c5cb16af38258c5a1e5cdf0948b3dba
True,1,15.039528128000015,1.0430319440000002,0.9304177600000001,15.053322195999987,1852,evaluation_epoch0,efc0a6e053db228278bc56e56b0af6d016d46751f2272dd64cf247812024046d,257,True,100,c439988f609c226191552b578b4f60bd469d03274331427ec75d8860782df44c,8384,communication,1.9618320610687023,22,262,4.938666666666666,0,success,3930,131,1.31,32.066948071,77,True,32.106900419,5.1274999992134696e-05,5.336699995428518e-05,2fabe26b3a6b0f1cec74b5782c83018347bbd09a56271da9316dff01c2575b05
True,1,14.784340838999961,1.219379292,1.050803938,14.854066358000024,1860,evaluation_epoch0,efc0a6e053db228278bc56e56b0af6d016d46751f2272dd64cf247812024046d,253,True,100,b0e1df45e2c5be75410a05460dc5413453aca12639125a6c5d84685f6dd1f9d5,8448,communication,1.9166666666666667,22,264,4.96,0,success,3960,132,1.32,31.90914873,78,True,31.949332935,4.719600001701352e-05,4.8632999997799686e-05,caf540c3257e21af2a12e1e02051dabf282f9b4de0cd9ad51d89cb32a8e84d42
True,1,15.596914944000002,1.185163127,0.944559532,15.565415259000005,2074,evaluation_epoch0,efc0a6e053db228278bc56e56b0af6d016d46751f2272dd64cf247812024046d,287,True,100,706d8151366ec9a0bcc7757d0e948d8d2bc0ad55e9e3a7d3ce616d8b71b20210,9408,communication,1.9523809523809523,22,294,5.530666666666667,0,success,4410,147,1.47,33.292710149,79,True,33.333289433,5.8384000038991246e-05,5.83060000076685e-05,f138d35579fb7b88bd08e6ed50879aacff2fed6c122cd4f0719d6e2b2c299ca3
True,1,15.383610448000024,1.0990495779999998,0.9710041489999999,15.362176390000021,1946,evaluation_epoch0,efc0a6e053db228278bc56e56b0af6d016d46751f2272dd64cf247812024046d,267,True,100,c37ba460e0032416c38fba1b4392d2befaff0497382744b71bb3ceaaf5692782,8832,communication,1.934782608695652,22,276,5.189333333333333,0,success,4140,138,1.38,32.816571275,80,True,33.098850664,5.698500000539397e-05,5.974600001135144e-05,282dba0d2d0a3fe0f5305dc3a799e9342297ae55d2dfdca65e4e0644b3b031b8
True,1,14.828338293999984,1.2101456689999999,1.076847624,14.825820728000018,1882,evaluation_epoch0,efc0a6e053db228278bc56e56b0af6d016d46751f2272dd64cf247812024046d,263,True,100,3a7dd346e620156993b11ecea701db8fb39472e7bd1f18729b8874d7adca952b,8512,communication,1.9774436090225564,22,266,5.018666666666666,0,success,3990,133,1.33,31.941752296000004,81,True,31.981751793,5.181000003373626e-05,5.406599997614947e-05,5eed0ceb657ad9c634ff04cedc16c8321e2afd472bbaa81fa4c133f6919f1485
True,1,16.302472541999983,0.9770374100000001,0.8990909,16.207893868999978,2271,evaluation_epoch0,efc0a6e053db228278bc56e56b0af6d016d46751f2272dd64cf247812024046d,316,True,100,8b4f5f2f99c9e75b8d6c797198b404b407ffe8b8a91f583d1b57d0e5f73d4042,10304,communication,1.9627329192546583,22,322,6.056,0,success,4830,161,1.61,34.38727206,82,True,34.440057883,6.461100000532127e-05,6.689800003556456e-05,958002e18f28794de4c118527d0f6ace9c6aaa8efff3c887ce8d0645d2ccf428
True,1,15.939752200000022,1.0311691490000001,0.905801555,15.954883726000004,2159,evaluation_epoch0,efc0a6e053db228278bc56e56b0af6d016d46751f2272dd64cf247812024046d,300,True,100,a61629d98f788bdec035d81d92dbadb81ef9abaee49590c55ce72492115df2cf,9792,communication,1.9607843137254901,22,306,5.757333333333333,0,success,4590,153,1.53,33.832343134999995,83,True,33.886074989,6.023900000950988e-05,5.9856000013791544e-05,303d023007e52f33f0d651a3517e9cb10309982df3bea7e7ceab2b9438dec8e8
True,1,15.807716022000001,1.157571855,1.007920631,15.826489498000004,2110,evaluation_epoch0,efc0a6e053db228278bc56e56b0af6d016d46751f2272dd64cf247812024046d,287,True,100,ce37188e9def6ab3a8b236aecadf6d6a681f8bff6093e0438b2564ccbfa48e89,9600,communication,1.9133333333333333,22,300,5.626666666666667,0,success,4500,150,1.5,33.800396402000004,84,True,33.846095272,5.907899999035848e-05,5.899999994474214e-05,09991dbd0307ed3d37e3c9d8bba54c0506b905bd018428c1ff0d1b9ca904f838
True,1,15.649394762999995,1.046171202,0.9593700810000003,15.69384231999997,2047,evaluation_epoch0,efc0a6e053db228278bc56e56b0af6d016d46751f2272dd64cf247812024046d,284,True,100,957beb7c4381ee58ffd3414bc154110caf0b24a6e43f7f32101ddad38c146c9a,9280,communication,1.9586206896551723,22,290,5.458666666666667,0,success,4350,145,1.45,33.349472052,85,True,33.392527184,5.9844999988012404e-05,5.925999997113962e-05,36e8d4df237f37c22f8036ff497b316e1613f4b492cba29e008d611f65715418
True,1,14.65297406900003,1.179369732,1.0902896290000004,14.591476390999997,1838,evaluation_epoch0,efc0a6e053db228278bc56e56b0af6d016d46751f2272dd64cf247812024046d,255,True,100,8e7fa87d5cf1d7d4182e66e19182b0ca37e2f07e1d85eea675c40a9007baafe3,8320,communication,1.9615384615384615,22,260,4.9013333333333335,0,success,3900,130,1.3,31.514682471,86,True,31.55519398,4.680500000153742e-05,5.007700001691262e-05,5b4b31d4c64f34b034a7dbc91dc4ab4afcaf4ad2b58e2ec56685b9595f82a383
True,1,15.520242891999986,1.0965220409999998,0.9451208340000001,15.57483027899998,2053,evaluation_epoch0,efc0a6e053db228278bc56e56b0af6d016d46751f2272dd64cf247812024046d,278,True,100,895d0c2fbb078ea0b71442197c47dea0b92b49fb7f1daac31424e32798c3c63d,9344,communication,1.904109589041096,22,292,5.474666666666667,0,success,4380,146,1.46,33.137408052,87,True,33.178211487,5.825499999811967e-05,6.116099998632052e-05,919bdaea6edeb7db1ba1d39867a14dd187ecf52e936c5d7a38680f5a1ec11d05
True,1,15.876685675000003,1.060467912,1.025499915,15.835289526000013,2002,evaluation_epoch0,efc0a6e053db228278bc56e56b0af6d016d46751f2272dd64cf247812024046d,275,True,100,59b91019a84e341a08a59f126973a095375c2fa10a987b687c416ebb0ab697ed,9088,communication,1.9366197183098592,22,284,5.338666666666667,0,success,4260,142,1.42,33.798706815,88,True,34.017915976,6.184700000932963e-05,6.456999999349122e-05,24c0aa768023f2fdc58715c8373b692721cce25358a81c52000bf19228afb153
True,1,15.623721447999994,1.207404435,1.026733111,15.561592178000007,2051,evaluation_epoch0,efc0a6e053db228278bc56e56b0af6d016d46751f2272dd64cf247812024046d,288,True,100,dd34ba022388c0b6a54058adc2c94c3b2e70504957324dddc0cd90cc2b9f2da1,9280,communication,1.986206896551724,22,290,5.469333333333333,0,success,4350,145,1.45,33.420189776,89,True,33.464890596,6.282900000664782e-05,6.41220000074938e-05,dc575a958fc341151e9295be637c043978c2dcd7e5e1f571a1b594bbd8ec9677
True,1,16.013340936000034,0.9861712760000001,0.9404487609999999,16.195403385999974,2081,evaluation_epoch0,efc0a6e053db228278bc56e56b0af6d016d46751f2272dd64cf247812024046d,282,True,100,bcdf2bccd3a80bf350e17c321eae2de021f75c61d8943154d4f6fe4340499dc3,9472,communication,1.9054054054054055,22,296,5.549333333333333,0,success,4440,148,1.48,34.136126527,90,True,34.182071683,6.784600000919738e-05,6.53419999827598e-05,60e1a45a059ed8fecac6c581094823b3b313e9aa5bfa840d0beaba4fc6aea16f
True,1,15.559963020999978,1.0731662439999998,0.9504884500000002,15.562452972999987,1934,evaluation_epoch0,efc0a6e053db228278bc56e56b0af6d016d46751f2272dd64cf247812024046d,267,True,100,2bee6f9817b3cc044fddf5f18e071cea684b863f18b53d615311d665d89e64d4,8768,communication,1.948905109489051,22,274,5.157333333333334,0,success,4110,137,1.37,33.146781436,91,True,33.254613763,5.977100001874902e-05,6.113699998566702e-05,03f6db59f160c20672587fdf27cf6a0a115d4bf1b4ab8d61565ba32d07af56fc
True,1,15.859513309000025,1.094480226,1.094493352,15.940122926000006,2058,evaluation_epoch0,efc0a6e053db228278bc56e56b0af6d016d46751f2272dd64cf247812024046d,283,True,100,f71c78358adc3c02c241915713a338ea31041ee54273a8271f8b8b25bcb6b104,9344,communication,1.9383561643835616,22,292,5.488,0,success,4380,146,1.46,33.989413438,92,True,34.03780839,7.638300001655551e-05,6.256799999171392e-05,1e3de8746b27570eb8e3b7992cbf6a33adde45320fc491ed2ccfa22141e136a5
True,1,15.57130388699997,1.0089511979999999,0.9455715109999998,15.644649952000018,1945,evaluation_epoch0,efc0a6e053db228278bc56e56b0af6d016d46751f2272dd64cf247812024046d,266,True,100,41b009a8901d3700512728eb0719ed97d10f394782b0aa7d685a624c74597626,8832,communication,1.9275362318840579,22,276,5.1866666666666665,0,success,4140,138,1.38,33.17121169,93,True,33.216445446,6.532900001943176e-05,6.661499998772413e-05,da5e7bb66b6757122d7aea92f2f2cbbbebd2df5f44ff67108ae77eeea51900dd
True,1,15.598881150000016,1.166463087,1.0550222700000003,15.735944416999985,2082,evaluation_epoch0,efc0a6e053db228278bc56e56b0af6d016d46751f2272dd64cf247812024046d,283,True,100,d475036a88a48a65db5746cd9a326bc761bcf323642538746ee56a8e05039141,9472,communication,1.912162162162162,22,296,5.552,0,success,4440,148,1.48,33.557058891000004,94,True,33.603189574,6.484899996728188e-05,7.064600001482901e-05,6258378a4b10f195c1cc0223769d48661e75861c231bc8d22ceeb32dfdfe8193
True,1,15.870216279999974,1.1166570560000002,1.0359978980000002,15.960748495999992,2097,evaluation_epoch0,efc0a6e053db228278bc56e56b0af6d016d46751f2272dd64cf247812024046d,286,True,100,4b327d0b3f717e49a81a9dea13216bd38e2151cd58c2c39afe6b731b0c98f747,9536,communication,1.919463087248322,22,298,5.592,0,success,4470,149,1.49,33.984410211000004,95,True,34.030064292,7.321100000057257e-05,6.864299999831402e-05,ed926dd50e2e571ccf456a696ada1361fef5ec96b5c6e0e7c119b1af8cb78978
True,1,15.656645424999978,1.075506888,0.9295681230000001,15.591065753999992,1948,evaluation_epoch0,efc0a6e053db228278bc56e56b0af6d016d46751f2272dd64cf247812024046d,269,True,100,061f171233d382d9c4ca08c75a872cfc6c6535c7c693fdd938db9f5b15cff3e1,8832,communication,1.9492753623188406,22,276,5.1946666666666665,0,success,4140,138,1.38,33.253446634,96,True,33.462943167,5.040800001721024e-05,5.591400000248825e-05,6a10f069fe20f87df1dbdc8ee93556722c26e068072b087e0a346f5238cd9858
True,1,15.28788530700001,1.247777439,1.113449694,15.326360911000027,2016,evaluation_epoch0,efc0a6e053db228278bc56e56b0af6d016d46751f2272dd64cf247812024046d,277,True,100,6d6bb5061898e3aef40f4def6e4e30aac0a105b69c6dc8bd5e9a4e9106ddee36,9152,communication,1.937062937062937,22,286,5.376,0,success,4290,143,1.43,32.976139164,97,True,33.024010673,5.782099999640522e-05,5.879500002325955e-05,4d800e9bc277c143f0c80a72c22dc501f15c41745c01f0690cb02438e83a7cd4
True,1,15.561741951000034,1.021574557,0.881201226,15.57270962199997,1973,evaluation_epoch0,efc0a6e053db228278bc56e56b0af6d016d46751f2272dd64cf247812024046d,270,True,100,7035120ad07052b7300b133abe649e145be5f8153921ef0e8942af50d01f136c,8960,communication,1.9285714285714286,22,280,5.261333333333333,0,success,4200,140,1.4,33.037847141,98,True,33.104606081,5.05979999592121e-05,5.087499997280531e-05,7ffa24d3860d34551bc1a61799fe62196cc17e801e63717ae07fee11672a6aa8
True,1,16.020326300999976,1.043473059,0.9251984700000002,15.908700899000014,2160,evaluation_epoch0,efc0a6e053db228278bc56e56b0af6d016d46751f2272dd64cf247812024046d,301,True,100,52e0609aa705a681e078251f637463cad27e5e5feb1460902e1e1b1bae73e180,9792,communication,1.9673202614379084,22,306,5.76,0,success,4590,153,1.53,33.898379694,99,True,33.965668966,5.41240000102583e-05,6.077400002313382e-05,39eb7e7edacac2c29aac681fd20f0aaa8d76c4d0f28078d157da174062a45685
True,1,14.068133667000012,1.0476533250000002,0.873666069,14.013825011000012,2169,timing_final,efc0a6e053db228278bc56e56b0af6d016d46751f2272dd64cf247812024046d,298,True,100,02f48daccbe1486c41681a8dce448dd0bb5a11f0bc68630fc9448bc01adc770e,9856,timing,1.9350649350649352,22,308,5.784,0,success,4620,154,1.54,30.003943603,0,True,30.062433499,5.764500001204098e-05,6.246600000237024e-05,d7943931af6f0bf6aac03fb642f13e2429169484a173d251de70aeef1d0acbb9
True,1,13.990568025000005,0.24879174000000148,0.23446900800000137,13.964715403000064,2169,timing_final,efc0a6e053db228278bc56e56b0af6d016d46751f2272dd64cf247812024046d,298,True,100,02f48daccbe1486c41681a8dce448dd0bb5a11f0bc68630fc9448bc01adc770e,9856,timing,1.9350649350649352,22,308,5.784,1,success,4620,154,1.54,28.4392003,0,True,28.481570314,6.404299997697649e-05,6.486799999905202e-05,d7943931af6f0bf6aac03fb642f13e2429169484a173d251de70aeef1d0acbb9
True,1,14.066058506999838,0.23233553299999699,0.2321243060000029,13.977636523999998,2169,timing_final,efc0a6e053db228278bc56e56b0af6d016d46751f2272dd64cf247812024046d,298,True,100,02f48daccbe1486c41681a8dce448dd0bb5a11f0bc68630fc9448bc01adc770e,9856,timing,1.9350649350649352,22,308,5.784,2,success,4620,154,1.54,28.508810819999994,0,True,28.540119689,6.052600005546083e-05,5.914500006554135e-05,d7943931af6f0bf6aac03fb642f13e2429169484a173d251de70aeef1d0acbb9
True,1,13.985049888999978,0.9984624209999998,0.9326950500000002,14.035689853999997,2015,timing_final,efc0a6e053db228278bc56e56b0af6d016d46751f2272dd64cf247812024046d,276,True,100,c62675e36b7ef568ce509957f9edabfa60c092753382bd05c72bc790a57305de,9152,timing,1.93006993006993,22,286,5.373333333333333,0,success,4290,143,1.43,29.952547775,1,True,29.999069154,6.25599999950488e-05,6.028300001847953e-05,414a69d9aa8d02e7ff8c4e9db258fbe387cd807d355de812f8494e6ddf1df4cc
True,1,13.666238592999989,0.22834153199999818,0.22722020699999845,13.820141275000037,2015,timing_final,efc0a6e053db228278bc56e56b0af6d016d46751f2272dd64cf247812024046d,276,True,100,c62675e36b7ef568ce509957f9edabfa60c092753382bd05c72bc790a57305de,9152,timing,1.93006993006993,22,286,5.373333333333333,1,success,4290,143,1.43,27.94258273,1,True,28.031552433,6.15480000121238e-05,5.8579999990371334e-05,414a69d9aa8d02e7ff8c4e9db258fbe387cd807d355de812f8494e6ddf1df4cc
True,1,13.716170074999958,0.23544954999999845,0.232469088000002,13.669852863999978,2015,timing_final,efc0a6e053db228278bc56e56b0af6d016d46751f2272dd64cf247812024046d,276,True,100,c62675e36b7ef568ce509957f9edabfa60c092753382bd05c72bc790a57305de,9152,timing,1.93006993006993,22,286,5.373333333333333,2,success,4290,143,1.43,27.854556992,1,True,27.93474758,6.242100003817086e-05,5.801299998609011e-05,414a69d9aa8d02e7ff8c4e9db258fbe387cd807d355de812f8494e6ddf1df4cc
True,1,13.992096310000028,1.0103639690000001,0.8769119920000001,13.925767148000014,2125,timing_final,efc0a6e053db228278bc56e56b0af6d016d46751f2272dd64cf247812024046d,290,True,100,7869936ec5a34d1d35d696065ca54c91397e877cad2717c3f44f6a474611cbe5,9664,timing,1.9205298013245033,22,302,5.666666666666667,0,success,4530,151,1.51,29.805790427,2,True,29.843037746,6.392600001259297e-05,6.154800000190974e-05,e1504dd422ccfd4ef0069da8dcd4c29263b2b846f974ec9973e2b6d2c0cd8959
True,1,14.231928340999975,0.23310982499999966,0.23163947800000173,14.301233996999969,2125,timing_final,efc0a6e053db228278bc56e56b0af6d016d46751f2272dd64cf247812024046d,290,True,100,7869936ec5a34d1d35d696065ca54c91397e877cad2717c3f44f6a474611cbe5,9664,timing,1.9205298013245033,22,302,5.666666666666667,1,success,4530,151,1.51,28.998675499,2,True,29.032763852,6.872799997381662e-05,7.07189999573643e-05,e1504dd422ccfd4ef0069da8dcd4c29263b2b846f974ec9973e2b6d2c0cd8959
True,1,13.952027029000057,0.2835739430000004,0.25280547700000255,13.937573178000072,2125,timing_final,efc0a6e053db228278bc56e56b0af6d016d46751f2272dd64cf247812024046d,290,True,100,7869936ec5a34d1d35d696065ca54c91397e877cad2717c3f44f6a474611cbe5,9664,timing,1.9205298013245033,22,302,5.666666666666667,2,success,4530,151,1.51,28.426633507999995,2,True,28.46521881,6.18880001894695e-05,6.094000001155564e-05,e1504dd422ccfd4ef0069da8dcd4c29263b2b846f974ec9973e2b6d2c0cd8959
True,1,14.03129908500004,1.070091735,0.8731608319999999,14.085160933000013,2184,timing_final,efc0a6e053db228278bc56e56b0af6d016d46751f2272dd64cf247812024046d,301,True,100,95fe7ce1da33a79cf822c3b659326ca2764347820a7b778b86f7bfe9ace7e49d,9920,timing,1.9419354838709677,22,310,5.824,0,success,4650,155,1.55,30.060379825000002,3,True,30.096056374,6.159800001226401e-05,5.996899999294314e-05,0856649fa0641bbbb16f7b943eb9d32cd34e417a80ce75ee198cf84da701d56c
True,1,14.031011990000028,0.25841852900000006,0.27789491500000096,14.046187980000003,2184,timing_final,efc0a6e053db228278bc56e56b0af6d016d46751f2272dd64cf247812024046d,301,True,100,95fe7ce1da33a79cf822c3b659326ca2764347820a7b778b86f7bfe9ace7e49d,9920,timing,1.9419354838709677,22,310,5.824,1,success,4650,155,1.55,28.614176396999998,3,True,28.709637998,6.147699998138023e-05,6.162999994430152e-05,0856649fa0641bbbb16f7b943eb9d32cd34e417a80ce75ee198cf84da701d56c
True,1,14.35802753599986,0.2331616210000007,0.2323557220000012,14.464363760000005,2184,timing_final,efc0a6e053db228278bc56e56b0af6d016d46751f2272dd64cf247812024046d,301,True,100,95fe7ce1da33a79cf822c3b659326ca2764347820a7b778b86f7bfe9ace7e49d,9920,timing,1.9419354838709677,22,310,5.824,2,success,4650,155,1.55,29.288658987000005,3,True,29.324169057,6.843400009870493e-05,7.093300015981185e-05,0856649fa0641bbbb16f7b943eb9d32cd34e417a80ce75ee198cf84da701d56c
True,1,14.137307985999984,1.035086718,0.9497153810000001,14.133291123,2210,timing_final,efc0a6e053db228278bc56e56b0af6d016d46751f2272dd64cf247812024046d,303,True,100,db6b9c76f598adaa2a873f820aef11909d5e9315d9a4a7ce3dc7d5af09c3ffd4,10048,timing,1.929936305732484,22,314,5.8933333333333335,0,success,4710,157,1.57,30.256065565,4,True,30.333186581,6.410800001699357e-05,6.0470000001089375e-05,c30dc9f8d5bf98501aca0eded14a2a776a9498937ab56b5506867bbdee9fe321
True,1,14.171627790000027,0.22774848499999933,0.22810816500000186,14.193247314000082,2210,timing_final,efc0a6e053db228278bc56e56b0af6d016d46751f2272dd64cf247812024046d,303,True,100,db6b9c76f598adaa2a873f820aef11909d5e9315d9a4a7ce3dc7d5af09c3ffd4,10048,timing,1.929936305732484,22,314,5.8933333333333335,1,success,4710,157,1.57,28.821419042,4,True,28.854363479,6.592800002636068e-05,6.266199997639887e-05,c30dc9f8d5bf98501aca0eded14a2a776a9498937ab56b5506867bbdee9fe321
True,1,14.192087974000088,0.22686899300000363,0.2280096569999941,14.173519007999978,2210,timing_final,efc0a6e053db228278bc56e56b0af6d016d46751f2272dd64cf247812024046d,303,True,100,db6b9c76f598adaa2a873f820aef11909d5e9315d9a4a7ce3dc7d5af09c3ffd4,10048,timing,1.929936305732484,22,314,5.8933333333333335,2,success,4710,157,1.57,28.821176449000006,4,True,28.865987426,8.259099993779273e-05,6.139800006366158e-05,c30dc9f8d5bf98501aca0eded14a2a776a9498937ab56b5506867bbdee9fe321
True,1,23.241548435999967,1.133301657,0.9880687879999999,23.365065850999933,6028,evaluation_epoch1,766ee7be611e0564582afbf455c1e39e8e2da53fc8c7b3b9488aff70735b7ab0,809,True,300,16cbbac772d10671b2e19960b188f1633659408c6fc46067b620a82e8c5eb907,27712,communication,1.8683602771362586,22,866,5.358222222222222,0,success,12990,433,1.4433333333333334,48.729957794,0,True,48.822394733,0.0001676899999516479,0.00016225200001240836,88dbbd6b1ad5c3344d7584400ee2fe881d5faff40637e06db278a89e2955dfd8
True,1,22.93841456300007,1.048286028,0.9557034579999999,22.952283691999963,5889,evaluation_epoch1,766ee7be611e0564582afbf455c1e39e8e2da53fc8c7b3b9488aff70735b7ab0,790,True,300,10341bdc018938763e3990eb80ac77ad820feb1f81fbaaf25204e76f989b101e,27072,communication,1.867612293144208,22,846,5.234666666666667,0,success,12690,423,1.41,47.896679106,1,True,47.957522115,0.00015872199996636027,0.00016843900006291435,697c2e9dbdfdd9e49c88f8e47a0fcebd004ab5ed7932748dbb44518c8cd365fa
True,1,22.59417061300002,1.2377965899999999,1.1062968149999999,22.471454796000064,5786,evaluation_epoch1,766ee7be611e0564582afbf455c1e39e8e2da53fc8c7b3b9488aff70735b7ab0,771,True,300,db923524958a0f20b8c77698373976ca552d639baaf0040a54537b66a3e6a447,26624,communication,1.8533653846153846,22,832,5.143111111111111,0,success,12480,416,1.3866666666666667,47.411580823,2,True,47.47434728,0.0001712769999442365,0.00015655700001993011,c5c37c1a0968f8bc8a3dfb96565d013c7e64a96693e86fab9705282796c34787
True,1,23.193216290000002,1.114764977,0.994991765,23.111398734000044,6074,evaluation_epoch1,766ee7be611e0564582afbf455c1e39e8e2da53fc8c7b3b9488aff70735b7ab0,819,True,300,3a1e6f9423d909dc10e9365bcae4579d41d07566f2e146a3ccf2f95ec0575dfd,27904,communication,1.878440366972477,22,872,5.399111111111111,0,success,13080,436,1.4533333333333334,48.416380339,3,True,48.476887258,0.00016529699991130187,0.00016518900001205594,5da41be377a9c8c9af2cedf304eaec30b1f2a0c2c7f0e2c2a4ddfbf9a1d205dc
True,1,22.851607550000047,1.125776718,0.9435531160000001,22.917258361000037,5673,evaluation_epoch1,766ee7be611e0564582afbf455c1e39e8e2da53fc8c7b3b9488aff70735b7ab0,766,True,300,cc09f7c83b7c3f3470541847c93bf11ce3cc3b8e0e8205ee2d86ee33035a2ef8,26048,communication,1.882063882063882,22,814,5.042666666666666,0,success,12210,407,1.3566666666666667,47.840057365,4,True,48.202815899,0.0001415209999979794,0.0001558850001410761,bdae487dc78b1412d3bfb0cdd03d5868bfb868bc2f02dd15a445faed313b6b05
True,1,22.36602232399997,1.1198145949999998,1.0392337059999996,22.316147740999988,5570,evaluation_epoch1,766ee7be611e0564582afbf455c1e39e8e2da53fc8c7b3b9488aff70735b7ab0,747,True,300,b0f128a17b64ca0d7df685624d7881cfc35e1406f88e742db12d6907f2308cd4,25600,communication,1.8675,22,800,4.9511111111111115,0,success,12000,400,1.3333333333333333,46.842954948,5,True,46.900756503,0.00014352699997477458,0.0001519280000623624,d318f343c0ff4794b14ef40626457e85848aca92d1f8dac85539c836527f3120
True,1,22.88571568099998,1.220055904,1.0645734,22.976268978999954,5794,evaluation_epoch1,766ee7be611e0564582afbf455c1e39e8e2da53fc8c7b3b9488aff70735b7ab0,767,True,300,efbeaebda989fb78c92bdb9b31d2c0f4b456f79c0932c87fad90a87349b5c6c4,26688,communication,1.839328537170264,22,834,5.150222222222222,0,success,12510,417,1.39,48.148398529000005,6,True,48.206095489,0.00014271700000012544,0.0001546050000151844,2ce127be6703dfa6d715760a4df12cd2f8245c9e63a323ad2c9abac543e7b5fa
True,1,22.334578810000046,1.087817056,1.017069534,22.308227266999985,5465,evaluation_epoch1,766ee7be611e0564582afbf455c1e39e8e2da53fc8c7b3b9488aff70735b7ab0,726,True,300,98c9c5ab0f8b7b0d9fd987e2ab55e1ab92c4d27e296d701b5c5ee360494741c9,25152,communication,1.8473282442748091,22,786,4.857777777777778,0,success,11790,393,1.31,46.749390908,7,True,46.809601499,0.00013361900005293137,0.00014209899994588326,f35be7c3a8d160267fff9779fcb96bc1003e9aee2f6287597183d7f705607b4d
True,1,23.75220605099988,1.084087346,1.003772676,23.696964240999996,6112,evaluation_epoch1,766ee7be611e0564582afbf455c1e39e8e2da53fc8c7b3b9488aff70735b7ab0,809,True,300,7c804ffededa6b195407222de7c2c35799d7feb8c0680d9eb2727d48fedec375,28160,communication,1.8386363636363636,22,880,5.432888888888889,0,success,13200,440,1.4666666666666666,49.539071147,8,True,49.626443648,0.00015859700006215505,0.00016582699994627248,51df906f45732306c659e17cbf7f6d45c8db3b35b383f6ef6e3cdca47792a8e9
True,1,23.095218001999957,1.1249666249999999,0.9285779920000001,23.142989916999987,5731,evaluation_epoch1,766ee7be611e0564582afbf455c1e39e8e2da53fc8c7b3b9488aff70735b7ab0,764,True,300,0338bfec9ebda9f7e4fdd109854dbc07cc0ac8a5e77d833a82d6dce4d20347c6,26368,communication,1.854368932038835,22,824,5.094222222222222,0,success,12360,412,1.3733333333333333,48.293662497999996,9,True,48.35369922,0.0001514689999329022,0.00016159600001675045,dc2a3cc8909c9ca5b764c858a9359d6ec3866f4a3ba703f6a528627638c3ac20
True,1,23.109327709,1.230477722,1.015581541,23.206853110999997,6076,evaluation_epoch1,766ee7be611e0564582afbf455c1e39e8e2da53fc8c7b3b9488aff70735b7ab0,809,True,300,5fd97c054a5df0d76ae0d207f42eff0e6888250c687d2de121fe29966c5de657,27968,communication,1.8512585812356979,22,874,5.400888888888889,0,success,13110,437,1.4566666666666668,48.564111434,10,True,48.624956585,0.0001475960000054677,0.0001645319999457051,d2c402b10a1c82646667bae3cd85b6fd1b7a9a4ff3fb4812905d376abe152436
True,1,23.000267458999943,1.0609961289999998,1.0411457680000002,23.03575245799999,5710,evaluation_epoch1,766ee7be611e0564582afbf455c1e39e8e2da53fc8c7b3b9488aff70735b7ab0,767,True,300,48b2f556d9d8bc45c7e130abd2951bbaea81b1f53f3d239ed81d7b40f5392583,26240,communication,1.8707317073170733,22,820,5.075555555555556,0,success,12300,410,1.3666666666666667,48.140002458999994,11,True,48.195927712,0.00015055899998239752,0.00015124300002344881,72d525790d11bcf52a59734fd05b0558d7c4a67b89ec963783ba6018a3bd6e27
True,1,23.297883681999984,1.199000808,0.9486919140000001,23.435258020999992,5719,evaluation_epoch1,766ee7be611e0564582afbf455c1e39e8e2da53fc8c7b3b9488aff70735b7ab0,764,True,300,6cd3a2c8baa6ab9c0308faa63bfbeaff2508358419f15e2693ec7f5f54abb905,26304,communication,1.8588807785888077,22,822,5.083555555555556,0,success,12330,411,1.37,48.882762847,12,True,49.215428492,0.00014842099996492664,0.00016699500001626788,f3b9e7be9c340adb232301ac3d090850d81a381a6161b3ee6ac17fa0e4f15c68
True,1,23.270455473000013,1.13901355,1.06071908,23.357227289000043,6027,evaluation_epoch1,766ee7be611e0564582afbf455c1e39e8e2da53fc8c7b3b9488aff70735b7ab0,808,True,300,1ccef70b609c52002843f457f500a1224b054eaac5c61b7b52ae266c79312c61,27712,communication,1.8660508083140877,22,866,5.357333333333333,0,success,12990,433,1.4433333333333334,48.829447202,13,True,48.892935743,0.0001711990000550223,0.00017708499996382798,f9d057c8a3ad8dea5a9a2e717467015e1f942fcd7ceaed556e708ac822d23f13
True,1,23.041564844999954,1.196675712,1.0709143500000002,23.178045476,5635,evaluation_epoch1,766ee7be611e0564582afbf455c1e39e8e2da53fc8c7b3b9488aff70735b7ab0,752,True,300,a6cfc89d5e10add81ffc5049997c38d37ad55768b8b039ab9a665c8c9c55c477,25920,communication,1.85679012345679,22,810,5.0088888888888885,0,success,12150,405,1.35,48.48898498,14,True,48.552441198,0.00014030900005357339,0.00014686299991240048,4d9fcc1c84df43e937ecdfde8978e82764233b9da204a6b7a21d8af5ec30b81c
True,1,23.149425904999923,1.128289756,0.978916189,23.10423446900007,5823,evaluation_epoch1,766ee7be611e0564582afbf455c1e39e8e2da53fc8c7b3b9488aff70735b7ab0,784,True,300,917f098a58622e67f022ee9e21670ffcf69d76112457231a9a88bfe27ea69738,26752,communication,1.875598086124402,22,836,5.176,0,success,12540,418,1.3933333333333333,48.362725653,15,True,48.432821738,0.00014719600001811273,0.00017081599994961394,0ad3cf801cf3abd9ab76ecdd457feb6aecd26f4505c2c648ef1b857f77537d11
True,1,23.558270470000007,1.235052942,1.005535195,23.63863963499996,5795,evaluation_epoch1,766ee7be611e0564582afbf455c1e39e8e2da53fc8c7b3b9488aff70735b7ab0,768,True,300,9212806b3e3a73b0fe74390db9e53923e2a7f2445825cd842522fd44cf25ab2a,26688,communication,1.841726618705036,22,834,5.151111111111111,0,success,12510,417,1.39,49.439475298,16,True,49.615380915,0.00015289799995654718,0.00016689999999952576,340daf6efcbe3dd59a552bf22c2d97b4b0e254cb65181b5829f7f63e1399df62
True,1,23.58933956399996,1.220622756,0.9988878690000003,23.660774434000007,5896,evaluation_epoch1,766ee7be611e0564582afbf455c1e39e8e2da53fc8c7b3b9488aff70735b7ab0,785,True,300,562e009c21fa0378ae6caf7febeb7039c31772acac6881eb46776083a4cdf546,27136,communication,1.8514150943396226,22,848,5.240888888888889,0,success,12720,424,1.4133333333333333,49.471630674,17,True,49.536835042999996,0.00015712799997213978,0.00015586799999933731,b3b2037a49025f966b58eca321198a59244cd4a829d9d900ddd828651e85dde5
True,1,23.464316933000028,1.189774216,1.068651048,23.59880413800005,6060,evaluation_epoch1,766ee7be611e0564582afbf455c1e39e8e2da53fc8c7b3b9488aff70735b7ab0,805,True,300,8ab923b9dd23a5acbd26dbf050a4f9991f4a4d4c79ac12f0a3fce36f235c60a8,27904,communication,1.8463302752293578,22,872,5.386666666666667,0,success,13080,436,1.4533333333333334,49.323482659999996,18,True,49.390050621,0.00015326599999365698,0.00016479199996233262,3536cbcaa4ff2963c731174fabf5ea9239b063c23cef0f4a9890d13d0078a299
True,1,23.35837247199997,1.0707546630000002,1.0667199509999998,23.46554499299993,5811,evaluation_epoch1,766ee7be611e0564582afbf455c1e39e8e2da53fc8c7b3b9488aff70735b7ab0,772,True,300,3ae99ad9233269a877dcf971722e6998b2d2da2043d7f60865e20271207dc436,26752,communication,1.8468899521531101,22,836,5.165333333333334,0,success,12540,418,1.3933333333333333,48.963298452,19,True,49.024104918,0.0001523060000052645,0.0001561450000262532,10a9b522d6ce223a657b7afc807909f67e2a08d5a0d34425318fb04affa90e4c
True,1,23.23521452300002,1.129554115,0.9429344339999997,23.274760582999907,5860,evaluation_epoch1,766ee7be611e0564582afbf455c1e39e8e2da53fc8c7b3b9488aff70735b7ab0,785,True,300,b5e085dd301d76fa1e620bcf5bcd6ff3e490809ba3811d248d717366a9c26c40,26944,communication,1.8646080760095012,22,842,5.208888888888889,0,success,12630,421,1.4033333333333333,48.584466256,20,True,48.966321687,0.00015788800000349212,0.00017855499997487811,45d615b22548a09e1b4f860671721962386e5eb9c2b65974f4637ecd9dd3c37b
True,1,22.844326732999956,1.11699526,1.041750241,22.881916204000028,5923,evaluation_epoch1,766ee7be611e0564582afbf455c1e39e8e2da53fc8c7b3b9488aff70735b7ab0,800,True,300,85986d07900ba83da0b833a069928e317d1641055235caf70eb1801cc3938893,27200,communication,1.8823529411764706,22,850,5.264888888888889,0,success,12750,425,1.4166666666666667,47.886806184,21,True,47.946106678,0.00014901399999489584,0.00015625800002094792,e7b73ba8a0538edb28c785fc9eb47c0df51cc19a33e146d71d8c6e0fcf3616b7
True,1,23.217053516000025,1.1368945240000001,1.0071388740000002,23.29048344599998,6110,evaluation_epoch1,766ee7be611e0564582afbf455c1e39e8e2da53fc8c7b3b9488aff70735b7ab0,819,True,300,ac7ade0c1e0b3d9d62f472b9b04f8123921a8c01d79fe6105f8dc1cf802d1323,28096,communication,1.8656036446469249,22,878,5.431111111111111,0,success,13170,439,1.4633333333333334,48.653414651,22,True,48.712256187,0.00014874300000267127,0.0001577719999463767,6292585a99077dc8ae092cc08b46bd4fb3438c0f049ab7e19c4c2a96dde258d4
True,1,22.12545694699992,1.0765476059999999,1.0070685709999998,22.149888650000044,5353,evaluation_epoch1,766ee7be611e0564582afbf455c1e39e8e2da53fc8c7b3b9488aff70735b7ab0,710,True,300,ec36594ca37052702bf9c3f1a563c9e2d0775b2479fb99729a7e5b4499c18f70,24640,communication,1.844155844155844,22,770,4.758222222222222,0,success,11550,385,1.2833333333333334,46.360635788,23,True,46.419633788,0.0001331559999813159,0.00014377599998249835,ac26a0ee3faebc9e5b06d8674819c5f9ceb33adabdc04508e7a5ea0c4c58963d
True,1,23.53446797000001,1.11215423,0.954469655,23.471931807999912,5991,evaluation_epoch1,766ee7be611e0564582afbf455c1e39e8e2da53fc8c7b3b9488aff70735b7ab0,808,True,300,323c24333ea3dfd984fa4accbe6cb35933559c6aa58297976245d9daeb0f340d,27520,communication,1.8790697674418604,22,860,5.325333333333333,0,success,12900,430,1.4333333333333333,49.075008444999995,24,True,49.179359403,0.00015736800011101337,0.00016944599998058862,b1863c23b6197690d072a389c75649f8c1f9d406108d0018406e163be0817b34
True,1,23.121261493000024,1.099430446,0.9743060209999999,23.244164972999958,5799,evaluation_epoch1,766ee7be611e0564582afbf455c1e39e8e2da53fc8c7b3b9488aff70735b7ab0,760,True,300,d97610f17ce50cc2aeb9566daa9004d950695bcfc58cbb86a46658eac25364cf,26752,communication,1.8181818181818181,22,836,5.1546666666666665,0,success,12540,418,1.3933333333333333,48.441054682,25,True,48.499954093,0.00014790600001202137,0.000156045000037075,50073fa5a417cae0fe324c0bbe1d14bf51357b8b2d4d3b5a303bc0f2c498c3b3
True,1,22.867179131000057,1.141180441,0.9919937400000003,22.914692795000054,5855,evaluation_epoch1,766ee7be611e0564582afbf455c1e39e8e2da53fc8c7b3b9488aff70735b7ab0,780,True,300,bbaa2a104b4468670592d1ec29bad64731f32abf000e18e776c2e8331f5bb594,26944,communication,1.852731591448931,22,842,5.204444444444444,0,success,12630,421,1.4033333333333333,47.916845125,26,True,47.97744833,0.00014248199995492428,0.00014897200009134082,ad07fd9bfab3ef3b09acaf3cdf46dbce3455768697ecb8b65be7dec6be147d61
True,1,23.685720235,1.1133669349999997,0.9221784200000003,23.635957366999996,6294,evaluation_epoch1,766ee7be611e0564582afbf455c1e39e8e2da53fc8c7b3b9488aff70735b7ab0,835,True,300,7fd7bdce633d024659874147ff7380d4777f69fd751509f5eebd84a1d2b1ac0a,28992,communication,1.8432671081677705,22,906,5.594666666666667,0,success,13590,453,1.51,49.359253711,27,True,49.417599355,0.00016451499998781927,0.00017570800003197107,f51bf8952dc800878a877b47afe93d153181fc7776dc85acc0e9e8ae3c171efc
True,1,22.86394871500002,1.082400271,0.9797413979999998,22.804337471000107,5428,evaluation_epoch1,766ee7be611e0564582afbf455c1e39e8e2da53fc8c7b3b9488aff70735b7ab0,725,True,300,4ff960284fe8546712ce31d091d2851c92293e6bfa5d6838af39a2a4842c3bd5,24960,communication,1.858974358974359,22,780,4.824888888888889,0,success,11700,390,1.3,47.732360309,28,True,48.002089795,0.00015832399998139124,0.00016346799994426675,062653cfa2499345a7c2a50175cfb85fd59c8b08aa00b4737f711fa42926005a
True,1,22.481196009000016,1.152081923,1.004742622,22.474039128999912,5506,evaluation_epoch1,766ee7be611e0564582afbf455c1e39e8e2da53fc8c7b3b9488aff70735b7ab0,743,True,300,5c87b7269d3db3cb9565c850f79bf86ced1c460ef481b5db487df224f9f6d8ee,25280,communication,1.8810126582278481,22,790,4.894222222222222,0,success,11850,395,1.3166666666666667,47.113894124,29,True,47.173219588,0.00016106099999424472,0.00016968900000557952,e6a3c990866f94d264a9914dbd55a4008f228cee1fd1cc7a8e08c407b75defe3
True,1,23.02238244899997,1.166520256,1.0021823779999997,23.13244951300002,5750,evaluation_epoch1,766ee7be611e0564582afbf455c1e39e8e2da53fc8c7b3b9488aff70735b7ab0,771,True,300,ceb8520557307168c6bd5275164c25fdac93b71a9bcd38a1a92d37c8a220f361,26432,communication,1.8668280871670702,22,826,5.111111111111111,0,success,12390,413,1.3766666666666667,48.325452427,30,True,48.390326611,0.00015286299995809216,0.00016800500010827335,f7cde333d1204ce9f614fe06ac66fa3695fa00993f099c682771d607f7a042f9
True,1,22.435069935000044,1.12088009,1.0118736300000002,22.50350130800002,5433,evaluation_epoch1,766ee7be611e0564582afbf455c1e39e8e2da53fc8c7b3b9488aff70735b7ab0,730,True,300,ae7bfb8a8ffaabd48769263e513512588f8c3dede03d666ab0af6d84e85962c3,24960,communication,1.8717948717948718,22,780,4.8293333333333335,0,success,11700,390,1.3,47.073234529000004,31,True,47.16416912,0.00015339500002076178,0.00016574900008636817,ac01589bfdd7308c74cfce7bf27ad7bf705754ae73761ba8432102f6dd5f9453
True,1,23.381153618999953,1.0807163210000001,0.920963633,23.318218694000116,5699,evaluation_epoch1,766ee7be611e0564582afbf455c1e39e8e2da53fc8c7b3b9488aff70735b7ab0,756,True,300,836d264b8e73dcf7149b55c86f8478d86a010f680c27a1865f523c2c34bc71a1,26240,communication,1.8439024390243903,22,820,5.065777777777778,0,success,12300,410,1.3666666666666667,48.70308072,32,True,48.871089933,0.00015826899998883093,0.0001683679999655574,4b4afc8caed758f2a9b7fa2e20f8dc18681ab5f7d586b4ff279048d6ea2486c1
True,1,22.978388294999952,1.070202099,0.9990691410000001,22.96794369800012,5520,evaluation_epoch1,766ee7be611e0564582afbf455c1e39e8e2da53fc8c7b3b9488aff70735b7ab0,745,True,300,95316b19726d63364eee15ff096d7f254e16a5e847bf7c3b3130fadc539b48ea,25344,communication,1.8813131313131313,22,792,4.906666666666666,0,success,11880,396,1.32,48.017467648,33,True,48.079772713,0.00014360999998075386,0.00016096699994561092,ee15b10ebc99f10f7421c5f9e2219cd81704c2ec26a4114d5812244971be07e9
True,1,22.980958730999973,1.1705816779999998,0.9752959679999997,23.029883865000084,5803,evaluation_epoch1,766ee7be611e0564582afbf455c1e39e8e2da53fc8c7b3b9488aff70735b7ab0,776,True,300,4619926623bb016931cdb5a3e49ae31b8db3dac0e4b96821b9625675ad36d896,26688,communication,1.8609112709832134,22,834,5.158222222222222,0,success,12510,417,1.39,48.158716491999996,34,True,48.224025661,0.00017694300001647179,0.00018763300001500838,ecc6943ec82cf2fbcde893d4b29b1421de7e5d30017ed2778deef4d1dab82795
True,1,23.86375945300005,1.070634998,1.0173450640000001,23.970496781,6368,evaluation_epoch1,766ee7be611e0564582afbf455c1e39e8e2da53fc8c7b3b9488aff70735b7ab0,849,True,300,23e50ec423c675fd85c6fb416cfa58ccc734142adaa3b0d2ac7b89cfb4bac56a,29312,communication,1.8537117903930131,22,916,5.660444444444445,0,success,13740,458,1.5266666666666666,49.924409166,35,True,49.987038825,0.00018985999997855885,0.0001790019999852177,278bb8afb2efe09ceff1c67ae47809c1d4e2fdf8592e77ca170c0cb2758222c2
True,1,23.267683669999997,1.0777857370000001,1.023791984,23.34964023699998,6036,evaluation_epoch1,766ee7be611e0564582afbf455c1e39e8e2da53fc8c7b3b9488aff70735b7ab0,817,True,300,2698c459e88edfbfb40e533890567193f154cf81beb437262e7dd4c1a33e7ab7,27712,communication,1.8868360277136258,22,866,5.365333333333333,0,success,12990,433,1.4433333333333334,48.720993607000004,36,True,49.090493511,0.00015470700007247373,0.00017425099996115634,bd34938ba1c740f8ca7b1ff23973aa9908c4e23437f3a4d65a2179626e5b594a
True,1,23.05877221500002,1.1833934080000001,1.033034936,23.07492116599999,5871,evaluation_epoch1,766ee7be611e0564582afbf455c1e39e8e2da53fc8c7b3b9488aff70735b7ab0,772,True,300,06feccfd0671e3ba9ba382c1cd425d745c8902dc820259ecb69aff73415de608,27072,communication,1.8250591016548463,22,846,5.218666666666667,0,success,12690,423,1.41,48.351965957,37,True,48.412330952,0.00015519400005814532,0.00015277899990540078,1f9fa0dcd7adcad3d85c2b869bd1996c6e0f182e683f50bb57a88691b2182f8d
True,1,22.70359680599994,1.164335963,1.0142344040000002,22.87780508500004,5751,evaluation_epoch1,766ee7be611e0564582afbf455c1e39e8e2da53fc8c7b3b9488aff70735b7ab0,772,True,300,c08384b39043f67ff5feacc931b46591ccd9bf030baf3254156e162b992dc26b,26432,communication,1.8692493946731235,22,826,5.112,0,success,12390,413,1.3766666666666667,47.761785108000005,38,True,47.834780313,0.0001508439999908795,0.00014613000005558874,dc3b09d8f5125dae779f7c132755e1b8a4cf57d8f539d67e27aa639eebfd6af4
True,1,22.822726946999907,1.1424824040000001,1.0417056960000002,22.832537834999915,5831,evaluation_epoch1,766ee7be611e0564582afbf455c1e39e8e2da53fc8c7b3b9488aff70735b7ab0,780,True,300,c0af6a6d0dd940229a4d71a0ee941989bfbb6425cfcd554e29438d5fdbc6381a,26816,communication,1.8615751789976134,22,838,5.183111111111111,0,success,12570,419,1.3966666666666667,47.841333746000004,39,True,47.943767504,0.00015849700003034428,0.00016060100002324162,cdc40f9ca4891b1406fc8e7e86cfdb036abff35f5aef589bd9bc63c1e4327f40
True,1,23.190623376000023,1.0995453510000002,1.0401170449999997,23.306056740000034,5863,evaluation_epoch1,766ee7be611e0564582afbf455c1e39e8e2da53fc8c7b3b9488aff70735b7ab0,788,True,300,3db9712da5ea309715565b36e7c09ded35e46d8175f670eed5e3743af26d49d2,26944,communication,1.8717339667458432,22,842,5.211555555555556,0,success,12630,421,1.4033333333333333,48.638274927,40,True,48.726886887,0.00015635399998137345,0.00015602499989331164,3c2c28cd1171d5f697cf5d9dd4ffdcb30d5aa0af062c6f57d81c3c37f8f5cc6d
True,1,22.39892199399995,1.085917699,0.9479515260000002,22.432831852000042,5350,evaluation_epoch1,766ee7be611e0564582afbf455c1e39e8e2da53fc8c7b3b9488aff70735b7ab0,719,True,300,cbe0d078dbc4d183f4dd4d0832540b13e3a4f37ca2315f50c5bd33b379a45d92,24576,communication,1.8723958333333333,22,768,4.7555555555555555,0,success,11520,384,1.28,46.867359357999995,41,True,46.924239277,0.00013860499992679465,0.00014315599999603634,c970934a0fe6b66e4c4dccfd742ac6016aee0b3561cfc780a1035b13f484c5f6
True,1,22.472308939000037,1.182015114,0.980050672,22.486228261000022,5654,evaluation_epoch1,766ee7be611e0564582afbf455c1e39e8e2da53fc8c7b3b9488aff70735b7ab0,759,True,300,1d753721fcdc6dca545e4e8ee948a5724523c0bd1ef09ba581473653f0f05944,25984,communication,1.8694581280788178,22,812,5.025777777777778,0,success,12180,406,1.3533333333333333,47.122344006,42,True,47.181074474,0.00013885199998942,0.00014327200002162144,46e1d6ee0f40367eb0f6f5effdbe2a7be062553b5be9c36ce94b9ec3faf2d73d
True,1,23.45404309299998,1.114543216,0.9861539009999998,23.40458657399999,6122,evaluation_epoch1,766ee7be611e0564582afbf455c1e39e8e2da53fc8c7b3b9488aff70735b7ab0,819,True,300,40c2d71cde82861f6581ab47f644f232894cd2e5b041fd790ed7b4a9c9668f2d,28160,communication,1.8613636363636363,22,880,5.441777777777777,0,success,13200,440,1.4666666666666666,48.961312498,43,True,49.02076031,0.0001587390000521438,0.0001644549999846312,d429f94b2a391d4e2a1af0785b88454420732b704b2d6c4c69ee3384f80abef6
True,1,22.90624098399998,1.131725795,1.018041498,23.085418491999977,5711,evaluation_epoch1,766ee7be611e0564582afbf455c1e39e8e2da53fc8c7b3b9488aff70735b7ab0,768,True,300,0ca50244ecdcc4c8306edb98bf019162795efd53f9a5e6f91045919fd154b398,26240,communication,1.8731707317073172,22,820,5.076444444444444,0,success,12300,410,1.3666666666666667,48.143386159,44,True,48.517388177,0.0001480689999446838,0.0001613679999259432,fce61106e42343558ce32fcdcbe806a57dc7d80ba49fca85b78c9bce3f4626bb
True,1,23.019697631000014,1.137174358,1.02054403,22.884777108000005,5940,evaluation_epoch1,766ee7be611e0564582afbf455c1e39e8e2da53fc8c7b3b9488aff70735b7ab0,793,True,300,fbddf525c75bb8402e6c6f3f789007e739b0f3a607d71f53876533f83dba85b1,27328,communication,1.8571428571428572,22,854,5.28,0,success,12810,427,1.4233333333333333,48.06404195,45,True,48.127825304,0.0001548980000323219,0.00015870699993403292,689157c923bfc3df11e126366fac87b8b551de12298555286a1f51437895ea8d
True,1,22.9929746739999,1.173292232,0.9765557910000002,23.092591684999903,5931,evaluation_epoch1,766ee7be611e0564582afbf455c1e39e8e2da53fc8c7b3b9488aff70735b7ab0,796,True,300,9e8cb8bfe7a1ba9ad10fd2414c81b524214fc38fd79d4b9a11dc611849bd95ba,27264,communication,1.8685446009389672,22,852,5.272,0,success,12780,426,1.42,48.237243303999996,46,True,48.295877263,0.00014394599988465373,0.00015490399997419857,d93a02de2c99e23260e708a31d460d9f14e825e8010c3c690e6f8fb2fbd564c3
True,1,22.672330034999984,1.0789141400000002,1.0305090379999997,22.72673982900001,5740,evaluation_epoch1,766ee7be611e0564582afbf455c1e39e8e2da53fc8c7b3b9488aff70735b7ab0,773,True,300,aa62de954910925388564e14f96186af9dd17219d6b500a3e57b65c66674d53b,26368,communication,1.8762135922330097,22,824,5.102222222222222,0,success,12360,412,1.3733333333333333,47.510288038999995,47,True,47.572325379,0.00014375300001967517,0.000146815000013234,7254413a8c1fdd3ba910139642d8a59d3f94dee70e1bc1100ea96965525ae805
True,1,23.874798619000032,1.1397204029999999,0.995650999,23.929746771999994,6283,evaluation_epoch1,766ee7be611e0564582afbf455c1e39e8e2da53fc8c7b3b9488aff70735b7ab0,836,True,300,e17ae72805ddd67fe4feb257ee567967272c09ff41c79f21eb4414f356cc32da,28928,communication,1.8495575221238938,22,904,5.584888888888889,0,success,13560,452,1.5066666666666666,49.94208595,48,True,50.041485421,0.00017833600005578987,0.000176441000078853,b1c6c48a740f83bdc7d766007b36667f82bfedef451a5ef00775938f31453f4e
True,1,22.762896756,1.092716417,0.9468029520000001,22.777577555999915,5579,evaluation_epoch1,766ee7be611e0564582afbf455c1e39e8e2da53fc8c7b3b9488aff70735b7ab0,744,True,300,32c0ac65cdf8ecd6c0db234ae07925bf068fa35ef19fec97fa4633bca008d13d,25664,communication,1.855361596009975,22,802,4.9591111111111115,0,success,12030,401,1.3366666666666667,47.581841853,49,True,47.640224085,0.00014355499990026388,0.00015587200007027846,e94982b5953515d91ed051ae0fbbfb7f6e8fd6b9724942dbfc0227666b57e07b
True,1,22.814873738999992,1.1648867050000002,1.0054102049999998,22.857018464999992,5893,evaluation_epoch1,766ee7be611e0564582afbf455c1e39e8e2da53fc8c7b3b9488aff70735b7ab0,794,True,300,e669abd17fce37e2a0137b37336266bbbfa760db71d7abd3d1d7b54bb3ad7869,27072,communication,1.8770685579196218,22,846,5.238222222222222,0,success,12690,423,1.41,47.844013031,50,True,47.904960629,0.00014325500002065894,0.00016049199998890984,405dbbeba1365a187c457623272318da4458099a1b64d32fa14497d1691ee205
True,1,23.872796671000017,1.1175855399999999,1.0021215029999997,23.937247223999975,6445,evaluation_epoch1,766ee7be611e0564582afbf455c1e39e8e2da53fc8c7b3b9488aff70735b7ab0,854,True,300,c74f2d84d89611cf6011283ad80eea27f9d512de8bde554080e34f10a1f230b5,29696,communication,1.8405172413793103,22,928,5.728888888888889,0,success,13920,464,1.5466666666666666,49.932011716999995,51,True,49.994577688,0.00020901899994996143,0.0001835489998707196,2817f151fabdc630183fcc12249106eaef7400611d41abe090307d552935a8a6
True,1,23.28165509500001,1.1825231130000002,0.97410606,23.32822527100005,5791,evaluation_epoch1,766ee7be611e0564582afbf455c1e39e8e2da53fc8c7b3b9488aff70735b7ab0,776,True,300,bc5c190db2d80c6acd4c9c9832e41495c2ea6a61f29020b8d114771043b00c25,26624,communication,1.8653846153846154,22,832,5.147555555555556,0,success,12480,416,1.3866666666666667,48.768478774,52,True,49.115990579,0.00014946500001045138,0.00016489099988792333,290b9d9374537336ac4737070d16a429f5faafc06ebb946f594119b8d81d7d9a
True,1,23.15820245499991,1.148906679,1.0133070770000001,23.047217739999972,5866,evaluation_epoch1,766ee7be611e0564582afbf455c1e39e8e2da53fc8c7b3b9488aff70735b7ab0,779,True,300,b6abbfd98caf35d0ace642ab0e1fe31fad95b0b04846f4c3367b1a9e9db2d910,27008,communication,1.8459715639810426,22,844,5.214222222222222,0,success,12660,422,1.4066666666666667,48.36956385,53,True,48.43352415,0.00016168199998656263,0.0001642259999559137,ca34917bee0ddb9b3c3c948a669d4de8d65caf3a023b77934233d1289a563a9e
True,1,22.824645438000015,1.18992955,1.024167212,22.95584865799998,5551,evaluation_epoch1,766ee7be611e0564582afbf455c1e39e8e2da53fc8c7b3b9488aff70735b7ab0,752,True,300,3c2ce69f3322deddeb1de9aab21b8fa6abb628c0576a7d87af0af3b0aaec75fd,25472,communication,1.8894472361809045,22,796,4.934222222222222,0,success,11940,398,1.3266666666666667,47.996355895,54,True,48.057183407,0.00014054100004257108,0.00014474599996772142,3f8466fe5ec135faca42657c4940192cc754d79c5c0aa787282eb3194362186e
True,1,23.90308193599998,1.085918643,1.0057709959999999,23.83572294800009,6420,evaluation_epoch1,766ee7be611e0564582afbf455c1e39e8e2da53fc8c7b3b9488aff70735b7ab0,865,True,300,d9c181ace48ba1fcd1ad5d6de6085cc9c0866db06dee614bfdbf22cca4172aa9,29504,communication,1.876355748373102,22,922,5.706666666666667,0,success,13830,461,1.5366666666666666,49.832524966,55,True,49.898759572,0.0001653379999240201,0.00016669999991059115,fc2932caceaabd5f5071f1a4b208898e034d0bd7aa9f2b82b08e7431561ee2d3
True,1,23.34737327500004,1.1762140540000001,1.0177315799999997,23.46240410699997,5883,evaluation_epoch1,766ee7be611e0564582afbf455c1e39e8e2da53fc8c7b3b9488aff70735b7ab0,784,True,300,499e5b6a2d31ead6dbedb711c0cc92456b0df6d7ca05176eea6839cfea6b284c,27072,communication,1.8534278959810875,22,846,5.229333333333333,0,success,12690,423,1.41,49.005698485,56,True,49.103879754,0.00015598000007033264,0.00015976499996828153,824e4842dc5b1f153b12cadf42a21de95f000a8aa41198cac16aff23fcd9aac6
True,1,23.254592714000005,1.0709406369999999,1.017807787,23.212647752000002,5711,evaluation_epoch1,766ee7be611e0564582afbf455c1e39e8e2da53fc8c7b3b9488aff70735b7ab0,756,True,300,eed451b7e50d536b2cab86942b00c152355d18cd4a8bd55e3039a601ae7cbd0c,26304,communication,1.8394160583941606,22,822,5.076444444444444,0,success,12330,411,1.37,48.557903773,57,True,48.620128112,0.00014609799993658967,0.00015475900000705423,a9e8447916cedf0fa5f26fa770acf9390c80afb89328b73597e35ebd19ee7821
True,1,22.898329082000007,1.2000118869999998,1.0272047730000002,22.974805790999945,5685,evaluation_epoch1,766ee7be611e0564582afbf455c1e39e8e2da53fc8c7b3b9488aff70735b7ab0,754,True,300,b16aea6dfbcdeb10a4d0c1e9c93c567c9ac711d7fc8de3fb1925c294f8423f83,26176,communication,1.843520782396088,22,818,5.053333333333334,0,success,12270,409,1.3633333333333333,48.102108537,58,True,48.164452758,0.00015579599993387205,0.00014946100006696383,37c21a19cc91c07090798f441782b10dcadca0a64a7bf7a435bd2cff63e222db
True,1,22.79659732399996,1.133886926,1.0644976320000001,22.905502363000053,5590,evaluation_epoch1,766ee7be611e0564582afbf455c1e39e8e2da53fc8c7b3b9488aff70735b7ab0,755,True,300,b10cefa1545965ab6df42b204c560639f0396e4abb77d4d06a4697838a4868b5,25664,communication,1.8827930174563592,22,802,4.9688888888888885,0,success,12030,401,1.3366666666666667,47.902326015,59,True,47.961551345,0.00014675000000430316,0.000148700000041746,4f94a22d6b2a8059686a7bc696c8ba8e1bfc730f3d71129afeefdea3f4b7a4c8
True,1,23.194227459000015,1.10293405,0.966323832,23.186875109999953,5984,evaluation_epoch1,766ee7be611e0564582afbf455c1e39e8e2da53fc8c7b3b9488aff70735b7ab0,789,True,300,dd4afe27130da43e8f574b21e4d589286449f8a6a93c6600a565652dfe706a2d,27584,communication,1.8306264501160092,22,862,5.319111111111111,0,success,12930,431,1.4366666666666668,48.452382639,60,True,48.855032126,0.00015917800005116334,0.00016461499996056617,0bd734af9ec9f672567f336bbca6c113d7d05599d402b1261705a8627ea22869
True,1,22.910348890999984,1.126127318,1.0845988850000001,22.948373969999942,6044,evaluation_epoch1,766ee7be611e0564582afbf455c1e39e8e2da53fc8c7b3b9488aff70735b7ab0,813,True,300,f7814ea286b9625cf2e7240305e1adf391a21c70011bc5666d9c90be9e8f622f,27776,communication,1.8732718894009217,22,868,5.372444444444445,0,success,13020,434,1.4466666666666668,48.071389611,61,True,48.1306936,0.00015962900002275404,0.00017758399992739982,84e7524f021559ce755ff362a77b9f8dc3e94b4881b0ace53be283c4cb0bf59a
True,1,22.67680039100002,1.1501727269999997,0.9694182700000002,22.75650267599995,5709,evaluation_epoch1,766ee7be611e0564582afbf455c1e39e8e2da53fc8c7b3b9488aff70735b7ab0,754,True,300,fda9a131377cd68179972bdbd130821fcf7cec0ccb5300efdb3df5d31e5f31c9,26304,communication,1.8345498783454988,22,822,5.074666666666666,0,success,12330,411,1.37,47.55464978,62,True,47.61247649,0.00013979599993474423,0.0001542360000548193,6b99c17e8643cd603c66e17db6d9057b64ed1bfa0574472c0fc6bb9be5d88921
True,1,23.120911549999917,1.152311717,0.9481479979999998,23.07927459999989,6142,evaluation_epoch1,766ee7be611e0564582afbf455c1e39e8e2da53fc8c7b3b9488aff70735b7ab0,815,True,300,66a362d526433fc967ec10189415cdebad5d89993279bd049866ee196c681b70,28288,communication,1.8438914027149322,22,884,5.459555555555555,0,success,13260,442,1.4733333333333334,48.302560532,63,True,48.367097732,0.0001527360000843636,0.00016101600000961724,eb1d17323a65e60e4a7448aefaf82347cb6da8f73282ca0ba0ab32cc5b3491b3
True,1,23.256282831000025,1.038732378,0.987857532,23.209267657999995,5811,evaluation_epoch1,766ee7be611e0564582afbf455c1e39e8e2da53fc8c7b3b9488aff70735b7ab0,772,True,300,34d2ddef6bfddf74a02c86cbaf5c84ec57bcd33c2e164a11e0d9f8f7d7f9061e,26752,communication,1.8468899521531101,22,836,5.165333333333334,0,success,12540,418,1.3933333333333333,48.494125155,64,True,48.574233685,0.0001537449999888807,0.00016060199989720303,092abb6ffcd4a221fb53297616148edcd00a268844b461960ad1c09eb3f6bdf4
True,1,23.296975283999956,1.060819846,0.9688552870000002,23.359485704000107,5977,evaluation_epoch1,766ee7be611e0564582afbf455c1e39e8e2da53fc8c7b3b9488aff70735b7ab0,794,True,300,9b40a9296e58b45695d94e84abaadcb22b0427f8959edb2780d38d16f84c228f,27520,communication,1.8465116279069766,22,860,5.312888888888889,0,success,12900,430,1.4333333333333333,48.688079632,65,True,48.748870583,0.0001513649999367317,0.00015691399997841415,afca175227c7a665cc804fafec03cfb2686ceab2cfa83dbbe703c83238888bac
True,1,22.72988072599999,1.131692828,1.041095799,22.786169535000035,5907,evaluation_epoch1,766ee7be611e0564582afbf455c1e39e8e2da53fc8c7b3b9488aff70735b7ab0,784,True,300,b676af0971a8a85da360ad33d89d2e47384cb56d413af1957c17f8d6cfff1f73,27200,communication,1.8447058823529412,22,850,5.250666666666667,0,success,12750,425,1.4166666666666667,47.690605358,66,True,47.750615667,0.00014291400001464893,0.0001441879999544149,3923475c5213c0e6eb36940e985ea59a8388d3cf85f870364a415c11b074b01a
True,1,22.675242856000015,1.0163537189999998,0.950914424,22.74303445400003,5605,evaluation_epoch1,766ee7be611e0564582afbf455c1e39e8e2da53fc8c7b3b9488aff70735b7ab0,746,True,300,137486c7ed59804f5526f754fd2933cabdaf9c670df4145d5aa334c061abd1f5,25792,communication,1.8511166253101736,22,806,4.982222222222222,0,success,12090,403,1.3433333333333333,47.387411173000004,67,True,47.444142441,0.00014740599998752657,0.0001566400000667656,4a34e4a1ff80c146c384f456fc958b17d62de2ad9b09592811492a74fdb71f5f
True,1,23.130155644999974,1.0879690269999998,1.0026600689999998,23.17836008799997,5754,evaluation_epoch1,766ee7be611e0564582afbf455c1e39e8e2da53fc8c7b3b9488aff70735b7ab0,775,True,300,d83332a73341367619e7c5220ba1f583f8979eb31aed2058a515592af37f19fa,26432,communication,1.8765133171912833,22,826,5.1146666666666665,0,success,12390,413,1.3766666666666667,48.401198881,68,True,48.76403127,0.00015750700000127793,0.00016715600001404596,fff6ee35afadb9a35e5ab917281409628b8b305d565cd8a7d1a1bc058d89c2bb
True,1,22.709034314000007,1.1695727630000001,1.027638475,22.740584036999998,5674,evaluation_epoch1,766ee7be611e0564582afbf455c1e39e8e2da53fc8c7b3b9488aff70735b7ab0,755,True,300,efc4ff7c581f0d9e1cccef352cc81e90c8ece801cfa5bc7081bbfdff952d0b97,26112,communication,1.8504901960784315,22,816,5.043555555555556,0,success,12240,408,1.36,47.648792856,69,True,47.711824968,0.0001603720000447062,0.00016941100000078535,cc96247fd139207bb53e916cf2a984a94d62c7ad63133a2514efc59caae29845
True,1,23.322314619000018,1.15601185,1.001675071,23.36086366900004,5976,evaluation_epoch1,766ee7be611e0564582afbf455c1e39e8e2da53fc8c7b3b9488aff70735b7ab0,793,True,300,93aba53e406199a8407f0ebd5ac14c4b2e7cc84347d6ed6447a8dd6c1c97f4ad,27520,communication,1.844186046511628,22,860,5.312,0,success,12900,430,1.4333333333333333,48.842928159,70,True,48.90696473,0.00015510999990553387,0.0001767630000060194,0fc55d22b47b2e36390335129db661c63a09575ef729be7d5c7209d1d14d2546
True,1,23.486234240000083,1.136680851,0.9752062749999999,23.599706666999943,6176,evaluation_epoch1,766ee7be611e0564582afbf455c1e39e8e2da53fc8c7b3b9488aff70735b7ab0,813,True,300,a9d38efc600b95c435471d4f380085e83938f43187363d55474109cbdce9b2dc,28480,communication,1.8269662921348315,22,890,5.489777777777777,0,success,13350,445,1.4833333333333334,49.199955327,71,True,49.278238199,0.0001666450000676889,0.00017723699999905307,fbdbf46b7c10d401a31c924439dfc950c8f6d0790a7360a44873f77fb1af3bcc
True,1,23.388433245000012,1.046755266,1.0122667140000001,23.40657176200009,5715,evaluation_epoch1,766ee7be611e0564582afbf455c1e39e8e2da53fc8c7b3b9488aff70735b7ab0,760,True,300,fa9ed4293b5bbc104e2757e9ed86cba2fe27dad444ddcb9b976ca8c4fb385cae,26304,communication,1.8491484184914841,22,822,5.08,0,success,12330,411,1.37,48.855967034,72,True,48.956638529,0.0001596530000331775,0.00015686299998529663,12be5df9b2c82a53ba9d2f736702a6d09332b78dd45743942c7398895ce64513
True,1,22.983013487000015,1.064464886,1.0495712970000002,23.007008649000003,5582,evaluation_epoch1,766ee7be611e0564582afbf455c1e39e8e2da53fc8c7b3b9488aff70735b7ab0,735,True,300,30f08cc0d9a33bf7b96d066387a5a4d50729e85f971b55268ccee0655ac8319d,25728,communication,1.828358208955224,22,804,4.961777777777778,0,success,12060,402,1.34,48.105935062,73,True,48.169133721,0.00014438200002775403,0.00015174800003725508,dedf36b1356f39af44b39efccf3614dd57a8ddd5f8668846310757304af51604
True,1,22.959416921999967,1.1327543489999998,1.0456745060000001,22.983320409000036,5822,evaluation_epoch1,766ee7be611e0564582afbf455c1e39e8e2da53fc8c7b3b9488aff70735b7ab0,771,True,300,69525a859f5097e4f86d0d831bea2bd21165b8c6a78e049eca88972f508286f1,26816,communication,1.8400954653937946,22,838,5.175111111111111,0,success,12570,419,1.3966666666666667,48.123066873,74,True,48.187065563,0.00015261100000607541,0.00016001100007034808,be9548d6f851bd8d00aea3ce421549630e6e55f6a2e69af54018fb49ca6daf96
True,1,22.81895611500001,1.062522463,0.9347070689999999,22.851522227999975,5449,evaluation_epoch1,766ee7be611e0564582afbf455c1e39e8e2da53fc8c7b3b9488aff70735b7ab0,734,True,300,8e1601b056c27bf0a7e3ae1a2b9f7314b6e95b432fa1256c4f370040fdd26863,25024,communication,1.8772378516624042,22,782,4.843555555555556,0,success,11730,391,1.3033333333333332,47.669539277,75,True,47.730222042,0.00014815499997755666,0.0001563679999998513,345b8792f4475548ca9c508d488b12e8df94e2e8c13b019488c6eb5d77738e08
True,1,23.092859136999984,1.1093194149999999,1.016395015,23.113730140999913,5893,evaluation_epoch1,766ee7be611e0564582afbf455c1e39e8e2da53fc8c7b3b9488aff70735b7ab0,782,True,300,7fcdbb1a44fdf62f6e52672d684d08ae4825ca43096f4dd7c896c95eadd5c4a2,27136,communication,1.8443396226415094,22,848,5.238222222222222,0,success,12720,424,1.4133333333333333,48.334308103999994,76,True,48.693696195,0.00015894599998222958,0.0001576639999552043,ca71622a68476bfc2fde8af33207238effd8b13733c42076e01b7a26afbfdb12
True,1,23.58827312899995,1.213930831,1.034543069,23.52048441499997,6417,evaluation_epoch1,766ee7be611e0564582afbf455c1e39e8e2da53fc8c7b3b9488aff70735b7ab0,850,True,300,ac83b343803d12babf5677cb3a255b4c4533f02c6afc1a82342f3da490b82d07,29568,communication,1.8398268398268398,22,924,5.704,0,success,13860,462,1.54,49.359271455999995,77,True,49.422694541,0.00016575299997168003,0.0001748600000821554,bf31b59e33a31ed23ab79398ba593b98c6dca4db7f5856b2704032fc1212e90e
True,1,22.663715042999993,1.1696292430000002,0.967708654,22.61625399900002,5560,evaluation_epoch1,766ee7be611e0564582afbf455c1e39e8e2da53fc8c7b3b9488aff70735b7ab0,737,True,300,e248e9a6e9711c369300a5e83beb032d0db5c4bbbdd59574227a52299baef106,25600,communication,1.8425,22,800,4.942222222222222,0,success,12000,400,1.3333333333333333,47.419065767,78,True,47.477367956,0.0001369679999703166,0.00014582800002527208,c921aeeb17c05f318cf311ac724e781624a73dfa82b0765cba426f58686ec06e
True,1,22.814764449000037,1.08497475,0.9893561970000002,22.89819555800002,5841,evaluation_epoch1,766ee7be611e0564582afbf455c1e39e8e2da53fc8c7b3b9488aff70735b7ab0,778,True,300,7fa8d9ff06d2000caba63be563762cd421c324bde9d076f84053e717ee1256a4,26880,communication,1.8523809523809525,22,840,5.192,0,success,12600,420,1.4,47.789122407,79,True,47.863084191,0.0001504500000524267,0.00014977700003226957,d5c6c711ad6049764723efa576c572985d840dfbe6bdd69e3a905ef8de080b6b
True,1,22.97024139799998,1.054761697,0.99822532,23.00256796500007,5690,evaluation_epoch1,766ee7be611e0564582afbf455c1e39e8e2da53fc8c7b3b9488aff70735b7ab0,759,True,300,0e587a65f45cf871a7e6ef7c875b21609dd1a97d759b695678897331c5b2c4c3,26176,communication,1.8557457212713937,22,818,5.057777777777778,0,success,12270,409,1.3633333333333333,48.027705888,80,True,48.104288075,0.00015711399999940312,0.0001529239999555898,f623e51badcf0545b23eed7a14703c4068549648b0e5529cd3b55458a9c4fc1b
True,1,22.45785698900002,1.075880793,1.0119974889999999,22.425354978000033,5417,evaluation_epoch1,766ee7be611e0564582afbf455c1e39e8e2da53fc8c7b3b9488aff70735b7ab0,726,True,300,32b93dd87471c3ba92f316bedfc60fd55e7d6aeae954882263aca98c4fddfc7d,24896,communication,1.8663239074550129,22,778,4.815111111111111,0,success,11670,389,1.2966666666666666,46.972824492,81,True,47.031744161,0.0001376309999789882,0.0001430149999617214,438c8d8c62ec18bd6f3b9be9bf6dc9ff77c4799301035f5e8def57afb50fd088
True,1,22.77379408799996,1.118168952,1.0702621099999998,22.873244884999966,5866,evaluation_epoch1,766ee7be611e0564582afbf455c1e39e8e2da53fc8c7b3b9488aff70735b7ab0,791,True,300,58cd18cc2521d32bb473fa9ad4e8ea3f6810d787b8e7b163c2899be80daac766,26944,communication,1.8788598574821853,22,842,5.214222222222222,0,success,12630,421,1.4033333333333333,47.837296546,82,True,47.898779588,0.00014875900002975229,0.00014959699996719422,c997e4172fb84b80ab81424d6daf7e1bf783f2f46bf94532085fa5d5883aa1fa
True,1,23.166641683000105,1.0269535640000003,0.974286092,23.19422140600005,5969,evaluation_epoch1,766ee7be611e0564582afbf455c1e39e8e2da53fc8c7b3b9488aff70735b7ab0,798,True,300,fd912bf3cd723f0b8b347c1a845890427df430b6cb0181a20f7e6911de48fcc0,27456,communication,1.8601398601398602,22,858,5.305777777777778,0,success,12870,429,1.43,48.364046737,83,True,48.422568616,0.00015903200001465834,0.00016007300000264735,f3fa4c0362cc7719a32e68809cb617860a73f9816ab099352e660d2403e140fa
True,1,23.046855210000032,1.0942836310000001,1.0537546269999998,23.243694765,5763,evaluation_epoch1,766ee7be611e0564582afbf455c1e39e8e2da53fc8c7b3b9488aff70735b7ab0,760,True,300,d099c191604fdd4ca88a8c45b3f0b1e4a53ec38b7b6ef1173699a4a949808047,26560,communication,1.8313253012048192,22,830,5.1226666666666665,0,success,12450,415,1.3833333333333333,48.440724347999996,84,True,48.847458305,0.00015585800003359296,0.0001720199999559746,01bc3baa87ccec94b2aeafea82200ece96f2ab2a95e6632ce844ef3a23bff180
True,1,22.840182090999985,1.148061152,1.0000725369999999,22.78769540100002,5897,evaluation_epoch1,766ee7be611e0564582afbf455c1e39e8e2da53fc8c7b3b9488aff70735b7ab0,786,True,300,486d8447fd6433cac47f76a1e212b9d25c410bb17761930eb20ac229346f061f,27136,communication,1.8537735849056605,22,848,5.241777777777778,0,success,12720,424,1.4133333333333333,47.777845209,85,True,47.836145097,0.00014847800005135525,0.00015698400000552226,99df562058cf431b5f70e75e18dbecd6ae555fb55461480296c18064e23e3df8
True,1,22.984641482999947,1.146244427,0.9986162569999999,22.902139003999956,5817,evaluation_epoch1,766ee7be611e0564582afbf455c1e39e8e2da53fc8c7b3b9488aff70735b7ab0,778,True,300,8982b1457d3aca24f36f68bccd9e50781ceb79d0268939cc4c03c5e29f3c1b1f,26752,communication,1.861244019138756,22,836,5.1706666666666665,0,success,12540,418,1.3933333333333333,48.033548877,86,True,48.092372028,0.0001657550000335739,0.00015891400000089817,53b1fff2d759d38ce83a1b3b4f7b3735460c0db73c07eb824982bbc30f8d98b6
True,1,22.56710619999988,1.109991462,0.9565270209999999,22.525607126000033,5636,evaluation_epoch1,766ee7be611e0564582afbf455c1e39e8e2da53fc8c7b3b9488aff70735b7ab0,753,True,300,f3fde9dd52820c90d68ddd00987a92544075503260e25607a761ce919fc24aa4,25920,communication,1.8592592592592592,22,810,5.009777777777778,0,success,12150,405,1.35,47.161031044,87,True,47.253228607,0.0001392940000068954,0.00014869399997863297,8a7e0e761af0f9542a1f0ccc28c1936483ed5b06683254f7788231bdbfd388d6
True,1,23.44350626900001,1.0147393279999999,0.976493676,23.461550596000045,5907,evaluation_epoch1,766ee7be611e0564582afbf455c1e39e8e2da53fc8c7b3b9488aff70735b7ab0,784,True,300,c682e3710abfa7b0cf758c7c8060e11d82682ba6ef4a7a7d038c653afb289ea8,27200,communication,1.8447058823529412,22,850,5.250666666666667,0,success,12750,425,1.4166666666666667,48.898486882,88,True,48.975082607,0.0001670759999217175,0.00017336800007372588,7eb2a9eaa5e0414d66fad900bdbf8608ad9f3ca751a8298ea3094042c8d6652a
True,1,23.45630247100005,1.151293029,0.9708240170000002,23.282944194999942,6008,evaluation_epoch1,766ee7be611e0564582afbf455c1e39e8e2da53fc8c7b3b9488aff70735b7ab0,801,True,300,13d39bf0cca86d9ba9e31876cc2f9dbf8a93db9767ba62acd54e1df03c806057,27648,communication,1.8541666666666667,22,864,5.3404444444444445,0,success,12960,432,1.44,48.863436825,89,True,48.927531311,0.00015975899995313014,0.00019115699991800739,46d15274274cf7a76a9044f5b4db25f14963ec5e4fb04490cfd07cfdb160e2d4
True,1,22.87482715899997,1.1070322240000001,1.029341433,22.965980954999974,5912,evaluation_epoch1,766ee7be611e0564582afbf455c1e39e8e2da53fc8c7b3b9488aff70735b7ab0,789,True,300,8861502aa7d92835cacd5dd989ceb306a8f4ff341bbeaa8c588e691bf9e3caf2,27200,communication,1.856470588235294,22,850,5.255111111111111,0,success,12750,425,1.4166666666666667,47.979062080000006,90,True,48.041292603,0.00014901800002586896,0.00015969700002971265,8e4d8279fdd8c293de6342d84be5c3f3a1212caf3d20ac3c314ce5a3006338d3
True,1,23.587508785999947,1.0804460400000002,0.9676656809999999,23.609122629999955,6143,evaluation_epoch1,766ee7be611e0564582afbf455c1e39e8e2da53fc8c7b3b9488aff70735b7ab0,828,True,300,52604565e03b8f01b9ba523c4e8478952fcde21a253998991d4989d2674fcb37,28224,communication,1.8775510204081634,22,882,5.460444444444445,0,success,13230,441,1.47,49.246906176,91,True,49.30881001,0.0001701150000537055,0.00017857800004916768,72c770001cf9bd94ba7571516e38981ea25734c870ae63ddd77978cd0068e82b
True,1,22.443375957000036,1.14815122,1.0400722519999999,22.246056862999975,5280,evaluation_epoch1,766ee7be611e0564582afbf455c1e39e8e2da53fc8c7b3b9488aff70735b7ab0,709,True,300,d2fc858316c8cf9d5f224e26b6e52a4549af6cda8854b0f40c949608baa2e944,24256,communication,1.870712401055409,22,758,4.693333333333333,0,success,11370,379,1.2633333333333334,46.879439337,92,True,47.258423047,0.00013491100005236234,0.00014708799997764643,f4e8f86dff440a2baab119508756da634e270da0df1437ddd2cde72260a51b00
True,1,23.556549809000053,1.125479705,1.0293235269999998,23.56263274400011,6193,evaluation_epoch1,766ee7be611e0564582afbf455c1e39e8e2da53fc8c7b3b9488aff70735b7ab0,842,True,300,b850fd0694f293e7e0901c659361cec266792b396d3ddd0f9dfa6319a381d775,28416,communication,1.8963963963963963,22,888,5.504888888888889,0,success,13320,444,1.48,49.275994155,93,True,49.347048506,0.00015655599999941927,0.00016432399991872515,2f9d22c0cde06fa912ac2cf0127588b7eb9839138c973120cd2e3b1955e7e1a7
True,1,23.46806438200004,1.196803229,1.0924086980000003,23.59749301400005,6063,evaluation_epoch1,766ee7be611e0564582afbf455c1e39e8e2da53fc8c7b3b9488aff70735b7ab0,808,True,300,07bd733462e4f43f29605f2feed1fbb3be855684667b0b0fc78c2983075ff445,27904,communication,1.853211009174312,22,872,5.389333333333333,0,success,13080,436,1.4533333333333334,49.356734355,94,True,49.420483431,0.00014975900007119236,0.00015825500003607829,b5e028b97095da1fb80adefe610baf4ee7a1fdd0a7b1808d10623272022044d7
True,1,23.71240807300009,1.160919383,1.000867763,23.70724593799999,6162,evaluation_epoch1,766ee7be611e0564582afbf455c1e39e8e2da53fc8c7b3b9488aff70735b7ab0,823,True,300,591c6442787a748ba4a348e3c87db4f12d2190c40f9e6a80b398d87cefd65df3,28352,communication,1.857787810383747,22,886,5.477333333333333,0,success,13290,443,1.4766666666666666,49.583442804,95,True,49.650766582,0.00015915300006863475,0.00018902200000603386,754a33c27c3b4795502fb49fd8aaccfd9bb9e060ec5764fe7adc3ae3cb42516c
True,1,23.522028825000042,1.057875279,0.9634332849999998,23.536255648999955,6118,evaluation_epoch1,766ee7be611e0564582afbf455c1e39e8e2da53fc8c7b3b9488aff70735b7ab0,815,True,300,1a7c380c1b489f784adc56fa59b9aa7a34824f36169109c183088fbf81f08c5b,28160,communication,1.8522727272727273,22,880,5.4382222222222225,0,success,13200,440,1.4666666666666666,49.081622544000005,96,True,49.195247574,0.0001622240000282993,0.0001673719999737422,cbbd7a95d6fb88d331cd68676d098950d4e582054d7bd66c8bc8b6c12bf79419
True,1,23.03100927900004,1.188634404,1.02633698,22.903146887000077,5774,evaluation_epoch1,766ee7be611e0564582afbf455c1e39e8e2da53fc8c7b3b9488aff70735b7ab0,771,True,300,655cd0370e222faf0266f3582b9e7e6cc3f44d150411d76c85669ecff5f42b12,26560,communication,1.8578313253012049,22,830,5.132444444444444,0,success,12450,415,1.3833333333333333,48.151008053000005,97,True,48.212922881,0.00014780399997160742,0.0001539850000491505,ad6c31d2ff3e47245248f3f314d79f93aa49c9f592e00e993e60896cebfa6096
True,1,22.552433476000097,1.2147019649999997,1.0406651900000001,22.54843394999997,5456,evaluation_epoch1,766ee7be611e0564582afbf455c1e39e8e2da53fc8c7b3b9488aff70735b7ab0,729,True,300,3fc690f3575b271cf8f02234acded720766552dea8dfc5ff3f1211617d95ec9d,25088,communication,1.8596938775510203,22,784,4.849777777777778,0,success,11760,392,1.3066666666666666,47.357932977000004,98,True,47.420113867,0.00013622899993803728,0.00015371899997740357,31e692f399258543809e9324249e10c571ed9830bbe1184fb2ba5031f816e6e7
True,1,23.34213751599997,1.0385121880000001,0.99554509,23.310156339000013,6144,evaluation_epoch1,766ee7be611e0564582afbf455c1e39e8e2da53fc8c7b3b9488aff70735b7ab0,817,True,300,96d02bdda1284283375a82554f91d11225ded3e47322c9dbf62c4eaa43f9aa39,28288,communication,1.8484162895927603,22,884,5.461333333333333,0,success,13260,442,1.4733333333333334,48.688369836,99,True,48.746778587,0.0001699929999525729,0.00016316700005791773,0b1c477060881304e57cb3d9ebda8ddf14d76fd2a32b1f0c410f7268471e048b
True,1,20.020857407000015,1.005930217,0.8829827940000001,19.94660417700007,5777,timing_final,766ee7be611e0564582afbf455c1e39e8e2da53fc8c7b3b9488aff70735b7ab0,774,True,300,150d29b410cbe8ae5febdbb6a421698a6d4069716390c2396f1aa73107f21968,26560,timing,1.8650602409638555,22,830,5.135111111111111,0,success,12450,415,1.3833333333333333,41.858192635,0,True,41.913761949,0.00016991900001972482,0.00016323600014178652,45a3cd3434570336eef90643b81f0436ecac08bdee847770e0b59dc233e5a96a
True,1,19.566632885000118,0.22674016299999522,0.22784432499999951,19.647267006999982,5777,timing_final,766ee7be611e0564582afbf455c1e39e8e2da53fc8c7b3b9488aff70735b7ab0,774,True,300,150d29b410cbe8ae5febdbb6a421698a6d4069716390c2396f1aa73107f21968,26560,timing,1.8650602409638555,22,830,5.135111111111111,1,success,12450,415,1.3833333333333333,39.670246519,0,True,39.716086691,0.00015894899991764078,0.0001584179998133095,45a3cd3434570336eef90643b81f0436ecac08bdee847770e0b59dc233e5a96a
True,1,19.57814317600007,0.2585380529999952,0.23623168300001396,19.62507138200003,5777,timing_final,766ee7be611e0564582afbf455c1e39e8e2da53fc8c7b3b9488aff70735b7ab0,774,True,300,150d29b410cbe8ae5febdbb6a421698a6d4069716390c2396f1aa73107f21968,26560,timing,1.8650602409638555,22,830,5.135111111111111,2,success,12450,415,1.3833333333333333,39.69968569199999,0,True,39.75413011,0.00016284599996652105,0.00015058900002884457,45a3cd3434570336eef90643b81f0436ecac08bdee847770e0b59dc233e5a96a
True,1,19.65057266700003,1.069021032,0.867457656,19.684956888999984,5530,timing_final,766ee7be611e0564582afbf455c1e39e8e2da53fc8c7b3b9488aff70735b7ab0,743,True,300,36440ad06b3719cf3eb443ed3d705bc849e6427a6d46eb4e2d768fcf8bba6950,25408,timing,1.871536523929471,22,794,4.915555555555556,0,success,11910,397,1.3233333333333333,41.273710301,1,True,41.337945196,0.00016682200003392822,0.00015612100000428342,2854f1e9977630ae8d1b718fc7511e2279ffe3cd5c471bbaaf30eeac8746dea4
True,1,19.42925227700009,0.22789308099999772,0.23816150799999747,19.29482308599995,5530,timing_final,766ee7be611e0564582afbf455c1e39e8e2da53fc8c7b3b9488aff70735b7ab0,743,True,300,36440ad06b3719cf3eb443ed3d705bc849e6427a6d46eb4e2d768fcf8bba6950,25408,timing,1.871536523929471,22,794,4.915555555555556,1,success,11910,397,1.3233333333333333,39.19175224,1,True,39.238516311,0.0001539639999634801,0.00014322699999524957,2854f1e9977630ae8d1b718fc7511e2279ffe3cd5c471bbaaf30eeac8746dea4
True,1,19.36037045100001,0.23252902899999128,0.23246226899999556,19.31725602299997,5530,timing_final,766ee7be611e0564582afbf455c1e39e8e2da53fc8c7b3b9488aff70735b7ab0,743,True,300,36440ad06b3719cf3eb443ed3d705bc849e6427a6d46eb4e2d768fcf8bba6950,25408,timing,1.871536523929471,22,794,4.915555555555556,2,success,11910,397,1.3233333333333333,39.144218026000004,1,True,39.187409087,0.00015622299986262078,0.00014068599993777298,2854f1e9977630ae8d1b718fc7511e2279ffe3cd5c471bbaaf30eeac8746dea4
True,1,20.347710553000034,1.011434125,0.874243737,20.346179452000023,6100,timing_final,766ee7be611e0564582afbf455c1e39e8e2da53fc8c7b3b9488aff70735b7ab0,821,True,300,cf0ec18e96b1a93b5b1b09b37e81bd6403608075f8e226445f6d4ae4439c2355,28032,timing,1.8744292237442923,22,876,5.4222222222222225,0,success,13140,438,1.46,42.581493398,2,True,42.684553839,0.00020092300001950392,0.00017107800001880946,8b01a75ac61961cbcbf8fb60069ccfb0ad8321fc57f4e7f4369c4414b98bbb92
True,1,19.863202866000208,0.2521375529999972,0.24830525800000203,19.84859564299998,6100,timing_final,766ee7be611e0564582afbf455c1e39e8e2da53fc8c7b3b9488aff70735b7ab0,821,True,300,cf0ec18e96b1a93b5b1b09b37e81bd6403608075f8e226445f6d4ae4439c2355,28032,timing,1.8744292237442923,22,876,5.4222222222222225,1,success,13140,438,1.46,40.214040644,2,True,40.30081509,0.00017493700001836032,0.000155338999768162,8b01a75ac61961cbcbf8fb60069ccfb0ad8321fc57f4e7f4369c4414b98bbb92
True,1,19.866798445000086,0.2633171110000063,0.2750370579999952,19.882955602999957,6100,timing_final,766ee7be611e0564582afbf455c1e39e8e2da53fc8c7b3b9488aff70735b7ab0,821,True,300,cf0ec18e96b1a93b5b1b09b37e81bd6403608075f8e226445f6d4ae4439c2355,28032,timing,1.8744292237442923,22,876,5.4222222222222225,2,success,13140,438,1.46,40.28985224499999,2,True,40.342248926,0.00015632600003812058,0.00014971099999172566,8b01a75ac61961cbcbf8fb60069ccfb0ad8321fc57f4e7f4369c4414b98bbb92
True,1,19.678252113000003,1.061958142,0.8994942549999998,19.726831594999936,5589,timing_final,766ee7be611e0564582afbf455c1e39e8e2da53fc8c7b3b9488aff70735b7ab0,754,True,300,0c4c22876f2e0ce4184426734d5fae8751c5044b9b5ad226bd4fe4f1684a55b6,25664,timing,1.880299251870324,22,802,4.968,0,success,12030,401,1.3366666666666667,41.368279505,3,True,41.439457558,0.00017108499999318738,0.00014885300000511137,614c97f9e922e13734b712449e88fa39cb8d6526e538182ec7c42e805b7e786b
True,1,19.39848326499996,0.22760091999999332,0.2288570869999944,19.52965171600016,5589,timing_final,766ee7be611e0564582afbf455c1e39e8e2da53fc8c7b3b9488aff70735b7ab0,754,True,300,0c4c22876f2e0ce4184426734d5fae8751c5044b9b5ad226bd4fe4f1684a55b6,25664,timing,1.880299251870324,22,802,4.968,1,success,12030,401,1.3366666666666667,39.38623170900001,3,True,39.431400545,0.00015109099999932596,0.0001433079999912934,614c97f9e922e13734b712449e88fa39cb8d6526e538182ec7c42e805b7e786b
True,1,19.464541543999857,0.22761254600000314,0.23122934499998848,19.315347909999986,5589,timing_final,766ee7be611e0564582afbf455c1e39e8e2da53fc8c7b3b9488aff70735b7ab0,754,True,300,0c4c22876f2e0ce4184426734d5fae8751c5044b9b5ad226bd4fe4f1684a55b6,25664,timing,1.880299251870324,22,802,4.968,2,success,12030,401,1.3366666666666667,39.24039214199999,3,True,39.283724223,0.00015135900017071435,0.00014206300001262662,614c97f9e922e13734b712449e88fa39cb8d6526e538182ec7c42e805b7e786b
True,1,19.8149303169999,1.010152271,0.8824354750000001,19.873347545999977,5669,timing_final,766ee7be611e0564582afbf455c1e39e8e2da53fc8c7b3b9488aff70735b7ab0,762,True,300,d31efe06e5353cdc64a129da5e7c379b090cec93fa7598ddb75f3b1dd1df4128,26048,timing,1.8722358722358723,22,814,5.0391111111111115,0,success,12210,407,1.3566666666666667,41.582619506,4,True,41.642176587,0.00016340199996500715,0.00016694999991884174,abd80c1c3e6e2bc8444d4f2d8be2f4a7eb201b2fe9ea815d845528862c7676f6
True,1,19.424877332,0.23921984199999713,0.22794283300000018,19.50074683299988,5669,timing_final,766ee7be611e0564582afbf455c1e39e8e2da53fc8c7b3b9488aff70735b7ab0,762,True,300,d31efe06e5353cdc64a129da5e7c379b090cec93fa7598ddb75f3b1dd1df4128,26048,timing,1.8722358722358723,22,814,5.0391111111111115,1,success,12210,407,1.3566666666666667,39.394424654,4,True,39.4390508,0.00015867800014035538,0.00014664599989799854,abd80c1c3e6e2bc8444d4f2d8be2f4a7eb201b2fe9ea815d845528862c7676f6
True,1,19.468082261000035,0.23327427600000306,0.232153045000004,19.600356336999837,5669,timing_final,766ee7be611e0564582afbf455c1e39e8e2da53fc8c7b3b9488aff70735b7ab0,762,True,300,d31efe06e5353cdc64a129da5e7c379b090cec93fa7598ddb75f3b1dd1df4128,26048,timing,1.8722358722358723,22,814,5.0391111111111115,2,success,12210,407,1.3566666666666667,39.535575527000006,4,True,39.581121089,0.00016735599984940563,0.00015370599986397337,abd80c1c3e6e2bc8444d4f2d8be2f4a7eb201b2fe9ea815d845528862c7676f6
True,1,34.89084769,1.129647345,0.9907964089999999,35.10419326800002,19516,evaluation_epoch1,bccd9316f5533fe106d3eda6df3e191929f89966836185a11f7d306c520e3f06,2441,True,1000,08cb20d7217b44041e0c60f4d2d7c81d942b1c3ce9cc7f4f58dc864517dd38cb,90944,communication,1.71780436312456,22,2842,5.204266666666666,0,success,42630,1421,1.421,72.122230368,0,True,72.70857701,0.0005045349997345738,0.0005517159999888221,ec19f7303429175a11993dbf69fc9a99f302bfd5625f4b3bef9ffff8e8fdf195
True,1,33.38530479400001,1.157241532,0.9998848790000001,33.434003565000076,19203,evaluation_epoch1,bccd9316f5533fe106d3eda6df3e191929f89966836185a11f7d306c520e3f06,2404,True,1000,de287b5a0f47f01336a19ca76f31d6c9cb0b9eb36effd9ba211920409ebfb750,89472,communication,1.7195994277539342,22,2796,5.1208,0,success,41940,1398,1.398,68.981986063,1,True,69.06812357,0.00046354300017048544,0.00047667400042161745,5e6fea804f3f02610d19de0b011e048733b2499a310c0901c6d575b904afd721
True,1,35.28188488599994,1.01866981,0.9713723170000002,35.806720243999976,19480,evaluation_epoch1,bccd9316f5533fe106d3eda6df3e191929f89966836185a11f7d306c520e3f06,2441,True,1000,d01c0db3a32b7d21c58b0d1e98332c106079a8b9125148233a42b416b9727c10,90752,communication,1.721438645980254,22,2836,5.1946666666666665,0,success,42540,1418,1.418,73.084804818,2,True,73.173448378,0.00046895099998955914,0.000528542999930437,88d6d8b423d0cf20371493261e0434d98107296ad0d89c48123768c2bcded3fe
True,1,34.25395325600013,1.075437509,0.985767684,34.73420294800012,19890,evaluation_epoch1,bccd9316f5533fe106d3eda6df3e191929f89966836185a11f7d306c520e3f06,2503,True,1000,f13ef7db58bcfe90259f78bbbbf255e3da55b21a23b0ebfa57cacfdaff7c9dba,92608,communication,1.7297857636489289,22,2894,5.304,0,success,43410,1447,1.447,71.055382708,3,True,71.157590267,0.0004722890000437019,0.00047548700012178813,78646c186d0b3bdf97b0be5a4882e42dc9cd8b0502b1bd77cdc6f6c0bc65b3a7
True,1,35.22818006100027,1.059032684,0.9472090120000001,35.52570186200008,19031,evaluation_epoch1,bccd9316f5533fe106d3eda6df3e191929f89966836185a11f7d306c520e3f06,2388,True,1000,4efe226c5e9f7a04ee2e2a7c661b3969a02acb0c571c7d57414cd84b5374844d,88640,communication,1.724187725631769,22,2770,5.074933333333333,0,success,41550,1385,1.385,72.766430446,4,True,72.902908042,0.00047741599980710703,0.0005221199999705384,e8dc69b24f40eaae59afe819ac543c5a4df3c5fb8838f97c872fc3224dfb3ecd
True,1,35.482764789999905,1.1072800749999998,1.017385395,35.34890919500009,19171,evaluation_epoch1,bccd9316f5533fe106d3eda6df3e191929f89966836185a11f7d306c520e3f06,2420,True,1000,8a57ed9caa316b310fd6fba3646ebb203ed219d0b6ab3bee7191be6e26f6fd32,89216,communication,1.7360114777618365,22,2788,5.112266666666667,0,success,41820,1394,1.394,72.962666176,5,True,73.055862529,0.0004779000002650413,0.0004967229999519596,dd0eb33052670efd0634015a474671a3531e8f1de1c190762e99279c62f24934
True,1,34.20467309399986,1.109627996,0.9728321630000001,33.94474746699987,18701,evaluation_epoch1,bccd9316f5533fe106d3eda6df3e191929f89966836185a11f7d306c520e3f06,2370,True,1000,d76143d1ac7dcd822a4cd124a79b5269d32715b01265318a7358a51128902b22,86976,communication,1.7439293598233996,22,2718,4.986933333333333,0,success,40770,1359,1.359,70.23735377300001,6,True,70.328050085,0.00044898699997597546,0.00046795899987683853,aa85346254f6fa48636d11bb50cd5ba451f97e71b8d4d578d766f65fb9233f16
True,1,35.1771303959998,1.1350674280000002,1.005487972,34.9378007669998,18792,evaluation_epoch1,bccd9316f5533fe106d3eda6df3e191929f89966836185a11f7d306c520e3f06,2353,True,1000,17d77188808237a655a32f17b8db28073aca8b6059c4738a7d3e83119c0bb291,87552,communication,1.720029239766082,22,2736,5.0112,0,success,41040,1368,1.368,72.26146311699999,7,True,72.349832538,0.0004639529998504699,0.00046463200022595075,a9ebe696030ca164f87ce45dc1100edbdac4b36180963c221d8e05ba031eae1f
True,1,33.94748017399988,1.1845581649999999,1.01068326,34.193260572999804,18796,evaluation_epoch1,bccd9316f5533fe106d3eda6df3e191929f89966836185a11f7d306c520e3f06,2345,True,1000,6974ff1f036b7190ec641e16d62ad1ed77a5cfe07b93c9ce608aec6ec965903e,87616,communication,1.7129291453615778,22,2738,5.012266666666667,0,success,41070,1369,1.369,70.341977382,8,True,70.898274647,0.00046378699992066785,0.00048578300009882724,bc7dbaf511609f99ee750800aa2c8c7e132461b258b547af0adc60b7a80aa694
True,1,33.67761091699986,1.175585472,1.0574212630000002,33.79380975499981,18943,evaluation_epoch1,bccd9316f5533fe106d3eda6df3e191929f89966836185a11f7d306c520e3f06,2384,True,1000,3be47f8b08dd3feec139ecee276ad324e977136dd371118f7d7b051cc4241c2d,88192,communication,1.730043541364296,22,2756,5.051466666666666,0,success,41340,1378,1.378,69.710032548,9,True,69.802457109,0.00047150299990983413,0.0004628969999962429,e707da8a07041c647c4e0ddb96b7919eeeaa44c7c062a2334d7801c5c4787954
True,1,34.7282854690001,1.103070636,1.028793196,34.54639438200012,18727,evaluation_epoch1,bccd9316f5533fe106d3eda6df3e191929f89966836185a11f7d306c520e3f06,2360,True,1000,b8bf478958c29a2772a4535f8329c60e84553fee982b64055fce683b85957492,87168,communication,1.7327459618208516,22,2724,4.9938666666666665,0,success,40860,1362,1.362,71.412194294,10,True,71.50076648,0.00044641600022066186,0.00043649900002007413,2bb5f5477fcbf4d228cc2cfbf3e695efed702f626c692d11bf632e6cdac3965c
True,1,33.99213812399998,1.163071783,1.0704174780000002,34.28478701900023,18752,evaluation_epoch1,bccd9316f5533fe106d3eda6df3e191929f89966836185a11f7d306c520e3f06,2385,True,1000,30d53b0156938532bcf6456aa039c55fb9268cd8a64ebc2600f95ec9d5898797,87168,communication,1.751101321585903,22,2724,5.000533333333333,0,success,40860,1362,1.362,70.51596641,11,True,70.623246847,0.000441630999828746,0.0004338509999497475,3c05ba0ea41a5b48b067770c3e5749c05b5dcb2e37eb6078ff29f98c44f6f693
True,1,34.80344399299981,1.0518901600000001,0.9572555420000002,34.80107037100006,19514,evaluation_epoch1,bccd9316f5533fe106d3eda6df3e191929f89966836185a11f7d306c520e3f06,2463,True,1000,b9f169971a68fe52f893773e4c19e948335dac980cc574c59375ebad2f63fe19,90816,communication,1.7357293868921775,22,2838,5.203733333333333,0,success,42570,1419,1.419,71.61969311499999,12,True,71.744249822,0.0004809480000873556,0.00048275200000080787,5bb555aa03436d04681eedde001ba5b8229e7ca10bb50aa5520c87c5321f0e32
True,1,34.020274800000024,1.082428858,0.9675520669999997,33.73487367200008,18182,evaluation_epoch1,bccd9316f5533fe106d3eda6df3e191929f89966836185a11f7d306c520e3f06,2283,True,1000,a4dc34da44ebd3103feb37bb82f95ec873dec27173ac3d244ef1d6fa5802a52e,84672,communication,1.72562358276644,22,2646,4.848533333333333,0,success,39690,1323,1.323,69.810704647,13,True,69.898389804,0.00042729200010604984,0.00044865200026089624,1cc8e102e2d201f2c54b6698ecdfe63caf2e768e1e6b67e178a7c4ba6b011235
True,1,33.92489743700015,1.174562783,1.055829377,34.17217293099998,18881,evaluation_epoch1,bccd9316f5533fe106d3eda6df3e191929f89966836185a11f7d306c520e3f06,2370,True,1000,c05bdfd40c0d3d96ff20e3dd137630d06fa9ef388a11e54a4fe64052471f656b,87936,communication,1.724890829694323,22,2748,5.034933333333333,0,success,41220,1374,1.374,70.333067301,14,True,70.424787431,0.0004457770000625416,0.00048152999992367995,b3d35dfaa37beb9b18972e2d93e3c5cb0d9d38dc0ae5b642c684c3142e0fa184
True,1,33.838477404000415,1.1101682519999998,0.9711170630000001,34.35491486900004,18505,evaluation_epoch1,bccd9316f5533fe106d3eda6df3e191929f89966836185a11f7d306c520e3f06,2330,True,1000,4caf583f13f908c075168b95f4b9662783fce3cd2b6cd7bf18e0ab8758dbaeea,86144,communication,1.7310549777117386,22,2692,4.934666666666667,0,success,40380,1346,1.346,70.280282445,15,True,70.365495062,0.0004426080000587973,0.00045324699997095763,4521e25e7875f5d641ff491a36b8e0ecc5cbb5b9ed6b717c99729f84eb56a6d1
True,1,33.97542401300001,1.1339459650000001,1.0067354730000002,34.289507813999826,18836,evaluation_epoch1,bccd9316f5533fe106d3eda6df3e191929f89966836185a11f7d306c520e3f06,2385,True,1000,ca2b2733cfc3f035a828761b01252e0e8703673801af6ccbe9a30d34593c2294,87616,communication,1.7421475529583639,22,2738,5.0229333333333335,0,success,41070,1369,1.369,70.41174099300001,16,True,70.953478795,0.0004573150000588555,0.0004866639999905331,18ca4fbbd547c3bd171d0b032ae0194305693764a06a7134e84dc54acc8e1994
True,1,33.57126492299973,1.1612472239999998,1.0153810289999998,33.53884465000008,18934,evaluation_epoch1,bccd9316f5533fe106d3eda6df3e191929f89966836185a11f7d306c520e3f06,2387,True,1000,c90fa395f9d3d2f6c87b5a9c8ce4813d5c3424ee0a35d3332a64953ac6141eaa,88128,communication,1.7334785766158316,22,2754,5.049066666666667,0,success,41310,1377,1.377,69.292517566,17,True,69.382731562,0.00048490199991979566,0.0004965390001459014,ffdfd0cf83b4b41d77c80f4ab74f2e00e1fff42a995ee0045f7ced297bd6adc7
True,1,34.46683684099984,1.068435709,0.961853069,34.49260847200013,19026,evaluation_epoch1,bccd9316f5533fe106d3eda6df3e191929f89966836185a11f7d306c520e3f06,2395,True,1000,7ee091211189ae42ba8185c3487a3bf6645f6035fdb91c4c27ab998ce6dc0e5c,88576,communication,1.7304913294797688,22,2768,5.0736,0,success,41520,1384,1.384,70.99555668,18,True,71.085670555,0.00044481699988541124,0.0005154970000882386,d5c5c1c79b2dd631a371050a9e8de6a9691da26afda89609c56340d0b0260a46
True,1,33.86144498399999,1.1571137930000002,1.0478753699999999,33.99915765899988,18921,evaluation_epoch1,bccd9316f5533fe106d3eda6df3e191929f89966836185a11f7d306c520e3f06,2386,True,1000,f7cd6e574f6fd95e67043c85146876b8a14cd15d8ea0abe2f62f948c1da61d1c,88064,communication,1.7340116279069768,22,2752,5.0456,0,success,41280,1376,1.376,70.07173521,19,True,70.172990417,0.0004586379999187429,0.0005044559999873854,f47ab2f102367c9ba3333a53d55a17e134fe3f3a3e47e70e399251d8daa73d6f
True,1,34.398439986000234,1.060729448,0.9471559280000001,34.452558555999985,18289,evaluation_epoch1,bccd9316f5533fe106d3eda6df3e191929f89966836185a11f7d306c520e3f06,2294,True,1000,4a1dea6f6220d5378e3daedeab7a2d3f9e1a9015f1761dba64ba589bb8d7b6a8,85184,communication,1.7235161532682193,22,2662,4.877066666666667,0,success,39930,1331,1.331,70.864698401,20,True,70.991316672,0.00045974399993609083,0.0004908309999178684,acab835c5d4103959adf9bbb7f282b0f7e0ad71dbce08cd01822a0ecc0512a24
True,1,34.42543853199986,1.032690968,0.99733202,34.588719145000006,18608,evaluation_epoch1,bccd9316f5533fe106d3eda6df3e191929f89966836185a11f7d306c520e3f06,2325,True,1000,0f6bbc87174f2a490ea50ecd97c983ef5553b3eb5a7a0673b943749c2cc812a0,86720,communication,1.7158671586715868,22,2710,4.962133333333333,0,success,40650,1355,1.355,71.05008024700001,21,True,71.141483437,0.00043753699989990125,0.0004993309998106987,78e8a5354b73ae6162a8d59e876da6689be2a1b2d6470eaa30a749c513373c6d
True,1,33.99778760699989,1.1135346419999999,1.025765645,34.04055048499998,19164,evaluation_epoch1,bccd9316f5533fe106d3eda6df3e191929f89966836185a11f7d306c520e3f06,2389,True,1000,5a8c6e789f8bf6571e7ef98ad996c854d7cf4db99614dbdc0a3446e955d99611,89344,communication,1.7113180515759312,22,2792,5.1104,0,success,41880,1396,1.396,70.18354339599999,22,True,70.275582659,0.0004644699995797197,0.000463965000171207,b3913963655d8ff7f4e1f368e4b2f27e40e8d13817d0ec09415b52166c038452
True,1,34.42387349099962,1.0923918920000002,0.9779049890000002,34.15945169599995,18623,evaluation_epoch1,bccd9316f5533fe106d3eda6df3e191929f89966836185a11f7d306c520e3f06,2316,True,1000,e1c4c4dc4b6421149154356c455d9e1c23f30ddcfe073f1730dc6e3e721c203a,86848,communication,1.7067059690493736,22,2714,4.9661333333333335,0,success,40710,1357,1.357,70.659527784,23,True,70.7472674,0.00044742799988650717,0.0004860349999549207,5fc70fb94a5a86d39730952ea5353ebd681d231ac45197e6ed57846c55435f03
True,1,33.73860520400008,1.137382969,1.010577176,34.03543288099997,18601,evaluation_epoch1,bccd9316f5533fe106d3eda6df3e191929f89966836185a11f7d306c520e3f06,2342,True,1000,0f1a199af745bc64eeacd5c65c3944c4bfb20b8f4cf2e9d6d869444d15a0ad41,86592,communication,1.7309682187730968,22,2706,4.960266666666667,0,success,40590,1353,1.353,69.927810737,24,True,70.457814111,0.00044619700003600826,0.00046770900030068674,eea242c875a9ec0675b5bf83361de3f257f397366d7263b0154805860190da7c
True,1,33.34100726699999,1.240083652,1.070742944,33.30599222800004,18959,evaluation_epoch1,bccd9316f5533fe106d3eda6df3e191929f89966836185a11f7d306c520e3f06,2412,True,1000,d78bf42ab9dd1302e6444c7e0999670c103e1ee52a0e7a3917c90743e3d53ed3,88128,communication,1.7516339869281046,22,2754,5.055733333333333,0,success,41310,1377,1.377,68.963288281,25,True,69.05189933,0.0004513440001767677,0.0004484189998388288,224a76d0ce504b6ac8e45f9847785a9094d1376713d64238993bfeb58da0f907
True,1,34.60454306200019,1.0709066950000001,1.010613133,35.05924949299978,19554,evaluation_epoch1,bccd9316f5533fe106d3eda6df3e191929f89966836185a11f7d306c520e3f06,2443,True,1000,53c99942befd5b246559273440bad5cf9af072685a4d3de0ebe17691193e605b,91136,communication,1.7155898876404494,22,2848,5.2144,0,success,42720,1424,1.424,71.751051842,26,True,71.840218872,0.00045242299990766455,0.00046835899992858643,702acb05c09a25c1e06004ab33ab33d014953a81812c6c643b130015ada398d2
True,1,33.2926172099999,1.1548656630000003,0.9931586560000001,33.48109372499995,18407,evaluation_epoch1,bccd9316f5533fe106d3eda6df3e191929f89966836185a11f7d306c520e3f06,2304,True,1000,5aff8a1363cd630dc7b6a7ea6b39016e67cc463f99aefc9997089a80dc6c96ee,85760,communication,1.7194029850746269,22,2680,4.908533333333334,0,success,40200,1340,1.34,68.927203283,27,True,69.042409759,0.0004308830000865349,0.00046221900007870076,4e5f207620311501a5266817026676b7db4511c815ce547e87f25bc841cda6bc
True,1,34.66099772499997,1.06450574,0.9594578640000002,34.87968467999993,18718,evaluation_epoch1,bccd9316f5533fe106d3eda6df3e191929f89966836185a11f7d306c520e3f06,2351,True,1000,2da2728819d42a23a8fff66abe4125220fd26c5e74f0af71d4580b3b79be4a8b,87168,communication,1.7261380323054332,22,2724,4.991466666666667,0,success,40860,1362,1.362,71.57075453499999,28,True,71.811541569,0.0004838340000881125,0.0004962899999867432,128940d03e4063ba36486e79e981bc228f14540f5bb1a2e49e20de30fe430ba4
True,1,34.808901604999974,1.0490657090000002,1.0044829810000002,34.746982428999964,18723,evaluation_epoch1,bccd9316f5533fe106d3eda6df3e191929f89966836185a11f7d306c520e3f06,2356,True,1000,bcc2a729fd9d91584307686a697c1b3cbfc3c874a64be12553c4c7d679c6cd09,87168,communication,1.7298091042584434,22,2724,4.9928,0,success,40860,1362,1.362,71.615125862,29,True,71.70526383,0.000438938999870242,0.0004526060000880072,0d1200aabcef8e4af049f6502cf44b8be99bab47cbd064df39ba4e6bd3bf1cdc
True,1,33.85548965599988,1.166282313,0.988292827,33.939919139000025,19413,evaluation_epoch1,bccd9316f5533fe106d3eda6df3e191929f89966836185a11f7d306c520e3f06,2446,True,1000,f14bc35a28b59d018ef82ba921ea15605e429ae9dd3883c1e84247fc7cdec65b,90368,communication,1.7322946175637395,22,2824,5.1768,0,success,42360,1412,1.412,69.955563668,30,True,70.045322929,0.000456050999866342,0.00046891999985332333,ffc1ebc363f7d0028c612b9aab983f641a3a47f79a24c0ac5fffec66eeabe532
True,1,34.25782863899979,1.0923778450000001,0.9401973239999999,35.03568880200005,18840,evaluation_epoch1,bccd9316f5533fe106d3eda6df3e191929f89966836185a11f7d306c520e3f06,2389,True,1000,da8611d91fc0c2f7d82cf5f807a563e86f0693013ef8edf0f4efee491e15746e,87616,communication,1.7450693937180424,22,2738,5.024,0,success,41070,1369,1.369,71.331956877,31,True,71.418359841,0.00045102799973406604,0.0004942619999535047,bccafe909ae5961a97e4237d3f61880c70719712aed85f665e16c0a0c49d10fc
True,1,33.738311262999915,1.1152793509999999,1.0629438699999998,34.10159287600002,18294,evaluation_epoch1,bccd9316f5533fe106d3eda6df3e191929f89966836185a11f7d306c520e3f06,2311,True,1000,24bbe4377d40cc5d2d05fc808a51344cf595a57f7e701dcc6a498197d9eec77d,85120,communication,1.737593984962406,22,2660,4.8784,0,success,39900,1330,1.33,70.024007053,32,True,70.561684455,0.00045866100002234234,0.00047657499998976505,b0b6045569a12e4c3ae3c22a308eaf111a5e267dec97d8582796c5e239770a99
True,1,33.256758193000174,1.169873919,1.01911694,33.35477029499974,18353,evaluation_epoch1,bccd9316f5533fe106d3eda6df3e191929f89966836185a11f7d306c520e3f06,2334,True,1000,f7af90c4b3774733d478ced84c8b6bc076f650b0d89b83b7a70317821c44df30,85312,communication,1.7509377344336083,22,2666,4.8941333333333334,0,success,39990,1333,1.333,68.80616767800001,33,True,68.901834509,0.0004746969999418482,0.0004728330000087766,c5f30870991cf6714f7bd8f347aabea27be2583832b6460a5551f23822060451
True,1,34.46784412199983,1.130690392,1.0120899899999998,34.52215773800017,19077,evaluation_epoch1,bccd9316f5533fe106d3eda6df3e191929f89966836185a11f7d306c520e3f06,2374,True,1000,2d8d1dce94653b85f44bf9ca200cac28de8be07b28e87544acadc19d3dc2a216,88960,communication,1.7079136690647483,22,2780,5.0872,0,success,41700,1390,1.39,71.13849118,34,True,71.230148861,0.00044216599999691297,0.00047302700005724674,df09f0216876a775e456109e9913be54c6e759c89bbe9100843f70acddcf5149
True,1,34.06819700400021,1.1905170959999998,1.0153474659999997,34.25407359400006,19684,evaluation_epoch1,bccd9316f5533fe106d3eda6df3e191929f89966836185a11f7d306c520e3f06,2477,True,1000,1184566d95817809812daa4954da976b5288e5ce52907015480a3e10207f8413,91648,communication,1.7297486033519553,22,2864,5.249066666666667,0,success,42960,1432,1.432,70.534185717,35,True,70.631113341,0.0004692959999217372,0.0004718349999750515,e1576179f76e01e6c07c0b27ba84fb26b36b39678d4187b46d68f65838b2685d
True,1,34.81734772299989,1.106655597,1.0052590329999997,34.958107542,19053,evaluation_epoch1,bccd9316f5533fe106d3eda6df3e191929f89966836185a11f7d306c520e3f06,2398,True,1000,10166eea7701fdc472704a73c07900a853f235c41bbc9fea34307bde1a549734,88704,communication,1.7301587301587302,22,2772,5.0808,0,success,41580,1386,1.386,71.893308835,36,True,72.04310542,0.00045029200020829663,0.0004934839998154139,b7f7f5026db828e3bce0735e91c271cae7d76cd5ca8cfb97071d4cca5d2dcbbb
True,1,34.993249601000024,1.061029619,1.0084045319999997,35.00924427299995,19016,evaluation_epoch1,bccd9316f5533fe106d3eda6df3e191929f89966836185a11f7d306c520e3f06,2385,True,1000,903d198704377d68059fdf55f6309313c09fa639ee26b078f7e0780be0be0100,88576,communication,1.7232658959537572,22,2768,5.0709333333333335,0,success,41520,1384,1.384,72.077783897,37,True,72.171141926,0.0004519310000881127,0.00047150099995407757,bab4cf0fc295119c902aa262acc1e7afb41d09f22080d2886e5deab4c551825f
True,1,33.70186314200018,1.123651911,0.9679947150000001,33.710621656999884,18705,evaluation_epoch1,bccd9316f5533fe106d3eda6df3e191929f89966836185a11f7d306c520e3f06,2350,True,1000,8d75a636c9a0428bffafa07ef01480772034b29f56c54dc107b615ae8c208e32,87104,communication,1.7266715650257163,22,2722,4.988,0,success,40830,1361,1.361,69.50968849399999,38,True,69.605390286,0.00044950800015186587,0.0004983720001541236,c39bce4e9eb95b2e4192121ae7ba2eb94a938d2bf6b0b82e11785eb697431d89
True,1,35.055835555000286,1.108409345,0.9885468579999999,34.43602777999995,18840,evaluation_epoch1,bccd9316f5533fe106d3eda6df3e191929f89966836185a11f7d306c520e3f06,2377,True,1000,d1ad7ecdab77ea7cae6bcd74ebf912a8694812751115cbb24955546405bad55f,87680,communication,1.735036496350365,22,2740,5.024,0,success,41100,1370,1.37,71.59456513399999,39,True,71.683654462,0.0004485020001334661,0.0004716689999004764,f710305f4df564bb48d544503e01645a8d8cda7707adbbe7b4a1c6dca1ac24d6
True,1,34.62875325199971,1.130370293,0.9782162970000003,34.69492302799987,19239,evaluation_epoch1,bccd9316f5533fe106d3eda6df3e191929f89966836185a11f7d306c520e3f06,2428,True,1000,7024b7205b16fbeae7b9e647c30b10d43cc843a9d672eabb539fed26821a3f98,89536,communication,1.7355253752680486,22,2798,5.1304,0,success,41970,1399,1.399,71.438746866,40,True,72.012887335,0.00048132700018355123,0.0005360700000704988,628f8967fcbb5b51270d9ef77d10540f45bb53f256baf9c9ef10cc26d0589996
True,1,33.74700220899993,1.220086014,1.0317640080000001,33.75458002399997,19499,evaluation_epoch1,bccd9316f5533fe106d3eda6df3e191929f89966836185a11f7d306c520e3f06,2448,True,1000,f213348331f70aff4f8d8cc26c03271406a20c73ed73a4862ccecbf31b382d21,90816,communication,1.7251585623678647,22,2838,5.1997333333333335,0,success,42570,1419,1.419,69.75920858299999,41,True,69.849584331,0.00048615399996299047,0.00047873600014458617,7dd8eeb34695e4e799ec228314f3b1fedf7b46051f0ed0a72545639e3f6d116b
True,1,35.74654899,1.0898275560000001,1.026410222,34.72972559699987,19586,evaluation_epoch1,bccd9316f5533fe106d3eda6df3e191929f89966836185a11f7d306c520e3f06,2499,True,1000,d443c91c59e246b1f81e5375f3fdf837a646c3a770fcc20a2dde5eb7b2a74d2a,91008,communication,1.7573839662447257,22,2844,5.222933333333334,0,success,42660,1422,1.422,72.598653918,42,True,72.689124699,0.000472990999909495,0.0004970369997252533,d7b23c9f64a08c4988127ed15ebfa312a1d04fb6dc26b214435bb65d24d0540f
True,1,33.685532153000366,1.164692595,1.0109711450000003,33.505724577999935,18755,evaluation_epoch1,bccd9316f5533fe106d3eda6df3e191929f89966836185a11f7d306c520e3f06,2352,True,1000,ebdbebf2f8ef4faace98918d0752fe0d8b17827e642145c3ef9435eb981b69fe,87360,communication,1.7230769230769232,22,2730,5.001333333333333,0,success,40950,1365,1.365,69.372540103,43,True,69.503061326,0.0004445159999626469,0.0004447960001168205,caff9200b0f8ba462090150d8df6e31f0ecb6b0a4e84398d63fe4d3e3a2c9b88
True,1,35.2042660529998,1.066325948,1.001593063,35.14039477000018,18868,evaluation_epoch1,bccd9316f5533fe106d3eda6df3e191929f89966836185a11f7d306c520e3f06,2369,True,1000,3379ed40974b557d6e5c672da1b38492cea4a45e27d1c973943aaa18345e55fd,87872,communication,1.7254187909686818,22,2746,5.031466666666667,0,success,41190,1373,1.373,72.418724063,44,True,72.564922862,0.0004609070001437843,0.0004964940002447626,7f5aeee5c7711119d78a0c2188ca97cb0be8d64e80ec343154f893402af7ae5e
True,1,35.302611106000256,1.0740773540000002,0.9894976579999999,35.49770860500004,18633,evaluation_epoch1,bccd9316f5533fe106d3eda6df3e191929f89966836185a11f7d306c520e3f06,2350,True,1000,c50820c5f620e97061bfee3aae198769714cc3d7ad4ce06284d7084f83c92b56,86720,communication,1.7343173431734318,22,2710,4.9688,0,success,40650,1355,1.355,72.870044051,45,True,72.963698907,0.00046968099985145173,0.0004810500001704021,0ba627a3b99adab3f84e88362a32a1ea085d8298e49f4b716a04d471d2cfe8b7
True,1,35.06213894200016,1.1220068630000002,0.9895713269999997,34.87896324800017,19101,evaluation_epoch1,bccd9316f5533fe106d3eda6df3e191929f89966836185a11f7d306c520e3f06,2398,True,1000,5d13101cf53c151ca0e6f9c1ecbd00de3afe6d5343d5ee3638f23b028d112f62,88960,communication,1.725179856115108,22,2780,5.0936,0,success,41700,1390,1.39,72.058316911,46,True,72.151134781,0.0004538640002014205,0.0004559699997463973,035fbbf976b4093a39b387d12461d1888e7e060ee34518b33c4ab2dba659b11f
True,1,35.30859674199986,1.0836983939999998,0.963320491,35.977842106000054,19745,evaluation_epoch1,bccd9316f5533fe106d3eda6df3e191929f89966836185a11f7d306c520e3f06,2502,True,1000,07117b744bd2e01d6f9af4e2d5609cff296c11f9587097bccd778d778cb164b8,91840,communication,1.743554006968641,22,2870,5.265333333333333,0,success,43050,1435,1.435,73.339887002,47,True,73.431477539,0.0004929829998956414,0.0005120529998321466,f31c2ba035e05ce94ad30bed85339dfa181469b63aaa96799850438ca76add80
True,1,34.25587927800015,1.169122825,1.011274928,34.29643007300014,19073,evaluation_epoch1,bccd9316f5533fe106d3eda6df3e191929f89966836185a11f7d306c520e3f06,2382,True,1000,ee542a2dccbe531ab6b952cec751b4031e29ea0d7d79e84213fd94b3fa2a1834,88896,communication,1.714902807775378,22,2778,5.086133333333334,0,success,41670,1389,1.389,70.738816857,48,True,71.261670804,0.0004903649997984871,0.000506044000088135,9e78ad0c3820ba93a40e42922a247364567b19cc0afd85d94164234cd4dd9d5d
True,1,33.65793598700009,1.137772719,1.055978477,33.96791562900016,18904,evaluation_epoch1,bccd9316f5533fe106d3eda6df3e191929f89966836185a11f7d306c520e3f06,2381,True,1000,a2031442f780d8091c3779cd356630750224c233a154cd50112550aa696c3346,88000,communication,1.7316363636363636,22,2750,5.041066666666667,0,success,41250,1375,1.375,69.825150221,49,True,69.914744244,0.0004682190001474851,0.000463509000066864,9e7c8c32cc935934702ef4cf42551143394069b59a5fc7b095d365fb36e86ec4
True,1,34.67974215399974,1.158525594,1.0585756380000002,34.513922698000115,19165,evaluation_epoch1,bccd9316f5533fe106d3eda6df3e191929f89966836185a11f7d306c520e3f06,2402,True,1000,dd67556ae977aebf0f483a2738c75328470bd9527939ab45eb212bfc80daaae7,89280,communication,1.721863799283154,22,2790,5.110666666666667,0,success,41850,1395,1.395,71.41641163499999,50,True,71.506585326,0.0004413669998211134,0.0004536360001199391,deb807e4969d3744136e4d82cd43d7ce50d2557e70433868a816b9235ade51cb
True,1,33.94768028900029,1.1607502200000002,1.044406484,34.381344803,19252,evaluation_epoch1,bccd9316f5533fe106d3eda6df3e191929f89966836185a11f7d306c520e3f06,2441,True,1000,786f4354cd0ad294bfbcf1ca0565a7861f23fff8c8ca6eef38b774d6c79836cb,89536,communication,1.7448177269478198,22,2798,5.133866666666667,0,success,41970,1399,1.399,70.539900785,51,True,70.63825923,0.0004475460000619158,0.0004737399997831737,6e43b6469a46305d1ff40ab7a9da48c99f557d80dfefd8da48080796bbdda9f1
True,1,35.1904344740002,1.0696786569999999,0.9780065229999999,35.25733431600037,19507,evaluation_epoch1,bccd9316f5533fe106d3eda6df3e191929f89966836185a11f7d306c520e3f06,2444,True,1000,205b74df7feda1036ca51bc6c2662d7c99082da5263ccb267a6bb01543c5c0f0,90880,communication,1.7211267605633802,22,2840,5.201866666666667,0,success,42600,1420,1.42,72.50157179,52,True,72.659217509,0.0004739289999324825,0.0004943940002473113,390051fcc1c111a1239191736b5c0ae37ebba38ecf1cda6780a0ae94c2855372
True,1,35.08655633900001,1.075857896,0.9990764350000001,34.80222148600003,18784,evaluation_epoch1,bccd9316f5533fe106d3eda6df3e191929f89966836185a11f7d306c520e3f06,2369,True,1000,2a5ef0f028153023eb485ddf34723f8360c5c77326a08d6e7e088d529ec540e7,87424,communication,1.7342606149341142,22,2732,5.009066666666667,0,success,40980,1366,1.366,71.96929967,53,True,72.058704774,0.0004393559999846808,0.00045299999985282113,b49df2e8cec9b8d3cf088507ead31086d09f42eec89ab719b66c66fcdf82769b
True,1,35.44262853400009,1.1733451129999999,1.0609560719999998,35.341814618000356,19788,evaluation_epoch1,bccd9316f5533fe106d3eda6df3e191929f89966836185a11f7d306c520e3f06,2485,True,1000,f50a2918fc9d90b73c340f66244b4a365ec15587b576f921cd448af8f26bb460,92160,communication,1.7256944444444444,22,2880,5.2768,0,success,43200,1440,1.44,73.024349573,54,True,73.120885595,0.00046020299999449676,0.0004582380003235187,df6893a2aa72ecfd53b536f640e29f410195472f899f7b760e591322b2ff780d
True,1,34.81877517099967,1.080507449,1.008997348,34.82422750399988,18786,evaluation_epoch1,bccd9316f5533fe106d3eda6df3e191929f89966836185a11f7d306c520e3f06,2383,True,1000,50812b91b7bced15b6957407beea06362b10c17af5ed0537632c2419b6aad291,87360,communication,1.7457875457875458,22,2730,5.0096,0,success,40950,1365,1.365,71.738182725,55,True,71.823744536,0.0004435450000670471,0.0004446960001818212,afd510f57b2e921df86e743d3388dfe4498f3e2c366e4a21b50f49c76866b28d
True,1,34.12093365700002,1.092996858,1.009615894,34.474951254000125,19041,evaluation_epoch1,bccd9316f5533fe106d3eda6df3e191929f89966836185a11f7d306c520e3f06,2386,True,1000,081e8dab72c59cd5eade763065c007c84a12a59cf7f8eec8de8370837e3b655a,88704,communication,1.7215007215007214,22,2772,5.0776,0,success,41580,1386,1.386,70.70475590299999,56,True,71.244495452,0.000467454000125489,0.0004890999999620504,41263a7ce1d22f940ff72e8737e450ba9d5b50bf05915064566b121f7baad9ec
True,1,33.783923492000255,1.127782965,1.0366565140000001,34.11063950300008,19067,evaluation_epoch1,bccd9316f5533fe106d3eda6df3e191929f89966836185a11f7d306c520e3f06,2400,True,1000,4f601093735e547477f6f5502315e53f92799df89a2db92bd06769c11678bd7a,88768,communication,1.7303532804614274,22,2774,5.084533333333333,0,success,41610,1387,1.387,70.064995041,57,True,70.155299986,0.00046756800004965626,0.00048055200008967347,c73dd289fdd47ae46d624dc338ecf17dde90d6e723e0afdc4dc17618a6399739
True,1,34.46025868799984,1.0749832590000001,1.051983894,35.12148271100013,18934,evaluation_epoch1,bccd9316f5533fe106d3eda6df3e191929f89966836185a11f7d306c520e3f06,2387,True,1000,350278dc9fa5437393625e42e15cac3f859b5ebc8604a185d561d2866535cb82,88128,communication,1.7334785766158316,22,2754,5.049066666666667,0,success,41310,1377,1.377,71.71455281,58,True,71.836687026,0.0004617969998763627,0.0004929099998287612,99400f4e05632b20c291bb2d5a0350028a2fee89788f36dadffd75aab51b32e4
True,1,33.732046619000094,1.124308345,1.0822852470000002,34.11818728299994,18572,evaluation_epoch1,bccd9316f5533fe106d3eda6df3e191929f89966836185a11f7d306c520e3f06,2325,True,1000,6af09132c3f7142cd9717a99c7f4c0fa81532e2339d1c2e00f16ec07f3bdbe46,86528,communication,1.7196745562130178,22,2704,4.952533333333333,0,success,40560,1352,1.352,70.06285499900001,59,True,70.158519796,0.00046715699985533377,0.0004759290000135863,64878aa7e5b80ebbb9968198fc2e6c873c4de69c7373e69089b906e4ce11d3b7
True,1,35.16496484399992,1.0645703269999998,0.9950161200000003,35.19262687800029,19047,evaluation_epoch1,bccd9316f5533fe106d3eda6df3e191929f89966836185a11f7d306c520e3f06,2380,True,1000,70ba55e1778bc906a4b1e42b84d2509fc1bb9a9102074269b568b9b328cb2afa,88768,communication,1.7159336697909156,22,2774,5.0792,0,success,41610,1387,1.387,72.423044406,60,True,72.561841986,0.00045031800003814126,0.0005076839999000882,a3f51557db4bf25c0db43b95aad17575004758ef040910313928b636caa946f4
True,1,35.19441562499996,1.104649829,0.998230763,35.24956375099975,18753,evaluation_epoch1,bccd9316f5533fe106d3eda6df3e191929f89966836185a11f7d306c520e3f06,2362,True,1000,e95e237907ba4bd738ca1e6d16afd4a244dc7ed8ac2f4efbeb6ec0de0dbc7205,87296,communication,1.7316715542521994,22,2728,5.0008,0,success,40920,1364,1.364,72.552690304,61,True,72.647631811,0.00046990499997034973,0.0004657690000926529,e2c6e2186c02e33acdf2d020204d1df5b24ade4525314f494f14667156aab26c
True,1,34.71794680599994,1.1366347270000001,1.009582562,34.43894411899993,18450,evaluation_epoch1,bccd9316f5533fe106d3eda6df3e191929f89966836185a11f7d306c520e3f06,2311,True,1000,7e66692d266daae0ec8309793a19687feed705f8b44b97641ed3e18734fa690e,85952,communication,1.7207743857036486,22,2686,4.92,0,success,40290,1343,1.343,71.308592557,62,True,71.40299177200001,0.0004482430001657711,0.00046800999991569725,8823dfd5741eeb0ad074a29db53aaae75e9c4f51666843dd9b47f690b9877cde
True,1,34.680625432999975,1.101579997,1.0110167249999997,35.31974304999996,18773,evaluation_epoch1,bccd9316f5533fe106d3eda6df3e191929f89966836185a11f7d306c520e3f06,2346,True,1000,2d7eb5f16ff61eec94bb5cb5f6f50b977c35491ba6e72bb65b4edd4aa9519429,87488,communication,1.7161667885881493,22,2734,5.0061333333333335,0,success,41010,1367,1.367,72.118583157,63,True,72.205872526,0.0004576540000420515,0.00045601400008843385,871c03a50b08e0c83b453d030a388a59e6b7b056635db1516a494840531fc82b
True,1,34.13302515299996,1.146018691,0.9768368809999999,34.49392105300012,18970,evaluation_epoch1,bccd9316f5533fe106d3eda6df3e191929f89966836185a11f7d306c520e3f06,2375,True,1000,5f30a5a6895f462704a327f7709e71d6835bbf0f13e55b09a9da57b9a3cd84d3,88384,communication,1.719768283852281,22,2762,5.058666666666666,0,success,41430,1381,1.381,70.756000447,64,True,71.243354981,0.0004665199996729541,0.0005227009999408949,ef85fc9a6c7e841051c01a9d8016383f3b25f08e966c3b33b23446ad50ad3cd5
True,1,33.91962343700003,1.200086533,1.060804257,34.08204195199996,19222,evaluation_epoch1,bccd9316f5533fe106d3eda6df3e191929f89966836185a11f7d306c520e3f06,2411,True,1000,5088d523c0dc157b8c81ec82db200c2556e969f976eae2ce4b2ccca8a9e30299,89536,communication,1.72337383845604,22,2798,5.125866666666667,0,success,41970,1399,1.399,70.268303786,65,True,70.360339637,0.00045939199982836243,0.00048284799999676054,989ed734ea18fd8c6aa2563d2c33b9f417c59d30a28acf3e5541d55f88dd8195
True,1,34.09609110499996,1.0956422559999999,1.0036375780000002,33.306872843000335,17970,evaluation_epoch1,bccd9316f5533fe106d3eda6df3e191929f89966836185a11f7d306c520e3f06,2251,True,1000,f2513a6fde66079f635d6cae194865fd95d2ac4e295cec83765ebe02c39eefa3,83712,communication,1.720948012232416,22,2616,4.792,0,success,39240,1308,1.308,69.507562916,66,True,69.59256223,0.0004163170001563188,0.00041962399992856447,dbf50f387f6c5da29b897899611a975b5367eb5ab4e6fb25d5179d3661d71d41
True,1,34.08767557999968,1.163207574,0.9795515209999999,34.21146501900001,19645,evaluation_epoch1,bccd9316f5533fe106d3eda6df3e191929f89966836185a11f7d306c520e3f06,2474,True,1000,b2b7f93c128ac120ea939578949c11692feff4e6d6d0a20a80074e00df9ed9c6,91456,communication,1.7312806158152554,22,2858,5.238666666666667,0,success,42870,1429,1.429,70.44785929899999,67,True,70.542970729,0.0004550490000783114,0.0004542170000711998,e91107034e67b3650f825d98021b8f09637139db0aee6e1b69059d68c23b10b7
True,1,34.60438065600016,1.072959344,1.064684473,34.96486530800007,18580,evaluation_epoch1,bccd9316f5533fe106d3eda6df3e191929f89966836185a11f7d306c520e3f06,2321,True,1000,b686d29d1d73c70649cb848110bdcc2737a1ca9e6497e630f7506b3da43e669b,86592,communication,1.7154471544715446,22,2706,4.954666666666666,0,success,40590,1353,1.353,71.712941887,68,True,71.928865759,0.00048627900007502944,0.00046048400016873714,3b57378f191708da2fb435a9c70502ea4651bbc5c275ada0c3de2474489d2e0a
True,1,35.090179355999986,1.0981799700000001,0.986465929,34.9464048080001,18974,evaluation_epoch1,bccd9316f5533fe106d3eda6df3e191929f89966836185a11f7d306c520e3f06,2391,True,1000,793809ad7f87d346ff9d23293ae79a1af004ff617f15d2b8c5fa14aa9e579953,88320,communication,1.732608695652174,22,2760,5.059733333333333,0,success,41400,1380,1.38,72.126971816,69,True,72.217421798,0.00044892299987742135,0.00047124500007544867,e82993bb0ee07a47eae36a18b2f2700b9f0d4f334e18e80feb750bdac98ef71f
True,1,34.59812092299998,1.163215442,1.0127128070000002,34.17884309399999,18859,evaluation_epoch1,bccd9316f5533fe106d3eda6df3e191929f89966836185a11f7d306c520e3f06,2372,True,1000,97ea7eecc530f789fc5c04fc6ca2dfc31d72a6e61ff6f52956dd4eb2cc3b0daf,87808,communication,1.728862973760933,22,2744,5.029066666666667,0,success,41160,1372,1.372,70.958385527,70,True,71.052283988,0.0004505629999198568,0.0004554319999803269,0a2c8681dc6e8d5cf6134284d321f867bd909bc5a624c535dfd5bda4a497d949
True,1,34.826424732000106,1.101376797,1.0365583569999999,34.24895404999993,18431,evaluation_epoch1,bccd9316f5533fe106d3eda6df3e191929f89966836185a11f7d306c520e3f06,2316,True,1000,58833f5bf60490ea3f9b101125e8933312103284b92604fe543620af4bbdd77b,85824,communication,1.7270693512304252,22,2682,4.914933333333333,0,success,40230,1341,1.341,71.21913196999999,71,True,71.306660782,0.0004506820000838019,0.00047105399982561025,cdf1080e6dbaac5bfc280d22ef55a42b4b2328b2f5a6d664b7a54839b61343b4
True,1,34.31884100399972,1.136879789,1.008707743,34.710018088999774,18936,evaluation_epoch1,bccd9316f5533fe106d3eda6df3e191929f89966836185a11f7d306c520e3f06,2365,True,1000,ab0fc609d9ae1e06cf60b1c0b79fa5a0e8b1abd622c51cdbf15c3207a39e7362,88256,communication,1.7150108774474258,22,2758,5.0496,0,success,41370,1379,1.379,71.180669033,72,True,71.791853308,0.0004642210000209701,0.0004981780002868419,7724339e60e1730b97f45e8a80affda0d6e6d7cf8948b7c41085533a07fe6353
True,1,33.81316768999988,1.140938415,0.991506974,33.96724967699985,18671,evaluation_epoch1,bccd9316f5533fe106d3eda6df3e191929f89966836185a11f7d306c520e3f06,2328,True,1000,430cd9ee8d5c200418c47e8da62eeb4e748ef7693085613208d2dd11db904855,87040,communication,1.7117647058823529,22,2720,4.978933333333333,0,success,40800,1360,1.36,69.918662311,73,True,70.007668291,0.0004628870001806007,0.00046256700011859664,49aa795585386d8c24ffc89e5f1cfa3e04c0f580bda818edf400527370fc02fb
True,1,33.965403794,1.1243894190000001,0.9678499460000001,34.30906345999988,18709,evaluation_epoch1,bccd9316f5533fe106d3eda6df3e191929f89966836185a11f7d306c520e3f06,2378,True,1000,e814a87284ead9a1cbfdde6d5ce567beb04bbf3e0c799c827490617a680cdcaa,86976,communication,1.7498160412067696,22,2718,4.989066666666667,0,success,40770,1359,1.359,70.372310278,74,True,70.464512198,0.00043568800001736463,0.0004594529998827035,dd7d7a95de6b3eaec32d8a41ff72485fd7a5c5a9f4fb71eed52775ed6d16ffb3
True,1,33.48527480300015,1.158484443,0.980594865,33.674168732000005,18168,evaluation_epoch1,bccd9316f5533fe106d3eda6df3e191929f89966836185a11f7d306c520e3f06,2281,True,1000,66fa59e699969324dd594e45243864a48e9a732237d9c68cd5515222a68cc83a,84608,communication,1.7254160363086233,22,2644,4.8448,0,success,39660,1322,1.322,69.304147162,75,True,69.396916518,0.00043377500009667,0.0004558239999150615,ea07a98bca0403ead85d70dda1c13a9d0edf7d29cefe6b4d847c3a3f1ecc14cc
True,1,34.515646655999895,1.118806726,1.0915537890000002,34.752657683999985,18740,evaluation_epoch1,bccd9316f5533fe106d3eda6df3e191929f89966836185a11f7d306c520e3f06,2373,True,1000,f0f8573df5229843c1cb2c105930ce269f45b89158841e3b19934f6a47a76e0b,87168,communication,1.7422907488986785,22,2724,4.997333333333334,0,success,40860,1362,1.362,71.48427428699999,76,True,71.613581762,0.0004429280002051783,0.0004579220001255102,4dd68c25537bf0d9f4acde785af19674602bc415f6e0aa358ae4f3ee5ca7b7b1
True,1,35.00160012600013,1.120792667,1.0649967089999999,35.07059715600016,18735,evaluation_epoch1,bccd9316f5533fe106d3eda6df3e191929f89966836185a11f7d306c520e3f06,2356,True,1000,e3dc17b339779a2931591422d423061117e9de2ac5022a479bc46fcf321314a6,87232,communication,1.7285399853264858,22,2726,4.996,0,success,40890,1363,1.363,72.263503703,77,True,72.357037282,0.00043390399975251626,0.00046944900029011194,3427d2f896003df5158de6c3d0287ad32f623bf97243052d150c31d664882339
True,1,34.22388514599986,1.1016724930000001,1.0603697319999998,34.26119817700026,18035,evaluation_epoch1,bccd9316f5533fe106d3eda6df3e191929f89966836185a11f7d306c520e3f06,2268,True,1000,25576f582aec311bf4189de97e93d5eadb70bddd9b2ca79fb6674e1ccaf3dbe2,83968,communication,1.728658536585366,22,2624,4.809333333333333,0,success,39360,1312,1.312,70.652495144,78,True,70.747871904,0.00042842500009054874,0.000432534000082363,1b20d8334c2739af880ac224780e70c4691d498ad674116eb9617e7c9288a16b
True,1,34.63253656800007,1.125986772,1.063081196,35.09180575300027,19245,evaluation_epoch1,bccd9316f5533fe106d3eda6df3e191929f89966836185a11f7d306c520e3f06,2446,True,1000,fed53bcc6200d4804da957bbc5b859191dd7a2cd52d0a901da43f4c011775354,89472,communication,1.7496423462088697,22,2796,5.132,0,success,41940,1398,1.398,71.919145742,79,True,72.008781817,0.0004560280000154293,0.00044898000016591055,833739c798121c3e835e029d2a936b49ad966683dcee6f7a381cddf1c6021479
True,1,34.39562921600003,1.097916606,1.044827991,34.725168282999945,18725,evaluation_epoch1,bccd9316f5533fe106d3eda6df3e191929f89966836185a11f7d306c520e3f06,2346,True,1000,7b413b668d40cf13239b9bb131e9e6d956cd2a4b558836a0417a6bf8a35f3436,87232,communication,1.7212032281731475,22,2726,4.993333333333333,0,success,40890,1363,1.363,71.269992148,80,True,71.837323358,0.0004978409999516487,0.0004977530002103769,86355d3fcf4511f102a4d1752daee6d35af1f943404ae7aad669f2bdd2f4f003
True,1,33.69478918700008,1.141975205,0.9878748769999999,34.00944185400017,18926,evaluation_epoch1,bccd9316f5533fe106d3eda6df3e191929f89966836185a11f7d306c520e3f06,2379,True,1000,4eb7b487e7d2f36fa6b342483514f1fa28907a1dd69458dc9f34deb3caeaf3a1,88128,communication,1.7276688453159041,22,2754,5.0469333333333335,0,success,41310,1377,1.377,69.83987352999999,81,True,69.927358765,0.0004446289999457953,0.0004671629997607951,2567c9d9fb1578a5652426dfaf3d9a11721a7e745fddaed2e257750c5fb102cc
True,1,34.398684250000244,1.1100899929999999,1.0141514159999998,34.72253960700009,18944,evaluation_epoch1,bccd9316f5533fe106d3eda6df3e191929f89966836185a11f7d306c520e3f06,2397,True,1000,74b720f84a541e0051fd49d72cdf02b603bf8d6b1d78f3d986ae1336937c27fc,88128,communication,1.7407407407407407,22,2754,5.051733333333333,0,success,41310,1377,1.377,71.251465691,82,True,71.380588042,0.00046131900017654104,0.0005083489999657687,6bc13493bb8583a2433563581d8967a59832abf002fa3b348f3d16dba7c8df51
True,1,33.54056166199998,1.0976262449999998,1.009129953,33.82008223900014,18630,evaluation_epoch1,bccd9316f5533fe106d3eda6df3e191929f89966836185a11f7d306c520e3f06,2347,True,1000,a670c713fe562d085ab01fd7052c6d7ffa92ae23592327fc31eaea5044fc9f54,86720,communication,1.7321033210332104,22,2710,4.968,0,success,40650,1355,1.355,69.473079969,83,True,69.560579633,0.0004515649998624305,0.0004560419999877219,a0d30eadd88104bd02af4b25fcbc9ab96be806ea4d270f9c59d7efd84e0b892c
True,1,35.05797472000004,1.108285003,1.027234663,35.203857837999855,18901,evaluation_epoch1,bccd9316f5533fe106d3eda6df3e191929f89966836185a11f7d306c520e3f06,2366,True,1000,ec7040e6d260035d0b4806e5033fdeca90332c162daaf9b81155169c8f24cb2d,88064,communication,1.7194767441860466,22,2752,5.040266666666667,0,success,41280,1376,1.376,72.403218156,84,True,72.508585113,0.0004473610002131423,0.00045316399994455026,e91ce92b1c455b463373086f34c7c66ac177302982a05d6856ebb0e90763cbed
True,1,34.98562219500022,1.103247523,1.0177454810000004,34.8189829450003,18319,evaluation_epoch1,bccd9316f5533fe106d3eda6df3e191929f89966836185a11f7d306c520e3f06,2324,True,1000,9e74725e5635798eb3d441f8b1f975376f34797489220b397317da4272038ab0,85184,communication,1.7460555972952667,22,2662,4.885066666666667,0,success,39930,1331,1.331,71.931358486,85,True,72.025120666,0.00047087199998552265,0.0005192870000221284,9019bd45e16b5aa8997a20c92e7d1cab7347b16c2c95f3f20e23419cce561ca0
True,1,34.66843562399988,1.0959424579999997,1.0320193709999996,34.70740197100014,18773,evaluation_epoch1,bccd9316f5533fe106d3eda6df3e191929f89966836185a11f7d306c520e3f06,2358,True,1000,8aac318387f85c27862071e4dcc8c99d87d54eb0613cdfd57e2fe69a5616d940,87424,communication,1.726207906295754,22,2732,5.0061333333333335,0,success,40980,1366,1.366,71.509278265,86,True,71.603200742,0.00044698900006734377,0.00046961800034939216,a1de2bf7737c486bf4e0f0071016862d98bccae505143b4e5187285444f02cf6
True,1,35.474339656999945,1.0935792649999998,0.9937326520000003,35.10979619700005,19438,evaluation_epoch1,bccd9316f5533fe106d3eda6df3e191929f89966836185a11f7d306c520e3f06,2435,True,1000,258ea5f471e9e81ce805262b476c7e9529cb219b1ec534768030554e6e3187d8,90560,communication,1.7208480565371025,22,2830,5.183466666666667,0,success,42450,1415,1.415,72.677423206,87,True,72.767348534,0.00046616400012799986,0.0005046250000151353,57f6eebe5cdb461ee1cf1f6cf0777c807b3f75339feb6582eb8ab115d78f3321
True,1,33.94636162099998,1.1114905349999997,1.034302116,34.219307031999996,18454,evaluation_epoch1,bccd9316f5533fe106d3eda6df3e191929f89966836185a11f7d306c520e3f06,2315,True,1000,165c293448853ac4c8f942c88085ef9e14fc186107496504ee8b4d07f170c186,85952,communication,1.7237527922561429,22,2686,4.9210666666666665,0,success,40290,1343,1.343,70.31732527,88,True,70.899400922,0.00045823099994279914,0.0004609900001897316,902ff576308130834456e65cfbb0d12b139b23d75eacf9e3427f621b7824e7a7
True,1,34.001156527999946,1.146554266,1.0305132310000003,34.20510890799977,18777,evaluation_epoch1,bccd9316f5533fe106d3eda6df3e191929f89966836185a11f7d306c520e3f06,2350,True,1000,578a937cd27bf0c9d372ec4b608ab55cd93b684870d42164768ea0fecf2fbf5a,87488,communication,1.7190929041697147,22,2734,5.0072,0,success,41010,1367,1.367,70.389159032,89,True,70.481282959,0.0004578220001780764,0.0004748010001272007,64508d5e639293ae4389e0e765aeb5a74dcf6368341cd9f16de43419b481b727
True,1,34.40710086099982,1.150764012,1.0060721479999999,34.440425632999826,19095,evaluation_epoch1,bccd9316f5533fe106d3eda6df3e191929f89966836185a11f7d306c520e3f06,2416,True,1000,4cacb592afc18d69b97594730d6b3a1425c953e332602904e3f9c750e5ff13ef,88832,communication,1.7406340057636887,22,2776,5.092,0,success,41640,1388,1.388,71.01006642099999,90,True,71.099675986,0.000446598999905401,0.00047143099985369474,435d64ce016938293cb3bc61edba389aa44eec2c1ab7bbbd5ad221d054e23edb
True,1,34.00856820300009,1.1601876340000001,0.987196985,34.273174685999756,18870,evaluation_epoch1,bccd9316f5533fe106d3eda6df3e191929f89966836185a11f7d306c520e3f06,2359,True,1000,2ea7b5bb1a10fe67e099d3e88fae7922cec0d54b64b4ea4ebe240a675dab9fdc,87936,communication,1.7168850072780204,22,2748,5.032,0,success,41220,1374,1.374,70.434771996,91,True,70.552183889,0.0004462989999480804,0.00045988300001642557,42a1d19bcfefa0c83658c0ec8cd637e3c793c67edb92ebdc5b33ffca04372d85
True,1,34.83373659,1.086840063,1.032109493,34.82802044799996,18601,evaluation_epoch1,bccd9316f5533fe106d3eda6df3e191929f89966836185a11f7d306c520e3f06,2366,True,1000,88525ae222cb14e661e854604558b86970104cd0314a8b840592e135a91282c0,86464,communication,1.7512953367875648,22,2702,4.960266666666667,0,success,40530,1351,1.351,71.786394497,92,True,71.893901252,0.0004354999997691067,0.0004802999997468582,26868b3d89f86b02f14f8c7624f42e020de486d1009b5ccdc36f91fa08a8cc9e
True,1,35.173401896000115,1.087753784,1.0481028919999997,35.316275058999985,19196,evaluation_epoch1,bccd9316f5533fe106d3eda6df3e191929f89966836185a11f7d306c520e3f06,2409,True,1000,c40592ea16eb20df2fd3bcca4fa5d2ef38f9ea2c2c67f70b6f914951356cf5f9,89408,communication,1.7244094488188977,22,2794,5.118933333333334,0,success,41910,1397,1.397,72.63109616899999,93,True,72.722163646,0.0004428620002214778,0.0004632269998894323,24da01997d9b936c918767f9ec8d443d0f05c1d2becedecd7aeaba79d36bdc45
True,1,34.93847823600011,1.1523324380000002,1.0353709119999999,34.728668295999825,19003,evaluation_epoch1,bccd9316f5533fe106d3eda6df3e191929f89966836185a11f7d306c520e3f06,2384,True,1000,93754291ec86e014aee91c37b61c706efde65d5de67ff25124f468443e9c5d0d,88512,communication,1.7237888647866957,22,2766,5.067466666666666,0,success,41490,1383,1.383,71.86046026300001,94,True,71.954151169,0.0004426030002067094,0.00045144299998023385,e79415af40b9d5450ddb53542ae5b2eed19e3f9de9d8684c32cfded4e9e4c02f
True,1,34.01151259299977,1.094537065,1.0182165200000002,34.770771671999924,17945,evaluation_epoch1,bccd9316f5533fe106d3eda6df3e191929f89966836185a11f7d306c520e3f06,2286,True,1000,7b332883911cc7df24985a060c16ffb1324839a256143d4aa532199540e9b3b1,83392,communication,1.7544128933231005,22,2606,4.785333333333333,0,success,39090,1303,1.303,70.900473729,95,True,70.984845685,0.0004283510000036017,0.0004636999999898528,48f7478890e4bfb62cce89ac93e0e803f1d2d9e15aee202c1697e3bd1d7b912d
True,1,35.14821392400014,1.1054435950000001,0.9863260459999998,35.13003615600022,19340,evaluation_epoch1,bccd9316f5533fe106d3eda6df3e191929f89966836185a11f7d306c520e3f06,2421,True,1000,542c92031f1a6e84435ac804396fa71c13caad22151dd1166f8b70611193b741,90112,communication,1.7194602272727273,22,2816,5.157333333333334,0,success,42240,1408,1.408,72.376301861,96,True,72.910101724,0.00047078199992389713,0.0005069760001665813,140d296acf3a4c9d9e6fa0d1d6c7a925eeec91f52ee24cec0fb749d1fedbb244
True,1,33.622365470999995,1.138598129,0.9737459050000004,33.895545570999886,18082,evaluation_epoch1,bccd9316f5533fe106d3eda6df3e191929f89966836185a11f7d306c520e3f06,2279,True,1000,b62028e3b9153112697cfe41e3398a64f3ce9a0c2f14f29f6894a81dcc7dc9a6,84160,communication,1.7330798479087453,22,2630,4.821866666666667,0,success,39450,1315,1.315,69.635978444,97,True,69.733072623,0.0004422029996118404,0.0004942890002084255,5be840b1bf38ae67428246d27473c027c1ad5f8c986a6f06d846b1a768e9e2f1
True,1,34.62482635399978,1.0832301119999999,1.014127726,34.936264063000124,19084,evaluation_epoch1,bccd9316f5533fe106d3eda6df3e191929f89966836185a11f7d306c520e3f06,2381,True,1000,6dfa703f4f9fa87bd237bf7c7323fc8eccab4c63c43be76f1fe1674b96bda945,88960,communication,1.7129496402877697,22,2780,5.089066666666667,0,success,41700,1390,1.39,71.66426279299999,98,True,71.765016763,0.00045243700014108157,0.00046105699971965564,35a23b70cb6b79a81b82f7da8524b554be1c19f6790c8cdfc1ab2aa02dae4ef0
True,1,34.297273080999936,1.1226326309999999,1.0164199900000002,34.73988079399966,19228,evaluation_epoch1,bccd9316f5533fe106d3eda6df3e191929f89966836185a11f7d306c520e3f06,2405,True,1000,66dba172ad7017245deb9bf22a5c780ba1c453ac264ad1e366f3c4053578d144,89600,communication,1.7178571428571427,22,2800,5.127466666666667,0,success,42000,1400,1.4,71.182520084,99,True,71.274875856,0.00047339799982282216,0.000502502000185423,e4a879b4947f9e16c64386de17a8bb37c9119f2eeff994a994f6869c3baaaddc
True,1,27.868659997999906,1.007490384,0.8683527879999999,27.901316318000102,18770,timing_final,bccd9316f5533fe106d3eda6df3e191929f89966836185a11f7d306c520e3f06,2367,True,1000,e334a50fd6b012c6e3e87cb85a259da4a368d23ca8937e62f6444560e7eb050f,87360,timing,1.7340659340659341,22,2730,5.005333333333334,0,success,40950,1365,1.365,57.650955892,0,True,57.72969135,0.00046339899988590005,0.00044270800000889565,bab3889b2e28857b5cb3f2dc13058171d2895b258bf25b0738ad2aa60a1fc6c8
True,1,27.500957539000005,0.24517681700000082,0.22999912000000222,27.507430871999752,18770,timing_final,bccd9316f5533fe106d3eda6df3e191929f89966836185a11f7d306c520e3f06,2367,True,1000,e334a50fd6b012c6e3e87cb85a259da4a368d23ca8937e62f6444560e7eb050f,87360,timing,1.7340659340659341,22,2730,5.005333333333334,1,success,40950,1365,1.365,55.488725005999996,0,True,55.562764131,0.0004752889999508625,0.0004335269999913294,bab3889b2e28857b5cb3f2dc13058171d2895b258bf25b0738ad2aa60a1fc6c8
True,1,27.85865508299959,0.22825526999999113,0.22595203600000957,27.861227747,18770,timing_final,bccd9316f5533fe106d3eda6df3e191929f89966836185a11f7d306c520e3f06,2367,True,1000,e334a50fd6b012c6e3e87cb85a259da4a368d23ca8937e62f6444560e7eb050f,87360,timing,1.7340659340659341,22,2730,5.005333333333334,2,success,40950,1365,1.365,56.17930426000001,0,True,56.286073016,0.00047543799986726754,0.0004444169993860214,bab3889b2e28857b5cb3f2dc13058171d2895b258bf25b0738ad2aa60a1fc6c8
True,1,27.39150460400016,1.057838133,0.8896368100000001,27.33074486399981,18439,timing_final,bccd9316f5533fe106d3eda6df3e191929f89966836185a11f7d306c520e3f06,2336,True,1000,f5c1a72133bbc0c2837c56ad6ebc5b84be7ca15e70b11d9e0df52cb268dbffc1,85760,timing,1.7432835820895523,22,2680,4.917066666666667,0,success,40200,1340,1.34,56.674764679,1,True,56.750603943,0.00044915299996795,0.00041377499990469246,79703d7305e27220a6daa3f95aed3f4b92ec7824f75af4649c2e44baed1e3d46
True,1,27.81297017999986,0.2326065150000005,0.2320208000000008,27.822248430000123,18439,timing_final,bccd9316f5533fe106d3eda6df3e191929f89966836185a11f7d306c520e3f06,2336,True,1000,f5c1a72133bbc0c2837c56ad6ebc5b84be7ca15e70b11d9e0df52cb268dbffc1,85760,timing,1.7432835820895523,22,2680,4.917066666666667,1,success,40200,1340,1.34,56.105182965999994,1,True,56.174803203,0.00046755399996811775,0.00043454999967451613,79703d7305e27220a6daa3f95aed3f4b92ec7824f75af4649c2e44baed1e3d46
True,1,27.351213286999894,0.2377633750000001,0.23529643000000533,27.404881893000038,18439,timing_final,bccd9316f5533fe106d3eda6df3e191929f89966836185a11f7d306c520e3f06,2336,True,1000,f5c1a72133bbc0c2837c56ad6ebc5b84be7ca15e70b11d9e0df52cb268dbffc1,85760,timing,1.7432835820895523,22,2680,4.917066666666667,2,success,40200,1340,1.34,55.234192482,1,True,55.344942304,0.0004591990000903934,0.0004129740001559412,79703d7305e27220a6daa3f95aed3f4b92ec7824f75af4649c2e44baed1e3d46
True,1,28.052172878999997,0.9789593109999999,0.902031196,28.049088137000027,19028,timing_final,bccd9316f5533fe106d3eda6df3e191929f89966836185a11f7d306c520e3f06,2397,True,1000,7162a14469d79b986b71d314a2b6490006ac4976acb14d896b14eff22ec83019,88576,timing,1.731936416184971,22,2768,5.074133333333333,0,success,41520,1384,1.384,57.987682572999994,3,True,58.086962713,0.0005143889999432716,0.00046671200006676017,f0e856b7836dea8f1b2374d39f240d59ee9259c46f918d86c9b7fdb320d1584a
True,1,27.617290609000364,0.23392047600000154,0.22809858100000469,27.610207988999825,19028,timing_final,bccd9316f5533fe106d3eda6df3e191929f89966836185a11f7d306c520e3f06,2397,True,1000,7162a14469d79b986b71d314a2b6490006ac4976acb14d896b14eff22ec83019,88576,timing,1.731936416184971,22,2768,5.074133333333333,1,success,41520,1384,1.384,55.69471727100001,3,True,55.771491823,0.0004734610002117279,0.0004308010001778939,f0e856b7836dea8f1b2374d39f240d59ee9259c46f918d86c9b7fdb320d1584a
True,1,28.121335919000003,0.22817609300000186,0.23203305200000557,28.116486393000642,19028,timing_final,bccd9316f5533fe106d3eda6df3e191929f89966836185a11f7d306c520e3f06,2397,True,1000,7162a14469d79b986b71d314a2b6490006ac4976acb14d896b14eff22ec83019,88576,timing,1.731936416184971,22,2768,5.074133333333333,2,success,41520,1384,1.384,56.703453115,3,True,56.813578684,0.0005182619998436166,0.0004654260000904742,f0e856b7836dea8f1b2374d39f240d59ee9259c46f918d86c9b7fdb320d1584a
True,1,27.346767929999928,1.0207175130000001,0.9251144819999997,27.29646740400009,18175,timing_final,bccd9316f5533fe106d3eda6df3e191929f89966836185a11f7d306c520e3f06,2276,True,1000,424b76c68248c21e50075d668e547149cf1c78b9f268c9bc20e636344995c8fd,84672,timing,1.7203325774754346,22,2646,4.846666666666667,0,success,39690,1323,1.323,56.594062023,4,True,56.6808897,0.0004522739999712755,0.00041667800015288137,9bc56e3efe607deab796d7b14f52a5b3d3d59c03b174e37341d63f2473c1527a
True,1,27.77833313399993,0.23289588600000144,0.23153527699999898,27.854534174000186,18175,timing_final,bccd9316f5533fe106d3eda6df3e191929f89966836185a11f7d306c520e3f06,2276,True,1000,424b76c68248c21e50075d668e547149cf1c78b9f268c9bc20e636344995c8fd,84672,timing,1.7203325774754346,22,2646,4.846666666666667,1,success,39690,1323,1.323,56.10258454900001,4,True,56.211285756,0.0005007599996886825,0.0004484320000344155,9bc56e3efe607deab796d7b14f52a5b3d3d59c03b174e37341d63f2473c1527a
True,1,27.341467544999276,0.2463541979999917,0.24635973499999864,27.158881829000123,18175,timing_final,bccd9316f5533fe106d3eda6df3e191929f89966836185a11f7d306c520e3f06,2276,True,1000,424b76c68248c21e50075d668e547149cf1c78b9f268c9bc20e636344995c8fd,84672,timing,1.7203325774754346,22,2646,4.846666666666667,2,success,39690,1323,1.323,54.99805164299998,4,True,55.113070405,0.00044001399950843734,0.0004261220008316968,9bc56e3efe607deab796d7b14f52a5b3d3d59c03b174e37341d63f2473c1527a
True,1,27.972436393999992,1.0438827960000001,0.9008697630000002,28.093666043000045,19073,timing_final,bccd9316f5533fe106d3eda6df3e191929f89966836185a11f7d306c520e3f06,2394,True,1000,4cef1e538dcadb0a7e5620bddabf76db95a90018a74a948b8bd3272785086c7c,88832,timing,1.7247838616714697,22,2776,5.086133333333334,0,success,41640,1388,1.388,58.016390941,5,True,58.098033372,0.0004999829999401406,0.000466294999985184,869f9a986991a68bafa298d7550781c6e4a66656136dc67f27c0f8a63e4fe39e
True,1,27.755999760999828,0.24242693800000126,0.24592528600000207,27.86191619099973,19073,timing_final,bccd9316f5533fe106d3eda6df3e191929f89966836185a11f7d306c520e3f06,2394,True,1000,4cef1e538dcadb0a7e5620bddabf76db95a90018a74a948b8bd3272785086c7c,88832,timing,1.7247838616714697,22,2776,5.086133333333334,1,success,41640,1388,1.388,56.111466561,5,True,56.180610898,0.0004726300000541528,0.00043246999999269065,869f9a986991a68bafa298d7550781c6e4a66656136dc67f27c0f8a63e4fe39e
True,1,27.74359060600102,0.2427632870000025,0.23530228799999975,27.778283995999303,19073,timing_final,bccd9316f5533fe106d3eda6df3e191929f89966836185a11f7d306c520e3f06,2394,True,1000,4cef1e538dcadb0a7e5620bddabf76db95a90018a74a948b8bd3272785086c7c,88832,timing,1.7247838616714697,22,2776,5.086133333333334,2,success,41640,1388,1.388,56.00529608199999,5,True,56.103969912,0.0004790330004311727,0.0004508700005914079,869f9a986991a68bafa298d7550781c6e4a66656136dc67f27c0f8a63e4fe39e
True,1,48.95729620100006,1.0927985100000002,1.040812714,49.20345522799986,54929,evaluation_epoch0,3c39df8a4e5b7a3d114cae007abb79f69510f9275d1d99cf6a16e11de0d977bf,6294,True,3000,e1a8f17a71a62fc3f92898e9e20646c4e65862e730349f0d795451b4b7f3ab56,259264,communication,1.5536904468032584,22,8102,4.882577777777778,0,success,121530,4051,1.3503333333333334,100.309981018,0,True,100.619048754,0.0012843370002366683,0.0012297100002571781,a451922063a3107642fe32ec0ceb772f12cc8f9cf6e9e1c0ad056f82abbdf7be
True,1,48.57454361699988,1.1064912809999998,1.0697140660000004,48.71032338300006,54800,evaluation_epoch0,3c39df8a4e5b7a3d114cae007abb79f69510f9275d1d99cf6a16e11de0d977bf,6321,True,3000,d5dec06503545e91aaafd0507a19275ecb65499d4a7717e305dd18feb4d591c6,258432,communication,1.5653789004457652,22,8076,4.871111111111111,0,success,121140,4038,1.346,99.476160084,1,True,99.60799065,0.0012772729999372956,0.0013115060005119972,fb54737cc2f5627f3f72fcb3c4a4ad224fb18cf9b3d9fc31d3d367531c05b083
True,1,47.40662887999962,1.133657837,0.9970257020000002,47.66951800199994,56553,evaluation_epoch0,3c39df8a4e5b7a3d114cae007abb79f69510f9275d1d99cf6a16e11de0d977bf,6478,True,3000,e4fe12fec8e73193b0109f0be700a57f55d490a24d49be849a638ceea2a60284,266944,communication,1.5531047710381203,22,8342,5.026933333333333,0,success,125130,4171,1.3903333333333334,97.222405556,2,True,97.350848715,0.0013451120002714312,0.0013282469992690338,d2970edb3a7fc039bcb0234ba16cee3dbf9e7d5cdc1399e433442a402dd3dab9
True,1,48.98726960599991,1.068722818,1.009764971,48.906842412999396,56235,evaluation_epoch0,3c39df8a4e5b7a3d114cae007abb79f69510f9275d1d99cf6a16e11de0d977bf,6424,True,3000,fae63caa116121579f9c762b325eb72e4f820496b4b8b454d137e5fcc05edb05,265536,communication,1.5483248975656785,22,8298,4.998666666666667,0,success,124470,4149,1.383,99.987974982,3,True,100.113362361,0.0013023660005209159,0.001263688999732171,2b382358c8b574e3fac4d8221380fc2fc1ea0800d9d5c32cdddfef5196d395b4
True,1,47.49613500099959,1.118142282,0.994864849,47.0984079069998,54745,evaluation_epoch0,3c39df8a4e5b7a3d114cae007abb79f69510f9275d1d99cf6a16e11de0d977bf,6278,True,3000,20d1653d0888694423730d297e3099dce939cfeda519fb3087bd3b5181cd1702,258368,communication,1.5551151845429774,22,8074,4.8662222222222224,0,success,121110,4037,1.3456666666666666,96.724053731,4,True,97.440853838,0.0013521370000635358,0.0013240560002176771,97ff52c334dceb321db7592b0d25f917524e34c221497f0f9eee7a243b5d4b4a
True,1,47.13738347500025,1.195133684,1.0513311740000002,48.069027169000094,55104,evaluation_epoch0,3c39df8a4e5b7a3d114cae007abb79f69510f9275d1d99cf6a16e11de0d977bf,6265,True,3000,0e2651d35844c24a507129cb4b3aaa6460ff824466e657c9ec5aeacfb3fd90af,260352,communication,1.5400688298918388,22,8136,4.898133333333333,0,success,122040,4068,1.356,97.46848907,5,True,97.598949004,0.0013096709996172073,0.0012414569995962133,afdf77a4715b5fb5bcc91c790435071da02da4b82b63af55998c38dbcb9375f6
True,1,46.807807176999944,1.1084014119999999,1.034408887,47.74764317499985,55698,evaluation_epoch0,3c39df8a4e5b7a3d114cae007abb79f69510f9275d1d99cf6a16e11de0d977bf,6391,True,3000,45b48c2a3c2a42824b9586af2fc3500729218f83131bf83f771d81dcf9b6adb9,262848,communication,1.5561236912588263,22,8214,4.950933333333333,0,success,123210,4107,1.369,96.714127947,6,True,96.842039451,0.0012729200003929186,0.001302074999503855,f4f29d97f7d278fc08e17c04381014bff986088f5d08a0241c186c53ff685df8
True,1,47.15648823699924,1.154748669,1.028301157,47.303135308999984,55154,evaluation_epoch0,3c39df8a4e5b7a3d114cae007abb79f69510f9275d1d99cf6a16e11de0d977bf,6291,True,3000,7fb0603befcfcb3ef6936ad6c6991e10544fcac1f730d63e3ff471792ea6a00a,260480,communication,1.5457002457002458,22,8140,4.902577777777778,0,success,122100,4070,1.3566666666666667,96.658257408,7,True,96.788011231,0.0012456490003125431,0.0012885430001685627,64991a1fef72c394be9f00c5d3c1cd2c4abca8d9422100fe503328e8d228d73c
True,1,48.06989288999986,1.10089533,0.9845256779999998,48.2508712980004,55245,evaluation_epoch0,3c39df8a4e5b7a3d114cae007abb79f69510f9275d1d99cf6a16e11de0d977bf,6298,True,3000,07baa8571b608ead003112ee18f47ba3a1aa766f2ae8947f62c15752c6e5bcf9,260928,communication,1.5447633063527104,22,8154,4.910666666666667,0,success,122310,4077,1.359,98.421965589,8,True,98.64328834,0.001291544999723282,0.0012901379997463103,628d848da0d7e3c8a6ea2881c0bcf7c97ea32f840261af4541bb96e4fbffc02a
True,1,47.92340536100007,1.126302967,1.0636717800000002,48.19030567699967,54405,evaluation_epoch0,3c39df8a4e5b7a3d114cae007abb79f69510f9275d1d99cf6a16e11de0d977bf,6214,True,3000,6f99916a014d34e32cf216d3ce04ecfadb95b6f632786fb98fd7689a102624ba,256896,communication,1.5480817140009966,22,8028,4.836,0,success,120420,4014,1.338,98.31840003299999,9,True,98.453952073,0.0012483030004606377,0.001290411000657965,5841fe386854998939d22169fecdcbc31064f54930da04adb234c5cfd0726342
True,1,48.41682833499942,1.1217241969999998,1.038417803,48.59834225199993,56648,evaluation_epoch0,3c39df8a4e5b7a3d114cae007abb79f69510f9275d1d99cf6a16e11de0d977bf,6477,True,3000,ae6d5e66de1167041906abf61418ff375c33e1f64ad8ba6cd8ba95471ef56b1c,267456,communication,1.5498923187365399,22,8358,5.035377777777778,0,success,125370,4179,1.393,99.191305091,10,True,99.327608727,0.001322643000737589,0.0013129959995126228,608151ec813ee90c26af03629561cb6a1bd8fddfa8f60ea0298ddad3f3e54a68
True,1,47.138402303999584,1.089760396,1.0294065479999999,48.09221509199951,54995,evaluation_epoch0,3c39df8a4e5b7a3d114cae007abb79f69510f9275d1d99cf6a16e11de0d977bf,6288,True,3000,f7bf92913a3e69825901b06e484c4abc385e77b684acf8245dac02e9fb362495,259648,communication,1.5499137293566674,22,8114,4.888444444444445,0,success,121710,4057,1.3523333333333334,97.364937344,11,True,97.492762909,0.0012702549995053936,0.0012216650001839469,98fc08a5909c97ce1c5275d9cd46619b0b0b97b79457f6f2b8f10d630cc120e2
True,1,46.51746121200008,1.1168514379999999,1.0360703639999997,47.47336719900031,56573,evaluation_epoch0,3c39df8a4e5b7a3d114cae007abb79f69510f9275d1d99cf6a16e11de0d977bf,6486,True,3000,1bcd77e8db59b95c77a1a8f594b08ca5347c939612649b749dc1e78910a5f88d,267008,communication,1.5546500479386385,22,8344,5.028711111111111,0,success,125160,4172,1.3906666666666667,96.16046504100001,12,True,96.942408989,0.0013491989997755915,0.00132048800028306,9ec862c619124c8f36d689d826918738901bf187d367848aa70e4bc5465e66cb
True,1,46.94946074599973,1.1526079019999997,0.9831612469999997,47.62130508499965,55154,evaluation_epoch0,3c39df8a4e5b7a3d114cae007abb79f69510f9275d1d99cf6a16e11de0d977bf,6303,True,3000,67a9e128a2374f3dc1e4641be2d57fd880eea4c20b003773003c6c89d22b0d71,260416,communication,1.5490292455148684,22,8138,4.902577777777778,0,success,122070,4069,1.3563333333333334,96.7219962,13,True,96.854053512,0.0012895169996403055,0.0012951190001846413,c956bf11d2abf3b9764486fc7c2ed8efbef418fa60c32a22678ec3ee0455b433
True,1,46.59180960200025,1.170110036,1.0228485050000002,46.903186691000016,55220,evaluation_epoch0,3c39df8a4e5b7a3d114cae007abb79f69510f9275d1d99cf6a16e11de0d977bf,6309,True,3000,4148766959478b65cbae6302de3d907c30b71d788524fc90669eefae812cb689,260736,communication,1.54860088365243,22,8148,4.908444444444444,0,success,122220,4074,1.358,95.702958811,14,True,95.829191815,0.001246781999570068,0.0012326379998781611,c9303f401fda15b9856616c89d3283a0cfa6255546cc0df387a849b71a88535e
True,1,46.9202466200001,1.121611933,0.9840691979999998,47.335185533000015,54775,evaluation_epoch0,3c39df8a4e5b7a3d114cae007abb79f69510f9275d1d99cf6a16e11de0d977bf,6248,True,3000,03e9925a5abe60e73e766315d6d7a9adf57eecf877cde724d1a0da0b3eef8ca5,258688,communication,1.5457694210786739,22,8084,4.868888888888889,0,success,121260,4042,1.3473333333333333,96.37625397000001,15,True,96.568041845,0.001243680999676311,0.001223368999396346,c5d684947d08ae5d622d8df2d2998b21a5df39bd5910e553cc38cd20b69a925e
True,1,49.188869295999865,1.087389892,1.0293331879999998,48.676769518999706,56454,evaluation_epoch0,3c39df8a4e5b7a3d114cae007abb79f69510f9275d1d99cf6a16e11de0d977bf,6451,True,3000,097b0ffa732712532ee260ace6a342c79dcfb4785fe8520ac5d0c8713d776bf4,266560,communication,1.548859543817527,22,8330,5.018133333333333,0,success,124950,4165,1.3883333333333334,99.998467383,16,True,100.167548677,0.001292148999831877,0.0013040499996437305,fb171cd57e6159f4fa9daec9974824d34d902f828eb826718293b73811fa1335
True,1,48.97283655700046,1.118941673,1.0621328600000002,48.95113892800007,55407,evaluation_epoch0,3c39df8a4e5b7a3d114cae007abb79f69510f9275d1d99cf6a16e11de0d977bf,6316,True,3000,23f792c34920cbdb50fc4e8d3affe659ad6f6c58ef03bfc801ff78af86e84dcb,261696,communication,1.5446319393494743,22,8178,4.925066666666667,0,success,122670,4089,1.363,100.120551315,17,True,100.255741035,0.001287424999941944,0.0012606859994845898,3cd586750b2c337fecaad11981ce9521dc907dd904dad115c5903f2a041d55c0
True,1,47.867322984000054,1.12429005,1.0112971659999999,48.376712555000054,55118,evaluation_epoch0,3c39df8a4e5b7a3d114cae007abb79f69510f9275d1d99cf6a16e11de0d977bf,6327,True,3000,b99e0c44d96b2d8d481fe59ae5a720a4c45e5f44fd9a02d34186071ea829eca4,260096,communication,1.5568405511811023,22,8128,4.899377777777778,0,success,121920,4064,1.3546666666666667,98.395055564,18,True,98.528476966,0.0013294070000258174,0.0012914649996322858,fdecab7bbc2bfed88893f417c67d907bd4aab1074fa103ef35ccfc0df23c08ab
True,1,49.011297106999194,1.0929626879999998,0.9993965439999999,49.37106201499942,56303,evaluation_epoch0,3c39df8a4e5b7a3d114cae007abb79f69510f9275d1d99cf6a16e11de0d977bf,6420,True,3000,4af191d557429ac9507375167e0406d509c8582f35cc97c288bbe674392d26df,265920,communication,1.5451263537906137,22,8310,5.004711111111111,0,success,124650,4155,1.385,100.490332923,19,True,100.621199904,0.0013222939995207739,0.0012733390000256861,2e0ff6c47d2053b7e0e2d4a9ed4fd7b04cc3b9648ccc9e6d74f8ca7feeeb7b2d
True,1,47.39414474499993,1.164337062,1.0487152530000001,47.5852636909999,56789,evaluation_epoch0,3c39df8a4e5b7a3d114cae007abb79f69510f9275d1d99cf6a16e11de0d977bf,6534,True,3000,979deea7bdaa4aca3b57b631ef32900f8c8861f081383ceb91eede76bb6b1da9,267904,communication,1.5609173435260393,22,8372,5.0479111111111115,0,success,125580,4186,1.3953333333333333,97.208963756,20,True,97.944396922,0.0013414459997762584,0.0013165909997425729,4dea0e1559e4edb8a7405dfd869e0636b66a62bb46f8ab098a4a96f71b3b36e6
True,1,47.771266956999874,1.1158192859999998,0.97663134,47.97276378899995,54890,evaluation_epoch0,3c39df8a4e5b7a3d114cae007abb79f69510f9275d1d99cf6a16e11de0d977bf,6291,True,3000,2c82899c9ecc0a9060ee5b173f648dd2c2adb3fae00d725025ce9693e7b2b76a,259072,communication,1.554100790513834,22,8096,4.879111111111111,0,success,121440,4048,1.3493333333333333,97.852100046,21,True,97.988440617,0.0012628889995438541,0.0012786990004496346,598f65f260539ccd3c27f2597e432b868b1e5fb1db1375058550c5d621c4a918
True,1,46.73998210600004,1.162156778,1.0260405300000002,48.06056903000043,56106,evaluation_epoch0,3c39df8a4e5b7a3d114cae007abb79f69510f9275d1d99cf6a16e11de0d977bf,6427,True,3000,1f670433f33cb0ce86c7cef79f7be5a3c92c4d6ca5764037e9d0d8df9d41f649,264832,communication,1.5531657805703238,22,8276,4.9872,0,success,124140,4138,1.3793333333333333,97.003994365,22,True,97.135392757,0.0012591750000034985,0.001281295000247873,7b624767eb02a91f7832ddf7c7650d24fe6d9d3e7a384ab013fb73e21823f574
True,1,48.08647038700072,1.1087159839999998,0.969298233,47.48207229400022,55459,evaluation_epoch0,3c39df8a4e5b7a3d114cae007abb79f69510f9275d1d99cf6a16e11de0d977bf,6332,True,3000,feef7ce97c1f77f0fd22b68209cb03e2a8d6c399cebff6acf2d45576a324bc1f,261888,communication,1.5474095796676441,22,8184,4.929688888888889,0,success,122760,4092,1.364,97.662411218,23,True,97.800052057,0.0013002109992674704,0.0013043150000338066,5b2a034fb93ba690b55320c3d276d6ea5ed247d137b49c6ba6b933802441260a
True,1,47.535930737999834,1.1491309369999998,1.05043329,48.008509477999894,55150,evaluation_epoch0,3c39df8a4e5b7a3d114cae007abb79f69510f9275d1d99cf6a16e11de0d977bf,6299,True,3000,7ac0bc851b840c0ef169659da459d6b7ff2ed66c175014faf6420480e6895129,260416,communication,1.5480462029982798,22,8138,4.902222222222222,0,success,122070,4069,1.3563333333333334,97.75997769400001,24,True,97.993782743,0.0012789359994722638,0.0012390049998804997,a62d76a61f2409655afd2a981782c672ecdb08656afd039b223c50cd5b126f21
True,1,48.064586006999875,1.1488225619999999,1.0133279179999999,48.811850143999806,55282,evaluation_epoch0,3c39df8a4e5b7a3d114cae007abb79f69510f9275d1d99cf6a16e11de0d977bf,6299,True,3000,cb8a766d6d5d4d0a4049235b90d294171251a253aaed606764bbbffd129c6deb,261120,communication,1.543872549019608,22,8160,4.913955555555556,0,success,122400,4080,1.36,99.054343664,25,True,99.19101953,0.001296091999599458,0.0012719860000744987,be351b1e8432d6dc559290967422f71a93f64ab24c376e200f5768e136ead2ff
True,1,47.59612121400029,1.168806044,1.1159418410000002,47.8845990889995,54828,evaluation_epoch0,3c39df8a4e5b7a3d114cae007abb79f69510f9275d1d99cf6a16e11de0d977bf,6301,True,3000,f2152195e32aec7914ea8c2ad6a0ce0edbe784a7332d81efa624d41031253060,258688,communication,1.5588817417120238,22,8084,4.8736,0,success,121260,4042,1.3473333333333333,97.780508016,26,True,97.914490188,0.0012611720000310633,0.0012152240001652714,1c35b4dabaf71c4d12cbc07482b19d6196fcfc513c8e20f6a638e6b192184f42
True,1,47.88222176200014,1.151436936,0.998945086,48.259259195000354,55467,evaluation_epoch0,3c39df8a4e5b7a3d114cae007abb79f69510f9275d1d99cf6a16e11de0d977bf,6400,True,3000,ac00a24b13f7c2ea339a911cb22b8003594bd1862bcf61f66344778d4cee6038,261568,communication,1.5659407878639588,22,8174,4.9304,0,success,122610,4087,1.3623333333333334,98.307905281,27,True,98.43760848,0.001311158000729673,0.0012799879995575303,5ba60622eb722881f284c26da0eea43f74f1f2bd3738f66da6c22cc6d33a2650
True,1,46.60061299500059,1.107267759,1.0289992220000002,47.09359548300074,55354,evaluation_epoch0,3c39df8a4e5b7a3d114cae007abb79f69510f9275d1d99cf6a16e11de0d977bf,6335,True,3000,bd24ca9a12a8defb83f382fe309083e42d24d9cb69f8adf4499c413d481f9e05,261312,communication,1.5515552289982857,22,8166,4.920355555555555,0,success,122490,4083,1.361,95.846630752,28,True,96.581334503,0.0013334389996604301,0.0013218210003622666,41bd19cf78623996bf490d3b5f366412983e0449da851c68b8abc1769675f770
True,1,48.4256319140003,1.156302249,1.023503983,48.054143193999856,55677,evaluation_epoch0,3c39df8a4e5b7a3d114cae007abb79f69510f9275d1d99cf6a16e11de0d977bf,6310,True,3000,3598c7b9dec1f85b3fb3da6049440a8f2813d1a23ec308d9102fc6ff0c7ff940,263168,communication,1.5345330739299612,22,8224,4.949066666666667,0,success,123360,4112,1.3706666666666667,98.675493777,29,True,98.810722019,0.0013272150001251148,0.0013334720002400324,d9d4dceb5daf0571a9a2766002726ec3f14af235f50c3e64d83a588c7963bd47
True,1,46.87883331899983,1.172862957,0.9916560850000002,47.52382501099978,56337,evaluation_epoch0,3c39df8a4e5b7a3d114cae007abb79f69510f9275d1d99cf6a16e11de0d977bf,6394,True,3000,99afa1a44a7e1105d2c313488b0b41f051c6131e5d76dafd1c63931240777faa,266240,communication,1.5370192307692307,22,8320,5.007733333333333,0,success,124800,4160,1.3866666666666667,96.58300984300001,30,True,96.715689657,0.0012882500005866326,0.0013415519995332303,bbde2f33e84dd6c0d16e7a8ae661d79cc3bb80adeab42fa05bf43977508151d5
True,1,47.31436007299965,1.074189726,0.9878726900000001,47.358177090999725,55487,evaluation_epoch0,3c39df8a4e5b7a3d114cae007abb79f69510f9275d1d99cf6a16e11de0d977bf,6300,True,3000,fdd6c597c50f34ed4fddc64a1d3b726d5e401dde8146f92e29c70db03f909165,262208,communication,1.5377105198926044,22,8194,4.9321777777777775,0,success,122910,4097,1.3656666666666666,96.750889003,31,True,96.934515164,0.0012796459998787313,0.0013398519998708558,6fb97875c616d8b86a718bc7c0f85db704686b65cf8a1919ab8a4ca334225976
True,1,47.77415071500019,1.1161621620000002,1.0560079699999998,48.80782583999988,55993,evaluation_epoch0,3c39df8a4e5b7a3d114cae007abb79f69510f9275d1d99cf6a16e11de0d977bf,6446,True,3000,612750f4180dd131c191562534450ca463f4a84ea2d46fd664caa2e624be943c,264128,communication,1.561909377271626,22,8254,4.977155555555556,0,success,123810,4127,1.3756666666666666,98.770210214,32,True,98.992172405,0.001327109999807341,0.0012403799997922071,619a8a037f08a46181328b70864a4ac654147a701f53e2fa3f21130e974b1505
True,1,48.68830355800007,1.098181217,1.0499653950000003,48.36047961899938,54912,evaluation_epoch0,3c39df8a4e5b7a3d114cae007abb79f69510f9275d1d99cf6a16e11de0d977bf,6289,True,3000,c7d5bbb90e3dca3bfb0c28ad3deeecacdf2fe835eb0381e13a8b7cf8e905d90f,259200,communication,1.5528395061728395,22,8100,4.881066666666666,0,success,121500,4050,1.35,99.211721354,33,True,99.342209693,0.001250690000623944,0.0012234430000739316,92900208198f7c0283e54f43f431aaf8744123c773a20fd4de7db8e7ec146096
True,1,47.6746766020003,1.169409145,0.9966605300000002,47.80274398100057,54735,evaluation_epoch0,3c39df8a4e5b7a3d114cae007abb79f69510f9275d1d99cf6a16e11de0d977bf,6304,True,3000,fae991c4e8fd9b6f31e4df56971fbf806f78b70e80817378d26d241780aea2cf,258176,communication,1.5627169062964799,22,8068,4.865333333333333,0,success,121020,4034,1.3446666666666667,97.658137001,34,True,97.790359983,0.0012505780000635625,0.001231926000386352,481dfeb207cd3153800cbeba51fa5e5cf263625604bb635953b1e19a81b9e373
True,1,48.24216311500014,1.094014084,1.0369465959999997,49.32217977600018,55286,evaluation_epoch0,3c39df8a4e5b7a3d114cae007abb79f69510f9275d1d99cf6a16e11de0d977bf,6303,True,3000,af6905e14cbc808680e5521f0cc442c5b916246657ce92b2fe9b2ee6d1067a48,261120,communication,1.5448529411764707,22,8160,4.914311111111111,0,success,122400,4080,1.36,99.71068353300001,35,True,99.836530242,0.0012913290000367006,0.001275519999883734,ada783f3382db360e38c035d5a7a6769f7b083dc3fdd27b1284f77800c4343e5
True,1,47.03469160099972,1.102434282,1.0207312919999998,47.67104429700038,55898,evaluation_epoch0,3c39df8a4e5b7a3d114cae007abb79f69510f9275d1d99cf6a16e11de0d977bf,6411,True,3000,46934bce2312c9247b65d8f1a289d1075c8e53c70a3d7c2885b30c1f4468b253,263808,communication,1.5553129548762736,22,8244,4.968711111111111,0,success,123660,4122,1.374,96.845389133,36,True,97.63713454,0.0013373259994602371,0.0013507049998819909,bfb55e313dc5e0d2ea94d8f2c2863afb3793ccc88382050c00fb1330c6149099
True,1,49.05170274600025,1.1295096029999998,1.022650322,49.26816576400024,56236,evaluation_epoch0,3c39df8a4e5b7a3d114cae007abb79f69510f9275d1d99cf6a16e11de0d977bf,6449,True,3000,8a775135e7f7842c7fef407f8862d004686ce053607572505dee8e157f3a00c0,265408,communication,1.5551000723414516,22,8294,4.998755555555555,0,success,124410,4147,1.3823333333333334,100.488337937,37,True,100.623838762,0.0013359700004942354,0.0013142300007062957,5d78bf6907c4b411e75fec15175e4f1bab2e68e051a983d48c69b5da9abaa699
True,1,47.6373530140004,1.1437362119999999,1.0080954390000003,47.499436333000475,55557,evaluation_epoch0,3c39df8a4e5b7a3d114cae007abb79f69510f9275d1d99cf6a16e11de0d977bf,6370,True,3000,5316af5a3f87d3153c338e4b8183c5a2d89a1476201ac84e05cfcb27bc0f1f33,262208,communication,1.5547961923358555,22,8194,4.9384,0,success,122910,4097,1.3656666666666666,97.304432291,38,True,97.43509355,0.001273517000110136,0.0012822760002175748,68189efa6d683f9c5babc9ee4cebbe0170c4edfd899aca5f111259653288b9fd
True,1,48.10622995099969,1.10388422,0.9474477779999999,48.12766424500002,55322,evaluation_epoch0,3c39df8a4e5b7a3d114cae007abb79f69510f9275d1d99cf6a16e11de0d977bf,6363,True,3000,63f0d7ffd01fdf696af5d1cd4469ea7d21de283b22f335e2392c5727533e4be2,260992,communication,1.5603236880823934,22,8156,4.917511111111111,0,success,122340,4078,1.3593333333333333,98.301648134,39,True,98.463650412,0.00131748700055212,0.001320525999847888,dcc8120b55e28b233159a3fde187be1c0f4866ddf4b5d6a4756ee7e7cf14d3f2
True,1,48.16958330600002,1.184898652,1.0611813210000003,48.318287534999826,56034,evaluation_epoch0,3c39df8a4e5b7a3d114cae007abb79f69510f9275d1d99cf6a16e11de0d977bf,6415,True,3000,434b71d0056cfb29de42dc803ee39f67fcb1d3a7e576ab05f9f3b874e48cbfca,264512,communication,1.5521413017178805,22,8266,4.9808,0,success,123990,4133,1.3776666666666666,98.74955530700001,40,True,99.02410722,0.0012869449995416282,0.0012774630002518883,e7662dd92e4b9b343a547e9d0cbde60daa9d4925723385c2cb3fe243aebf8a1e
True,1,49.076001321000255,1.1962077029999998,1.0647041580000003,49.06839714800013,54888,evaluation_epoch0,3c39df8a4e5b7a3d114cae007abb79f69510f9275d1d99cf6a16e11de0d977bf,6289,True,3000,83b8b70e9967691509d96710c9d14a240a2d04a2e643c6671e1d031e6bfc916a,259072,communication,1.5536067193675889,22,8096,4.878933333333333,0,success,121440,4048,1.3493333333333333,100.420042127,41,True,100.554343418,0.0012636230001268345,0.0012258590003795256,3b162a7e1e36394fc55e17bd2b267e1087adfb2bf646d4db93eb1de9e8d3dead
True,1,48.47552492800006,1.108825306,1.0407486150000003,48.807382664000315,56380,evaluation_epoch0,3c39df8a4e5b7a3d114cae007abb79f69510f9275d1d99cf6a16e11de0d977bf,6401,True,3000,510c3cf985586544f6e5fa31794a2c30a428ac734005a030cccad03ea31e8cf7,266432,communication,1.5375930819120827,22,8326,5.011555555555556,0,success,124890,4163,1.3876666666666666,99.447700137,42,True,99.581006089,0.0012934290004942284,0.0012685069998483733,5244763c40be8d9f313092316bd3f14459faaee3ef259798254209add76d0073
True,1,49.25827998400001,1.1821210139999998,1.066867563,48.292158431999766,55337,evaluation_epoch0,3c39df8a4e5b7a3d114cae007abb79f69510f9275d1d99cf6a16e11de0d977bf,6354,True,3000,c9b0e87e4b0ced9be817bd6755e4f4fe41ce409a4814e7fded80e80e7a384b16,261120,communication,1.5573529411764706,22,8160,4.918844444444445,0,success,122400,4080,1.36,99.81444050699999,43,True,99.944163174,0.0012800409998723339,0.0012517029995033901,47467d9a4a1f4d874610845f235fe383beb9603dd77add9cfb8ef34b0debaac0
True,1,47.65337724299997,1.095405244,1.016836624,48.17206894600053,55511,evaluation_epoch0,3c39df8a4e5b7a3d114cae007abb79f69510f9275d1d99cf6a16e11de0d977bf,6372,True,3000,95e721d75256cc9d3a70f371b309949d602d050ce6fc01189e1146e07826f4cc,261952,communication,1.556804300024432,22,8186,4.9343111111111115,0,success,122790,4093,1.3643333333333334,97.954337504,44,True,98.633473327,0.0013531530003483283,0.001328954999626486,2e32020149b8e831f660c500f73855a4f3303abec86b11c6b070dca4c3298fe0
True,1,49.95113305900007,1.113628044,1.064247919,50.01416441699997,55232,evaluation_epoch0,3c39df8a4e5b7a3d114cae007abb79f69510f9275d1d99cf6a16e11de0d977bf,6321,True,3000,220789d22beed3d5a8e76cda5fc0c23c7272c896678c556d609a52749fd0d229,260736,communication,1.5515463917525774,22,8148,4.909511111111111,0,success,122220,4074,1.358,102.158849081,45,True,102.295425029,0.001284152999548649,0.001263553000077522,e1bfbab22c5530bb55c6bb35dabef9f85ad488debc9cf9b33eaf0a023c9a825d
True,1,48.34019347900027,1.146639429,0.979236561,48.85104343800007,55980,evaluation_epoch0,3c39df8a4e5b7a3d114cae007abb79f69510f9275d1d99cf6a16e11de0d977bf,6385,True,3000,a5862bf4b76e9be3a9883c262d030605e8becdf8c424f7bfd7789bbe04bce499,264384,communication,1.5456305979181797,22,8262,4.976,0,success,123930,4131,1.377,99.33338894,46,True,99.485307306,0.0013452559998632374,0.0014134370000511431,650e49bbb7b0ad1d5249d2200a7d490b80b6778d77a5f05ef4c309c33de2e1ab
True,1,47.490929766000086,1.089818326,1.0346866559999999,48.09847691799968,54797,evaluation_epoch0,3c39df8a4e5b7a3d114cae007abb79f69510f9275d1d99cf6a16e11de0d977bf,6282,True,3000,790926a9644818e0c05e4a296f9a89e54d348dc0a3379719caba8754d9eb14b4,258624,communication,1.55456570155902,22,8082,4.870844444444445,0,success,121230,4041,1.347,97.72922645099999,47,True,97.865833916,0.0012488790000029226,0.0012519740004846014,6adb2482ee83545f3569fba22e7374ff503d3fa5e02befa499c72e2c5a9ac5bd
True,1,48.13292543499952,1.1709368969999998,1.0272490730000001,48.772385204999495,56246,evaluation_epoch0,3c39df8a4e5b7a3d114cae007abb79f69510f9275d1d99cf6a16e11de0d977bf,6435,True,3000,09c438ffa9dee5b7203859cb69025dc82961bc3e3b82cea5e6e4e25845da55eb,265536,communication,1.5509761388286334,22,8298,4.999644444444445,0,success,124470,4149,1.383,99.119042425,48,True,99.355559858,0.0013021019995620442,0.001255625000047722,7626d117896d0d3c4e1559dfe912d365f07dc9dc4c2c94a7d20ef8787b62936f
True,1,49.0751668299997,1.1276936119999998,1.0319859070000001,49.10592359999995,55655,evaluation_epoch0,3c39df8a4e5b7a3d114cae007abb79f69510f9275d1d99cf6a16e11de0d977bf,6336,True,3000,824a5e1a0e2b30472c4e44e60536ed0f452126f6e13fc18184ed845e23be953d,262912,communication,1.5423563777994158,22,8216,4.947111111111111,0,success,123240,4108,1.3693333333333333,100.355624581,49,True,100.491073651,0.0012614460001412198,0.0012445470001201109,f7904f3c20b4f17ad48e4f5c59e96d50b2134cc0b10a6b69e37c260cf467cdd3
True,1,48.49104685199997,1.133198287,1.041575261,48.746825898999795,55809,evaluation_epoch0,3c39df8a4e5b7a3d114cae007abb79f69510f9275d1d99cf6a16e11de0d977bf,6406,True,3000,0275d7fcb84aaada21497fe6d582315c9c2f06114c7d37c181299ed83121697a,263360,communication,1.5567436208991494,22,8230,4.9608,0,success,123450,4115,1.3716666666666666,99.428192657,50,True,99.562019393,0.001300401000288609,0.0013058120001350204,b051f7b9d95c6d41809cf77da21d4c3c60b77227d748091dee349ee4bb70d187
True,1,48.837757177000114,1.1220669929999998,1.0128584409999997,48.87242281199978,55641,evaluation_epoch0,3c39df8a4e5b7a3d114cae007abb79f69510f9275d1d99cf6a16e11de0d977bf,6334,True,3000,dfa807f0cab6736970b21d824a62b1c4e1221225a9e418cdbed373ba7f69a04d,262848,communication,1.542244947650353,22,8214,4.945866666666666,0,success,123210,4107,1.369,99.860261325,51,True,99.98783946,0.0012883879996401504,0.0012749469999757679,4fc010f1c2ddfee13f47901a53b9b79b7a172a3d6d932f7b8a24550155f960a3
True,1,47.13794919299978,1.13591488,1.034588936,47.6610042400004,55308,evaluation_epoch0,3c39df8a4e5b7a3d114cae007abb79f69510f9275d1d99cf6a16e11de0d977bf,6337,True,3000,935df6a7cb70c2e41e7e76a4d3133d5e467bd6a53f70e915519adabbdaea76bd,261056,communication,1.5535670507477324,22,8158,4.916266666666667,0,success,122370,4079,1.3596666666666666,96.985974474,52,True,97.752754944,0.0013427920002624383,0.001307044000039781,d59af0c4a138641b13651af8f71fd127b14960700ee15cea1b2fe0aee5ee5116
True,1,49.382497509999816,1.190293332,1.0225217879999997,49.203897942999674,54932,evaluation_epoch0,3c39df8a4e5b7a3d114cae007abb79f69510f9275d1d99cf6a16e11de0d977bf,6333,True,3000,64907e26061ec32963e5f5673202c0e89cc6197495b96a9a6b72b50444128c39,259072,communication,1.5644762845849802,22,8096,4.882844444444444,0,success,121440,4048,1.3493333333333333,100.81470987600001,53,True,100.952279531,0.001250369000321605,0.0013060629997494466,c04196a1667485d0041a84c39a23324544c6a1960f17c43bff92e3173b18c45e
True,1,47.27810163899978,1.1165560060000002,0.9829713120000001,47.79470090099909,54639,evaluation_epoch0,3c39df8a4e5b7a3d114cae007abb79f69510f9275d1d99cf6a16e11de0d977bf,6232,True,3000,d12823a35b05de04af27546bdc1b17a596cbe7b109944fe811e92c5759439744,258048,communication,1.5456349206349207,22,8064,4.8568,0,success,120960,4032,1.344,97.18755320000001,54,True,97.313604389,0.001229761000202334,0.001281511999959406,9260e047111162803fb7bd0357b24f148d4c41449cbb2f5d3de3de03a31312b0
True,1,48.352219666000174,1.160441037,1.100648977,48.549834704999995,56465,evaluation_epoch0,3c39df8a4e5b7a3d114cae007abb79f69510f9275d1d99cf6a16e11de0d977bf,6438,True,3000,6deb951334d242542ccd713466f64b436975e887d063de8016eeac9aaa07b88f,266688,communication,1.544996400287977,22,8334,5.019111111111111,0,success,125010,4167,1.389,99.178815555,55,True,99.313543964,0.0012819890001631862,0.0013015539998497694,06403439c8fec57b57b99ffa80ef8e719c4b9efa4457f2b3dc7ec0eee019d1bf
True,1,48.38528161699944,1.152656741,1.02097473,48.57191718600011,56170,evaluation_epoch0,3c39df8a4e5b7a3d114cae007abb79f69510f9275d1d99cf6a16e11de0d977bf,6383,True,3000,06d2af4e452488ccfdac2811e972d4d68ce9fb2400063158e65949baf370440e,265408,communication,1.5391849529780564,22,8294,4.9928888888888885,0,success,124410,4147,1.3823333333333334,99.146614091,56,True,99.340182914,0.001293568000185541,0.0012871680003221364,78ac3a0af88214f312513e84bb9320e4d128b9a1d970a24e25dd66c8b8daff2d
True,1,48.398711971000196,1.161548814,1.0516764810000003,49.05795455000012,53727,evaluation_epoch0,3c39df8a4e5b7a3d114cae007abb79f69510f9275d1d99cf6a16e11de0d977bf,6184,True,3000,a21b4553eb4d64e6377bb6442902338bdfefc4bc16dd5c0a3a83e40044383dea,253440,communication,1.5616161616161617,22,7920,4.775733333333333,0,success,118800,3960,1.32,99.68425565700001,57,True,99.816537187,0.0012562730002030342,0.0012126669999799056,c43bde32954f6338de9198678e8d171dd1382969c128153889860ce658d8cecd
True,1,48.03570202199984,1.141955968,1.0135362949999998,48.112427889,54996,evaluation_epoch0,3c39df8a4e5b7a3d114cae007abb79f69510f9275d1d99cf6a16e11de0d977bf,6301,True,3000,9a6456a2ec1bb4ab8270d1814312d0212d34eefd98dce84a93c232de8599d7fa,259584,communication,1.5535009861932938,22,8112,4.888533333333333,0,success,121680,4056,1.352,98.31897104,58,True,98.453521828,0.0012885409994964903,0.0013230270000486044,463fd8bb6d2eb61598b33845b6a5122c1130bde8cb9d22e0c7a66bd8c4f3221c
True,1,49.35806718699999,1.1438189100000002,1.012314323,48.03343373999928,56239,evaluation_epoch0,3c39df8a4e5b7a3d114cae007abb79f69510f9275d1d99cf6a16e11de0d977bf,6428,True,3000,fbae18ef9aedf56dcec09a63f0d9f81d4684460b0a24a71e8301185e0d316291,265536,communication,1.5492889852976621,22,8298,4.999022222222222,0,success,124470,4149,1.383,99.563135462,59,True,99.691275137,0.0013262469999304471,0.0013516319997579629,d6dc4701b3ffbb96bb153c688c906dbcd066544ccde6c00a1ab937f490ab6f95
True,1,47.705974506000025,1.148676861,1.024839418,48.16195745899993,56879,evaluation_epoch0,3c39df8a4e5b7a3d114cae007abb79f69510f9275d1d99cf6a16e11de0d977bf,6516,True,3000,cf5072bb3600756ff546bb626bb45f0d8953e8a98d3646eb23c93ef634989506,268480,communication,1.5532777115613825,22,8390,5.0559111111111115,0,success,125850,4195,1.3983333333333334,98.058424364,60,True,98.844615216,0.0013489380012132735,0.0014183719997871158,12a94a73f46df6294f846bfd17730d81ad70e140d76f292a5a6390ccd995bc94
True,1,50.29795520500001,1.055767377,1.064991827,49.93260523499997,55338,evaluation_epoch0,3c39df8a4e5b7a3d114cae007abb79f69510f9275d1d99cf6a16e11de0d977bf,6343,True,3000,6e9575c5639393cac8ec0fa032ab1375453a0424276d36c986da3d2620062b6d,261184,communication,1.5542759127664787,22,8162,4.918933333333333,0,success,122430,4081,1.3603333333333334,102.36705269299999,61,True,102.504369827,0.0012960890000250913,0.0012662790005180113,664417b4c1ca962704eed0529fbdc7d4201bac35bab18a2e6df06abeca9b64e5
True,1,47.62700056700031,1.1487597419999998,1.0137722249999999,49.17479969899976,55908,evaluation_epoch0,3c39df8a4e5b7a3d114cae007abb79f69510f9275d1d99cf6a16e11de0d977bf,6361,True,3000,ded184e0737a361b38bccbe27b3d72454dcfca9cdf392dc39c8c137a03ba65ee,264128,communication,1.5413133026411436,22,8254,4.9696,0,success,123810,4127,1.3756666666666666,98.97982888499999,62,True,99.112474773,0.0012808849998413585,0.0012953910000708113,f1e691410d12df5e21391a4be603327b768940d4ebb35c1c4146105debd25634
True,1,48.08766084499973,1.092217523,0.969275546,48.09635772099991,54876,evaluation_epoch0,3c39df8a4e5b7a3d114cae007abb79f69510f9275d1d99cf6a16e11de0d977bf,6313,True,3000,ea1120429b04a041207901230cc957f01f8a10fa5660b897b4f5f871f23ae27d,258880,communication,1.5606922126081582,22,8090,4.877866666666667,0,success,121350,4045,1.3483333333333334,98.260592978,63,True,98.402979062,0.0012799920005006626,0.001224263999367814,92fd81047ad27c5520cedc75303d0afcb1fb8bb2dbb86d49c0a4183b28ae804a
True,1,47.55249361699973,1.1606702089999998,0.9985392279999998,48.610221012000174,54276,evaluation_epoch0,3c39df8a4e5b7a3d114cae007abb79f69510f9275d1d99cf6a16e11de0d977bf,6217,True,3000,2ee8bc34974b0d80f5566ba6190c9bc8c767cd98c5293b53d227870b9bf45abc,256192,communication,1.5530851861104171,22,8006,4.824533333333333,0,success,120090,4003,1.3343333333333334,98.33745687000001,64,True,98.584730895,0.001275670000413509,0.0013728259994798542,b0fd1beb4291139976f4f31babbd1f831ddc83403245358a61609df7e776b661
True,1,49.27321512400026,1.1581882689999998,1.032073735,49.160746349999926,55217,evaluation_epoch0,3c39df8a4e5b7a3d114cae007abb79f69510f9275d1d99cf6a16e11de0d977bf,6306,True,3000,62733e888b3575dd5a91069665a16e4c6d293bb08446eaba7dbe9de5a1fe4a80,260736,communication,1.5478645066273933,22,8148,4.9081777777777775,0,success,122220,4074,1.358,100.63926990499999,65,True,100.777447596,0.0012816199998870736,0.0012620270005441192,fa5796959290191e26679efb55ba1d2f2a1d4ec87e4ad9111c37972c6a1dcfd1
True,1,48.63286377799994,1.1186589369999997,1.065997745,49.370488788000095,56197,evaluation_epoch0,3c39df8a4e5b7a3d114cae007abb79f69510f9275d1d99cf6a16e11de0d977bf,6410,True,3000,85c9a874ae1c4f603f794d3a54607f3c3b6296913f6357f3208b35e9864152cd,265408,communication,1.5456956836267182,22,8294,4.995288888888889,0,success,124410,4147,1.3823333333333334,100.20369150500001,66,True,100.339802812,0.0013209189999110471,0.0013189500000576615,f14682f8a5004a2786ee9913488696126f67455391fd8cebadb2f71abef64ad9
True,1,49.64930429100018,1.094434018,1.040021069,48.53269223800001,55010,evaluation_epoch0,3c39df8a4e5b7a3d114cae007abb79f69510f9275d1d99cf6a16e11de0d977bf,6303,True,3000,4d8aa8dd2ca3b4baff36f27eaa62e39357f4912d1edf976f14e267fa5c853e29,259648,communication,1.5536110426423466,22,8114,4.889777777777778,0,success,121710,4057,1.3523333333333334,100.331906133,67,True,100.463703275,0.0012852669997425181,0.001272996000464044,a915845042de092fc2aba8a49415346e172a00eb38214ce7297f8af4867b5ef0
True,1,48.08050791,1.101456551,1.0473383109999999,48.66250795599989,56508,evaluation_epoch0,3c39df8a4e5b7a3d114cae007abb79f69510f9275d1d99cf6a16e11de0d977bf,6493,True,3000,11ad5fa89f0f5c9d4328b912c919d7dd11c4cbcbb1a95a7ce27ec166c691048a,266624,communication,1.558569371099376,22,8332,5.0229333333333335,0,success,124980,4166,1.3886666666666667,98.90813510400001,68,True,99.671892294,0.0013602509995469525,0.0013249659998497698,26f220e7f26a84aee3650a6c70624c6c0b8d75f340f27e563976d99edbb25c90
True,1,49.931035121000356,1.1021960690000001,1.047905208,48.99034720999943,53883,evaluation_epoch0,3c39df8a4e5b7a3d114cae007abb79f69510f9275d1d99cf6a16e11de0d977bf,6112,True,3000,845f21f7e5611cd8944b49ca5cc273b38f147f81bb598253c223eb3e65d12947,254656,communication,1.5360643377733099,22,7958,4.7896,0,success,119370,3979,1.3263333333333334,101.087071902,69,True,101.227633911,0.0012687509998121627,0.0012955490000714498,ae5cd107dea787f3fe0584665bffd5d0341faa490947968b1531ce5b4e16d0fe
True,1,48.191695992999904,1.126158373,1.0073473219999998,49.10217217300027,55518,evaluation_epoch0,3c39df8a4e5b7a3d114cae007abb79f69510f9275d1d99cf6a16e11de0d977bf,6343,True,3000,e6d0f2f751203c79d2150b4c94e66e54c68cb6e040907b44083980ec659978ca,262144,communication,1.548583984375,22,8192,4.934933333333333,0,success,122880,4096,1.3653333333333333,99.442973341,70,True,99.575475974,0.0012755819998417905,0.0012969319998066275,60555a067d52ef83e052dd0f359f5f46eb34bd7baed1686b06b3c00c45811b4d
True,1,48.24499707100026,1.102051405,0.957763318,48.90115861300079,57216,evaluation_epoch0,3c39df8a4e5b7a3d114cae007abb79f69510f9275d1d99cf6a16e11de0d977bf,6541,True,3000,24522378269afddda921443dae75333bbc93fa5f53b1c2e96646ecb3f0b9ac08,270144,communication,1.5496327884387586,22,8442,5.085866666666667,0,success,126630,4221,1.407,99.221889461,71,True,99.405314034,0.0013277380002141292,0.0013162740000720596,65853b25196fe77da4a55fb95f7b86a69ea5221cbf9f0731a9376b75eb5a713f
True,1,49.057515855999924,1.1169787279999999,0.99224954,49.13675867100011,53691,evaluation_epoch0,3c39df8a4e5b7a3d114cae007abb79f69510f9275d1d99cf6a16e11de0d977bf,6172,True,3000,fe764b5d28713fcc9e2bc07ae9c1633195953e1e771f708973554a2818b9f0bd,253312,communication,1.5593734209196564,22,7916,4.7725333333333335,0,success,118740,3958,1.3193333333333332,100.319320507,72,True,100.55758,0.0012682859997457108,0.0012547850003716832,d823674a9cb9d27fb16b5f8be37be9d66f29a7118e7405bd0eb65fba2d5d2091
True,1,50.739491066999996,1.1308804060000002,1.058538673,50.89227701899999,56951,evaluation_epoch0,3c39df8a4e5b7a3d114cae007abb79f69510f9275d1d99cf6a16e11de0d977bf,6492,True,3000,ddcaaac7f2590dbb7ec3774e335aec3a9198f8684a7d4ab0310b817f02b7d10b,268992,communication,1.5446109921484654,22,8406,5.062311111111111,0,success,126090,4203,1.401,103.837026006,73,True,103.974967806,0.001329240999985437,0.001357789000524967,be70e594368ae01062e563febae6f02f0b9029556941b1efaebd7564fedd672e
True,1,48.41731746499939,1.207806167,1.055481331,48.39780014900009,55581,evaluation_epoch0,3c39df8a4e5b7a3d114cae007abb79f69510f9275d1d99cf6a16e11de0d977bf,6442,True,3000,5042ebfe0295097e2648719428b928893d308fd50bffd85be352df726f9e2c4f,261952,communication,1.573906669924261,22,8186,4.940533333333334,0,success,122790,4093,1.3643333333333334,99.093685261,74,True,99.228886942,0.0012838229998206607,0.0013065080000380647,e2e58d684ed1a5abbfe7a9259848c12a819a3fffb26abb57ed8a8f2aafa5ef99
True,1,50.745553738000055,1.154703472,1.002245085,48.94612334600051,54623,evaluation_epoch0,3c39df8a4e5b7a3d114cae007abb79f69510f9275d1d99cf6a16e11de0d977bf,6252,True,3000,a6293c8dba4d2285595c90c9c08beccf215643b7ae575adf29223fca48e70f05,257856,communication,1.5517498138495904,22,8058,4.855377777777778,0,success,120870,4029,1.343,101.864260382,75,True,101.997709487,0.0012809060004417283,0.0012869789997371761,fa3771bfdd6378a875c886d116747b150372b41ec3d97c907fb3a6c2b10f75c5
True,1,48.461753144000156,1.1538644320000002,0.995046833,48.46062578299993,55595,evaluation_epoch0,3c39df8a4e5b7a3d114cae007abb79f69510f9275d1d99cf6a16e11de0d977bf,6408,True,3000,42e3b1edb275525df56a06e0f7741d8f4fb26ab5969cafbe0b577d851d2536fe,262208,communication,1.5640712716621918,22,8194,4.941777777777777,0,success,122910,4097,1.3656666666666666,99.08800131699999,76,True,99.883667608,0.0013287810008040246,0.0013646110000240519,e12ddf4ba12619010a669e59985ae06dad7f46d18355eb4a059d70a8107a4216
True,1,51.427978854999914,1.089473492,0.9942396149999999,50.37592055399978,56980,evaluation_epoch0,3c39df8a4e5b7a3d114cae007abb79f69510f9275d1d99cf6a16e11de0d977bf,6533,True,3000,4c34e9e8ff0aecd6b8d585fbe01d89507342d7ad5fd23ad8e28bba55bdde61c5,268928,communication,1.5547358400761542,22,8404,5.0648888888888886,0,success,126060,4202,1.4006666666666667,103.904131285,77,True,104.045002856,0.0013540719997964246,0.0013980720000987823,55c269fb1e46cfc701e9279ca618cf24e4bced2626f735a3124483e4163c432e
True,1,48.48560746899933,1.099133353,0.9944530250000001,49.813252829999904,55134,evaluation_epoch0,3c39df8a4e5b7a3d114cae007abb79f69510f9275d1d99cf6a16e11de0d977bf,6343,True,3000,f0d7d01bc4d6468f05560b914055dd17798a685bb68190372cd773a5a2c452b7,260096,communication,1.560777559055118,22,8128,4.9008,0,success,121920,4064,1.3546666666666667,100.40807022899999,78,True,100.540489108,0.0012554680003238339,0.0013049099996580438,79b153ec88fc44754c3e42f02f9d019e5f8524ad7c3ecf19cb4adba889e21701
True,1,49.77464413100024,1.144965155,0.9515021859999999,49.05364617200034,56443,evaluation_epoch0,3c39df8a4e5b7a3d114cae007abb79f69510f9275d1d99cf6a16e11de0d977bf,6464,True,3000,2730454fd29f803645959e43018d2e1ceb15c1403bbe2ad8fdf596fd0e619b26,266432,communication,1.5527263992313236,22,8326,5.017155555555555,0,success,124890,4163,1.3876666666666666,100.94139261800001,79,True,101.087877304,0.0013016440001871743,0.0012893399996221078,d7b53314a4d672f0d09e6a8b958b2009337e9ed8c9161582bdc511583de06989
True,1,49.316387818999985,1.218718697,0.9970524999999997,49.16242157999995,54611,evaluation_epoch0,3c39df8a4e5b7a3d114cae007abb79f69510f9275d1d99cf6a16e11de0d977bf,6252,True,3000,85dabccf68bf679ce97ac5da1caf6e18e8a769fb05732fecb954be85dc4d9cc5,257792,communication,1.5521350546176762,22,8056,4.8543111111111115,0,success,120840,4028,1.3426666666666667,100.710827051,80,True,100.993646218,0.0013404310002433917,0.00132193000019587,77f6fed82df3acdf2dcf4f0dda79d3e0d0dbb42f557b692091665b48f0a7f52a
True,1,49.700025629000734,1.15814752,1.066848559,48.83435855700055,55856,evaluation_epoch0,3c39df8a4e5b7a3d114cae007abb79f69510f9275d1d99cf6a16e11de0d977bf,6393,True,3000,d9087f40f519a96103dd204cbb4b856e1fca7f59ccee12273d51494e569d9d40,263680,communication,1.5516990291262136,22,8240,4.9649777777777775,0,success,123600,4120,1.3733333333333333,100.774896051,81,True,100.908887011,0.001327591000210404,0.001309581999816789,22a6daa78985720ea1deac2d971ddf0476e9ab7cd6648c86dd894e7621ee9aeb
True,1,48.53264633099958,1.1390661880000001,1.0197809060000003,48.53942835899974,54579,evaluation_epoch0,3c39df8a4e5b7a3d114cae007abb79f69510f9275d1d99cf6a16e11de0d977bf,6304,True,3000,69e64c6fd5f372973f1d08daae01f8377b0e5b6543e35c0bd723045d1cef8cac,257344,communication,1.5677692116388957,22,8042,4.851466666666667,0,success,120630,4021,1.3403333333333334,99.245855601,82,True,99.384880298,0.0012646759999812573,0.0012541719996366218,5816d6f7bf6e844877937dd7ee2f57d645ad222abccd8756e80f6a7b441dd4f2
True,1,47.26574652400058,1.144683079,1.085506391,47.74546525600002,55535,evaluation_epoch0,3c39df8a4e5b7a3d114cae007abb79f69510f9275d1d99cf6a16e11de0d977bf,6360,True,3000,4e0856d908fdc3d4017420d22fa3864d8285aa4976998d43925ada82f14af7b6,262144,communication,1.552734375,22,8192,4.936444444444445,0,success,122880,4096,1.3653333333333333,97.256878899,83,True,97.382783069,0.001339806000450583,0.0012784450000022929,3992882f274f6f796c748c842f5cc1986c593ec1e7c12b55c5b3ec94003f1414
True,1,47.89859231600139,1.085915591,1.028221056,48.1096568600001,56576,evaluation_epoch0,3c39df8a4e5b7a3d114cae007abb79f69510f9275d1d99cf6a16e11de0d977bf,6441,True,3000,5469dcc33574182aaa46ca4fe3e1055014d83fcb87e3a17e28999b034b4c0d44,267264,communication,1.5423850574712643,22,8352,5.0289777777777775,0,success,125280,4176,1.392,98.139505554,84,True,98.830978734,0.0013679599998037695,0.0014447429998272199,686ac0a386a621d484b9fa188cbd8f9da57e489a0f0b9a0c032bc5519a86b347
True,1,48.63295159399998,1.082860208,1.049000638,50.26789849500013,55779,evaluation_epoch0,3c39df8a4e5b7a3d114cae007abb79f69510f9275d1d99cf6a16e11de0d977bf,6448,True,3000,e8b99d26c428e33c1d95653c47bb5162c6ae25d3e53b63bc043b8c6bd307bac1,262976,communication,1.5692382574835726,22,8218,4.9581333333333335,0,success,123270,4109,1.3696666666666666,101.04923201700001,85,True,101.187616591,0.0013225409993724568,0.001432668000098225,9f5716c5b1e188022981ac3c3bf337a27c9eb717cbf9be5761c6f6ef64ff20da
True,1,48.29838779800049,1.106693477,1.028107286,48.512687299999676,55230,evaluation_epoch0,3c39df8a4e5b7a3d114cae007abb79f69510f9275d1d99cf6a16e11de0d977bf,6319,True,3000,183ef66d8bbaf77b13e56e0e25d300948492e4cfbb5c0c73c5b609121b3b0d49,260736,communication,1.5510554737358861,22,8148,4.9093333333333335,0,success,122220,4074,1.358,98.961950153,86,True,99.149256649,0.001288559000411471,0.0012789440006466535,f738f0eed0b1e3745a9145b2cccb942d89d813f7aadbcde01e7e48f1d2b18de5
True,1,48.338665709000225,1.0989891090000001,0.9793812210000001,48.66766525299932,55359,evaluation_epoch0,3c39df8a4e5b7a3d114cae007abb79f69510f9275d1d99cf6a16e11de0d977bf,6352,True,3000,e45534d8b9747b01ac301e74f42362719562765dedfe8c6dcbb260f5d050bb54,261248,communication,1.5560999510044096,22,8164,4.9208,0,success,122460,4082,1.3606666666666667,99.10096487099999,87,True,99.243309995,0.0012951819998834324,0.0013822779995971146,94e1573053256917ceca79e9f66589452246b4b977d151d7eae38d3f9798588b
True,1,49.91764833900019,1.084771549,0.9935584460000002,49.070933538999476,55801,evaluation_epoch0,3c39df8a4e5b7a3d114cae007abb79f69510f9275d1d99cf6a16e11de0d977bf,6398,True,3000,45dcf7a78919d4d7fb51c828cd2cd0c2f15caf36279ff6af6cfb368eadd30b2e,263360,communication,1.5547995139732684,22,8230,4.9600888888888885,0,success,123450,4115,1.3716666666666666,101.083090678,88,True,101.309425804,0.0012939479999225512,0.0012808460005557798,0c0d2dffd66b3110f5c14dc0a47936e5d809c8a41745f57883a1974568cf73bc
True,1,48.63413580199937,1.248734924,1.1070695609999999,47.62967853399977,55555,evaluation_epoch0,3c39df8a4e5b7a3d114cae007abb79f69510f9275d1d99cf6a16e11de0d977bf,6380,True,3000,a9b4923e7a764c3c97b6aca70993e93b9e2e08afbe5e9f460283bed34a9b650c,262144,communication,1.5576171875,22,8192,4.9382222222222225,0,success,122880,4096,1.3653333333333333,98.63473960399999,89,True,98.766999801,0.0012852489995025529,0.001286140999843255,4d694a32f55ed90c66be7fff36a2a0af15412f2942c4909e94fd3412a52532b5
True,1,48.28552717800049,1.1210898999999999,1.0666268419999998,48.745324841000276,56109,evaluation_epoch0,3c39df8a4e5b7a3d114cae007abb79f69510f9275d1d99cf6a16e11de0d977bf,6382,True,3000,143fd9d1db6fd4b95e694ea9bcce22ad00d9775f05b12ec46eea3af119466670,265088,communication,1.5408015451472719,22,8284,4.987466666666666,0,success,124260,4142,1.3806666666666667,99.234513469,90,True,99.37313658,0.0012879180006608593,0.001318414000124779,df331af9022e81bdec5581b613c7adfbb41c520474ce7ad77660d95807599906
True,1,48.59093760199979,1.2423595440000001,1.08522141,48.592418079000026,55587,evaluation_epoch0,3c39df8a4e5b7a3d114cae007abb79f69510f9275d1d99cf6a16e11de0d977bf,6376,True,3000,9c837f00d58610a3195bf9beb6cdeacac6d04c5ae8ac01d6b98ecfb57d4223d0,262336,communication,1.5555013417906807,22,8198,4.941066666666667,0,success,122970,4099,1.3663333333333334,99.52597984799999,91,True,99.653074624,0.0012788460000408008,0.0012313080002970267,42b32604e70ade27afe7492724132fe99cd87a6b00d1b8d1c2b09492b335afa6
True,1,48.62316503400005,1.159381389,1.0035994799999999,48.57841862799994,56988,evaluation_epoch0,3c39df8a4e5b7a3d114cae007abb79f69510f9275d1d99cf6a16e11de0d977bf,6505,True,3000,00f8f18e5bc3253fab2c2decbbcb8e59cc8f1eb7c4946093e8909bfd55ad0784,269120,communication,1.5469678953626635,22,8410,5.0656,0,success,126150,4205,1.4016666666666666,99.38181891,92,True,100.165950536,0.0013575410002211186,0.001421266999647397,de03635af0414736e77b5e9b102d84f5c1b4700f9fbcba2e759f0cba1b04ed57
True,1,50.36977559600042,1.088913201,1.00775747,48.7946838510002,55837,evaluation_epoch0,3c39df8a4e5b7a3d114cae007abb79f69510f9275d1d99cf6a16e11de0d977bf,6422,True,3000,a41f12d87305ea40433e0c60dde9554b374864f509890b2cda8de00ceb4b28f7,263424,communication,1.5602526724975705,22,8232,4.963288888888889,0,success,123480,4116,1.372,101.27736512199999,93,True,101.411419916,0.0013449340002376076,0.0013072030000120805,1d4e82fa67d92c8691ed72fb38ccab0ac19fb066d2e1a6090136196747bc1027
True,1,48.42588967900011,1.0796637740000001,0.9993527720000002,48.76774139800027,54214,evaluation_epoch0,3c39df8a4e5b7a3d114cae007abb79f69510f9275d1d99cf6a16e11de0d977bf,6239,True,3000,8606777f5959630e309f7964896080e69751cef4a13e94d7f9b82a7253e8dc45,255744,communication,1.5613113113113113,22,7992,4.819022222222222,0,success,119880,3996,1.332,99.288612771,94,True,99.425348174,0.0012696939997183243,0.0012820460004974166,d9c17cf0c921943e417ff6fdfed7f6c06baac87381dc7cfaf0893967c4f6a22d
True,1,48.33194925000048,1.1255386600000001,0.967481491,49.000271306000016,55011,evaluation_epoch0,3c39df8a4e5b7a3d114cae007abb79f69510f9275d1d99cf6a16e11de0d977bf,6280,True,3000,64388a4b6d79133c77bae95f1f217ddf66e1da5cee92afa4f1c3317b89b79362,259776,communication,1.547179108154718,22,8118,4.889866666666666,0,success,121770,4059,1.353,99.440762046,95,True,99.585155174,0.0012741039997372638,0.001237885000656913,d3def7899f919b34ffd6934279cb1244e415ad6d9830cca30ba9c7ca915b76ad
True,1,48.53185266500031,1.21334958,1.0937019369999998,48.815261924999405,55296,evaluation_epoch0,3c39df8a4e5b7a3d114cae007abb79f69510f9275d1d99cf6a16e11de0d977bf,6337,True,3000,cb2184ca109ecc1db3a3180d1a2adb81ad805140632d9bb843066fe601b1241f,260992,communication,1.5539480137322217,22,8156,4.9152,0,success,122340,4078,1.3593333333333333,99.669422769,96,True,99.820709953,0.0012805920000396043,0.0011986810004303017,29013dc4b1a5cbd4e2755662aa9d37d208888a6d85fd33a2f6f97271901823d6
True,1,46.77520151600025,1.1818432190000001,1.041859663,47.063615740999836,53639,evaluation_epoch0,3c39df8a4e5b7a3d114cae007abb79f69510f9275d1d99cf6a16e11de0d977bf,6108,True,3000,3e4863d124da036089d4b5a9cac34ea004b0002a1b537f79dba75a1f482e586b,253376,communication,1.5428138418792625,22,7918,4.767911111111111,0,success,118770,3959,1.3196666666666668,96.07673395,97,True,96.205061004,0.0012274730002133083,0.0011863549995241307,e8102048c8e36fedd85fce4bd075ef08dc796ce3c626aa76d2ce8a6d7314dc28
True,1,47.38499678900028,1.10433361,1.0425181309999996,48.5195572179998,55534,evaluation_epoch0,3c39df8a4e5b7a3d114cae007abb79f69510f9275d1d99cf6a16e11de0d977bf,6323,True,3000,98b1cf2fae7db0c43ee6e00bac4ba4c0f9f033fc2a1a1944c8b0ae3bea773c2b,262336,communication,1.5425713588680166,22,8198,4.936355555555555,0,success,122970,4099,1.3663333333333334,98.066756819,98,True,98.200270542,0.0012643930003752857,0.0012863559999218843,f7c64f313a5b47d270546f27955ca2743d6ceed117968ec59ed582bbd6dd68b8
True,1,49.08326050399998,1.163524512,1.024417384,48.545260926000054,54572,evaluation_epoch0,3c39df8a4e5b7a3d114cae007abb79f69510f9275d1d99cf6a16e11de0d977bf,6273,True,3000,538ce123b8e9dce3ba3aa3ea7c46b4bcd86003115a34159767a416d07f875e2e,257472,communication,1.5592841163310962,22,8046,4.850844444444444,0,success,120690,4023,1.341,99.831203532,99,True,99.957900012,0.0012804040001066497,0.0012349789994852145,3cf01816eb484cfb43f03496a8a11de10db62fd45f9b7d78dd168b2925bae818
True,1,35.810306038999954,1.013470933,0.9437955170000001,35.68147346300037,54624,timing_final,3c39df8a4e5b7a3d114cae007abb79f69510f9275d1d99cf6a16e11de0d977bf,6241,True,3000,870bbbca5531c3640d0f8103878ce1daf756a025fa5d1b3c519bbaf135ffdeb6,257920,timing,1.54863523573201,22,8060,4.855466666666667,0,success,120900,4030,1.3433333333333333,73.462896035,0,True,73.550692601,0.0012511629995639595,0.0011713319998878369,2754cf395799068d63d21ee8ab45be3d1f58b00f0e1f62ed9007db725ae5e136
True,1,36.16640865299972,0.23242527099999677,0.23187256100000297,36.02733910999979,54624,timing_final,3c39df8a4e5b7a3d114cae007abb79f69510f9275d1d99cf6a16e11de0d977bf,6241,True,3000,870bbbca5531c3640d0f8103878ce1daf756a025fa5d1b3c519bbaf135ffdeb6,257920,timing,1.54863523573201,22,8060,4.855466666666667,1,success,120900,4030,1.3433333333333333,72.672460143,0,True,72.794932296,0.001295925999869496,0.0012124089998195586,2754cf395799068d63d21ee8ab45be3d1f58b00f0e1f62ed9007db725ae5e136
True,1,35.3719166460007,0.2817441070000086,0.2528378620000069,35.32689466199983,54624,timing_final,3c39df8a4e5b7a3d114cae007abb79f69510f9275d1d99cf6a16e11de0d977bf,6241,True,3000,870bbbca5531c3640d0f8103878ce1daf756a025fa5d1b3c519bbaf135ffdeb6,257920,timing,1.54863523573201,22,8060,4.855466666666667,2,success,120900,4030,1.3433333333333333,71.247227522,0,True,71.330137828,0.0012478619993885331,0.001184255000879375,2754cf395799068d63d21ee8ab45be3d1f58b00f0e1f62ed9007db725ae5e136
True,1,36.00395590499959,0.9827244070000001,0.9073715459999998,36.04847156300004,56112,timing_final,3c39df8a4e5b7a3d114cae007abb79f69510f9275d1d99cf6a16e11de0d977bf,6409,True,3000,ad4a74f4772b12b9931747e0e261024751125e1dc2528cd024d9ba1ecede9f63,264960,timing,1.5480676328502416,22,8280,4.987733333333333,0,success,124200,4140,1.38,73.956747723,1,True,74.04704425,0.0013196789995473246,0.0012030870002868177,c513610030f6bf889ec875c6d2f65d036c58849ee1201b5b050a8de20728635e
True,1,35.90563096900006,0.23313883599999485,0.23213029900000492,35.94822489200017,56112,timing_final,3c39df8a4e5b7a3d114cae007abb79f69510f9275d1d99cf6a16e11de0d977bf,6409,True,3000,ad4a74f4772b12b9931747e0e261024751125e1dc2528cd024d9ba1ecede9f63,264960,timing,1.5480676328502416,22,8280,4.987733333333333,1,success,124200,4140,1.38,72.333388175,1,True,72.453400488,0.0012980119996086614,0.0012093369993237957,c513610030f6bf889ec875c6d2f65d036c58849ee1201b5b050a8de20728635e
True,1,35.958097056999975,0.2441868010000121,0.24401822999999467,35.96813510500024,56112,timing_final,3c39df8a4e5b7a3d114cae007abb79f69510f9275d1d99cf6a16e11de0d977bf,6409,True,3000,ad4a74f4772b12b9931747e0e261024751125e1dc2528cd024d9ba1ecede9f63,264960,timing,1.5480676328502416,22,8280,4.987733333333333,2,success,124200,4140,1.38,72.428560121,1,True,72.515191314,0.0012778619996822727,0.0011954030002812033,c513610030f6bf889ec875c6d2f65d036c58849ee1201b5b050a8de20728635e
True,1,35.95166601499961,0.999652849,0.9381512109999999,35.97296921300041,54216,timing_final,3c39df8a4e5b7a3d114cae007abb79f69510f9275d1d99cf6a16e11de0d977bf,6217,True,3000,9880b0771a47d7451159dd50261a58a1c8b9ae207f688173b3201ec58244d388,255872,timing,1.5550275137568785,22,7996,4.8192,0,success,119940,3998,1.3326666666666667,73.876502587,2,True,73.967134765,0.0012944290000813652,0.0012133160002942844,88e61512204ad761527293b5e5550c819beabd5b0f4b8b2badd28c362cab503e
True,1,35.30747895200075,0.24565564999998912,0.22889935400000638,35.268987773998546,54216,timing_final,3c39df8a4e5b7a3d114cae007abb79f69510f9275d1d99cf6a16e11de0d977bf,6217,True,3000,9880b0771a47d7451159dd50261a58a1c8b9ae207f688173b3201ec58244d388,255872,timing,1.5550275137568785,22,7996,4.8192,1,success,119940,3998,1.3326666666666667,71.06461683299999,2,True,71.182408381,0.001250904999182012,0.0011902720003860168,88e61512204ad761527293b5e5550c819beabd5b0f4b8b2badd28c362cab503e
True,1,35.71277059700009,0.26713263499999584,0.26465087799999765,35.71458915900061,54216,timing_final,3c39df8a4e5b7a3d114cae007abb79f69510f9275d1d99cf6a16e11de0d977bf,6217,True,3000,9880b0771a47d7451159dd50261a58a1c8b9ae207f688173b3201ec58244d388,255872,timing,1.5550275137568785,22,7996,4.8192,2,success,119940,3998,1.3326666666666667,71.973001552,2,True,72.076774708,0.0012598119988922463,0.0011934270011977333,88e61512204ad761527293b5e5550c819beabd5b0f4b8b2badd28c362cab503e
True,1,36.10062732899969,1.001650008,0.8680460930000002,36.13111313700023,55145,timing_final,3c39df8a4e5b7a3d114cae007abb79f69510f9275d1d99cf6a16e11de0d977bf,6342,True,3000,50a9274fba0e1114e8c3c7511cb1d615de050a98b3d787cb6fb70c941e4f2c68,260160,timing,1.5601476014760147,22,8130,4.901777777777777,0,success,121950,4065,1.355,74.115808062,4,True,74.208044341,0.0013360910003719084,0.0012219909995816458,a9bba9cb57eb23a67bf24765158ae0597b169f20597a3809d44638f53828ee2b
True,1,35.65425702899961,0.24375999900000522,0.24390208999999174,35.669565285000076,55145,timing_final,3c39df8a4e5b7a3d114cae007abb79f69510f9275d1d99cf6a16e11de0d977bf,6342,True,3000,50a9274fba0e1114e8c3c7511cb1d615de050a98b3d787cb6fb70c941e4f2c68,260160,timing,1.5601476014760147,22,8130,4.901777777777777,1,success,121950,4065,1.355,71.825417412,4,True,71.953580856,0.0012649409997607108,0.0011858640013571176,a9bba9cb57eb23a67bf24765158ae0597b169f20597a3809d44638f53828ee2b
True,1,36.02005083000088,0.23224954799999864,0.23092413799997757,36.08691471899968,55145,timing_final,3c39df8a4e5b7a3d114cae007abb79f69510f9275d1d99cf6a16e11de0d977bf,6342,True,3000,50a9274fba0e1114e8c3c7511cb1d615de050a98b3d787cb6fb70c941e4f2c68,260160,timing,1.5601476014760147,22,8130,4.901777777777777,2,success,121950,4065,1.355,72.584525762,4,True,72.673413938,0.0013164450004410355,0.0012493740002810227,a9bba9cb57eb23a67bf24765158ae0597b169f20597a3809d44638f53828ee2b
True,1,35.54768635599931,1.0043745,0.933542351,35.48195980999975,54930,timing_final,3c39df8a4e5b7a3d114cae007abb79f69510f9275d1d99cf6a16e11de0d977bf,6271,True,3000,6064715db34eaee69dd77b17cf12173e28524f57c955f216b6005f9456d254fd,259392,timing,1.547248951394029,22,8106,4.882666666666666,0,success,121590,4053,1.351,72.981647939,5,True,73.070555853,0.0012797659999441713,0.0011997360001716473,751cea43c10ccab51fab00cc45ca2f3f762697abe2a0b50d110a9aab60e6cfd9
True,1,35.74081924900044,0.25778177700000526,0.23931275800001117,35.745860356000094,54930,timing_final,3c39df8a4e5b7a3d114cae007abb79f69510f9275d1d99cf6a16e11de0d977bf,6271,True,3000,6064715db34eaee69dd77b17cf12173e28524f57c955f216b6005f9456d254fd,259392,timing,1.547248951394029,22,8106,4.882666666666666,1,success,121590,4053,1.351,71.99791904099999,5,True,72.118458532,0.0012841439996833515,0.0011845399996417427,751cea43c10ccab51fab00cc45ca2f3f762697abe2a0b50d110a9aab60e6cfd9
True,1,36.173250007999485,0.25007633900000314,0.23653188600002295,36.20362342500084,54930,timing_final,3c39df8a4e5b7a3d114cae007abb79f69510f9275d1d99cf6a16e11de0d977bf,6271,True,3000,6064715db34eaee69dd77b17cf12173e28524f57c955f216b6005f9456d254fd,259392,timing,1.547248951394029,22,8106,4.882666666666666,2,success,121590,4053,1.351,72.878256805,5,True,72.968620412,0.0013736619979738407,0.0012639630006390234,751cea43c10ccab51fab00cc45ca2f3f762697abe2a0b50d110a9aab60e6cfd9
True,1,67.941972927002,1.0783913520000001,1.016871234,64.53251780999878,180634,evaluation_epoch1,7eda7547d2fab5ca8ac2b82fc6df3692f77a53c622a9890a201fc22e2748471f,17687,True,10000,b0f903902c742cf65ebde057cd8b560f56c92a0a00aa41c218858e9fc8abc25a,868928,communication,1.3027178316270163,22,27154,4.816906666666666,0,success,407310,13577,1.3577,134.618045569,0,True,135.806677839,0.004292320998648069,0.004142912001067867,d10f73d63510f44838ff22dcb1e05efe7d7120a633b73281016bad8acdf50844
True,1,68.5246235220015,1.1165045180000002,1.047282193,64.87296205200006,181319,evaluation_epoch1,7eda7547d2fab5ca8ac2b82fc6df3692f77a53c622a9890a201fc22e2748471f,17760,True,10000,28233af2881bcdce667589bde134e76176c2b8193b89729e1112b65831daa04b,872192,communication,1.3031992955679483,22,27256,4.8351733333333335,0,success,408840,13628,1.3628,135.608612241,1,True,135.824396353,0.004207475000435057,0.0041370969999947604,b72dbf4fdaec5d2cffc71abdb98bcc5167cb2c1d6eeea4a2525b88df8661e698
True,1,67.31354014800088,1.069381757,1.0425409730000001,66.61958174700139,180350,evaluation_epoch1,7eda7547d2fab5ca8ac2b82fc6df3692f77a53c622a9890a201fc22e2748471f,17595,True,10000,40a3e9697168fdb2f4f66ff694a22c01f713d494dbf2b416f4354f72542f1a81,867904,communication,1.2974706880023597,22,27122,4.809333333333333,0,success,406830,13561,1.3561,136.09185807999998,2,True,136.310864129,0.004096189999271083,0.004016772001127489,c9dd9e4089f859a7813f2b0dd0f4e5810d27c1b88301b78598db8595ecd94f43
True,1,65.08805400600042,1.186727145,1.1453689470000001,64.67854500999994,182151,evaluation_epoch1,7eda7547d2fab5ca8ac2b82fc6df3692f77a53c622a9890a201fc22e2748471f,17704,True,10000,de0dc870fb2d5761960c99eaa18fade3385549c51556fe693c3e857b6e809f28,876928,communication,1.2920741497591592,22,27404,4.85736,0,success,411060,13702,1.3702,132.147005965,3,True,132.405653275,0.00424516200102909,0.004008090001241804,8b6c87ab92cf239d6b6ac6763f31189a2a0d68462c5b57915f1fb8f7236a447d
True,1,65.23107748099888,1.1791806729999998,1.0762855599999999,65.94147559099926,178910,evaluation_epoch1,7eda7547d2fab5ca8ac2b82fc6df3692f77a53c622a9890a201fc22e2748471f,17499,True,10000,a23c5220af8e6fc0c4b9d104bfa34187ffaa6f43c3d2394a0c8414b3602f0fba,860736,communication,1.3011376310506357,22,26898,4.770933333333334,0,success,403470,13449,1.3449,133.474594836,4,True,133.772112164,0.004065219999596081,0.0038770590007590755,48b14fd67b7ab160a4c3704a00cf8379f8c79cbc10b5676685183a733964d732
True,1,63.23243449799877,1.1713250020000001,1.0979364939999998,64.3707784050005,179569,evaluation_epoch1,7eda7547d2fab5ca8ac2b82fc6df3692f77a53c622a9890a201fc22e2748471f,17594,True,10000,21b9d4861bb790a86b86307e735f79ce045594c56e5ade523825465f733656c5,863744,communication,1.3036455245998815,22,26992,4.788506666666667,0,success,404880,13496,1.3496,129.918186693,5,True,130.155859954,0.004039082999732102,0.003959577999324004,a577554b5249920ea6b183048297dc60688040bb26d16c24046fa21de799ffb0
True,1,66.9314328910003,1.113116443,1.0849382140000001,66.5541371469995,179645,evaluation_epoch1,7eda7547d2fab5ca8ac2b82fc6df3692f77a53c622a9890a201fc22e2748471f,17586,True,10000,38849e5ee456f73d92b084117337dccc05b979504163e8f3e6792846e61ed775,864192,communication,1.3023772495001111,22,27006,4.790533333333333,0,success,405090,13503,1.3503,135.729270858,6,True,135.967441214,0.00405226600238473,0.003959020999690033,2a589bdd6b772054f6811aa5f1c79e793ee3d23b95eee39eae6699a5eb6ba696
True,1,66.24526961300108,1.1210121499999999,1.0484248120000004,66.65798474900056,179422,evaluation_epoch1,7eda7547d2fab5ca8ac2b82fc6df3692f77a53c622a9890a201fc22e2748471f,17579,True,10000,49389e59dc10406a8883ed99f443f11f1498e4102478922e1e94b60329a0235f,863040,communication,1.303596588802373,22,26970,4.784586666666667,0,success,404550,13485,1.3485,135.117958368,7,True,135.338725867,0.004076344999465853,0.003924102999758983,5ae1f95ad44eabc94f9ab9bf64fa0c11cf5a35f142c2209564b7ece19d747ea2
True,1,65.73523745899867,1.1704884999999998,1.0815835030000003,64.84869169699846,180492,evaluation_epoch1,7eda7547d2fab5ca8ac2b82fc6df3692f77a53c622a9890a201fc22e2748471f,17689,True,10000,9670d4d415152a292b031ce1247a78181f0e8981cb899d4149991ec44a6c69f2,868160,communication,1.3040176925912275,22,27130,4.81312,0,success,406950,13565,1.3565,132.883547081,8,True,134.026339556,0.004257464999861238,0.004124946000195084,40e1889dff014a5db9f172594169826236a565ae8e90a8c5b46e6b3c7f7ffb6c
True,1,64.5933703009986,1.1381948469999998,1.081983799,65.08085839899917,177652,evaluation_epoch1,7eda7547d2fab5ca8ac2b82fc6df3692f77a53c622a9890a201fc22e2748471f,17393,True,10000,88f4fc0328f2f067352fe83603d3e3f370989b2d3a438dce69c5926f1b377773,854592,communication,1.3025537332434658,22,26706,4.737386666666667,0,success,400590,13353,1.3353,131.939011422,9,True,132.172771258,0.004072973000215807,0.0040094309998846,0346ea0cdba4acc2d78154ef871d0fef4c39a5033139d06c00bf8f3114ae1a8b
True,1,67.08506983099983,1.080319605,1.0173416450000001,63.81758356399903,180772,evaluation_epoch1,7eda7547d2fab5ca8ac2b82fc6df3692f77a53c622a9890a201fc22e2748471f,17741,True,10000,886efd1375ed8a3f96de34a04f78eebf5cba8a761c666360eabdc29e3ec5c3b0,869376,communication,1.3060217903415783,22,27168,4.820586666666666,0,success,407520,13584,1.3584,133.046199421,10,True,133.278360536,0.00406490199937215,0.004002837002889059,d8c03f0833d2a9b37fab4a65688ea5960633783156fdadd8d9f76d7ca82d11c3
True,1,64.55546036200079,1.1165521859999998,1.0639028830000001,65.45150436500049,179942,evaluation_epoch1,7eda7547d2fab5ca8ac2b82fc6df3692f77a53c622a9890a201fc22e2748471f,17631,True,10000,e5ee06123eade0972664ab4ff7e51caf17beaee90b1e0b2ab90a49a8cb198c18,865536,communication,1.3036823425022184,22,27048,4.798453333333334,0,success,405720,13524,1.3524,132.23436992999999,11,True,132.540296752,0.004169299998896481,0.003905569000775433,186afd15d79ab64a048030fd88713edbac93d0b30c238c4697eaa95f118622c9
True,1,66.54644530999968,1.1535944630000001,1.040357174,65.00097717000074,181492,evaluation_epoch1,7eda7547d2fab5ca8ac2b82fc6df3692f77a53c622a9890a201fc22e2748471f,17813,True,10000,29c2dc8238be32d5bba9f02dac0f400d1c77cd69539c2aa54d87fc116383380c,872832,communication,1.3061299310749377,22,27276,4.839786666666667,0,success,409140,13638,1.3638,133.789799593,12,True,134.054992493,0.004267924999849182,0.004189067000683888,46179039a8581351b3218775ca1e1318e94136246a320a1f63f61e5ca91824e7
True,1,63.40754067500016,1.163776726,1.055194302,64.64730594100035,180824,evaluation_epoch1,7eda7547d2fab5ca8ac2b82fc6df3692f77a53c622a9890a201fc22e2748471f,17637,True,10000,a5988c45279b79c2e6214152fe8279c8b185ee8353ebe2200f74d21a32f8fb5c,870208,communication,1.2971243656688975,22,27194,4.821973333333333,0,success,407910,13597,1.3597,130.320091671,13,True,130.567377177,0.004071657000266793,0.0039404190010587925,61d5938381c0b81dd8eb5d9ba29f411d0a8604558125fac72d4833fd57dcfcbe
True,1,65.2210732769998,1.1780181550000002,1.054169073,66.75281582899895,179739,evaluation_epoch1,7eda7547d2fab5ca8ac2b82fc6df3692f77a53c622a9890a201fc22e2748471f,17608,True,10000,9f42b244808781ce7c8a008cf212489d7d986391b58d48b591206d83dc8b0682,864576,communication,1.3034273447331408,22,27018,4.79304,0,success,405270,13509,1.3509,134.252658162,14,True,134.497230261,0.004140384998510882,0.004026016000504562,894f287654bfce63eaec7317731d4f515655eb2d48e057c6622ad133a884ea0a
True,1,65.04917328999974,1.0982005689999998,1.0963721480000002,64.88606405799935,180207,evaluation_epoch1,7eda7547d2fab5ca8ac2b82fc6df3692f77a53c622a9890a201fc22e2748471f,17656,True,10000,e6bf4a4a6f1bca6e7e1841f16809792da630f3e8a62ea2f494fede6b2efcd2d6,866816,communication,1.303603071470762,22,27088,4.80552,0,success,406320,13544,1.3544,132.176118924,15,True,132.406090889,0.004185294999423217,0.004004188001724973,269edd0a0a3fdd4a0a221b31b3ff2b64a026b2705ca7de279e4c86f74533e01d
True,1,65.33592569000055,1.147622164,1.076217156,63.71091874100002,180314,evaluation_epoch1,7eda7547d2fab5ca8ac2b82fc6df3692f77a53c622a9890a201fc22e2748471f,17703,True,10000,441bbd78b010fb22468f2ec4fcbf231feb2ae6e3e880db6683fe171910b181c2,867136,communication,1.3065908923167762,22,27098,4.808373333333333,0,success,406470,13549,1.3549,131.318964583,16,True,132.51731147,0.004268427999317481,0.004051616001170988,7f7092eb9675d24a4986cad481bcb9333994474fb64972da940e916f31d6096f
True,1,64.80643661100159,1.104878296,1.0578827999999998,64.13988393700005,178911,evaluation_epoch1,7eda7547d2fab5ca8ac2b82fc6df3692f77a53c622a9890a201fc22e2748471f,17536,True,10000,befc1aadaf7936da3a4c848b2f6eba5215e97f2871a6f6ea7b877e8c585b0038,860544,communication,1.3041796816897218,22,26892,4.77096,0,success,403380,13446,1.3446,131.156787791,17,True,131.391451124,0.004168338999793519,0.004070476999983974,04de3ce4fdd0bad479435dcd6bffdfccadd5b6755b34909affe42ea0764c318e
True,1,67.49868051299983,1.077692522,1.015479296,63.90598703499958,182049,evaluation_epoch1,7eda7547d2fab5ca8ac2b82fc6df3692f77a53c622a9890a201fc22e2748471f,17818,True,10000,e077fdf4e1d800caf817e7c2ce3693c7369002eca5aa7d489bacc9951157e1f4,875776,communication,1.3021046477638119,22,27368,4.85464,0,success,410520,13684,1.3684,133.54316180799998,18,True,133.774427503,0.004100517999723774,0.004017672000232508,79e25c138abb4cb21f223dee68593d714694d6ae6b07c68aff0d5c682aeadba3
True,1,64.54528219999804,1.106013195,1.0483423889999999,62.551377860000045,178331,evaluation_epoch1,7eda7547d2fab5ca8ac2b82fc6df3692f77a53c622a9890a201fc22e2748471f,17460,True,10000,22a00cfd59e28030892a71cff6d226e3bc37843c54269b4b9c7d15514d9d682f,857856,communication,1.3025962399283797,22,26808,4.755493333333333,0,success,402120,13404,1.3404,129.297712067,19,True,129.59153596,0.004105491999364386,0.003987281999411785,ff77df88070f00d48fd2a316e239b5d9d34a36d93205f0bb292020d25bde2777
True,1,67.06679768799961,1.185638562,1.136693143,64.47041569899646,180118,evaluation_epoch1,7eda7547d2fab5ca8ac2b82fc6df3692f77a53c622a9890a201fc22e2748471f,17639,True,10000,5a117f295503fbb49af2d46369915153814c9233d0637ab6b8eb68ae55b1104c,866432,communication,1.3029250997193087,22,27076,4.803146666666667,0,success,406140,13538,1.3538,133.90737289199998,20,True,134.17530002,0.004177783000022028,0.004046873999099088,be9cb9303375172e0cc24c03206bdc76e53553409bf04c1af2967c15e652ccc8
True,1,63.623220691999535,1.2038487310000001,1.0694972699999998,63.348397014000085,180584,evaluation_epoch1,7eda7547d2fab5ca8ac2b82fc6df3692f77a53c622a9890a201fc22e2748471f,17697,True,10000,f855df1bdea4f93dac425d339adb1ef50c8191734f5fca474f850cbc303139aa,868608,communication,1.3039345711759505,22,27144,4.815573333333333,0,success,407160,13572,1.3572,129.291252909,21,True,129.528996203,0.004151745000320783,0.004016752998918349,74d50168636ba9d4d14511afe534d29eb94e6acb751af467c6ffcbb129a51f3e
True,1,65.86844678700038,1.118609398,1.045679447,63.26413526200058,179412,evaluation_epoch1,7eda7547d2fab5ca8ac2b82fc6df3692f77a53c622a9890a201fc22e2748471f,17605,True,10000,e2c36117cf90ce871525ddd89f963dba9bb7f8ba38c124221999ee7434957f12,862848,communication,1.3058151609553479,22,26964,4.78432,0,success,404460,13482,1.3482,131.342628215,22,True,131.576527023,0.004064837000287369,0.003976121001127986,0cbddd1293a3337889c66bd4bc77b40622b5693afa9a68d81d698dedc751fe72
True,1,63.649804433999705,1.1584527319999998,1.095537178,65.91431072600056,180072,evaluation_epoch1,7eda7547d2fab5ca8ac2b82fc6df3692f77a53c622a9890a201fc22e2748471f,17701,True,10000,b8e75b7f4479d87a7bf3d1216c18a243effbfb92d8ac4506e78acb19481cd471,865856,communication,1.3083746027052998,22,27058,4.80192,0,success,405870,13529,1.3529,131.86497538799998,23,True,132.094101969,0.0042075679994009185,0.004164288000173766,8884336ed2b6051af29d268d1d44fc49ecb3c8c997b4c4b2facc36f23306095c
True,1,64.96081838299882,1.154145777,1.0434814129999999,64.74450175299891,181035,evaluation_epoch1,7eda7547d2fab5ca8ac2b82fc6df3692f77a53c622a9890a201fc22e2748471f,17704,True,10000,2328bcafa865cde3cf416bb1cb1ed64851ff3dc59b82a45ec0728bafff1589ff,870976,communication,1.3009038136527298,22,27218,4.8276,0,success,408270,13609,1.3609,131.949959777,24,True,133.111973966,0.004179057999629254,0.004014685999943701,a98a9cee2e9a6e892b4e314b0f7e55c42e402e1e27d0561d8de45770a44f1c93
True,1,64.73898015800009,1.1372853920000001,1.0415868449999999,63.85489623999867,180027,evaluation_epoch1,7eda7547d2fab5ca8ac2b82fc6df3692f77a53c622a9890a201fc22e2748471f,17680,True,10000,a4f3d722dbd620f75b49b78c8c38a5bb110214e9924cb83c1a27d850fa06e5d9,865728,communication,1.307015598432764,22,27054,4.80072,0,success,405810,13527,1.3527,130.819192127,25,True,131.049435683,0.0041470089990349734,0.004100874000646737,4bfce66150bc687921b9d85286bfbadeb38fb61d3d7b1973cbd421171a81edb0
True,1,67.50636115700046,1.0891920449999999,1.015682016,63.64677813700199,179656,evaluation_epoch1,7eda7547d2fab5ca8ac2b82fc6df3692f77a53c622a9890a201fc22e2748471f,17633,True,10000,84344189a6216b0e39eeed7fc4c8cdac784df98f8b6e6e51613259069977f810,864000,communication,1.306148148148148,22,27000,4.790826666666667,0,success,405000,13500,1.35,133.303459282,26,True,133.522655333,0.0040476279996872755,0.003913711000462783,ce29f2997c9c17c2a8cbebe2b2cf4ffb0b3408250ee7b45384f2ef0e52bd6449
True,1,64.30262342199919,1.1277780739999999,1.0292759339999997,63.52434000699926,182493,evaluation_epoch1,7eda7547d2fab5ca8ac2b82fc6df3692f77a53c622a9890a201fc22e2748471f,17806,True,10000,d3817bffa947f7d5bda99443877e7322d3d51c930cc6b709f81239b3b1fff7a9,878208,communication,1.2976242530243405,22,27444,4.86648,0,success,411660,13722,1.3722,130.030376498,27,True,130.286849071,0.004140569000255834,0.003930562999665987,af7c70ea351bdbd6d220614a8393b42f5eb6be397949345f2cbb0de9ffca8167
True,1,67.19895470899964,1.122098919,1.054805944,65.32167126199971,180147,evaluation_epoch1,7eda7547d2fab5ca8ac2b82fc6df3692f77a53c622a9890a201fc22e2748471f,17680,True,10000,b3ca135366d1ad1c6a1ec510639ff3e38a23f8c3ff5d9868bc1a48249d0c2f31,866368,communication,1.3060500849523529,22,27074,4.80392,0,success,406110,13537,1.3537,134.74493939899997,28,True,135.096616428,0.00412875399958379,0.00394679899986583,e8aa3ea33350a9726914e3b3c3d0cff84ea94edbf5f42dbdea78d7ebc8d89391
True,1,63.74184797599917,1.2055866860000002,1.129356501,64.86327573100016,181460,evaluation_epoch1,7eda7547d2fab5ca8ac2b82fc6df3692f77a53c622a9890a201fc22e2748471f,17757,True,10000,dd6193bfc200b96325d3e65305e7f386514160b042178495012149cb61f6021f,872960,communication,1.30183284457478,22,27280,4.838933333333333,0,success,409200,13640,1.364,130.986219326,29,True,131.235834805,0.004229702999931195,0.004157074997875654,d6efbfa6bcdf99baf9811e106f77f9031c8f7f9fbbe5580521da5dbb3d18465d
True,1,66.23840504599958,1.1198446040000003,1.0572934530000002,63.57488273200018,178820,evaluation_epoch1,7eda7547d2fab5ca8ac2b82fc6df3692f77a53c622a9890a201fc22e2748471f,17517,True,10000,473c7ce52da04fc399611de9664c7050bd75efd25cb08d340dca96b89bba9489,860160,communication,1.3033482142857142,22,26880,4.768533333333333,0,success,403200,13440,1.344,132.034827558,30,True,132.262759822,0.004032037000165634,0.003995444999275399,55a0c6c593f9c303a9eae7bc36ea668d92bd026b74293edc9dc0382250b9a505
True,1,65.38320973100068,1.122916827,1.110924421,64.7280799719996,180228,evaluation_epoch1,7eda7547d2fab5ca8ac2b82fc6df3692f77a53c622a9890a201fc22e2748471f,17617,True,10000,2ce33cc07cf09fad731a19a4da6122e98fbe8597e86f4de8c60d9ea6dce5e7de,867136,communication,1.3002435604103624,22,27098,4.80608,0,success,406470,13549,1.3549,132.392011504,31,True,132.620588355,0.0041378109995631185,0.004010202999467971,d2e1946eb16526a6d314ddb9ff6e06a5fb50bfcda409880ec66d090fc19d7a2b
True,1,61.65563559700112,1.139988809,1.0865785129999999,64.07306007199972,179265,evaluation_epoch1,7eda7547d2fab5ca8ac2b82fc6df3692f77a53c622a9890a201fc22e2748471f,17518,True,10000,2fbacfa59dcc2844f4b9fbd5db98c98d14f5296c091997f0fc567552c016ea10,862528,communication,1.299844178971581,22,26954,4.7804,0,success,404310,13477,1.3477,128.001947677,32,True,129.057449459,0.004175692000173203,0.004055459000321893,7228e624902c8adafa9e68cbb1bf87f65933c7cf4b603901340e05c983b3cba0
True,1,64.17654800300073,1.1296834530000002,1.073946802,65.18049391999955,182215,evaluation_epoch1,7eda7547d2fab5ca8ac2b82fc6df3692f77a53c622a9890a201fc22e2748471f,17792,True,10000,6fa07026e9b87e21272beb6e70d32308b311a3010572897f1e558ff1dc0fc6e5,876800,communication,1.2986861313868614,22,27400,4.859066666666667,0,success,411000,13700,1.37,131.607078164,33,True,131.847245519,0.004112612999771059,0.00402259100076563,845c1911d9d388a0b32061102eba49aa5090dd94e9bda9a8f13c3a74b58756c1
True,1,66.65387976100075,1.115879756,1.044194069,63.03945021700061,180225,evaluation_epoch1,7eda7547d2fab5ca8ac2b82fc6df3692f77a53c622a9890a201fc22e2748471f,17746,True,10000,6f166792b32fe22ac246c1dfdff0b94a21ddf372352223d19523ba7c2c20318a,866432,communication,1.3108287782538042,22,27076,4.806,0,success,406140,13538,1.3538,131.898341443,34,True,132.123534743,0.00405968399966028,0.004016353000209527,0a6d5dede2065a62658dde3cc61e57be91d9a5a1d5c8fd1139813d86f5b437e9
True,1,64.44336922399881,1.1351612089999998,1.0349015049999999,63.14352216599963,181338,evaluation_epoch1,7eda7547d2fab5ca8ac2b82fc6df3692f77a53c622a9890a201fc22e2748471f,17743,True,10000,cab16e42c2565d83f37db8d73c4b5f9fd44c3a7e7f583f7994f8e57ca93a4468,872384,communication,1.3016653216931993,22,27262,4.83568,0,success,408930,13631,1.3631,129.803376944,35,True,130.109192867,0.004152763000282889,0.004050600000290672,be8df2dcf1c30c541af658ade026a92e5633f544994a685e42b9a00653a8460e
True,1,79.72819486900052,1.103327035,1.0871949190000003,79.26636112399916,180794,evaluation_epoch1,7eda7547d2fab5ca8ac2b82fc6df3692f77a53c622a9890a201fc22e2748471f,17703,True,10000,5185c1b2a6c02232e56d634d55c22bedd383d7e48a4d581fed5984fb34a56812,869696,communication,1.3027448671719772,22,27178,4.821173333333333,0,success,407670,13589,1.3589,161.24523183899998,36,True,161.710565265,0.004553045000153855,0.0042918190005223344,517af33c37957a9f082a6e8ca3e30bd78fe40fec9e2953d37a41733a13659fe5
True,1,66.38817908999916,1.1712441199999999,1.100802466,66.18863834600032,178183,evaluation_epoch1,7eda7547d2fab5ca8ac2b82fc6df3692f77a53c622a9890a201fc22e2748471f,17588,True,10000,748846199bbae3c12a10053659e3dea3e53c5d543db149f2fef8f62a5ff6c941,856384,communication,1.3144010163664899,22,26762,4.751546666666667,0,success,401430,13381,1.3381,134.900814136,37,True,135.165145157,0.004350384999901813,0.004162392000213622,3d519fa0042f5d4f6dc95f1b8a43f28311e3b9d40512ae8f631fab3d8590de73
True,1,65.21087606100032,1.117600377,1.070571749,62.71717710000064,179524,evaluation_epoch1,7eda7547d2fab5ca8ac2b82fc6df3692f77a53c622a9890a201fc22e2748471f,17597,True,10000,3570b1250fd2fa9eb411ecc59bd11c104b7a36bb585d028936051e1d593f4276,863488,communication,1.304254372961755,22,26984,4.787306666666667,0,success,404760,13492,1.3492,130.16124698899998,38,True,130.392288078,0.004055990000726872,0.0039908200002187755,f3308bd5a84090e44e80a3204e828eb2aaa20940c904b62713a2904315418e12
True,1,73.56062300500011,1.094880572,1.012315127,73.27129280799852,182164,evaluation_epoch1,7eda7547d2fab5ca8ac2b82fc6df3692f77a53c622a9890a201fc22e2748471f,17753,True,10000,ae3b076744ff80eca0269ae692a015c55ec7622cef7c9a3e6a469016a0b98008,876736,communication,1.2959340097817358,22,27398,4.857706666666667,0,success,410970,13699,1.3699,148.999647641,39,True,149.286396815,0.004550907999515186,0.004505103998817983,3d591c7446a4f3764371517e86dce5adc339e50f5411bccecde8b410c6d858a4
True,1,93.1058188819991,1.129522312,1.0502859689999997,95.40640225399801,179759,evaluation_epoch1,7eda7547d2fab5ca8ac2b82fc6df3692f77a53c622a9890a201fc22e2748471f,17568,True,10000,08aedd526f1bbc000f8915ce999a8e733ae2ddda2835ac908600c30b39df5785,864896,communication,1.2999852005327808,22,27028,4.793573333333334,0,success,405420,13514,1.3514,190.756342398,40,True,192.684345643,0.004572836001178082,0.004854585000968026,8d4f71aad67dee1776ec7e4a1d95b80c949bf106209e370db263b9f96abd508f
True,1,90.8369903359999,1.0991072110000002,1.0053609700000001,87.24360698999999,179730,evaluation_epoch1,7eda7547d2fab5ca8ac2b82fc6df3692f77a53c622a9890a201fc22e2748471f,17551,True,10000,b3ae4116644ed157f21e7e72ea2823e9e4b02ab1946d17b7f01c599673014604,864832,communication,1.298823355287501,22,27026,4.7928,0,success,405390,13513,1.3513,180.246673122,41,True,180.653391963,0.004601888001538601,0.004638409999533355,d0cde408ecd1e15b3494f80144bee49b287b842ff9000cc9942be7920bef09d3
True,1,95.76806593600055,1.092245009,1.0135212740000001,88.82622369300117,180195,evaluation_epoch1,7eda7547d2fab5ca8ac2b82fc6df3692f77a53c622a9890a201fc22e2748471f,17668,True,10000,471517331b556b53604d562fc413b6b0db513aa6a0d3bb715e4ea7b42ce3321f,866688,communication,1.304681730911239,22,27084,4.8052,0,success,406260,13542,1.3542,186.766402553,42,True,187.183841866,0.004377956002318939,0.005163029998894508,c88bcc646274b195b0fe4cd36660295b459b3dd282fdc822eaa05ff61728c3f2
True,1,81.71305527200168,1.126211219,1.048931947,81.73612953000026,180651,evaluation_epoch1,7eda7547d2fab5ca8ac2b82fc6df3692f77a53c622a9890a201fc22e2748471f,17704,True,10000,7520aea0de099c0efef8fd5110ef1c4e7d5b59fbb8b98a68d01eb6ae4aa67931,868928,communication,1.3039699491787582,22,27154,4.81736,0,success,407310,13577,1.3577,165.689703406,43,True,166.105312096,0.0044934860001020205,0.004747839000923015,422af0dc720d64724373bd9cc65c9d4770c8aab5105d0808d02bc27bd0114c73
True,1,91.19989743200007,1.403099031,1.493999322,90.39214901000275,180774,evaluation_epoch1,7eda7547d2fab5ca8ac2b82fc6df3692f77a53c622a9890a201fc22e2748471f,17611,True,10000,7dbeec1f3d66f121a15f405149bd9d86b6fcd999e983b53e8d390cf6f6439acb,870080,communication,1.2954027215888195,22,27190,4.82064,0,success,407850,13595,1.3595,184.54637891299998,44,True,185.118335263,0.00438212200030641,0.004542244999479195,00d2cef0126d74e7855eb1442ca945e3d2fd23faaa0be75ffb8eb8d1729f7d05
True,1,94.6213273460015,1.3227882910000002,1.2507828509999999,95.16396766000062,181109,evaluation_epoch1,7eda7547d2fab5ca8ac2b82fc6df3692f77a53c622a9890a201fc22e2748471f,17730,True,10000,48950dbe009a932cc443cba3f2794f03a5792e2ceef2a7a36f535a4f7efb970e,871232,communication,1.3024314993021378,22,27226,4.829573333333333,0,success,408390,13613,1.3613,192.42225119,45,True,192.933578893,0.00441648699916275,0.0044888519969505936,eb8ae6b7c3ad00cdb64338b7869b369b1a2005ee1329f9032f63f9435e28ec03
True,1,99.54868832599911,1.243870731,1.1651067949999998,96.22064457200155,181523,evaluation_epoch1,7eda7547d2fab5ca8ac2b82fc6df3692f77a53c622a9890a201fc22e2748471f,17736,True,10000,00e3d482f78afb4cdee92400ad0feb12fe91e3c56a3f04091cb7deb3cb362346,873408,communication,1.2996262914926358,22,27294,4.840613333333334,0,success,409410,13647,1.3647,198.24251917,46,True,198.741415218,0.004454514999893355,0.004746223997504906,6c5357fca5c528dd1bf025b77219aed579c11232189c8feefe31c33b0e91fb3e
True,1,91.4046500690014,1.380998852,1.3323851850000001,91.0661363479999,177750,evaluation_epoch1,7eda7547d2fab5ca8ac2b82fc6df3692f77a53c622a9890a201fc22e2748471f,17419,True,10000,58bd178d4edae440751a0638e3f2e5f183293ac1e2408c9b3f084ce40d69d399,854976,communication,1.3039149636948872,22,26718,4.74,0,success,400770,13359,1.3359,185.240361993,47,True,185.699858162,0.004313752999414611,0.0046192229986674604,6f60fc026b434bb9d46bd3a407facaca04655361dbcbcb433f51fffbfda4067d
True,1,77.77083126900084,1.4787902639999997,1.34897037,80.01642260399794,181778,evaluation_epoch1,7eda7547d2fab5ca8ac2b82fc6df3692f77a53c622a9890a201fc22e2748471f,17775,True,10000,bf00aa25087e5cb709d66776b5c6d672ac6ae0acbfeb683bc2e3fb2ca25bcb81,874560,communication,1.300768386388584,22,27330,4.847413333333333,0,success,409950,13665,1.3665,160.667017064,48,True,162.205899985,0.004324180000125466,0.004181160998045108,17329239ad88817b3d8158ccbdea707f1ddfa0e1373cea3ea7b2fdee49ecb125
True,1,82.6228014590003,1.4190399120000001,1.3780589550000002,81.17325096899862,180152,evaluation_epoch1,7eda7547d2fab5ca8ac2b82fc6df3692f77a53c622a9890a201fc22e2748471f,17721,True,10000,11570be9b4e9bbfe2ee6e83ee93792b066378b8818b287de22656b8782dfc9b9,866176,communication,1.3093689966011526,22,27068,4.804053333333333,0,success,406020,13534,1.3534,166.643246431,49,True,167.027299493,0.004218440998971396,0.004130771001125133,3d1292eda05b499c48afa3333e117b78ff65b3cbc2fbbcfef8c23469cfc4be14
True,1,80.44947226600122,1.4210742989999998,1.4894933310000003,77.92577946300366,180382,evaluation_epoch1,7eda7547d2fab5ca8ac2b82fc6df3692f77a53c622a9890a201fc22e2748471f,17663,True,10000,022c005f1c26e4d951a793c9c423304da751923884eb4eab26f10f4f0049d8d6,867712,communication,1.3027732703938635,22,27116,4.810186666666667,0,success,406740,13558,1.3558,161.33707676,50,True,161.733332238,0.004182289999525857,0.004151281996871425,545407497ad69ab891c99c6c36455f1395a4edd0f481a704e20e88a31f942305
True,1,86.13600886599987,1.3914891759999999,1.4053642160000002,85.8813447249978,180698,evaluation_epoch1,7eda7547d2fab5ca8ac2b82fc6df3692f77a53c622a9890a201fc22e2748471f,17619,True,10000,9fc4f051cdd79e64b7231c4f3ab7522f011665a4fde47b75558b820517769340,869632,communication,1.296658816602885,22,27176,4.818613333333333,0,success,407640,13588,1.3588,174.866784117,51,True,175.317122026,0.004264945000876708,0.0043382580004172056,3f2c9f44ee8affae8bec36609f0f4973b8019152b246bf11a2878417ebae55f7
True,1,71.93908976899974,1.196791721,1.115540181,71.52870445000045,179882,evaluation_epoch1,7eda7547d2fab5ca8ac2b82fc6df3692f77a53c622a9890a201fc22e2748471f,17607,True,10000,be7e312ce4e021e4bceee6b08f2e0e264afa1d94f162fcc33519719ba83c102f,865344,communication,1.3021965830929665,22,27042,4.796853333333333,0,success,405630,13521,1.3521,145.829686625,52,True,146.239114161,0.004174202999123189,0.004038806001604112,e3e0390ec222ef017d546ae35bebb9323ee8ff19ae8149128e6b5fde8a002db3
True,1,74.94462174900079,1.1530757989999998,1.1473880689999998,73.07260087300013,182651,evaluation_epoch1,7eda7547d2fab5ca8ac2b82fc6df3692f77a53c622a9890a201fc22e2748471f,17808,True,10000,d7dfbb46a0daa9a277d7239651d529b4e79e7c652383717cb23f79fe43ca34c7,879040,communication,1.2965416818347288,22,27470,4.8706933333333335,0,success,412050,13735,1.3735,150.36943351699998,53,True,150.688070639,0.004261632001184346,0.004461653001112342,6d8a3c970fb9fa1c6aeab3d37a51b18b137c492ed6d1ae1e0a6834593318266a
True,1,75.20226688500053,1.415354707,1.446101198,75.07734111500065,179850,evaluation_epoch1,7eda7547d2fab5ca8ac2b82fc6df3692f77a53c622a9890a201fc22e2748471f,17635,True,10000,1055afadead657c90fa1ee3312d38f1f1a7d17fc2e41221eec4869f31b3a2640,865024,communication,1.3047499260136135,22,27032,4.796,0,success,405480,13516,1.3516,153.190485431,54,True,153.529493807,0.004146226999137248,0.00416436600041159,9fbef9e1def06803e9ddcae4b7a07629815278518cb614dd4a938c97d15e3b10
True,1,71.40297419799842,1.26456452,1.1378984470000002,72.93247210600167,181577,evaluation_epoch1,7eda7547d2fab5ca8ac2b82fc6df3692f77a53c622a9890a201fc22e2748471f,17802,True,10000,ddb155ebe28353acfd6918ad181760e64d7adca4dd786067c725e70815a0acb7,873344,communication,1.304558112267331,22,27292,4.842053333333333,0,success,409380,13646,1.3646,146.78722038499998,55,True,147.080830038,0.004254184000477501,0.004196946000042168,bef4d63d8c66ab46fbd019350ed8f60f2939cf1a44741fd027aaffef746de67c
True,1,67.99127116200098,1.170783251,1.0969041919999998,73.89070378000146,181979,evaluation_epoch1,7eda7547d2fab5ca8ac2b82fc6df3692f77a53c622a9890a201fc22e2748471f,17808,True,10000,b6d586a49d33c7e18651fae7e913b3d60f15fc4c0f5d03f6bbb8cfc1fb80c918,875456,communication,1.3018495504057315,22,27358,4.852773333333333,0,success,410370,13679,1.3679,144.20322140099998,56,True,145.539913352,0.004409976998020149,0.004342109000747385,a7eb25503300302c6229f48f31ab94022f4e785a1583f4909404569fa59a51b9
True,1,70.07921968899959,1.2280031020000002,1.1346555129999998,69.61529000000084,179228,evaluation_epoch1,7eda7547d2fab5ca8ac2b82fc6df3692f77a53c622a9890a201fc22e2748471f,17493,True,10000,e5ce462ed2e32c625e8b750e7a57ac9c6b03ec8d34d5815be2d4254a2b6c3b59,862464,communication,1.2980854853072128,22,26952,4.779413333333333,0,success,404280,13476,1.3476,142.106662019,57,True,142.401685057,0.004216025999808526,0.004158670000061093,127b312582088616a6de24c1191fa1f8d63cde43db0430f9e96cd61647ca451b
True,1,69.56042669999982,1.2690574479999999,1.16992941,70.92034589400112,181201,evaluation_epoch1,7eda7547d2fab5ca8ac2b82fc6df3692f77a53c622a9890a201fc22e2748471f,17774,True,10000,607c1962c7d7bf95e4a5282a1acc52683b6d02ff68317680472d31c456904d9f,871488,communication,1.305280164500257,22,27234,4.832026666666667,0,success,408510,13617,1.3617,142.969098687,58,True,143.267849319,0.0040925599996350925,0.004144050001003929,b04602eff94c5216bca8efbdde9d1add6894dd9287ac2b2c2aee02a827dbfb23
True,1,71.13114206099986,1.1940689750000002,1.227943384,69.31289961800006,179742,evaluation_epoch1,7eda7547d2fab5ca8ac2b82fc6df3692f77a53c622a9890a201fc22e2748471f,17611,True,10000,6e5ea8eba187f2b80638ef31d7b876785a9761abfd881b92eb4d70195ecf7d9e,864576,communication,1.3036494189059147,22,27018,4.79312,0,success,405270,13509,1.3509,142.91355429700002,59,True,143.233324008,0.004165228999133852,0.0041559380000539825,8fe41eea428077ac1c0e198524e027e29d1bf4743230d2b7768efd44510b5383
True,1,74.59295666299991,1.1246498420000002,1.146199126,73.02612524399888,183209,evaluation_epoch1,7eda7547d2fab5ca8ac2b82fc6df3692f77a53c622a9890a201fc22e2748471f,17922,True,10000,c1ed248a3e4056c5c487136d8d5e7a6a8d087321bc2912ac767b84810ea01516,881408,communication,1.3013360441475457,22,27544,4.885573333333333,0,success,413160,13772,1.3772,149.94016015300002,60,True,150.26079249,0.004297271999874397,0.004257662999361145,7a75d09f4abd6ccfdd71a84db6c0a4499079cf5d1334075477e569f7c1cf3dcb
True,1,69.7511280559991,1.147328941,1.074144012,70.50141188800015,182068,evaluation_epoch1,7eda7547d2fab5ca8ac2b82fc6df3692f77a53c622a9890a201fc22e2748471f,17765,True,10000,6b52af5412c73b6900c7d35ccf006b4d82bcb8dc399fa4455843cf746dfe71eb,876160,communication,1.297662527392257,22,27380,4.855146666666666,0,success,410700,13690,1.369,142.526202738,61,True,142.826597348,0.00428704299923055,0.00423962500142494,1b1975854c900992360cca7392eff654f6004405e51bb254e3b925abf859b3b5
True,1,70.42112154099992,1.228792222,1.268676429,68.77034746999925,180090,evaluation_epoch1,7eda7547d2fab5ca8ac2b82fc6df3692f77a53c622a9890a201fc22e2748471f,17659,True,10000,bc246c74e1deec80ad1d575058996970d2999582e0c28b2c6237d01095c7d888,866176,communication,1.3047879414807153,22,27068,4.8024,0,success,406020,13534,1.3534,141.73830210699998,62,True,142.038164294,0.004227476999262958,0.004218055001076415,d8864325de47a49e0b676be881ce1fc232aa2137c4649f8a2049a0eeb3284cac
True,1,72.20677586599979,1.128633609,1.066044191,71.11741591899909,181029,evaluation_epoch1,7eda7547d2fab5ca8ac2b82fc6df3692f77a53c622a9890a201fc22e2748471f,17662,True,10000,0e55d4e9639b640db830bc85fdc7ec7ed7959c77262091d523215d9cf650920f,871168,communication,1.297531589773729,22,27224,4.82744,0,success,408360,13612,1.3612,145.568857663,63,True,145.8541199,0.004205397000109912,0.004171543998837013,1bf29fd80275c3351fea38836d4bec2f52b5e2809db301c5b7a76f29d70fd232
True,1,75.31820374399966,1.206666764,1.1634196540000001,76.1140227640013,179373,evaluation_epoch1,7eda7547d2fab5ca8ac2b82fc6df3692f77a53c622a9890a201fc22e2748471f,17530,True,10000,43e8914886614f9ce76982dbb50ec61caf158c0389bd5393a8d58c4ed7f5ad63,863040,communication,1.299962921764924,22,26970,4.78328,0,success,404550,13485,1.3485,153.855475071,64,True,155.360867032,0.004377688000008373,0.004289774999770568,6a5f7b992eb105ee6caa4ee2339d81d89b78447a16554f2593ec4c67534ed22a
True,1,73.03272488899765,1.170856923,1.09714766,73.28950664000203,180303,evaluation_epoch1,7eda7547d2fab5ca8ac2b82fc6df3692f77a53c622a9890a201fc22e2748471f,17596,True,10000,c4ac05363aca1f9e791ea4926d3ab1d08501d3d0bfc6635997c16315e9909af4,867648,communication,1.2979272700449953,22,27114,4.80808,0,success,406710,13557,1.3557,148.642535726,65,True,148.962432763,0.004286834001320461,0.004259127998065271,53055caa5dabd7eb1e9d7cbfdd2809b37af3abc1303e567b5c7e0db531f20181
True,1,74.99361524300032,1.157918071,1.111448066,74.8682473670005,177733,evaluation_epoch1,7eda7547d2fab5ca8ac2b82fc6df3692f77a53c622a9890a201fc22e2748471f,17450,True,10000,3c13a4fa0f8408c1c4364e0fb6a75047eeb82171681226ccead8e639b2e55b72,854720,communication,1.306626731561213,22,26710,4.739546666666667,0,success,400650,13355,1.3355,152.181025337,66,True,152.490339005,0.004163153000468434,0.004083425999228396,33d71058095831943c3a9c3457c5931ffcc6d980333d7c3b743999dacb479749
True,1,73.91393722300035,1.1667603450000001,1.2171092500000003,72.47652232800023,179517,evaluation_epoch1,7eda7547d2fab5ca8ac2b82fc6df3692f77a53c622a9890a201fc22e2748471f,17578,True,10000,943243ff183634ef31bca809ebe81985614f5385c3c93407fbaf0f13ccf1e75a,863552,communication,1.302749573853109,22,26986,4.78712,0,success,404790,13493,1.3493,148.82509377600002,67,True,149.239487726,0.004100926999111021,0.004052417998204216,5ceaad79db293f56f7b904a2c4b8bce72ebcc1a53c4b603690e25d82a9b1ff03
True,1,73.481217813,1.242638437,1.161296381,71.5086798670015,181084,evaluation_epoch1,7eda7547d2fab5ca8ac2b82fc6df3692f77a53c622a9890a201fc22e2748471f,17777,True,10000,54e75c6e764a2cfdf01731e84286fc868de85038cf67168d3f92f983f8ce329a,870848,communication,1.306459910340266,22,27214,4.828906666666667,0,success,408210,13607,1.3607,147.44479837699998,68,True,147.785401925,0.004232784998837502,0.004156027000173257,597d09b2343aa21e1fcbcca20d11473fe8f16403aa2382f333a87e52a461507b
True,1,74.84106093399845,1.270795503,1.1321707989999998,72.56931456800055,181241,evaluation_epoch1,7eda7547d2fab5ca8ac2b82fc6df3692f77a53c622a9890a201fc22e2748471f,17718,True,10000,ced7bc5ba56767476df691ddbee98d56eed927d8acdc1cc492da281cf5bd7a07,872000,communication,1.3004036697247707,22,27250,4.833093333333333,0,success,408750,13625,1.3625,149.863572222,69,True,150.17073467,0.00413967699989648,0.004192720000621097,67492d145d2b61c142f40c82b58c56a847fd68025545193e757076fd47f6e470
True,1,75.31078741400007,1.127675643,1.0405487850000001,73.4374320709994,179753,evaluation_epoch1,7eda7547d2fab5ca8ac2b82fc6df3692f77a53c622a9890a201fc22e2748471f,17598,True,10000,ec3c3b57169115b5a3c8e36b956e4bb4dec0dd0468850fc3c9673349fab6e478,864704,communication,1.3024942639330916,22,27022,4.7934133333333335,0,success,405330,13511,1.3511,150.96491399800001,70,True,151.270305577,0.004131371998815414,0.004139293998220772,f9a81b5f2870e8f39277412f125eec4579a905d7e62e9bcb7a5d27368ac84855
True,1,72.31329469900172,1.216670303,1.184674848,72.51871078300131,179538,evaluation_epoch1,7eda7547d2fab5ca8ac2b82fc6df3692f77a53c622a9890a201fc22e2748471f,17611,True,10000,dfb24fea90f48c33cff8ebac38dac20901c656faec4aebe0def03e8a65bdc74e,863488,communication,1.3052920249036466,22,26984,4.78768,0,success,404760,13492,1.3492,147.281940759,71,True,147.570523164,0.004161028998531435,0.004196219999156536,1d210b94e7897062c6fca942da338bf0eb2152d881985354ece4024177b53995
True,1,71.50511189300065,1.2174640439999997,1.2030818679999997,70.06601961300069,180778,evaluation_epoch1,7eda7547d2fab5ca8ac2b82fc6df3692f77a53c622a9890a201fc22e2748471f,17663,True,10000,bc511b63f5b888e36c323988b9a844a5effce64089338fd8dcb3f04edb73d43c,869824,communication,1.2996100360532705,22,27182,4.8207466666666665,0,success,407730,13591,1.3591,144.043843665,72,True,145.405169811,0.004345624999532394,0.004218507999664389,ae780cb5e13e8a4dc9ddced94325a70e9c012cb1a57c4f849bd16c4990bfbaee
True,1,70.54707095099985,1.1925970870000002,1.1162339110000001,69.52823224100038,181463,evaluation_epoch1,7eda7547d2fab5ca8ac2b82fc6df3692f77a53c622a9890a201fc22e2748471f,17748,True,10000,aed20ee6edd9fbc9a2643c55f1b23500d2750ea09cde6a9154a182380cd069b1,873024,communication,1.3010776336045744,22,27282,4.839013333333333,0,success,409230,13641,1.3641,142.433608238,73,True,142.718680511,0.004225582999501931,0.0041422789984597586,f84c2b117c5b37115e9ac89946ccc8db4dd374be1e021a08cefe63fffe510bcc
True,1,70.69907952799883,1.268797631,1.161528601,71.25719468199935,181047,evaluation_epoch1,7eda7547d2fab5ca8ac2b82fc6df3692f77a53c622a9890a201fc22e2748471f,17812,True,10000,1d3faa76eb785d973f2e9b98902171ecf87d5051097c03467efd9a47a4285d48,870464,communication,1.3096095875303286,22,27202,4.82792,0,success,408030,13601,1.3601,144.435991363,74,True,144.727151277,0.00411917000088069,0.003990819000524226,f6f8bcfb1d4420d3466e50a81392272400bb4a85db0f17ce324d4b85a170ca2b
True,1,73.39513413599974,1.2109895049999997,1.120086138,72.39006719799909,180905,evaluation_epoch1,7eda7547d2fab5ca8ac2b82fc6df3692f77a53c622a9890a201fc22e2748471f,17658,True,10000,200a615c1b1ca7d2b21645dd7299ec3a4d49b58c4539107c0b1c75448ec76822,870528,communication,1.2981914424349361,22,27204,4.824133333333333,0,success,408060,13602,1.3602,148.16511278000002,75,True,148.517848851,0.0042358139987586085,0.004148774998974147,323ccf74b6a4e1f512ec87094340ef4b2d2bb4594e5653ca4b92f780d0f30a3f
True,1,73.91781944100114,1.2287884830000002,1.1400582280000002,75.15049090300047,181163,evaluation_epoch1,7eda7547d2fab5ca8ac2b82fc6df3692f77a53c622a9890a201fc22e2748471f,17772,True,10000,b596467721a143187d0e5623f5a4b23477cc7a31a40c4a0ec90dbc91340a4466,871296,communication,1.3054208902600264,22,27228,4.831013333333333,0,success,408420,13614,1.3614,151.487381497,76,True,151.855808427,0.004240556999994816,0.004084681000898094,22f30aeca678607465fb231d430c1407a96d4a7eddea0cfe79fc2f4262c4ed86
True,1,71.64256550400073,1.131817769,1.047194008,69.46694264999883,178190,evaluation_epoch1,7eda7547d2fab5ca8ac2b82fc6df3692f77a53c622a9890a201fc22e2748471f,17511,True,10000,13c1abb9dd3f29e30d529c2781cd465151e19381c01535f7d57d552ee3741965,856832,communication,1.3079623543471766,22,26776,4.751733333333333,0,success,401640,13388,1.3388,143.339616287,77,True,143.617100248,0.0041590119991585794,0.004209038000134058,768a15818b30200c528138eb6fa384f49c4147dbdb572e1142c503373bb49c13
True,1,70.29120333800196,1.233201223,1.1437032549999997,70.13258459200006,182193,evaluation_epoch1,7eda7547d2fab5ca8ac2b82fc6df3692f77a53c622a9890a201fc22e2748471f,17770,True,10000,8ca3ba7990efbbb7b5f33eb90df4e7dfd43b2f698d6e31f4bb4dcb50ea2f624f,876800,communication,1.2970802919708029,22,27400,4.85848,0,success,411000,13700,1.37,142.84958999900002,78,True,143.137330367,0.004230643000108003,0.00411048399848557,9cc822e1089be675062d54b9cfc5716f18966367cdd30b7f1090f355bfb9f5e1
True,1,73.08785632199977,1.118270588,1.0415815890000002,71.37026764900038,179162,evaluation_epoch1,7eda7547d2fab5ca8ac2b82fc6df3692f77a53c622a9890a201fc22e2748471f,17475,True,10000,6bf8478aa64527a9398999a604e0a6205395c75664e94fe8108413f954648054,862208,communication,1.2971347980997625,22,26944,4.777653333333333,0,success,404160,13472,1.3472,146.66784377899998,79,True,146.945492717,0.004211523999044786,0.004256624001576448,0dcf935414f6362a28cac3ee6fbf69d25dd735231e432281574a5033546cfe3e
True,1,77.81500770000042,1.2632277200000002,1.2112383260000001,74.49317623800002,182524,evaluation_epoch1,7eda7547d2fab5ca8ac2b82fc6df3692f77a53c622a9890a201fc22e2748471f,17909,True,10000,f97d6e5f080c8e6b3c20c6ffbcfa46b703bc074b86811611dbcbdd9d3d7396ff,877824,communication,1.3057013706620006,22,27432,4.867306666666667,0,success,411480,13716,1.3716,154.834396645,80,True,156.270358882,0.004391744000063369,0.004222829002809014,b558dceb65daac6a860751277b14957ebed2858b2cd7b7fc0eab0638f0995546
True,1,73.42618118999937,1.216318828,1.0729833420000001,71.84443014399842,180147,evaluation_epoch1,7eda7547d2fab5ca8ac2b82fc6df3692f77a53c622a9890a201fc22e2748471f,17620,True,10000,50f04b469d8e3b135a921c7f1559fdd4f2f77f9b898b6ae6c3014bd1fc3f87a3,866688,communication,1.301137202776547,22,27084,4.80392,0,success,406260,13542,1.3542,147.60917286499998,81,True,147.906887943,0.004147264999391442,0.004079801000086647,32a93d61c8ff48627437f410d1f35851e8f5ab2f61f91a3742a76f44550deb5b
True,1,74.47440787299831,1.152635015,1.0984241820000002,74.86312530599915,180766,evaluation_epoch1,7eda7547d2fab5ca8ac2b82fc6df3692f77a53c622a9890a201fc22e2748471f,17771,True,10000,db18d6e85c0bc667464ac16e369db134673993ce5bc14607c3875756eb3e2563,869184,communication,1.3085192548413225,22,27162,4.820426666666667,0,success,407430,13581,1.3581,151.637486964,82,True,151.940229111,0.004115071999331921,0.0041680589983932315,2cc9a79c89c4eae6672e86fbd73241cfbbc0e1ec8f1b11063317556e7a302030
True,1,74.63804584500099,1.171787116,1.1385266950000001,72.24931711799903,177769,evaluation_epoch1,7eda7547d2fab5ca8ac2b82fc6df3692f77a53c622a9890a201fc22e2748471f,17474,True,10000,4c8a7fbaa0596b45909f869f58807d7e74f8386597e9060af719b2f37f23b722,854784,communication,1.308325846061695,22,26712,4.740506666666667,0,success,400680,13356,1.3356,149.24650559199998,83,True,149.636022681,0.004131434996966554,0.004103113000232472,43c8fc07abe64109cf48ea00179c2f4f025a779cad8c71657773eca0fa5e076d
True,1,71.82567450400077,1.24349681,1.2033591929999998,70.2051677939998,176992,evaluation_epoch1,7eda7547d2fab5ca8ac2b82fc6df3692f77a53c622a9890a201fc22e2748471f,17405,True,10000,af1d73bcc9c47d40404a2ea09fe9286e7ec5d7a29ae1c2013c29bd551779befc,851008,communication,1.308941866586448,22,26594,4.719786666666667,0,success,398910,13297,1.3297,144.52564685000002,84,True,144.843120067,0.004109568000454367,0.004031167998659768,d8d40acae8c602f24b10009fb87389f5ce1dc7d5d043aec8e9b5d260ce3b6d87
True,1,73.40098643999916,1.2482076220000002,1.135808745,72.72406292200108,179897,evaluation_epoch1,7eda7547d2fab5ca8ac2b82fc6df3692f77a53c622a9890a201fc22e2748471f,17646,True,10000,2fe76710a8068f0c20a740e64a8a1d57db206f3e82e2250ab985b033f32afad7,865216,communication,1.3052740587321547,22,27038,4.797253333333333,0,success,405570,13519,1.3519,148.558402984,85,True,148.858235537,0.004247719000354699,0.004285232997930155,9cbc6962fb9fcfcc95bc4e5bb0c199b69acdc99c52515a0aa747ebbd15ad0f00
True,1,73.77232503199866,1.1877846280000002,1.1634738629999999,73.48964773100282,182071,evaluation_epoch1,7eda7547d2fab5ca8ac2b82fc6df3692f77a53c622a9890a201fc22e2748471f,17756,True,10000,3ef70d7764849d6dbfd14bee10c3646dfecc9a87761effed1d60609e0dcc9835,876224,communication,1.2969103790811483,22,27382,4.855226666666667,0,success,410730,13691,1.3691,149.661770044,86,True,149.969259055,0.004208499001034927,0.0043758570004404085,1e61882fd9c6f914a6f11b4f682940aa96fe97c08d1ea0cd1da2d858e944714c
True,1,71.92270006700141,1.201757524,1.1312351450000002,72.20400910500074,181544,evaluation_epoch1,7eda7547d2fab5ca8ac2b82fc6df3692f77a53c622a9890a201fc22e2748471f,17793,True,10000,dca53bfc35c7096d6f034bea221145d6d9766bc788f91e3aa63d2c729a7fac0f,873216,communication,1.304089709762533,22,27288,4.841173333333334,0,success,409320,13644,1.3644,146.51015297499998,87,True,146.800461556,0.004248035998851041,0.004497979000146035,21426eb8f6e99808e14fcd4f8433ac9a2cc39854c41689e05e9e027672f5a8be
True,1,67.83820270000055,1.299937267,1.1796009829999998,67.27955673700073,182175,evaluation_epoch1,7eda7547d2fab5ca8ac2b82fc6df3692f77a53c622a9890a201fc22e2748471f,17800,True,10000,a74802c2f789e2f667a5ac3eb9ff6501882b916cf027bcb1b87aec14bbf1ae49,876544,communication,1.2996495327102804,22,27392,4.858,0,success,410880,13696,1.3696,137.647369305,88,True,138.907847924,0.004375010000021717,0.004207323000754215,23b8a4666cc3ad71a8083939c86740d872fecb85f4dbea5cb448f11c9953b882
True,1,67.64895007199885,1.264187841,1.1658664869999997,67.93840376099844,182656,evaluation_epoch1,7eda7547d2fab5ca8ac2b82fc6df3692f77a53c622a9890a201fc22e2748471f,17861,True,10000,0380fce13c104fe12b2de9383807435d525341c718606f74ee0b4c3cceb598eb,878784,communication,1.3007792586119,22,27462,4.870826666666667,0,success,411930,13731,1.3731,138.065140624,89,True,138.339393477,0.004272326000610782,0.004156580999879811,d739075923b12aadcf42c7cbe86e56bc3103c5a8d2454778019287970bac8857
True,1,66.82778555400014,1.202015804,1.1931334169999999,68.01299346299899,180530,evaluation_epoch1,7eda7547d2fab5ca8ac2b82fc6df3692f77a53c622a9890a201fc22e2748471f,17631,True,10000,56598ee11288952f6889949433dbebeba75aa65e9f7e0629f2c7cdd2c0842e11,868672,communication,1.2989759080527519,22,27146,4.814133333333333,0,success,407190,13573,1.3573,137.28401680500002,90,True,137.560666792,0.004103067000659877,0.003970435999076649,3b3a874fa26c7fd5f3fd8fc819cfeb2213afdff74ca0166e8f78e85fba924dff
True,1,69.79330514700011,1.210173244,1.1923905709999998,69.28139673800052,180814,evaluation_epoch1,7eda7547d2fab5ca8ac2b82fc6df3692f77a53c622a9890a201fc22e2748471f,17735,True,10000,8889e1a20256d79549fe2a40e3c0cbae423261492376e6f6b514625a1283ed08,869632,communication,1.3051957609655578,22,27176,4.821706666666667,0,success,407640,13588,1.3588,141.52451810699998,91,True,141.83002954,0.004133700999870982,0.003994410999587306,9731ce0e04d16463dcae8cfa6bfb8b17f9f6827ba223bdf6cf3394f3d8ea6887
True,1,67.21947951299946,1.181681708,1.101455841,66.92541027000016,180361,evaluation_epoch1,7eda7547d2fab5ca8ac2b82fc6df3692f77a53c622a9890a201fc22e2748471f,17678,True,10000,72fc71aa2f45b11302789ec63d3a14451ae7fe879255b73f46f090f35aecdbf7,867520,communication,1.3041682036149023,22,27110,4.8096266666666665,0,success,406650,13555,1.3555,136.47671324599997,92,True,136.803956023,0.004168582000583676,0.004027267999783479,5d7cedbaaa520d4d3eb5de2950ec7ec5dc974ed6fdacfa5a907042dbb0cf65bc
True,1,67.01915082800261,1.1604849179999999,1.089830851,66.63409424899987,181824,evaluation_epoch1,7eda7547d2fab5ca8ac2b82fc6df3692f77a53c622a9890a201fc22e2748471f,17737,True,10000,4fa2a66bb3d3dc8b4fd49ccc617b69df0600f489f532531365d2bb9c7ae90275,875008,communication,1.2973229959040375,22,27344,4.84864,0,success,410160,13672,1.3672,135.951696215,93,True,136.201040695,0.004317931999697766,0.004239256999359231,033f90433f6a0dc39af425d2adc2b52c343751218f221259142ca94af6f8b80e
True,1,65.72656558999971,1.2067096249999998,1.228687065,64.21744585599888,178992,evaluation_epoch1,7eda7547d2fab5ca8ac2b82fc6df3692f77a53c622a9890a201fc22e2748471f,17653,True,10000,f92da5cd8bd2df2cf7d204e879d91a48c1506861e260ff9263241b1ef3f629f2,860352,communication,1.3131741426764858,22,26886,4.77312,0,success,403290,13443,1.3443,132.42602634399998,94,True,132.677595301,0.004076631999547775,0.0040247560003474625,e760a9bb832d451a5870845fc828fe577c09ea5f1f3cefa38f722846f2805b73
True,1,66.44644495399871,1.147151548,1.0889805470000002,65.9879846770001,179949,evaluation_epoch1,7eda7547d2fab5ca8ac2b82fc6df3692f77a53c622a9890a201fc22e2748471f,17722,True,10000,798590a3edc6dbf1e2b453c13ecd1a57901e6a861fe0e426d05d4dcf2951d4aa,865088,communication,1.3110897388473775,22,27034,4.79864,0,success,405510,13517,1.3517,134.717913654,95,True,134.96276692,0.004193764000280709,0.004047307998403582,7d84cf086364c45d979167b34837a6a69004f9f723b40464cdef0994c508378e
True,1,69.94118199300007,1.148939095,1.0919487499999998,66.55797565300051,180093,evaluation_epoch1,7eda7547d2fab5ca8ac2b82fc6df3692f77a53c622a9890a201fc22e2748471f,17614,True,10000,a3e611a92e425c196faca4d5263625dd1f944b48d1971b9ab378a0ca5895d153,866432,communication,1.3010784458561087,22,27076,4.80248,0,success,406140,13538,1.3538,138.789126217,96,True,140.043237427,0.004398816001276451,0.00427505100091885,70ab6aba58a6fcaf7e958cd864739066d8b342b0f015d08998cfc135b1c7de27
True,1,64.92587338999978,1.157703268,1.0785907879999999,66.03155825199917,178648,evaluation_epoch1,7eda7547d2fab5ca8ac2b82fc6df3692f77a53c622a9890a201fc22e2748471f,17585,True,10000,32f1d4c03a6781ffbb4659b49d79741a9a8a1cca77a3e82653d92bce0c4c724e,858880,communication,1.3103576751117734,22,26840,4.7639466666666666,0,success,402600,13420,1.342,133.24143736599999,97,True,133.500662723,0.004197326001170065,0.004202628000135267,7c0a47430983713348cc15b7b30d3fd248db8c2be41e731567817329f1608f0d
True,1,65.56133993200064,1.1703948659999999,1.085146059,65.57949190200003,182165,evaluation_epoch1,7eda7547d2fab5ca8ac2b82fc6df3692f77a53c622a9890a201fc22e2748471f,17838,True,10000,ff5b20a9d8ae9d990a1b4fdfae1915e0432ce0630a14831c08923738ed54ed3e,876288,communication,1.3028045574057845,22,27384,4.857733333333333,0,success,410760,13692,1.3692,133.442714487,98,True,133.703300768,0.004152788999833401,0.004001042999866922,831b5b663f17ecbf171b3bd106d61daad8d57fefed63f39405197e5f6bdba3e8
True,1,66.7243025570011,1.132487239,1.088534677,66.604347718999,180944,evaluation_epoch1,7eda7547d2fab5ca8ac2b82fc6df3692f77a53c622a9890a201fc22e2748471f,17637,True,10000,07068757348e7e191eda19fabee43ece26ec597ab84d726aae214800d5fc77ca,870848,communication,1.296171088410377,22,27214,4.825173333333334,0,success,408210,13607,1.3607,135.59719293199998,99,True,135.890613075,0.004159364000122068,0.00407737399826491,5aa530dbc26216c4d652073c9b0fe5cae48ae68d47736766221ad9f36b75d21b
True,1,44.97079310000021,0.977898339,0.8996028640000002,45.00615976799987,180630,timing_final,7eda7547d2fab5ca8ac2b82fc6df3692f77a53c622a9890a201fc22e2748471f,17707,True,10000,99880b346abd5a84bf7e5a81f40deb3e6f4e8550c907bcaac6145071ac496506,868800,timing,1.3043830570902395,22,27150,4.8168,0,success,407250,13575,1.3575,91.897692054,0,True,92.012273857,0.004017516000919041,0.0038122910005484734,103e81359c2c6a205fc53a8ab9dc5f0aa1c6b95f2042d02346380aa99ea9c7e2
True,1,45.245318582999204,0.2287897340000029,0.22743166499999745,45.384814909997544,180630,timing_final,7eda7547d2fab5ca8ac2b82fc6df3692f77a53c622a9890a201fc22e2748471f,17707,True,10000,99880b346abd5a84bf7e5a81f40deb3e6f4e8550c907bcaac6145071ac496506,868800,timing,1.3043830570902395,22,27150,4.8168,1,success,407250,13575,1.3575,91.12949790299999,0,True,91.279969321,0.003961765997857469,0.003779891998917151,103e81359c2c6a205fc53a8ab9dc5f0aa1c6b95f2042d02346380aa99ea9c7e2
True,1,45.61990854300117,0.25986015099999804,0.27854772099999536,45.66113027699862,180630,timing_final,7eda7547d2fab5ca8ac2b82fc6df3692f77a53c622a9890a201fc22e2748471f,17707,True,10000,99880b346abd5a84bf7e5a81f40deb3e6f4e8550c907bcaac6145071ac496506,868800,timing,1.3043830570902395,22,27150,4.8168,2,success,407250,13575,1.3575,91.862820634,0,True,92.001135187,0.004002159001402106,0.003829495000843508,103e81359c2c6a205fc53a8ab9dc5f0aa1c6b95f2042d02346380aa99ea9c7e2
True,1,45.61083978600034,0.9759440070000001,0.9048557239999999,45.49770189400052,178656,timing_final,7eda7547d2fab5ca8ac2b82fc6df3692f77a53c622a9890a201fc22e2748471f,17485,True,10000,b0271a9347aca906515cb6edea686873e8a43d70a577dc9c0eb4f9ae0e595044,859456,timing,1.3020329138431752,22,26858,4.76416,0,success,402870,13429,1.3429,93.033243191,1,True,93.152900102,0.004020000000567681,0.003797252999519163,359f4bc60e71cb6f555be9330cf57a21803c685daedaed0e3f41ef216162c5fe
True,1,44.967544914000015,0.23500550299999645,0.25300160100000824,44.897281776001165,178656,timing_final,7eda7547d2fab5ca8ac2b82fc6df3692f77a53c622a9890a201fc22e2748471f,17485,True,10000,b0271a9347aca906515cb6edea686873e8a43d70a577dc9c0eb4f9ae0e595044,859456,timing,1.3020329138431752,22,26858,4.76416,1,success,402870,13429,1.3429,90.395935894,1,True,90.544879798,0.003947277000676763,0.0036643190011460547,359f4bc60e71cb6f555be9330cf57a21803c685daedaed0e3f41ef216162c5fe
True,1,45.245292216002525,0.2628091599999891,0.251605206999983,45.26122426399854,178656,timing_final,7eda7547d2fab5ca8ac2b82fc6df3692f77a53c622a9890a201fc22e2748471f,17485,True,10000,b0271a9347aca906515cb6edea686873e8a43d70a577dc9c0eb4f9ae0e595044,859456,timing,1.3020329138431752,22,26858,4.76416,2,success,402870,13429,1.3429,91.06391815500001,1,True,91.202212237,0.0039504599976680765,0.003686294997805817,359f4bc60e71cb6f555be9330cf57a21803c685daedaed0e3f41ef216162c5fe
True,1,45.432280637000524,1.008404892,0.9265587050000001,45.478619988999725,181489,timing_final,7eda7547d2fab5ca8ac2b82fc6df3692f77a53c622a9890a201fc22e2748471f,17726,True,10000,8e6043696a4fc84cd5e98b8d048458acc103b64318f5a537eee2f340ae6f10ca,873280,timing,1.2990839135214365,22,27290,4.839706666666666,0,success,409350,13645,1.3645,92.888878335,2,True,93.00772846,0.003971430001071141,0.0037581040001066768,830bf16479beb5363bf394f31368dd0a624afb80a5ed3926e1207b6a50b97b6d
True,1,45.73790203799925,0.22665847700000086,0.23284378299999275,45.75707920599966,181489,timing_final,7eda7547d2fab5ca8ac2b82fc6df3692f77a53c622a9890a201fc22e2748471f,17726,True,10000,8e6043696a4fc84cd5e98b8d048458acc103b64318f5a537eee2f340ae6f10ca,873280,timing,1.2990839135214365,22,27290,4.839706666666666,1,success,409350,13645,1.3645,91.99836049100001,2,True,92.180953276,0.0040425320009376264,0.003898287998822525,830bf16479beb5363bf394f31368dd0a624afb80a5ed3926e1207b6a50b97b6d
True,1,45.08500711200048,0.22860948000001713,0.23268430100000614,45.19859732899977,181489,timing_final,7eda7547d2fab5ca8ac2b82fc6df3692f77a53c622a9890a201fc22e2748471f,17726,True,10000,8e6043696a4fc84cd5e98b8d048458acc103b64318f5a537eee2f340ae6f10ca,873280,timing,1.2990839135214365,22,27290,4.839706666666666,2,success,409350,13645,1.3645,90.78857200000002,2,True,90.967172161,0.004015727998194052,0.0038579829981131297,830bf16479beb5363bf394f31368dd0a624afb80a5ed3926e1207b6a50b97b6d
True,1,45.22423020700042,1.043165208,0.960927732,45.20761761900044,178417,timing_final,7eda7547d2fab5ca8ac2b82fc6df3692f77a53c622a9890a201fc22e2748471f,17450,True,10000,b6baaf46cf5c224fda735b56f3b9e9494d757d59a6a3be859556dfa2852ac1a7,858368,timing,1.3010736653742916,22,26824,4.757786666666667,0,success,402360,13412,1.3412,92.478733598,3,True,92.596217635,0.0038563539992662044,0.0037324770005153773,82c9c33f0691685c62a6d329a83c45242852268619bc03d932eeb2312a791141
True,1,45.24405121800072,0.23552429699999777,0.22836374099999546,45.266204983000875,178417,timing_final,7eda7547d2fab5ca8ac2b82fc6df3692f77a53c622a9890a201fc22e2748471f,17450,True,10000,b6baaf46cf5c224fda735b56f3b9e9494d757d59a6a3be859556dfa2852ac1a7,858368,timing,1.3010736653742916,22,26824,4.757786666666667,1,success,402360,13412,1.3412,91.01704621100001,3,True,91.175625855,0.0039017909979151,0.003698947000202679,82c9c33f0691685c62a6d329a83c45242852268619bc03d932eeb2312a791141
True,1,45.54693455900116,0.22704980700001443,0.2249932300000239,45.68542910999807,178417,timing_final,7eda7547d2fab5ca8ac2b82fc6df3692f77a53c622a9890a201fc22e2748471f,17450,True,10000,b6baaf46cf5c224fda735b56f3b9e9494d757d59a6a3be859556dfa2852ac1a7,858368,timing,1.3010736653742916,22,26824,4.757786666666667,2,success,402360,13412,1.3412,91.72779911400002,3,True,91.865779635,0.003934224998232594,0.0037720300021817366,82c9c33f0691685c62a6d329a83c45242852268619bc03d932eeb2312a791141
True,1,46.68599672499985,1.0076446310000002,1.013431064,46.73682169100039,181914,timing_final,7eda7547d2fab5ca8ac2b82fc6df3692f77a53c622a9890a201fc22e2748471f,17803,True,10000,cf422d65df586c711c08690aee6206333c794f7005577eeaece98db7cd23b858,875136,timing,1.30195992394325,22,27348,4.85104,0,success,410220,13674,1.3674,95.490810424,4,True,95.614577278,0.0043489120005753,0.00420179700070511,1a0178af9da0068d43af331051157f7fed614ca1062174e65f81460a17e49aea
True,1,51.21003531500148,0.27641436900000826,0.2542127660000091,51.21422291199865,181914,timing_final,7eda7547d2fab5ca8ac2b82fc6df3692f77a53c622a9890a201fc22e2748471f,17803,True,10000,cf422d65df586c711c08690aee6206333c794f7005577eeaece98db7cd23b858,875136,timing,1.30195992394325,22,27348,4.85104,1,success,410220,13674,1.3674,103.00593087600001,4,True,103.234906231,0.004779196001280184,0.004503942001122141,1a0178af9da0068d43af331051157f7fed614ca1062174e65f81460a17e49aea
True,1,51.065450595002034,0.28902983099999346,0.27096050000000105,51.13008595199881,181914,timing_final,7eda7547d2fab5ca8ac2b82fc6df3692f77a53c622a9890a201fc22e2748471f,17803,True,10000,cf422d65df586c711c08690aee6206333c794f7005577eeaece98db7cd23b858,875136,timing,1.30195992394325,22,27348,4.85104,2,success,410220,13674,1.3674,102.80616694199998,4,True,102.992360709,0.004790732998685598,0.004436356998525071,1a0178af9da0068d43af331051157f7fed614ca1062174e65f81460a17e49aea
True,1,86.78294734699682,1.1617737350000001,1.090208961,87.99570176599542,534355,evaluation_epoch0,299760c7e0552062cdd7366f69d4a79429468ddb83000a0e95f70a2435afb9db,45608,True,30000,6c5fecfe6c5d7a933e82997389603fe16f72dfbd184568e153dbdaf55485668a,2606528,communication,1.1198467846882902,22,81454,4.749822222222222,0,success,1221810,40727,1.3575666666666666,177.166094571,0,True,177.696175567,0.012386457001052786,0.012163774998345644,f98037a8cea7eee7e1a6b07bfebba48c6d25d4b85ffc3acf247d56be5a920bb5
True,1,85.85912539899843,1.13452767,1.0415642529999998,84.95157981699718,533967,evaluation_epoch0,299760c7e0552062cdd7366f69d4a79429468ddb83000a0e95f70a2435afb9db,45604,True,30000,1906e8a38cdbce88c1b45773933994618b151d99341fcc50b4495302c6c31745,2604480,communication,1.1206290699103083,22,81390,4.7463733333333336,0,success,1220850,40695,1.3565,173.115437233,1,True,173.445908306,0.012107631000104924,0.011798510001177487,016f79d8c5fe77a014b2af79c2d147b0547ccbb3657f2eb1ca371e80820501d5
True,1,82.14379430700271,1.1936875949999999,1.1255581870000002,82.5715618239983,533817,evaluation_epoch0,299760c7e0552062cdd7366f69d4a79429468ddb83000a0e95f70a2435afb9db,45658,True,30000,59871585decdfd88a3cfe873912f8f70b873c60a056582dab3baa5fb8139f6a0,2603392,communication,1.1224248979792517,22,81356,4.74504,0,success,1220340,40678,1.3559333333333334,167.161761963,2,True,167.491186283,0.011979565996791397,0.011742239998327353,17ae5c64a7cceb3bb9b4cefe51e1083ce3477f356a75260d41652a5226470d93
True,1,85.9425864989993,1.139322108,1.0652383470000002,84.60240955799786,537306,evaluation_epoch0,299760c7e0552062cdd7366f69d4a79429468ddb83000a0e95f70a2435afb9db,45811,True,30000,513b30ca9dfd00d2fa4314256d420bee5bdd2d93d61ace10513e2b2fb532938d,2621184,communication,1.1185418497900186,22,81912,4.7760533333333335,0,success,1228680,40956,1.3652,172.88179522000001,3,True,173.209395812,0.012214856997889267,0.01191906200056625,772c16e14f3a119b061d5b1a4fbe61457901a9df3c9b248e00072ff36b5ce942
True,1,89.23388524500305,1.1777174440000002,1.112532254,87.92284183299957,537418,evaluation_epoch0,299760c7e0552062cdd7366f69d4a79429468ddb83000a0e95f70a2435afb9db,45827,True,30000,f174ee4454f1413e326588ec794382097a158fddef4563b1ae45cdbed56b3fb7,2621696,communication,1.1187139927741432,22,81928,4.7770488888888885,0,success,1228920,40964,1.3654666666666666,179.580305363,4,True,181.180049394,0.01234673699983535,0.011880023999142342,9c2127cda46241851a5feaebc186de502a1502116e48ab06f036b70c266a5c02
True,1,84.48277561200219,1.174676672,1.096205066,85.50010887400069,535278,evaluation_epoch0,299760c7e0552062cdd7366f69d4a79429468ddb83000a0e95f70a2435afb9db,45715,True,30000,f937b4d8bea8e7cc3b6c41f5a5a1acf1e4bb647a70c9498b80cebd05beea5800,2610880,communication,1.120603015075377,22,81590,4.758026666666667,0,success,1223850,40795,1.3598333333333332,172.385639685,5,True,172.736264292,0.012170609005468513,0.012029040998083218,76c07ec5aa7f6522253dd457b8c834301b7e39901635fcb36aad06958c9ec7dc
True,1,86.40972570800234,1.178149199,1.123711175,83.73837842700317,532484,evaluation_epoch0,299760c7e0552062cdd7366f69d4a79429468ddb83000a0e95f70a2435afb9db,45489,True,30000,fbfe1af5ad58cf7f64f1123f1c164c3d7df65cdc4cae7d1f32a6376f334a9185,2597184,communication,1.1209432985880092,22,81162,4.733191111111111,0,success,1217430,40581,1.3527,172.57928790600002,6,True,172.933103266,0.011918217001689602,0.01179814199792606,529e36b0b641e05a4ccfe086588de76996a48eec81307f0c315bbaa1907fc526
True,1,87.31623920500223,1.1337949470000002,1.029859864,86.82129201499879,533974,evaluation_epoch0,299760c7e0552062cdd7366f69d4a79429468ddb83000a0e95f70a2435afb9db,45563,True,30000,37e4683a6f7c363c4d27a3dd0e56236f84ffe5e2daa192bda8ea9c52a4fe4b32,2604736,communication,1.1195115359099732,22,81398,4.746435555555555,0,success,1220970,40699,1.3566333333333334,176.435477758,7,True,176.80798279,0.012259097003742614,0.012052849000964372,11f0a21123e558eb201f795ef2839ca1e6f62faaaebfcedb58dfc83d857aefeb
True,1,87.0983475350006,1.1813005460000001,1.092172991,87.78442523300191,531669,evaluation_epoch0,299760c7e0552062cdd7366f69d4a79429468ddb83000a0e95f70a2435afb9db,45322,True,30000,730d8ccf5d46067f4b40907359bcd967265fbdc7cda1c4681b85a66bbb2c857d,2593728,communication,1.1183161842722136,22,81054,4.725946666666666,0,success,1215810,40527,1.3509,177.291982883,8,True,177.7176392,0.012185745995494823,0.012020322000695138,bccaf8ba2b053d6416364635ff4065e006d376796808f15e72b516a08ec71138
True,1,87.08490876599721,1.18996478,1.0951676830000001,85.71623787399689,533766,evaluation_epoch0,299760c7e0552062cdd7366f69d4a79429468ddb83000a0e95f70a2435afb9db,45535,True,30000,f96c152b2dc1e4a35cd5a253b1cd4e767b69789938dafa277d76db38b5cdd3ae,2603776,communication,1.1192360633172747,22,81368,4.744586666666667,0,success,1220520,40684,1.3561333333333334,175.216970213,9,True,175.575991419,0.012241183999454286,0.012126756000857775,7fc9ba4a6fdd6ee7a127a0d3e7ffbf2fd83f76f3d3f7916a846350a383ff8618
True,1,85.10099958599605,1.165029898,1.199886099,84.65802181899932,529623,evaluation_epoch0,299760c7e0552062cdd7366f69d4a79429468ddb83000a0e95f70a2435afb9db,45244,True,30000,4cd088e6194e57cc8735beb0159be2061d6e22e070b102125b3c7f79f438375d,2583232,communication,1.1209275821916111,22,80726,4.70776,0,success,1210890,40363,1.3454333333333333,172.251178994,10,True,172.607141034,0.011836021001176977,0.011550831999326494,651b5c919bfa916a88708b2ebb652b6c03d682d12b43558078fa2d03a6414ac2
True,1,86.71450837700164,1.166988276,1.1018098700000003,86.84341238399941,535405,evaluation_epoch0,299760c7e0552062cdd7366f69d4a79429468ddb83000a0e95f70a2435afb9db,45626,True,30000,baa4f7f05f7c8d3405d02d776596d322a80a0953f0168875777c531ae250e763,2612032,communication,1.117928111141058,22,81626,4.759155555555555,0,success,1224390,40813,1.3604333333333334,175.96014596900002,11,True,176.316374738,0.012146758002730795,0.01204758800177963,77ea44067786755736b95bc9fdd0aae1f2b13b65b123badbf67cdbb18d9efbab
True,1,87.63551493700017,1.2231058519999998,1.1745602700000002,87.7084792869978,532032,evaluation_epoch0,299760c7e0552062cdd7366f69d4a79429468ddb83000a0e95f70a2435afb9db,45529,True,30000,9e42eefce070ed60e2a682e06323c05dfdf0ab0eee0c512aee3948b44f8f21c9,2594560,communication,1.1230636408485446,22,81080,4.729173333333334,0,success,1216200,40540,1.3513333333333333,177.87566297700002,12,True,179.584915252,0.012424898998866674,0.01219083400140386,5c1a3e94e6257d18f2541013185c4ee959b23f4a582d91f3e3425345255eac03
True,1,87.11688304899516,1.198631379,1.079786374,86.67377033199972,531182,evaluation_epoch0,299760c7e0552062cdd7366f69d4a79429468ddb83000a0e95f70a2435afb9db,45315,True,30000,cae6972bf3e2d206bfeba7eb62c8da8fee50d4a3447cac6c6e33e57ac6ed3800,2591168,communication,1.1192481537283572,22,80974,4.7216177777777775,0,success,1214610,40487,1.3495666666666666,176.20004904599998,13,True,176.556265756,0.011919900997658939,0.011619024001919609,2439fc5f3f1438254c4d821800b370d76aacc5c90123fc01e2463fd60896685c
True,1,87.08883576099969,1.125559839,1.0553159820000002,86.59560218400381,537759,evaluation_epoch0,299760c7e0552062cdd7366f69d4a79429468ddb83000a0e95f70a2435afb9db,45868,True,30000,455117c3918217b5c2c24baa4d1b63a5c11d3cd343ed04755aa930c724178090,2623296,communication,1.1190319353973017,22,81978,4.78008,0,success,1229670,40989,1.3663,175.99604009400002,14,True,176.338713455,0.011954533001565792,0.011950193999260783,f2ac8836bed8af409f13281eb495ff959eb8ca38f42b8a6c7fba64ffe5b9cdda
True,1,88.32418095999722,1.125066605,1.0657908399999996,89.4193533739988,528041,evaluation_epoch0,299760c7e0552062cdd7366f69d4a79429468ddb83000a0e95f70a2435afb9db,45066,True,30000,a700703428d008a430443805d21111b30cef205dcfd923bb8cc7913acdecf4e9,2575744,communication,1.1197634547532673,22,80492,4.6936977777777775,0,success,1207380,40246,1.3415333333333332,180.06723715,15,True,180.498102789,0.01196785800037592,0.011633524003364037,80f899ef12244b65c6170012dda9177675eeaf8b17f85f961e4a9475ac0803f1
True,1,89.30538939600049,1.164723875,1.138809738,89.4070152059956,533812,evaluation_epoch0,299760c7e0552062cdd7366f69d4a79429468ddb83000a0e95f70a2435afb9db,45509,True,30000,0c18486646cc4c710da29c3e2c931a6895a408c0e678f5fdbfba6c8a50e6bc2f,2604160,communication,1.1184320471860407,22,81380,4.744995555555556,0,success,1220700,40690,1.3563333333333334,181.153608094,16,True,181.55816039,0.012376813001644837,0.012174334999163872,77cacdc89904bc21f002b348756ea080b7c8fc6ad981f8f54e3220166825896e
True,1,86.62484007500382,1.1982641049999998,1.1064712390000002,84.11843246599743,532214,evaluation_epoch0,299760c7e0552062cdd7366f69d4a79429468ddb83000a0e95f70a2435afb9db,45447,True,30000,cc0909d80701b5da79f6e68bc4165585eb2a9bb0f42126af7daac0f8707a03f4,2595968,communication,1.1204329175089986,22,81124,4.730791111111111,0,success,1216860,40562,1.3520666666666667,173.178482348,17,True,173.525459566,0.011958496000823882,0.011654980002700821,b0e95def452d8c6fadaaa4895e1aeffcc851920f9e8e56a91676e1efc799a7ad
True,1,87.44040184299989,1.213335737,1.1511207209999998,87.24946945200114,535001,evaluation_epoch0,299760c7e0552062cdd7366f69d4a79429468ddb83000a0e95f70a2435afb9db,45558,True,30000,54f867615bdd9edfcfe1bab6c7bcaf38a2b6d27f53ad796d0703c2fc4691d70f,2610240,communication,1.1170283192350128,22,81570,4.7555644444444445,0,success,1223550,40785,1.3595,177.183162102,18,True,177.551984135,0.01219594199577445,0.011906227998703667,7de54e8dab250c4409134f608574053fcc3989e87bc92f15528e6717c9c3cc6d
True,1,86.17683938099933,1.2239597019999997,1.105567732,85.4372794519995,529664,evaluation_epoch0,299760c7e0552062cdd7366f69d4a79429468ddb83000a0e95f70a2435afb9db,45237,True,30000,afde36446fe7eb63ceafbfe41a29ffd39c061d74bb2cae8f2ff92fe336053938,2583488,communication,1.120643099561523,22,80734,4.708124444444445,0,success,1211010,40367,1.3455666666666666,174.076119281,19,True,174.42481609,0.01205067099732915,0.012046421004118013,b58de7982be834c34e378dbce939df8d57840da707bb8cd6187f586d64d9eaa9
True,1,89.49131395399763,1.1660463450000003,1.0635732070000001,90.14304542499903,533953,evaluation_epoch0,299760c7e0552062cdd7366f69d4a79429468ddb83000a0e95f70a2435afb9db,45554,True,30000,32f707ba7ea70bec761cf98caaaf1815d9602f42a572de3d4105e07310ea3162,2604672,communication,1.1193179025996363,22,81396,4.746248888888889,0,success,1220940,40698,1.3566,182.00277257300002,20,True,183.60737205,0.012310074998318488,0.012175535000349846,a2a50c0d759a12ee1fa634a5709703989dbe719b1f15a6f66360813c2bf0927d
True,1,92.2281670339963,1.187573702,1.1102037880000002,90.56373728700073,533086,evaluation_epoch0,299760c7e0552062cdd7366f69d4a79429468ddb83000a0e95f70a2435afb9db,45491,True,30000,1c4ed9540a8efd0481e08a49ad741231c4827760e81d0203c0749a9601d955d6,2600384,communication,1.1196131032955132,22,81262,4.738542222222223,0,success,1218930,40631,1.3543666666666667,185.22241023499998,21,True,185.605225821,0.01247895500241869,0.012272728999322524,030f49b50a37e4958299bf0f61783faeeea8a390d0888a5fd68c268427410bf3
True,1,90.11708408400162,1.136154583,1.0760166389999997,91.69578526899696,530645,evaluation_epoch0,299760c7e0552062cdd7366f69d4a79429468ddb83000a0e95f70a2435afb9db,45330,True,30000,1369f206de0da3153dd404c0a9bdf6009fc8fa0fdf78b1524ba35518c576d8c8,2588224,communication,1.1208921638930789,22,80882,4.716844444444445,0,success,1213230,40441,1.3480333333333334,184.15443808900002,22,True,184.562351708,0.011899806999724039,0.01175967000120437,d8ed87ef82f6266713556cf64d84cdffabd651b239121252aedf9823e0e220f5
True,1,91.53773560299967,1.1337223889999999,1.0939420750000002,92.33222809400101,531339,evaluation_epoch0,299760c7e0552062cdd7366f69d4a79429468ddb83000a0e95f70a2435afb9db,45376,True,30000,d1a8755a9816b4171ffe9effd47dcd7876e413b9d8aa82e075f0b35ed0eeb5ba,2591680,communication,1.1205333991850845,22,80990,4.723013333333333,0,success,1214850,40495,1.3498333333333334,186.229492139,23,True,186.776880801,0.012153882997182563,0.01182298100346868,234d657090e01ed4b6c381f126988ea68d9f159ffc24e6a6779023182ff8be0f
True,1,84.53214606100198,1.218100707,1.204293325,84.02974531599581,530015,evaluation_epoch0,299760c7e0552062cdd7366f69d4a79429468ddb83000a0e95f70a2435afb9db,45276,True,30000,f0d642c7fb27e38d09775c94f72bed1697002dcee6a92f9b69c989f4c2b3081c,2585152,communication,1.1208872824499294,22,80786,4.711244444444445,0,success,1211790,40393,1.3464333333333334,171.114834047,24,True,171.576898103,0.012118702000819326,0.01168515599800024,13022d5137f0b855b9c08492c55c5a1dbad403a72f6bfe584c04cc8a69d9ee40
True,1,86.10841995099616,1.1792123399999999,1.0977977209999998,85.94210460400025,531787,evaluation_epoch0,299760c7e0552062cdd7366f69d4a79429468ddb83000a0e95f70a2435afb9db,45356,True,30000,4548066c492540bef1fc80d8aeb7271024ee95973397ac9d30136413dce3e5a1,2594176,communication,1.1189618591799477,22,81068,4.726995555555556,0,success,1216020,40534,1.3511333333333333,174.456500002,25,True,174.807589887,0.011926291999408978,0.011806610998362554,f728986cf0c4b6fe1829d5666139d1445a5275e3718173a100d7674ec0473a2c
True,1,90.17830911199871,1.21916849,1.1689928529999998,88.98584876700338,531737,evaluation_epoch0,299760c7e0552062cdd7366f69d4a79429468ddb83000a0e95f70a2435afb9db,45330,True,30000,706a8f4625e0f2140479dfcb40c4a544cc4260a336e1c4f8b786e1703fd984d5,2594048,communication,1.118375604460673,22,81064,4.726551111111111,0,success,1215960,40532,1.3510666666666666,181.68318169100002,26,True,182.070858937,0.012102323999633402,0.011935423998395756,289415ff4bef62056bd1aaf65ba59a8481c8e4ca599368a4a9065f545a9e2156
True,1,84.55969804900118,1.239914637,1.205720571,83.65785383000011,536296,evaluation_epoch0,299760c7e0552062cdd7366f69d4a79429468ddb83000a0e95f70a2435afb9db,45689,True,30000,d02ed5e9d35a6f87cf3ed4d176895ac2ebe47c2af0a4b7aaebf662f6493c2753,2616448,communication,1.1175823100631084,22,81764,4.7670755555555555,0,success,1226460,40882,1.3627333333333334,170.798392521,27,True,171.183780595,0.012397303998397557,0.012282508001564718,936d41c3bd157a4e9e888f7926192be7240039bcca8df4aea7f9469220f717e5
True,1,80.74958060900286,1.1850789179999999,1.094385367,81.02187643600188,528846,evaluation_epoch0,299760c7e0552062cdd7366f69d4a79429468ddb83000a0e95f70a2435afb9db,45259,True,30000,8040fa7ccfea998b881d9b6586813c8a31ae921febeb7584b919e409d5f47a42,2579008,communication,1.1231357172990546,22,80594,4.700853333333334,0,success,1208910,40297,1.3432333333333333,164.184310334,28,True,165.700197655,0.012424036998929022,0.012118671000004522,625fa72dc49da3e9af7d51f48cb486e2113465ee068354612614bc610a3730ff
True,1,86.70209903699833,1.173446927,1.120222015,85.8703794870004,533263,evaluation_epoch0,299760c7e0552062cdd7366f69d4a79429468ddb83000a0e95f70a2435afb9db,45536,True,30000,db9c8ea96e019c07d5af013c66b1a3a672822cb1b7df66488d84c8767f338d95,2601088,communication,1.1204173022981152,22,81284,4.740115555555556,0,success,1219260,40642,1.3547333333333333,174.99315532699998,29,True,175.336887833,0.011849239000677247,0.011677110001471203,dddf727f225b97cf2f859ba55afdd82a65898644d38f1d74a68a64281da17b34
True,1,82.31901996699756,1.208364783,1.10229997,83.31155925200194,535263,evaluation_epoch0,299760c7e0552062cdd7366f69d4a79429468ddb83000a0e95f70a2435afb9db,45604,True,30000,f5d4245edbcc603eef47e5d2e3ab4c2bf61aab817553efb1b491bb25b624feb1,2611392,communication,1.1176629169423817,22,81606,4.7578933333333335,0,success,1224090,40803,1.3601,168.066804808,30,True,168.399017119,0.011768467003875127,0.011610204995272433,4fbd837b48445bcbcaf2eb81ac7b6bc0c83058f3b6a4bed6465bd673b7d62996
True,1,85.72075123699918,1.180653121,1.109131483,85.79521809799672,536565,evaluation_epoch0,299760c7e0552062cdd7366f69d4a79429468ddb83000a0e95f70a2435afb9db,45790,True,30000,79da6a7efd32a2be522c9b61009bf38094a892a3fa33dbcd67c319db9dc4f1b3,2617344,communication,1.1196694053208138,22,81792,4.769466666666666,0,success,1226880,40896,1.3632,173.937052513,31,True,174.354886097,0.0120689879975302,0.011972678998776853,e1f87f9117adaf9fdf7782c8284fcbae1bf1df318284510639ca7cdf32d2d81c
True,1,80.20794708499889,1.159473236,1.0954116790000001,78.78816676300004,530556,evaluation_epoch0,299760c7e0552062cdd7366f69d4a79429468ddb83000a0e95f70a2435afb9db,45277,True,30000,485dbfaaa897e42f3bb2f460a38f2fc8f07ac20988d89a369497691ca62b3219,2588032,communication,1.1196646718433156,22,80876,4.716053333333333,0,success,1213140,40438,1.3479333333333334,161.379003846,32,True,161.839690023,0.011882706997918824,0.011606702001948577,2a9dd8f7780ba7a9b527aa698a0a764f9f8a08fb01d5f066a07d4e9263822725
True,1,81.77368969599938,1.1546159010000001,1.105630123,79.19277811399867,533871,evaluation_epoch0,299760c7e0552062cdd7366f69d4a79429468ddb83000a0e95f70a2435afb9db,45616,True,30000,987bfd561acb0621fe5c65b16a1c87d9c61d2fd4b8c6c262a5e058ea102bc950,2603904,communication,1.1211719018827115,22,81372,4.74552,0,success,1220580,40686,1.3562,163.353744191,33,True,163.673539371,0.011861904003121815,0.011907894002597175,315106f4ac8acad2f0d05a005b4c18388319f739c3ff3eab750931f39c109ffa
True,1,80.88192098799925,1.171684769,1.0480139899999998,81.34457913699987,535583,evaluation_epoch0,299760c7e0552062cdd7366f69d4a79429468ddb83000a0e95f70a2435afb9db,45648,True,30000,a7aca1656a9a07f0159aa37fbe7ae00db7d17972cc0eacceb6ecabe14affc895,2612864,communication,1.118111007691177,22,81652,4.760737777777778,0,success,1224780,40826,1.3608666666666667,164.573086617,34,True,164.930546443,0.012036986000290462,0.011770890998730632,ea026e090a7a9fd881bf8499b40be260cf2a4e29c9780fee2f3fecb4baeca4d9
True,1,79.54361082700102,1.179379946,1.1339465940000002,79.88032850499806,530876,evaluation_epoch0,299760c7e0552062cdd7366f69d4a79429468ddb83000a0e95f70a2435afb9db,45297,True,30000,45d2b546bfe9324dd1295f544e7d2c0ceb8cd38ba4f762e8e294c758581abcf7,2589632,communication,1.1194671675357735,22,80926,4.718897777777777,0,success,1213890,40463,1.3487666666666667,161.86441467699998,35,True,162.164936884,0.01175584300030641,0.011510042001589227,d0f379482aa3231303cad31b77a4d6d87214d91b6416aac94db883146557a968
True,1,79.46629677100046,1.1635734329999998,1.1354592810000002,80.36160366499854,534404,evaluation_epoch0,299760c7e0552062cdd7366f69d4a79429468ddb83000a0e95f70a2435afb9db,45609,True,30000,54a2205e81ee01168fdba71b31f8cfc2950376d66473b2472c22ead6f8d72c70,2606784,communication,1.1197613611254327,22,81462,4.750257777777778,0,success,1221930,40731,1.3577,162.258737755,36,True,163.687972187,0.012077687003531956,0.011821376998264466,4484f1b724efaa984f94441fcbf2a2b28cf0ae75311898fe4fcba06ea70f287f
True,1,83.8643634229985,1.0956673810000002,1.099179032,81.85346805800314,530069,evaluation_epoch0,299760c7e0552062cdd7366f69d4a79429468ddb83000a0e95f70a2435afb9db,45090,True,30000,f5258e0974df5997a6880911664de44945ec2b96cf5ddf421deae0e27d6afca5,2586432,communication,1.1157300868532403,22,80826,4.711724444444444,0,success,1212390,40413,1.3471,168.041511161,37,True,168.363693017,0.012207239998686337,0.011998495000538956,4cb64582a2f0cf976792f33c57da160cad6be777c464345a3d8bbed53306e1b3
True,1,80.43522803299739,1.110378012,1.0083928749999997,80.64532202700076,533726,evaluation_epoch0,299760c7e0552062cdd7366f69d4a79429468ddb83000a0e95f70a2435afb9db,45507,True,30000,e400c6759b745c770bb352a667a115f0020838b72020790657dfb1d9acffb523,2603712,communication,1.11857532630337,22,81366,4.7442311111111115,0,success,1220490,40683,1.3561,163.328449941,38,True,163.64606088,0.012141710999176603,0.011849255998391595,6b848458365746646776978002b8db5a47b78111070ef9cc5723ca867c412943
True,1,82.1755515789982,1.137070802,1.067428058,82.42117804799861,536536,evaluation_epoch0,299760c7e0552062cdd7366f69d4a79429468ddb83000a0e95f70a2435afb9db,45785,True,30000,13604cd7d90adda3b25aa05eb0b0797a152e08d76c8e8340e286668c3df73418,2617216,communication,1.1196018975888884,22,81788,4.769208888888889,0,success,1226820,40894,1.3631333333333333,166.931533384,39,True,167.294997412,0.012162479999819897,0.012055370001146315,96a07fcffc7d45ed1f10ec6304ac3759c2e011f8fe1a25770538f0c6064885cd
True,1,80.40648473100046,1.2085639870000002,1.0913549399999998,80.06463102399888,533201,evaluation_epoch0,299760c7e0552062cdd7366f69d4a79429468ddb83000a0e95f70a2435afb9db,45546,True,30000,6d366ba102c8be882a642adbbf7dcffb8bb5ccaf5ba597e4563562f342823fec,2600704,communication,1.1208288217344227,22,81272,4.7395644444444445,0,success,1219080,40636,1.3545333333333334,162.90176199,40,True,163.289399933,0.011990483000782426,0.011648762999570739,f6cef5cc2f85c2b7d851871d70eed81d1bca26c3ff42b1b2ea25115f01178138
True,1,79.47204903000022,1.1319638710000002,1.068129104,79.22991268199985,532932,evaluation_epoch0,299760c7e0552062cdd7366f69d4a79429468ddb83000a0e95f70a2435afb9db,45565,True,30000,79736d54f110c88de3e7a3adfe6821cef87d43bc512f3843554ea82512949e44,2599168,communication,1.1219590268886044,22,81224,4.737173333333334,0,success,1218360,40612,1.3537333333333332,161.030859857,41,True,161.349271802,0.011882732994927814,0.011830622998108442,c3e9fc8deab2f8e2dc5d63e323b658f60c3871e50d7cc70a73982ab9669ef4ad
True,1,79.9460188139986,1.1535876589999998,1.049267996,80.03271879000057,531221,evaluation_epoch0,299760c7e0552062cdd7366f69d4a79429468ddb83000a0e95f70a2435afb9db,45318,True,30000,4339727e0b3213beb8a1d55a7c75625ff18253947616965cc3d9d116938aad9a,2591360,communication,1.1192393183502098,22,80980,4.721964444444445,0,success,1214700,40490,1.3496666666666666,162.304456153,42,True,162.636963484,0.011688641003810396,0.011557114001223834,3962422031b7538a06764805752348ad1a44fc008e80b5c6f3a17376464cade2
True,1,79.34235823299859,1.11891923,1.057411407,79.37176443200224,531582,evaluation_epoch0,299760c7e0552062cdd7366f69d4a79429468ddb83000a0e95f70a2435afb9db,45343,True,30000,a24a3dfba6a7c6f0581e43bc2ff85290185eb6059ff62bda562f9d548a0c80ce,2593152,communication,1.1190828767461376,22,81036,4.725173333333333,0,success,1215540,40518,1.3506,161.016359279,43,True,161.339159277,0.011811355999725937,0.011407503999808721,75100232810e7bae702cb1b7bcc40d8c69b64fdd262ddd10d98935aa424132ca
True,1,79.14829233399709,1.151957706,1.1283173519999998,79.42816465799933,535339,evaluation_epoch0,299760c7e0552062cdd7366f69d4a79429468ddb83000a0e95f70a2435afb9db,45620,True,30000,fb79595c9278be86d8a7e636feaf12ede16d95fa121537ab3a58acc8c5459bb2,2611712,communication,1.1179180552832777,22,81616,4.758568888888889,0,success,1224240,40808,1.3602666666666667,160.988716205,44,True,162.424139171,0.012211936998750339,0.011896079002331472,85557fc80803177e25f82aaa4a6a29fc3154f4bfee266031a3a27c7d5e6aabab
True,1,82.7212166979963,1.1416175270000002,1.088649137,81.51795201899932,533242,evaluation_epoch0,299760c7e0552062cdd7366f69d4a79429468ddb83000a0e95f70a2435afb9db,45479,True,30000,5108a9b017013accf95c996bf4ff391ea13d57b1622d3c237419e95a06a46521,2601280,communication,1.118932217984992,22,81290,4.739928888888889,0,success,1219350,40645,1.3548333333333333,166.595292046,45,True,166.898122693,0.011853476003017782,0.0114446760005249,9e6515f844c12d23e601e2e0cf48700251452187f303bb8ad226fac9194c8b20
True,1,81.1751159740024,1.113658858,1.0065956120000001,78.10535499499778,532506,evaluation_epoch0,299760c7e0552062cdd7366f69d4a79429468ddb83000a0e95f70a2435afb9db,45571,True,30000,f3c243a49b5b9a294013d31cd9da1b582074009368d6f9f00cc4325fd53928ce,2596864,communication,1.1231023264984228,22,81152,4.733386666666667,0,success,1217280,40576,1.3525333333333334,161.526078456,46,True,161.831384642,0.011673547002192919,0.01166564799991976,d76eb23c849099e9e65266a6b446bf07e86889c69757f20e29aad0fc58ecffa4
True,1,81.46070182900115,1.143211279,1.1231823540000003,81.29993863799768,534812,evaluation_epoch0,299760c7e0552062cdd7366f69d4a79429468ddb83000a0e95f70a2435afb9db,45633,True,30000,f973aa3c3a1964bbe731d10a18e1e483c1e6f1b69ffaef2d713cf86016bdbd42,2608832,communication,1.1194710889777495,22,81526,4.753884444444444,0,success,1222890,40763,1.3587666666666667,165.153545317,47,True,165.554668934,0.011803496001894676,0.011465712999894961,06075c9fe201995796c560b0df636b15e2b1d8cd7af68083e352c1b98022ce4b
True,1,79.69819033900217,1.1496123589999998,1.080473842,79.60881824600321,529630,evaluation_epoch0,299760c7e0552062cdd7366f69d4a79429468ddb83000a0e95f70a2435afb9db,45107,True,30000,d377b03a545a9e963bb7389b771518b3a908224d064748b8a24f0aeaef1fa7c4,2584000,communication,1.1172012383900929,22,80750,4.707822222222222,0,success,1211250,40375,1.3458333333333334,161.667367989,48,True,162.056497834,0.012007188002840508,0.011737361001729951,1743bd69442821e31d2b029cf96ebbfebd9ebcd4319ead880e273570005314b1
True,1,81.94690419099578,1.1470299539999997,1.0214498129999998,78.61209367300117,531312,evaluation_epoch0,299760c7e0552062cdd7366f69d4a79429468ddb83000a0e95f70a2435afb9db,45301,True,30000,75a17793fe021fa7c36a43c2988b7e53b38feef37fc1513ebe897cb0960f18d2,2591936,communication,1.1185708289093559,22,80998,4.7227733333333335,0,success,1214970,40499,1.3499666666666668,162.8552085,49,True,163.155135975,0.012044595997094731,0.011840659998933578,cc8566581179e7c1c634a2d628cbb0cb38a8b6dfc15103a443ffc7b784c014b8
True,1,79.6239419370003,1.0862869929999999,1.0939196889999998,79.89130112700154,534437,evaluation_epoch0,299760c7e0552062cdd7366f69d4a79429468ddb83000a0e95f70a2435afb9db,45546,True,30000,dda270eeb711b736a53da0421b19104714fdd4326a4fe6c0ca09649c5bd23c44,2607296,communication,1.1179950416063231,22,81478,4.750551111111111,0,success,1222170,40739,1.3579666666666668,161.820027749,50,True,162.135890692,0.011876345000080946,0.011769394999068705,8efad204087b7ec486967dd0ef094b672e05b80c00120870481c89b301e74369
True,1,79.78887952999759,1.1500924549999998,1.0509077679999999,80.12037765500234,535292,evaluation_epoch0,299760c7e0552062cdd7366f69d4a79429468ddb83000a0e95f70a2435afb9db,45645,True,30000,c8cd314fd3c368d92bdfa43d9f3d6d510a1cf45bc916391af6f639def34de510,2611328,communication,1.1186951620018626,22,81604,4.758151111111111,0,success,1224060,40802,1.3600666666666668,162.241375763,51,True,162.533100401,0.012190922001797055,0.011887468000637558,5b2b54376a1faa65b552e601a6a5af67fb997d1f945f32757e5472c20ce33c1d
True,1,81.01754792000054,1.151611258,1.088789578,80.86963539100111,535180,evaluation_epoch0,299760c7e0552062cdd7366f69d4a79429468ddb83000a0e95f70a2435afb9db,45641,True,30000,e4c374b7f2464edff2468aa010972873e5eaebc0879de60aadb053b7a6bbecb4,2610752,communication,1.1188439192998798,22,81586,4.757155555555555,0,success,1223790,40793,1.3597666666666666,164.26072553699998,52,True,165.733687839,0.012344275001316518,0.011866608001306567,f606c5ea95a9d3ee20859da0bcbcfe7a3f371ed5f079eb854a778cef63724e7f
True,1,84.02015711800041,1.1188581130000002,1.070804882,83.82087703400336,532754,evaluation_epoch0,299760c7e0552062cdd7366f69d4a79429468ddb83000a0e95f70a2435afb9db,45471,True,30000,163539ef76f899a9d7c2da0954332a1313eb4b28e934e121e5d512ac69790885,2598720,communication,1.1198374584410786,22,81210,4.735591111111111,0,success,1218150,40605,1.3535,170.156908531,53,True,170.459769024,0.01194757899864829,0.011618315998935813,947b062c40f946e8f22fa211f05be209a67a1c990ef21c67e50a31171ff54d90
True,1,81.34028978800026,1.117517468,1.0267424639999998,80.3566227680015,530460,evaluation_epoch0,299760c7e0552062cdd7366f69d4a79429468ddb83000a0e95f70a2435afb9db,45289,True,30000,34f3115e31ddd1b00f2a0cc87828f2367155008b3981ad92fcb303c43118ad8a,2587456,communication,1.120210739815479,22,80858,4.7152,0,success,1212870,40429,1.3476333333333332,163.965480482,54,True,164.293006729,0.011601421997003314,0.011363070997375324,249d3b3c9b1362f3f449ff8982a0482bdaf3772bc42ac842cd6a6e07a0098840
True,1,81.77734121899836,1.1577216810000002,1.1012062539999996,81.59678979200177,534099,evaluation_epoch0,299760c7e0552062cdd7366f69d4a79429468ddb83000a0e95f70a2435afb9db,45520,True,30000,7ae922f2865f24c271c1ec3e0d08d944eef70877f5dc7cb17be66e206c543ed1,2605632,communication,1.1180703952054627,22,81426,4.747546666666667,0,success,1221390,40713,1.3571,165.75973392799997,55,True,166.102533815,0.01172535499969074,0.01152176299842278,e2ff1d53f312dd59839a0ca8a201163b5630178830a51f4e318ba311d9557082
True,1,78.61802499299634,1.1484573089999999,1.128229744,78.6725015910023,532934,evaluation_epoch0,299760c7e0552062cdd7366f69d4a79429468ddb83000a0e95f70a2435afb9db,45471,True,30000,474e943820cd5f3c5b3420ff3e71368584d24bd51e41b503616bb8af8472378b,2599680,communication,1.119423929098966,22,81240,4.737191111111111,0,success,1218600,40620,1.354,159.696361851,56,True,160.076715416,0.011923571999704397,0.011699959001811422,b92f1892f747edb4704b6c365bb767f4fae25371ae338c534cfa5b7520bf803e
True,1,81.92260252300066,1.1412338860000002,1.1246123410000002,80.57345990600203,532778,evaluation_epoch0,299760c7e0552062cdd7366f69d4a79429468ddb83000a0e95f70a2435afb9db,45471,True,30000,4e1e4afd7aec5a588e8146bced4a8f043428e49dd0327bff3c929b679e85a7d4,2598848,communication,1.119782303543724,22,81214,4.735804444444445,0,success,1218210,40607,1.3535666666666666,164.88785212300002,57,True,165.198265302,0.011730733001064753,0.011537503999009324,c7989b842b72e9ff87c3cb0dc225f33b8ea0d7fb0c7b0f32cf7dd5a72c96c9dd
True,1,80.98754839700011,1.091690078,1.0339012719999998,81.84343707600215,539567,evaluation_epoch0,299760c7e0552062cdd7366f69d4a79429468ddb83000a0e95f70a2435afb9db,46020,True,30000,562eebe0c98ddfec4045ee6a237998640ec4417f4eb34421ee500ff9db7052d6,2632128,communication,1.1189729374863229,22,82254,4.7961511111111115,0,success,1233810,41127,1.3709,165.083857534,58,True,165.388183119,0.012049190004668642,0.01175954399893575,59bb4d10fd4972101ca2df59eda574b678c5c81985c3e62c466a5b6293b55885
True,1,79.15207824500081,1.148851653,1.062240068,81.96073603299808,529653,evaluation_epoch0,299760c7e0552062cdd7366f69d4a79429468ddb83000a0e95f70a2435afb9db,45166,True,30000,0b71212834b79fc99fed48df92e160530107fae88aba16523f94b27efeb1690c,2583808,communication,1.118745665312593,22,80744,4.708026666666667,0,success,1211160,40372,1.3457333333333332,163.452579873,59,True,163.755127216,0.01181515999968763,0.011510746999922716,f0be370b229062e0b136495b9181f14b330ebb6ec3cedf056860bdbcb901c98d
True,1,81.42212321299823,1.1527162240000002,1.099672838,80.7904519699961,530119,evaluation_epoch0,299760c7e0552062cdd7366f69d4a79429468ddb83000a0e95f70a2435afb9db,45248,True,30000,8056c2e2b6fba90997694d358f87f64c25d6ecf01ad1950567b2d2a127a1ed58,2585856,communication,1.1198891198891199,22,80808,4.712168888888889,0,success,1212120,40404,1.3468,164.595522325,60,True,165.982811658,0.011942491998674587,0.011658142998291154,b6824fea90c6c3bd4ccf977052ec3233311a9aa286d6da9d7276a8b31d91eb60
True,1,84.83468940600287,1.125838342,1.0184811790000001,83.47600287300091,534398,evaluation_epoch0,299760c7e0552062cdd7366f69d4a79429468ddb83000a0e95f70a2435afb9db,45555,True,30000,0309212feaf6083d78967caa106c6906185440dd0672e94cce68faebb1027ea8,2607040,communication,1.1183257640849393,22,81470,4.750204444444444,0,success,1222050,40735,1.3578333333333332,170.581937276,61,True,170.885882542,0.012120825998807483,0.011764747001705267,d22f4d63884a189e12f9c4a79e2f65a238ab415c54e9b8bc885a3de6f81125ee
True,1,82.0341631520034,1.148743158,1.0345095910000002,80.68141575999879,536563,evaluation_epoch0,299760c7e0552062cdd7366f69d4a79429468ddb83000a0e95f70a2435afb9db,45776,True,30000,e757ae12a60e59431ae3b57ea9b12f3e62b9e71e9fb50e00f6cdfd1784e998fd,2617408,communication,1.1192997041347776,22,81794,4.769448888888889,0,success,1226910,40897,1.3632333333333333,165.024994029,62,True,165.324503187,0.012082093000574723,0.011827888998629632,30e69ffa3df1b1b9fe5256f22f90429212fc222ad882f1482c79e10bf4a121a0
True,1,81.36964920100058,1.126935123,1.0394102850000002,81.95333956400081,533373,evaluation_epoch0,299760c7e0552062cdd7366f69d4a79429468ddb83000a0e95f70a2435afb9db,45634,True,30000,3a219f4c3cd1b23585da289bdf9fc2c57631bbc7e8ab9198a1db9c3c634f9af2,2601152,communication,1.1228009743375242,22,81286,4.741093333333334,0,success,1219290,40643,1.3547666666666667,165.61842809499998,63,True,166.063953621,0.012057838997575843,0.011782051002374505,1f89a8bd4734d2d36283903f3b1def845cb54bbe09750eded129006b34680978
True,1,80.07664524499717,1.2192773890000002,1.1165836080000002,80.21676255400148,530294,evaluation_epoch0,299760c7e0552062cdd7366f69d4a79429468ddb83000a0e95f70a2435afb9db,45279,True,30000,4da14223f463aeec0e8672bc89507638caa75580868fbeec21086878b302b6ea,2586624,communication,1.1203236342042755,22,80832,4.713724444444445,0,success,1212480,40416,1.3472,162.760730698,64,True,163.211436276,0.011873455000974253,0.011600492003441598,6809971b60ade3fc2d1b03808df35e204938209daa5a0204446ea48f64395216
True,1,84.67192983300221,1.152934115,1.1269864630000002,81.1231735189985,532912,evaluation_epoch0,299760c7e0552062cdd7366f69d4a79429468ddb83000a0e95f70a2435afb9db,45521,True,30000,47ca459fbdb0a81f3e783bdfb8ab3460cbf86fc9aad3e67e473320eda11cb7f3,2599296,communication,1.120820406756291,22,81228,4.736995555555556,0,success,1218420,40614,1.3538,168.199767452,65,True,168.506327128,0.011664720999646772,0.011413393001761918,90f7f1417313200debe9d86cbb0052398376d313b8bb1f9f7d07dfd8c497195a
True,1,81.98305050599902,1.078525792,1.016986611,81.69124056399896,535268,evaluation_epoch0,299760c7e0552062cdd7366f69d4a79429468ddb83000a0e95f70a2435afb9db,45633,True,30000,a34c8dc998a500d0402be78bc4f078e26030711139e5d4907602d3ce403e30bd,2611264,communication,1.1184284698904439,22,81602,4.757937777777777,0,success,1224030,40801,1.3600333333333334,165.89399653,66,True,166.195348946,0.011943417000515044,0.011700812998304055,6de9991892a70490d3009a36678ae954507077a5a18c826555ba8157fbe0c59a
True,1,81.44291026899941,1.1163575419999998,1.032917425,83.99185930199988,531715,evaluation_epoch0,299760c7e0552062cdd7366f69d4a79429468ddb83000a0e95f70a2435afb9db,45320,True,30000,45564676e520401f0541cbdaf42d401f6f09db2e3057de80e8e5e6f8f4079a3f,2593984,communication,1.1181564728232711,22,81062,4.726355555555555,0,success,1215930,40531,1.3510333333333333,167.713337495,67,True,168.011758167,0.011956318000055699,0.011692594998158778,14c55d84ed6c5f817291f43f9727e4ac512e42383731793acf3e312b7b30ec89
True,1,80.62744474900143,1.1788374260000003,1.078808673,80.95227971300034,531277,evaluation_epoch0,299760c7e0552062cdd7366f69d4a79429468ddb83000a0e95f70a2435afb9db,45398,True,30000,ea9c0a713d5c5c43d7ce3060e07ce4c88a6e516b0ba12349601f5a4b6e1e1b54,2591232,communication,1.1212704999012053,22,80976,4.722462222222222,0,success,1214640,40488,1.3496,163.967091114,68,True,165.407337481,0.012194813997764342,0.011830298998173117,6678b98afb488d59587d0bc18741259571354669b114a6f66df32d2ade08e77b
True,1,82.22687264900166,1.0955025520000001,1.0276884929999999,80.94340168200173,531315,evaluation_epoch0,299760c7e0552062cdd7366f69d4a79429468ddb83000a0e95f70a2435afb9db,45304,True,30000,2fbdf944825bea2d435ab9851df9ff3d03361b0bef2dda51d797ade4e7ec22a0,2591936,communication,1.1186449048124645,22,80998,4.7228,0,success,1214970,40499,1.3499666666666668,165.418913519,69,True,165.717206885,0.011850145998367534,0.011695928998765037,813de882825a2bc327528156629d6a1f7bdb6024621ec56fca07239abb9ee044
True,1,80.15628009700201,1.138323325,1.0592916110000004,80.22950570099921,532312,evaluation_epoch0,299760c7e0552062cdd7366f69d4a79429468ddb83000a0e95f70a2435afb9db,45485,True,30000,1d3e0b64d363b0cd46db163eedbff5ba1ff2245429860ae51292a1218eb026a2,2596288,communication,1.1212315428796806,22,81134,4.731662222222222,0,success,1217010,40567,1.3522333333333334,162.70843211500002,70,True,163.012445084,0.011683757999741307,0.011623034998876403,6f893e0731fd37d5cf479a34ef89967564cc98f3fcd6d3a95d8a1d6e81422b3f
True,1,79.92833510600437,1.131961361,1.0597230669999997,80.55499011600112,534660,evaluation_epoch0,299760c7e0552062cdd7366f69d4a79429468ddb83000a0e95f70a2435afb9db,45589,True,30000,792698c0d514e8b046eb65eea4a3ff7b0d661bce472fa560834e53c411a71f35,2608256,communication,1.1186386612357069,22,81508,4.752533333333333,0,success,1222620,40754,1.3584666666666667,162.80171983,71,True,163.156015535,0.011806682002116098,0.011366415999155777,4df2a63acb1f38dee1d4d73dc9c92e18968cf6cfb2d7a7a4014f075e3bfc515c
True,1,80.03629619599744,1.2028800620000002,1.0881640080000001,79.48272025400013,535139,evaluation_epoch0,299760c7e0552062cdd7366f69d4a79429468ddb83000a0e95f70a2435afb9db,45540,True,30000,ee69ea992d3522b370304f448492c5cc90bbf87817b1f18c11bb393ff2d4a660,2611072,communication,1.1162311878033238,22,81596,4.756791111111111,0,success,1223940,40798,1.3599333333333334,161.94091973,72,True,162.307065024,0.01209800300449615,0.011808191001433155,7fd9f9a121c8003f64f94c5b657545fae45228eb7a2c66544071f8c55e5fb301
True,1,82.59978045999725,1.1101457319999999,1.070913896,81.83877938500254,531706,evaluation_epoch0,299760c7e0552062cdd7366f69d4a79429468ddb83000a0e95f70a2435afb9db,45311,True,30000,59d1e7668bfff02deb7753b1556abca5ae45983901d8a58f4fa2fca00be6caa2,2593984,communication,1.1179344205669735,22,81062,4.726275555555556,0,success,1215930,40531,1.3510333333333333,166.746629282,73,True,167.062121047,0.011831861999707538,0.011661765999241513,e284ddd2cdddf183fadcbe564f5527c0c3768abaacbeded6193908e3cd3005e9
True,1,80.58088471499596,1.130900982,1.0671236849999999,81.40448922400023,536110,evaluation_epoch0,299760c7e0552062cdd7366f69d4a79429468ddb83000a0e95f70a2435afb9db,45755,True,30000,89fe8b5a16566cab9f02bfa8db40d296393ae71ae4dadd4c2b03b72802088017,2615104,communication,1.1197719096448937,22,81722,4.765422222222222,0,success,1225830,40861,1.3620333333333334,164.31060192200002,74,True,164.610650806,0.012159702996410893,0.0118859659945727,174003da2867b11ed7eb795a568d719d77452a992d02df9b8b92215995424dd6
True,1,79.72166421000128,1.176603273,1.0873628599999998,80.46673876200032,529593,evaluation_epoch0,299760c7e0552062cdd7366f69d4a79429468ddb83000a0e95f70a2435afb9db,45262,True,30000,dd710d45a4f11ac758df3fd6dea47309d630d4dd665f935ec7d3b2882a4f6ac1,2582976,communication,1.1214846750415026,22,80718,4.707493333333334,0,success,1210770,40359,1.3453,162.581290395,75,True,162.87797813,0.011896936999540308,0.011791924996968017,87775e5831da0684353f6b6697d05010be69f8b9e54c913688684e632678affd
True,1,82.62680682299869,1.1770378979999998,1.126479863,82.37188570799947,537161,evaluation_epoch0,299760c7e0552062cdd7366f69d4a79429468ddb83000a0e95f70a2435afb9db,45786,True,30000,0e16f27cb1b2d87acb5387d680c07855f34c9a4bc96db61dcbe6dc845493ad9d,2620544,communication,1.1182044644165485,22,81892,4.774764444444444,0,success,1228380,40946,1.3648666666666667,167.435015612,76,True,168.965670914,0.012348453000657234,0.012022377998383238,9874423b8faee532eafbd52ffca30b0d3cfc725a46232b6735235e0a9bf9454c
True,1,82.52782287200318,1.145787803,1.0198389839999997,81.39659491000286,533274,evaluation_epoch0,299760c7e0552062cdd7366f69d4a79429468ddb83000a0e95f70a2435afb9db,45535,True,30000,9735c5fccf4dcb8f136c0b6a928fbc64e22dd01156b84c398b7162e2c1a9343b,2601152,communication,1.1203651305267819,22,81286,4.740213333333333,0,success,1219290,40643,1.3547666666666667,166.218470183,77,True,166.528135212,0.012087965002754775,0.011753258001740985,1e53d09b6814c090259554fe7e7acb32f9fa1422ad13d89989901da2e3d4909f
True,1,80.70638924200257,1.176112039,1.0629838260000002,81.18759701399891,537792,evaluation_epoch0,299760c7e0552062cdd7366f69d4a79429468ddb83000a0e95f70a2435afb9db,45877,True,30000,9f6dc1b4ff3f222e5eec9afb9d3b73d6588083b12ba9d10705f265bb29402872,2623424,communication,1.119196896879803,22,81982,4.780373333333333,0,success,1229730,40991,1.3663666666666667,164.26138357399998,78,True,164.556917554,0.011902999003673642,0.011832979003024047,b81849b001d68c17aa643c05749255e20cd687e1a09809f26029753512faa62e
True,1,80.0633119780057,1.103649888,1.0469300780000002,80.44029842100232,534096,evaluation_epoch0,299760c7e0552062cdd7366f69d4a79429468ddb83000a0e95f70a2435afb9db,45517,True,30000,0953a6b66ad79af5008e17676c3c8b66607a64a475665df50a2b6dc4109ea9c6,2605632,communication,1.117996708667993,22,81426,4.74752,0,success,1221390,40713,1.3571,162.782475871,79,True,163.150934097,0.011861561000144683,0.011498469001902656,75d8143c9abbf265751147342296c3ae083650d092409b05b0cc32b4370fc6ee
True,1,80.39340818099829,1.158027013,1.0777215460000003,79.84895186500077,530674,evaluation_epoch0,299760c7e0552062cdd7366f69d4a79429468ddb83000a0e95f70a2435afb9db,45335,True,30000,0ade620382c7abde46537d131c2a4fff9484dbf569b9b984120ffcac46c9ff1c,2588352,communication,1.1209603639690429,22,80886,4.7171022222222225,0,success,1213290,40443,1.3481,162.609424778,80,True,163.033434306,0.012084297000912514,0.01165106100016633,cc81d63c1b54967e55ef86144b150b72156e5627631e0c3eb935a52f78b2c762
True,1,77.4477666040017,1.1549541,1.045438712,84.50451543900054,533995,evaluation_epoch0,299760c7e0552062cdd7366f69d4a79429468ddb83000a0e95f70a2435afb9db,45572,True,30000,40b8bd613417e3f1a0ed1f5bb61eee2ff4189cbfa57f871ad346c8e22cceac03,2604800,communication,1.1197051597051597,22,81400,4.746622222222222,0,success,1221000,40700,1.3566666666666667,164.279279717,81,True,164.580334293,0.011768466000313449,0.01144350600312194,fba7f9f4eaa8d8c84ebef174a2416d89b2d71c1d6195d0f732e84a0ec1f01eeb
True,1,80.65692790700027,1.171546386,1.0608060089999998,81.37582022400001,531998,evaluation_epoch0,299760c7e0552062cdd7366f69d4a79429468ddb83000a0e95f70a2435afb9db,45435,True,30000,2adef0b33b0f9ec3920a8cda4ddbe5d05357402c82ffb579248e19fb506e7709,2594880,communication,1.1206067332593415,22,81090,4.728871111111111,0,success,1216350,40545,1.3515,164.390197936,82,True,164.699253854,0.011805524999669359,0.011619321002297234,3c211b35703fc4398a616d0c8a6fa158328f7d0d656d358d6fc50719a631f7e7
True,1,81.07786713500208,1.139405214,1.0769292839999998,79.79648431899939,535524,evaluation_epoch0,299760c7e0552062cdd7366f69d4a79429468ddb83000a0e95f70a2435afb9db,45745,True,30000,b220d12e67bba5d24e59971e61e8885e64cbe12f3ee1fc886bfb61ebfe5ae21a,2612032,communication,1.1208438487736752,22,81626,4.760213333333334,0,success,1224390,40813,1.3604333333333334,163.220876305,83,True,163.520759105,0.011950032000631605,0.011696664999370832,9014e61cbd5470667bad7dc9df89eff83bb9a7d4cd6d9de0aa2f960f3c290cf3
True,1,82.45377392699821,1.1378725969999999,1.1164069079999996,83.01321904800238,531794,evaluation_epoch0,299760c7e0552062cdd7366f69d4a79429468ddb83000a0e95f70a2435afb9db,45327,True,30000,0ec6226efc05e492fa5e651d070e26c9dded3b2c251187fdc7813e3d4a9b34e0,2594368,communication,1.118163652959025,22,81074,4.727057777777778,0,success,1216110,40537,1.3512333333333333,167.852041858,84,True,169.305832321,0.011979171003777545,0.011647631995526098,a9a9e5d508418514ab329064da75ad429ef8ec8add649ad9784eccf1322a377d
True,1,81.85924988599638,1.107632187,1.06089666,82.81887914900241,532541,evaluation_epoch0,299760c7e0552062cdd7366f69d4a79429468ddb83000a0e95f70a2435afb9db,45414,True,30000,3fd4c1acc9e1272f9099378cef613dce876eef71c847acb56f7aafc13a37f42c,2597888,communication,1.1187918801734331,22,81184,4.733697777777778,0,success,1217760,40592,1.3530666666666666,166.972309744,85,True,167.28094152,0.011821793000905245,0.011519326002014552,a59f907b1ac6105ec0fcfb1868cb1c42745ccb1a21cec8d82a35586a6a765870
True,1,83.24976329599968,1.1757919,1.1017878409999997,83.02381508399549,533686,evaluation_epoch0,299760c7e0552062cdd7366f69d4a79429468ddb83000a0e95f70a2435afb9db,45503,True,30000,afdd8d2d3b39c34fb8c76e758656ecd5f2750e01a610ba427a45643fe0f5cc23,2603520,communication,1.118559488692232,22,81360,4.743875555555555,0,success,1220400,40680,1.356,168.676787456,86,True,168.993163547,0.011886197003946108,0.011614174996476212,21391222ab35c7280e0476a5b583786c9af65aaacdff12f84e774c5e284fd55f
True,1,81.36636592999756,1.145266092,1.0290667970000003,80.55265089099669,533161,evaluation_epoch0,299760c7e0552062cdd7366f69d4a79429468ddb83000a0e95f70a2435afb9db,45566,True,30000,61c7eeddd76e1b39b82b7534192dbbeab8b74ef0e12227fe1286b7bfbb22cc0f,2600384,communication,1.1214589845192096,22,81262,4.739208888888889,0,success,1218930,40631,1.3543666666666667,164.220622029,87,True,164.528824511,0.011760237004383,0.011608806000897864,97044168012ccb60719d4b6fb1658f68291e62ba6f5e4f78adf478069703f8cb
True,1,81.52190032000198,1.1998937230000002,1.119963785,81.81292959000221,535972,evaluation_epoch0,299760c7e0552062cdd7366f69d4a79429468ddb83000a0e95f70a2435afb9db,45689,True,30000,6d2e4f4adcc0d4c608b48c55dffa08328ad0d739b2b8ee8b93e0749d5c697401,2614720,communication,1.1183208909558193,22,81710,4.764195555555555,0,success,1225650,40855,1.3618333333333332,165.785650269,88,True,166.256643556,0.011959853003669974,0.011845658000406267,10121c1e00a24d576082f61d4a39ca73f01b404eb154769d3c46a82677542eaa
True,1,82.58887653200242,1.123885959,1.0468246939999997,86.28055616599862,538091,evaluation_epoch0,299760c7e0552062cdd7366f69d4a79429468ddb83000a0e95f70a2435afb9db,45912,True,30000,b422ac350f5348ef80c2574c6777be049daef14503977fa27e6b364140238b31,2624832,communication,1.1194499305098384,22,82026,4.783031111111111,0,success,1230390,41013,1.3671,171.169863405,89,True,171.490371093,0.012332885000925664,0.01218795099743053,2de7a735734434153fcf74b95758f68d44f4c6c107cd12121026403ba8b08b86
True,1,85.13986025999912,1.1201432869999999,1.074297354,84.51072178699792,533677,evaluation_epoch0,299760c7e0552062cdd7366f69d4a79429468ddb83000a0e95f70a2435afb9db,45518,True,30000,c80006964fffdff430fd163023c0bbe49eca9bf3448d83b06433bdb052d1d6ef,2603392,communication,1.1189832341806383,22,81356,4.743795555555556,0,success,1220340,40678,1.3559333333333334,171.969832806,90,True,172.285607321,0.011751540004710126,0.011607192001465538,b87929934ff483b83599c8f1d0d24d27f09f4718d02596218190c5575c7f13a6
True,1,82.13255162600015,1.093278683,1.104067751,81.84648253700209,535217,evaluation_epoch0,299760c7e0552062cdd7366f69d4a79429468ddb83000a0e95f70a2435afb9db,45678,True,30000,898f1697a01a929d17314af70cd9c50a95ce1cc945e78f03ce52b3bbb91a8b0c,2610752,communication,1.1197509376608732,22,81586,4.757484444444445,0,success,1223790,40793,1.3597666666666666,166.30675434100002,91,True,166.613715343,0.01210019100164983,0.011752475001133522,5b8fb6ce6d696a5b9b8ee356efbb8b9dea4b60a8de027282baa21269bfeb8719
True,1,81.43242120300351,1.1526976059999998,1.073788313,82.87507162300034,533115,evaluation_epoch0,299760c7e0552062cdd7366f69d4a79429468ddb83000a0e95f70a2435afb9db,45436,True,30000,6d04edf4035308eb82b05e66daae921a31d2a77cc90a5ae050eb8f7c6523b195,2600832,communication,1.1180668339977362,22,81276,4.7388,0,success,1219140,40638,1.3546,166.66462772,92,True,168.170245806,0.012123318001712846,0.01186157599940385,ac0f857dcb0ae5a58da1d700e7fdcaa2226237c9734215def5aae16e55cecc78
True,1,80.91080787700047,1.1135234299999999,1.064792761,81.37931605599995,533819,evaluation_epoch0,299760c7e0552062cdd7366f69d4a79429468ddb83000a0e95f70a2435afb9db,45552,True,30000,29c525b915dfb4aab8e405424af3c7bc3d56e9507021eb1ce78ef9055263dd93,2603968,communication,1.1195713618600536,22,81374,4.745057777777777,0,success,1220610,40687,1.3562333333333334,164.592783719,93,True,164.893228119,0.011760095000549864,0.011548194001708811,b8651b87d1485477e19184d29d66de476f1712157700791804ca890307aaf4d5
True,1,82.77449591300257,1.1391377240000002,1.1222234839999998,82.30353696600139,536612,evaluation_epoch0,299760c7e0552062cdd7366f69d4a79429468ddb83000a0e95f70a2435afb9db,45741,True,30000,f3dd438ccd4d34ab1fb4d868f15f8224f099d264f62e01723e15cd83bd431839,2617856,communication,1.1182524936436535,22,81808,4.769884444444444,0,success,1227120,40904,1.3634666666666666,167.46662575,94,True,167.768653458,0.011801472997918783,0.011636798996959463,2b6cce526d9f23e4ad618a872a97d5a2db38cc00cacd73d8f49c9946b43a9570
True,1,80.57022650700074,1.1643776729999997,1.0750829249999998,78.25594411600184,534819,evaluation_epoch0,299760c7e0552062cdd7366f69d4a79429468ddb83000a0e95f70a2435afb9db,45580,True,30000,3197e19dc60108905b33fa7d41c24b743a0cc7a27709d5d4c588d258c004ef54,2609152,communication,1.1180337519623234,22,81536,4.753946666666667,0,success,1223040,40768,1.3589333333333333,161.19459187,95,True,161.505373081,0.011798913997244753,0.01165488099798706,0cedf280bd5e8170449fc2458f9df065cfb5352855a7e979b2c55295ac63fe14
True,1,80.16354729600056,1.134602688,1.0776539400000003,81.38261490299892,532122,evaluation_epoch0,299760c7e0552062cdd7366f69d4a79429468ddb83000a0e95f70a2435afb9db,45379,True,30000,aa497ab593eb4fcd299f8dc3dd908d4564eaa867fdf0eb799497454e2f450e6b,2595840,communication,1.1188116370808678,22,81120,4.729973333333334,0,success,1216800,40560,1.352,163.890280669,96,True,164.248660885,0.01184074100293575,0.011542258004569206,b08d4b764a34beb29545be2bdaf9afabfc9494d61442177894b825764761e50b
True,1,81.32875713099772,1.128085703,1.0743644419999998,81.59869967799985,534033,evaluation_epoch0,299760c7e0552062cdd7366f69d4a79429468ddb83000a0e95f70a2435afb9db,45586,True,30000,324d0a6e9e5f488fd8f9a8b40d10912314f1291fe4968edb93cfd7e398948022,2604928,communication,1.1199941034838583,22,81404,4.74696,0,success,1221060,40702,1.3567333333333333,165.253941019,97,True,165.566161189,0.011787814000117525,0.011529853996791406,8ec9ce2c29f1b5427f24098ad33722ac855a1c5cea1dd413f9ea9403221558d8
True,1,84.1828012020014,1.104361736,1.098450174,84.29563628300008,532401,evaluation_epoch0,299760c7e0552062cdd7366f69d4a79429468ddb83000a0e95f70a2435afb9db,45382,True,30000,72cb0cc68484837c23c68c19f53965cd06ed6c7d77ffc18ae3c6f70f3adec2ea,2597312,communication,1.1182514846117833,22,81166,4.732453333333333,0,success,1217490,40583,1.3527666666666667,170.80693796,98,True,171.118660109,0.011910443995771569,0.011597143998861803,9273e09bea301063b3d3edac8d5e9d80ec5075d1a8fe9f69352e42d1dd7ed565
True,1,81.36459670600253,1.115418079,1.0408798419999998,81.35641806500256,535394,evaluation_epoch0,299760c7e0552062cdd7366f69d4a79429468ddb83000a0e95f70a2435afb9db,45651,True,30000,0080e3e705f92ba2d895d13c2671d5a06156682fbd51980f4f4e4bb2c40315b2,2611840,communication,1.1186228865474148,22,81620,4.759057777777778,0,success,1224300,40810,1.3603333333333334,165.006889544,99,True,165.312186556,0.012133231998691762,0.011993473001056465,cb958df90334f9fe27b112e56ee50848d5703451ae87c782ebac9dd8b42b4843
True,1,61.4597582980008,1.056995239,0.9506155249999999,61.41300282300045,536670,timing_final,299760c7e0552062cdd7366f69d4a79429468ddb83000a0e95f70a2435afb9db,45763,True,30000,b36ee5c4943a624fdad0c82cac0952f3e7602eafcc8b0f05e7079b93111ac2fd,2618048,timing,1.1187082895347984,22,81814,4.7704,0,success,1227210,40907,1.3635666666666666,125.017759097,0,True,125.240728732,0.013190191001231089,0.012768331000319488,c77c924ccdf3b94152c9d4e6db4c68082f6147ebe15d539108a9fa257bcf8f50
True,1,61.74856395900106,0.26459263299999236,0.268310232999994,61.811103791999784,536670,timing_final,299760c7e0552062cdd7366f69d4a79429468ddb83000a0e95f70a2435afb9db,45763,True,30000,b36ee5c4943a624fdad0c82cac0952f3e7602eafcc8b0f05e7079b93111ac2fd,2618048,timing,1.1187082895347984,22,81814,4.7704,1,success,1227210,40907,1.3635666666666666,124.23202310299999,0,True,124.497977912,0.013467184999171877,0.01303892599963774,c77c924ccdf3b94152c9d4e6db4c68082f6147ebe15d539108a9fa257bcf8f50
True,1,61.70039715499885,0.2635495729999775,0.2648444270000141,61.71986986300806,536670,timing_final,299760c7e0552062cdd7366f69d4a79429468ddb83000a0e95f70a2435afb9db,45763,True,30000,b36ee5c4943a624fdad0c82cac0952f3e7602eafcc8b0f05e7079b93111ac2fd,2618048,timing,1.1187082895347984,22,81814,4.7704,2,success,1227210,40907,1.3635666666666666,124.088072205,0,True,124.311926976,0.013439744007513355,0.013118787004287924,c77c924ccdf3b94152c9d4e6db4c68082f6147ebe15d539108a9fa257bcf8f50
True,1,61.83655626299985,1.0472203279999999,0.9575727600000001,61.999814924999555,536626,timing_final,299760c7e0552062cdd7366f69d4a79429468ddb83000a0e95f70a2435afb9db,45767,True,30000,5bd6f18825e8724662da0b8819a9107553e66c2d7dd481771b628079b43476ee,2617792,timing,1.1189154829719092,22,81806,4.7700088888888885,0,success,1227090,40903,1.3634333333333333,125.97899306400001,1,True,126.228386194,0.013201774001862177,0.012768054002411322,c9b47ab3675e6571f9df4768f416be73bf1e95988b79ac49939d6bb3922cd2e2
True,1,63.245802947002005,0.27831778599998813,0.2783845160000027,63.29576372599925,536626,timing_final,299760c7e0552062cdd7366f69d4a79429468ddb83000a0e95f70a2435afb9db,45767,True,30000,5bd6f18825e8724662da0b8819a9107553e66c2d7dd481771b628079b43476ee,2617792,timing,1.1189154829719092,22,81806,4.7700088888888885,1,success,1227090,40903,1.3634333333333333,127.242617439,1,True,127.574914205,0.013601969999115227,0.013277391994535037,c9b47ab3675e6571f9df4768f416be73bf1e95988b79ac49939d6bb3922cd2e2
True,1,63.97237764399375,0.27519561999997677,0.27283516399998575,64.00352541199578,536626,timing_final,299760c7e0552062cdd7366f69d4a79429468ddb83000a0e95f70a2435afb9db,45767,True,30000,5bd6f18825e8724662da0b8819a9107553e66c2d7dd481771b628079b43476ee,2617792,timing,1.1189154829719092,22,81806,4.7700088888888885,2,success,1227090,40903,1.3634333333333333,128.666891057,1,True,128.925664115,0.013276650002552515,0.013160837002033077,c9b47ab3675e6571f9df4768f416be73bf1e95988b79ac49939d6bb3922cd2e2
True,1,62.89485904499913,1.1019963879999999,0.9856934369999999,63.390109367000214,534330,timing_final,299760c7e0552062cdd7366f69d4a79429468ddb83000a0e95f70a2435afb9db,45595,True,30000,cea1d91663ddf34f1f81329c418ea0160d5fc920455fc286277c24521b58fc86,2606464,timing,1.11955507538182,22,81452,4.7496,0,success,1221780,40726,1.3575333333333333,128.51776128999998,2,True,128.796111907,0.013419642999356274,0.013202561001405488,f1cdd615390c16aae2c322d41c9c6ed634df2674aa23f46bc224ab2114ef33a0
True,1,63.473818066997836,0.28215424399999733,0.27797728200002325,63.90250929499621,534330,timing_final,299760c7e0552062cdd7366f69d4a79429468ddb83000a0e95f70a2435afb9db,45595,True,30000,cea1d91663ddf34f1f81329c418ea0160d5fc920455fc286277c24521b58fc86,2606464,timing,1.11955507538182,22,81452,4.7496,1,success,1221780,40726,1.3575333333333333,128.076921525,2,True,128.316349332,0.013146060998025177,0.012966250997408224,f1cdd615390c16aae2c322d41c9c6ed634df2674aa23f46bc224ab2114ef33a0
True,1,61.35584177798978,0.26551229599999715,0.2614817989999665,61.83724111299398,534330,timing_final,299760c7e0552062cdd7366f69d4a79429468ddb83000a0e95f70a2435afb9db,45595,True,30000,cea1d91663ddf34f1f81329c418ea0160d5fc920455fc286277c24521b58fc86,2606464,timing,1.11955507538182,22,81452,4.7496,2,success,1221780,40726,1.3575333333333333,123.857445477,2,True,124.055955042,0.013175622006713184,0.012738584999283376,f1cdd615390c16aae2c322d41c9c6ed634df2674aa23f46bc224ab2114ef33a0
True,1,61.432293976998814,1.0638892869999999,0.9966354350000004,61.660119478001306,532835,timing_final,299760c7e0552062cdd7366f69d4a79429468ddb83000a0e95f70a2435afb9db,45444,True,30000,4fe384aa6a3228548c6b338b426a4a8a4329b807bf167e334f0c3944a15dcebd,2599296,timing,1.1189245087900723,22,81228,4.736311111111111,0,success,1218420,40614,1.3538,125.29074042100001,3,True,125.511515856,0.01303302600031131,0.012587957995216836,9be13d5343e82b74a976df0983d91b45484b32edc7e2348c9a72e28886d17595
True,1,61.36310799900133,0.27585308700000155,0.2698171779999967,61.65338573999976,532835,timing_final,299760c7e0552062cdd7366f69d4a79429468ddb83000a0e95f70a2435afb9db,45444,True,30000,4fe384aa6a3228548c6b338b426a4a8a4329b807bf167e334f0c3944a15dcebd,2599296,timing,1.1189245087900723,22,81228,4.736311111111111,1,success,1218420,40614,1.3538,123.699834304,3,True,123.945589078,0.013088956001496399,0.012743913000520024,9be13d5343e82b74a976df0983d91b45484b32edc7e2348c9a72e28886d17595
True,1,61.607963323994085,0.25924316199999,0.2677300010000181,61.85452220599487,532835,timing_final,299760c7e0552062cdd7366f69d4a79429468ddb83000a0e95f70a2435afb9db,45444,True,30000,4fe384aa6a3228548c6b338b426a4a8a4329b807bf167e334f0c3944a15dcebd,2599296,timing,1.1189245087900723,22,81228,4.736311111111111,2,success,1218420,40614,1.3538,124.12811319600002,3,True,124.331439473,0.013081871998167571,0.012731732997764311,9be13d5343e82b74a976df0983d91b45484b32edc7e2348c9a72e28886d17595
True,1,62.054832839999136,1.0460469710000002,1.000588332,62.16754780899906,533410,timing_final,299760c7e0552062cdd7366f69d4a79429468ddb83000a0e95f70a2435afb9db,45539,True,30000,c4476cbfe8b537ac1944e2a61f81429a86a38a0a91738ce7a5b8effc07893caf,2601856,timing,1.1201603778226006,22,81308,4.741422222222222,0,success,1219620,40654,1.3551333333333333,126.409636993,4,True,126.655240685,0.013234509999995758,0.01265064800116944,a3c79854dcacaab76092e75e4bc3adc32546d63f68dac56f08d34f9d27776df8
True,1,62.8015355719982,0.30806965200000036,0.2809723479999917,62.93418973400091,533410,timing_final,299760c7e0552062cdd7366f69d4a79429468ddb83000a0e95f70a2435afb9db,45539,True,30000,c4476cbfe8b537ac1944e2a61f81429a86a38a0a91738ce7a5b8effc07893caf,2601856,timing,1.1201603778226006,22,81308,4.741422222222222,1,success,1219620,40654,1.3551333333333333,126.468110389,4,True,126.696953023,0.013532718000618615,0.012870034998087476,a3c79854dcacaab76092e75e4bc3adc32546d63f68dac56f08d34f9d27776df8
True,1,65.09064880899786,0.3019977259999962,0.2694868640000152,65.23269782000136,533410,timing_final,299760c7e0552062cdd7366f69d4a79429468ddb83000a0e95f70a2435afb9db,45539,True,30000,c4476cbfe8b537ac1944e2a61f81429a86a38a0a91738ce7a5b8effc07893caf,2601856,timing,1.1201603778226006,22,81308,4.741422222222222,2,success,1219620,40654,1.3551333333333333,131.043615369,4,True,131.291494593,0.013762068998062205,0.013182801005171996,a3c79854dcacaab76092e75e4bc3adc32546d63f68dac56f08d34f9d27776df8
True,1,65.3188085519975,1.060451451,0.9089496020000001,65.44983551200065,1771660,evaluation_epoch0,9ec7222cc23e00ddd0352f153663a7e12db8c6fc26ce02bbb77f5ef7a2a62653,140813,True,100000,35eb2bf6133b022b4cb4740d1c89e9806de3a15cae68dff42e090730cb29012a,8697728,communication,1.0361363335344587,22,271804,4.724426666666667,0,success,4077060,135902,1.35902,133.065294868,0,True,133.390735155,0.036572064996654774,0.03560995599973893,9fce516d1726e511f1e64cb3ae0ba460ddd6ebe228b6b513a4c9b872f5038c7a
True,1,100.40144775899856,1.133556604,1.0635757,100.95237924199468,1764201,evaluation_epoch0,9ec7222cc23e00ddd0352f153663a7e12db8c6fc26ce02bbb77f5ef7a2a62653,140254,True,100000,4e750984254dcb8db0946b708ee537aa6605b4a08b4d601f594084ed9c94f80c,8660928,communication,1.03640810776859,22,270654,4.704536,0,success,4059810,135327,1.35327,203.906020497,1,True,205.698090337,0.03857470200080382,0.03716253000021297,b6a8582bdebb523ffdee258218bbc43d4425952f87a3d09d93b3ce0dc641f259
True,1,99.68587359699745,1.1787780589999999,1.0782877010000003,100.33006207500188,1755389,evaluation_epoch0,9ec7222cc23e00ddd0352f153663a7e12db8c6fc26ce02bbb77f5ef7a2a62653,139506,True,100000,736c202c8bbde2beb8c06ca7278b485e4147e82c66aed77953865481e7017db4,8617920,communication,1.0360253982399465,22,269310,4.681037333333333,0,success,4039650,134655,1.34655,202.611831932,2,True,202.992886729,0.038226941001655135,0.03713364899775051,476ba3d1b26250b8edf5a7aa93f5266ac76248cd7fc3a7a61a78cb39b117976a
True,1,101.56609264699816,1.119770418,1.0618037939999998,102.83743594200246,1767499,evaluation_epoch0,9ec7222cc23e00ddd0352f153663a7e12db8c6fc26ce02bbb77f5ef7a2a62653,140468,True,100000,c1c43444b67d66013a96c788db103f94c93cfd7c21d20ec8d03d6399c7c76039,8677376,communication,1.0360219494925655,22,271168,4.713330666666667,0,success,4067520,135584,1.35584,206.928258585,3,True,207.300680502,0.03804128800383433,0.03679963699309141,428756be8e3f5797fce613021736f184db9df48201f144a65defa11a3978c95b
True,1,98.06630527200127,1.14318039,1.0793843480000003,97.40763773300058,1764827,evaluation_epoch0,9ec7222cc23e00ddd0352f153663a7e12db8c6fc26ce02bbb77f5ef7a2a62653,140328,True,100000,1dafe15422a605af93c26e86137baa8b02ed19ac918d583d31e4e09280021d6e,8663872,communication,1.0366025721524972,22,270746,4.706205333333333,0,success,4061190,135373,1.35373,198.04341110200002,4,True,198.470919006,0.038133085999943805,0.037309870998513794,22700caaea2d87c87bdbe90a2886af5669028d69d1ebef4a1ebbcfa402391e1d
True,1,98.1572670920055,1.1443021619999998,1.0827589660000003,99.06216051900455,1764658,evaluation_epoch0,9ec7222cc23e00ddd0352f153663a7e12db8c6fc26ce02bbb77f5ef7a2a62653,140267,True,100000,00de9242fd98e1d070b3903ea0924bdec212706fe1482722e582ef3fa5f25da8,8663296,communication,1.0362208563576727,22,270728,4.7057546666666665,0,success,4060920,135364,1.35364,199.802399277,5,True,200.417019791,0.03850942599745588,0.03733376699846014,df6fa2f785997449601265827fc67d3fe65d2f038b15731d3b9118e9c7bb2c2a
True,1,97.9638636330078,1.1249928369999997,1.0661038779999998,101.3214564200031,1758909,evaluation_epoch0,9ec7222cc23e00ddd0352f153663a7e12db8c6fc26ce02bbb77f5ef7a2a62653,139774,True,100000,2a263663eb386a8967368ee230e2b292b4e734e3553a246d2687bed574a2ebf7,8635264,communication,1.0359308065161643,22,269852,4.690424,0,success,4047780,134926,1.34926,201.82697061300001,6,True,202.21051485,0.039126140994813596,0.038045259001737275,4fd7ebe09e90ea9210e86c3f996f883e862c11e4b8668b2d2905b1daa17bd268
True,1,102.79680279899766,1.1020781080000002,1.039685603,102.670275760009,1763758,evaluation_epoch0,9ec7222cc23e00ddd0352f153663a7e12db8c6fc26ce02bbb77f5ef7a2a62653,140147,True,100000,52588652ddadc1132cc8c3a55a4d475804d15b1efc7fb69c4ec35ebd9790be44,8659136,communication,1.0358317504194414,22,270598,4.703354666666667,0,success,4058970,135299,1.35299,207.959056305,7,True,208.344721788,0.03906013299850741,0.03785332300052868,e3e664defa20c00e3896e5c68d3439bd429a64bbe4a08e7423e410e837398d7b
True,1,100.68650535000008,1.0901526540000002,1.0050811510000002,100.37613103599739,1766338,evaluation_epoch0,9ec7222cc23e00ddd0352f153663a7e12db8c6fc26ce02bbb77f5ef7a2a62653,140399,True,100000,6acd4d68c4b7990176a6ad6d05c60806684a2ae66e7900ed1e7fa95ea42abbcb,8671552,communication,1.036208512616888,22,270986,4.710234666666667,0,success,4064790,135493,1.35493,203.50872604699998,8,True,203.871103706,0.03860872499883117,0.03745567299588748,9c7257cacc0ad0463eb0022809f1017ebcc9fd2f33f225a9cfdbb1ecbed3e252
True,1,99.94232795100271,1.205476688,1.081598838,101.01056606599363,1767770,evaluation_epoch0,9ec7222cc23e00ddd0352f153663a7e12db8c6fc26ce02bbb77f5ef7a2a62653,140463,True,100000,7511c09ffc84e68b4758fcc0d22c434576514e52753d6337410f6680a1636015,8678848,communication,1.0358093608737011,22,271214,4.714053333333333,0,success,4068210,135607,1.35607,203.59103351299999,9,True,205.487817621,0.038516093002045615,0.0370927019987608,c62b158bad7504176a9ec7fb9515f4de17474e30879b6371add961f2808f34c8
True,1,98.49003632900218,1.104195689,1.015955545,98.6679358650072,1759608,evaluation_epoch0,9ec7222cc23e00ddd0352f153663a7e12db8c6fc26ce02bbb77f5ef7a2a62653,139849,True,100000,ab3d920dc667f510ca1ea535a60270a4573b3d93d786be3d68b799408780741e,8638592,communication,1.0360873623849813,22,269956,4.692288,0,success,4049340,134978,1.34978,199.627227304,10,True,199.998450576,0.039132356999643125,0.03809093099523553,906cc9fc82efe48e9bf9d9186591e4e4da1a22e64bff129c422b233bd79afe4f
True,1,98.54788971300162,1.11969135,1.0559562240000002,98.47095594099562,1771014,evaluation_epoch0,9ec7222cc23e00ddd0352f153663a7e12db8c6fc26ce02bbb77f5ef7a2a62653,140671,True,100000,234c4f2c0063637ce3d7feee879c4f19c83ca07ffee6f850f856670d3113f7e9,8695040,communication,1.0354114529662888,22,271720,4.722704,0,success,4075800,135860,1.3586,199.540876155,11,True,199.922890853,0.03866234300454874,0.037792332008776075,d69e4e635fb242ecdaf29db3feb0cdbace01beb7139c37b5042cf463d81674c1
True,1,95.57717667799851,1.1401258859999999,1.061692437,96.49910275900044,1767120,evaluation_epoch0,9ec7222cc23e00ddd0352f153663a7e12db8c6fc26ce02bbb77f5ef7a2a62653,140521,True,100000,d1ff8e3e29e4863994d2f1f3b669d96bbd878025728c14b084871c1f2de2f509,8675072,communication,1.0366881104848467,22,271096,4.71232,0,success,4066440,135548,1.35548,194.622592186,12,True,195.009505154,0.03794818999536265,0.03682863500036504,5f969354c2cbbf58a2321adcf5fce4511be16a7a8beb30eee37b0d284ac726f8
True,1,98.61671622899851,1.1474748830000001,1.069860383,100.22254601998971,1764386,evaluation_epoch0,9ec7222cc23e00ddd0352f153663a7e12db8c6fc26ce02bbb77f5ef7a2a62653,140223,True,100000,472c99082c32061889a8f28620639744c73c2a352ec7da34a70a859681f289bc,8662080,communication,1.036041227972958,22,270690,4.705029333333333,0,success,4060350,135345,1.35345,201.41080089899998,13,True,201.925760548,0.03877779300592277,0.0378940130017722,23a6c66f25163f8bbbde6c47b9b86386ffe0d1b3727d02851c02d96a7f5e8ec4
True,1,100.25853867300573,1.136205913,1.1293797370000003,100.58846000699671,1761310,evaluation_epoch0,9ec7222cc23e00ddd0352f153663a7e12db8c6fc26ce02bbb77f5ef7a2a62653,140039,True,100000,233cb62c3b4c011b5b54af6651d34830a48e0c6f2009ef06836349ccb271f00c,8646656,communication,1.0365274159166271,22,270208,4.6968266666666665,0,success,4053120,135104,1.35104,203.45377244600002,14,True,203.843872781,0.03777119500080239,0.036940441012085046,6f2b891e0737499c69a63783009aa5a834e46fd72170f92db77c4a5c7a9aa51e
True,1,103.0062777270005,1.157995573,1.116079176,102.98418389300075,1770591,evaluation_epoch0,9ec7222cc23e00ddd0352f153663a7e12db8c6fc26ce02bbb77f5ef7a2a62653,140740,True,100000,197672b3e009aab98da712ffb61f4d20b1af1d9ddd93b5358d2aca8c81a4c4d3,8692416,communication,1.0362320441175388,22,271638,4.721576,0,success,4074570,135819,1.35819,208.610748433,15,True,208.993239993,0.038480478001556406,0.03756416000165119,ffabc6c7c3ad72949c5e55e76d32e1f630d6945d91252042f95a26dfed63d675
True,1,101.06682113000574,1.1111758580000002,1.1163112600000002,98.81065122100279,1770986,evaluation_epoch0,9ec7222cc23e00ddd0352f153663a7e12db8c6fc26ce02bbb77f5ef7a2a62653,140679,True,100000,e2dc1591e7b42909e0b501340b496084e3d5f5a835f0b2ae6064af24928d0a1b,8694848,communication,1.035493202411359,22,271714,4.722629333333333,0,success,4075710,135857,1.35857,202.457156776,16,True,202.832934293,0.03887744900202206,0.03783959499810852,e8e7276843c66ffd4752004ede3c2731d74f2eadbed2d8f402c08db5a22b3916
True,1,99.0807765889981,1.153145949,1.09522367,99.69454169900568,1770432,evaluation_epoch0,9ec7222cc23e00ddd0352f153663a7e12db8c6fc26ce02bbb77f5ef7a2a62653,140701,True,100000,0b22f115df7acbd2a7d62e6f36b4855180dc1b6487f61ff686b09dab729b2806,8691776,communication,1.0360211767997702,22,271618,4.721152,0,success,4074270,135809,1.35809,201.377199931,17,True,203.23417951,0.038955549997458316,0.037190279001830806,151011505928e6eedd349181dda5f2369245e031cd954490a8c5b203f55698c9
True,1,97.46335593100005,1.144127301,1.101034074,97.78610276800123,1762828,evaluation_epoch0,9ec7222cc23e00ddd0352f153663a7e12db8c6fc26ce02bbb77f5ef7a2a62653,140069,True,100000,97ca5c2c9972ccb705d2eec05ad4f5b073ec9528d4a77570fcde664ccede071b,8654592,communication,1.0357987990652824,22,270456,4.7008746666666665,0,success,4056840,135228,1.35228,197.840122441,18,True,198.21563327,0.038158095003879566,0.03727458999560973,3104f5f05cf97dae01b55b20e09a5b6a9f92eeacc0943f736b9aca3d5e47eb2c
True,1,96.78077163899866,1.136041452,1.0452702919999997,98.4334589839989,1763708,evaluation_epoch0,9ec7222cc23e00ddd0352f153663a7e12db8c6fc26ce02bbb77f5ef7a2a62653,140313,True,100000,a1fdd69f05f15e7337373a36a441bd4ff174ae897be711417752c44288f67c87,8657984,communication,1.037196649936059,22,270562,4.7032213333333335,0,success,4058430,135281,1.35281,197.736854442,19,True,198.102652979,0.03762700300161903,0.03648384399560989,9a675906c9f1a46b1d54914485ba5963691975bcadfa055806025ed4dc9b1ec5
True,1,96.1147188789974,1.179206625,1.0972509639999999,97.27955987200119,1766053,evaluation_epoch0,9ec7222cc23e00ddd0352f153663a7e12db8c6fc26ce02bbb77f5ef7a2a62653,140378,True,100000,9a8dc97e5c70211cb4031e60d9002d62ecbb4f98a7731f275f23697ddd81ee39,8670144,communication,1.0362217744019016,22,270942,4.709474666666667,0,success,4064130,135471,1.35471,196.016989499,20,True,196.437019014,0.03809688500039243,0.03719072600266182,c7edd8e1928aeab9b26ec38789561a54531597b8ff978ca559b1fbceb11c87f4
True,1,97.21141988199241,1.136914188,1.0524856070000002,99.1123926259915,1762309,evaluation_epoch0,9ec7222cc23e00ddd0352f153663a7e12db8c6fc26ce02bbb77f5ef7a2a62653,140042,True,100000,085ccba9937e5e1db828c0a8d7f036fb02e443e790fed7a10d5b67738b6aa475,8651968,communication,1.0359132165075045,22,270374,4.699490666666667,0,success,4055610,135187,1.35187,198.86314613300001,21,True,199.349328552,0.037949974994007984,0.036908334993055014,69037634c2f7a530c73c8998b20cc0b44756759cf04e848742ae07836ef25cfd
True,1,97.27186121800018,1.1094355130000002,1.0184285419999997,101.77129265600037,1766499,evaluation_epoch0,9ec7222cc23e00ddd0352f153663a7e12db8c6fc26ce02bbb77f5ef7a2a62653,140440,True,100000,26731d363c576ba93882f5bae8d9051d0e677a13304130ddd2ff50b85d9dfb46,8672192,communication,1.0364346176837413,22,271006,4.710664,0,success,4065090,135503,1.35503,201.515367137,22,True,201.898118973,0.03778960699169698,0.03716498699413284,3712684c65b53922c3c43da3f79dbc8f75007205e48bb0f1ee322bd77e64402b
True,1,101.40958123400065,1.1265349430000002,1.0983572709999998,99.97351775400256,1763602,evaluation_epoch0,9ec7222cc23e00ddd0352f153663a7e12db8c6fc26ce02bbb77f5ef7a2a62653,140207,True,100000,41df62869148aac39ace9c1cea40fc0e0ab7329eda74ca6b8ddf637d95826018,8657984,communication,1.0364130957044966,22,270562,4.702938666666666,0,success,4058430,135281,1.35281,203.95288048600003,23,True,204.337664566,0.038059608998014305,0.03706038299729686,87dedef289d500a5301b5b5369e169c7caf2c3cdbb977907379274a09ef0f324
True,1,97.34694165399979,1.162572462,1.128822864,98.53550849100064,1765968,evaluation_epoch0,9ec7222cc23e00ddd0352f153663a7e12db8c6fc26ce02bbb77f5ef7a2a62653,140353,True,100000,8fa833ba9187510687d59d563a6f4930dcc519a228d08bf3e50baff5e1be7aea,8669824,communication,1.0360754728123662,22,270932,4.709248,0,success,4063980,135466,1.35466,198.52049280900002,24,True,198.9050195,0.03801648399819024,0.03725769600093232,7cfc76c78ab9c6587d24933549f98360376e79b962ae5f9d809791901cb474b5
True,1,98.36586030700376,1.164794058,1.0491429170000002,99.7793814619988,1767803,evaluation_epoch0,9ec7222cc23e00ddd0352f153663a7e12db8c6fc26ce02bbb77f5ef7a2a62653,140448,True,100000,0e1ce12b7ecb708f3c85623fc254d8eb1fd732d760cca959b8545ea98850997a,8679104,communication,1.0356681980075362,22,271222,4.714141333333333,0,success,4068330,135611,1.35611,200.71981843400002,25,True,202.381030625,0.0397718989989837,0.038671217999255436,55e2be9b1f02dab5c67040e4c5dcf2c9396e8ce847feb03e8ddb031be921a68e
True,1,98.5609828059957,1.16253656,1.106983746,97.47930557200306,1771174,evaluation_epoch0,9ec7222cc23e00ddd0352f153663a7e12db8c6fc26ce02bbb77f5ef7a2a62653,140711,True,100000,bcf458052d7449ba6ee9205033acffa692986622c82b00ca8feddd54a0afb62e,8695680,communication,1.0356296459851329,22,271740,4.723130666666667,0,success,4076100,135870,1.3587,198.654937174,26,True,199.036900034,0.03892058200117443,0.03794381800085134,8fd197a21ab0c0b3c6837ae39dedddb9aa7eca87c2ea6f2581a37e0d52ab3b16
True,1,97.02031747800135,1.180747255,1.1054942300000001,97.25418568099195,1765182,evaluation_epoch0,9ec7222cc23e00ddd0352f153663a7e12db8c6fc26ce02bbb77f5ef7a2a62653,140215,True,100000,d87078dc2c6977a160b56ccf4bea1945ef957d68339a94bc9f79797c7e082bc3,8666368,communication,1.035469530026881,22,270824,4.707152,0,success,4062360,135412,1.35412,196.90119982599998,27,True,197.273817717,0.03801967399871842,0.03697126800143158,b86b65ae925b4c7acf6ee1d34ba93688d2d7426f67081f3ec8a8b8c7996f4b5f
True,1,95.76539160399537,1.148844625,1.0633597670000001,96.63180722800158,1765653,evaluation_epoch0,9ec7222cc23e00ddd0352f153663a7e12db8c6fc26ce02bbb77f5ef7a2a62653,140326,True,100000,849b4e90ac38f6056e6f133a3b1e9ad07995b36e913d72402f7573a4164df84c,8668288,communication,1.0360597155978204,22,270884,4.708408,0,success,4063260,135442,1.35442,194.957696101,28,True,195.412379033,0.03850425899618726,0.03735529300122398,072af4c01f49fe1eeff4e35c1f5384db41c5285b8b425dd4dcf7b0dd902024b3
True,1,99.53794730399567,1.136772713,1.0493065409999998,99.03122647200179,1766872,evaluation_epoch0,9ec7222cc23e00ddd0352f153663a7e12db8c6fc26ce02bbb77f5ef7a2a62653,140429,True,100000,2f34760cd637bf4c9ffe2237bf0da02c361108a943702379001b7240b88f879b,8674240,communication,1.036108754196333,22,271070,4.711658666666667,0,success,4066050,135535,1.35535,201.10925656700002,29,True,201.722534854,0.03844937599810194,0.03744982199787916,f249cab214925d5900731a4f538d3f40c03bceb249567d21a25fdca8bf0bcb23
True,1,94.32792456499993,1.0948592320000001,1.035404517,98.33541464199776,1760772,evaluation_epoch0,9ec7222cc23e00ddd0352f153663a7e12db8c6fc26ce02bbb77f5ef7a2a62653,140005,True,100000,545056f666283091c11a4123d93aab61f397d22faade6e97c6852253ee2650de,8643968,communication,1.0365980068413025,22,270124,4.695392,0,success,4051860,135062,1.35062,195.14300544399998,30,True,195.516176722,0.03881272699813687,0.037807458996834686,2fd65be9cdec9d42795510745c0cc701c6e19fa9cab9b98090feb71f8d94d539
True,1,101.35145266099359,1.1016030360000002,1.1267174410000003,101.18374342700191,1766682,evaluation_epoch0,9ec7222cc23e00ddd0352f153663a7e12db8c6fc26ce02bbb77f5ef7a2a62653,140431,True,100000,c37760640885be8f17927c34cfed1c9fdf2f21f810a5f1e641c2e51430463b9f,8673216,communication,1.0362458400667065,22,271038,4.711152,0,success,4065570,135519,1.35519,205.10854043999998,31,True,205.491652212,0.0385754549918671,0.03754207299966783,ec0aac55b7c351f1df0f748cd086ffb8e2a393bf5639c9cc6e94bc7e7790e2f6
True,1,100.13423652299824,1.1562131930000001,1.093644238,100.62584306300165,1756057,evaluation_epoch0,9ec7222cc23e00ddd0352f153663a7e12db8c6fc26ce02bbb77f5ef7a2a62653,139610,True,100000,e26625a5f6eb4acfe951d85f81683e57df6190ca56a72d10f3ec53f7298dfa0c,8620928,communication,1.0364359846178972,22,269404,4.682818666666667,0,success,4041060,134702,1.34702,203.357430743,32,True,203.755610707,0.03835759199693367,0.03727396599996036,90c0227176a310cd8f431f8b0a0101a717611a62348141ff5204f2a80a72c73e
True,1,99.40367989100054,1.171097787,1.081979962,99.48015823899644,1764468,evaluation_epoch0,9ec7222cc23e00ddd0352f153663a7e12db8c6fc26ce02bbb77f5ef7a2a62653,140269,True,100000,2746cb286a45833d112c318112e7dfd91f958a10c0ba7fc108f629b6045ec681,8662272,communication,1.03635812867571,22,270696,4.705248,0,success,4060440,135348,1.35348,201.490912416,33,True,203.253040221,0.0387698820059299,0.037277861994015726,b079d57cdb2eb2d403f5ae0a92b871daefb48a8e2c5bb2d29388fa417e1725f8
True,1,97.25132182099608,1.135096487,1.0487958980000003,98.67214947299838,1759893,evaluation_epoch0,9ec7222cc23e00ddd0352f153663a7e12db8c6fc26ce02bbb77f5ef7a2a62653,139954,True,100000,b55025d66583b0dba2788973fb234666232071a16d29c0e2a4e3288c3707ea34,8639552,communication,1.0367500537064884,22,269986,4.693048,0,success,4049790,134993,1.34993,198.457535812,34,True,198.831512196,0.03887975400111765,0.03770293899810584,62a3cecad22da19cf2bb860cc1ee20442e5f3fe7b6e4478c4e5d11cc43824c68
True,1,97.18923938199995,1.1736410849999999,1.052974047,98.47824186699177,1759134,evaluation_epoch0,9ec7222cc23e00ddd0352f153663a7e12db8c6fc26ce02bbb77f5ef7a2a62653,139795,True,100000,6eb484af08b591fa3fed43df623955169340f775eb8bec0466e7563b9256a0d0,8636352,communication,1.0359559221300845,22,269886,4.691024,0,success,4048290,134943,1.34943,198.238856933,35,True,198.604348971,0.03841513199309521,0.037481942996342,92685e6d8cd0596b199c108ac8d9ddaf7cd688db5bdb583c6a770eca68d4f186
True,1,96.02470598500412,1.1258367169999999,1.0686206959999998,97.16179701300845,1760587,evaluation_epoch0,9ec7222cc23e00ddd0352f153663a7e12db8c6fc26ce02bbb77f5ef7a2a62653,140000,True,100000,f3769b8f146ff0756e25333af09adee09fe402cb86d091ef239dc8a841a0a0d6,8643008,communication,1.036676120165572,22,270094,4.694898666666667,0,success,4051410,135047,1.35047,195.725741521,36,True,196.239632518,0.03775291799693559,0.03693256900942998,180533165dbf290f22e5c909bad9ce301a687890142645e1faab14861d60027e
True,1,99.90332768299871,1.095927087,1.014486865,100.63001702899811,1774203,evaluation_epoch0,9ec7222cc23e00ddd0352f153663a7e12db8c6fc26ce02bbb77f5ef7a2a62653,141112,True,100000,e95e382ae7623eb8b8861ed585b636946abbee318ea87faa9c32108a35fcce28,8709696,communication,1.0369096694075202,22,272178,4.731208,0,success,4082670,136089,1.36089,202.99968259000002,37,True,203.536762631,0.038875549998085734,0.03748326501044241,4869c5b612874e0378b94a282f7077d88ee196d422e7fcc5848f250e4bdb34f1
True,1,97.10074770499435,1.134500121,1.0616629539999998,99.17022370400278,1761246,evaluation_epoch0,9ec7222cc23e00ddd0352f153663a7e12db8c6fc26ce02bbb77f5ef7a2a62653,139963,True,100000,e272cf20324fc1a9e054a19ffbeb696a3a5e6895306d19cd6676949bf41756f8,8646720,communication,1.0359572184597166,22,270210,4.696656,0,success,4053150,135105,1.35105,198.811541916,38,True,199.194282279,0.03790785199446933,0.03678522699961828,834acc7d826242878dbcb33798d17e8ca659326cf51d96719bab0988013207ec
True,1,102.54403231100352,1.117255353,1.061585778,102.05958067699736,1755266,evaluation_epoch0,9ec7222cc23e00ddd0352f153663a7e12db8c6fc26ce02bbb77f5ef7a2a62653,139467,True,100000,45968d75894f712efa17a7ce4a10ee57eb84e5732bdb019a9bb0854205e1fa8f,8617472,communication,1.0357896144019962,22,269296,4.680709333333334,0,success,4039440,134648,1.34648,207.12764184899999,39,True,207.517462607,0.03820730000895001,0.03745975900108567,6ade7878a42c3f2ce9ebbcd3dec7d7399d0409b8ad8b780375d4379b00a84795
True,1,98.71736209999625,1.1146765470000002,1.0285394239999999,102.75434308700255,1770032,evaluation_epoch0,9ec7222cc23e00ddd0352f153663a7e12db8c6fc26ce02bbb77f5ef7a2a62653,140673,True,100000,f8af07d1bd303df72c11ad4d89afe571c229c7b5f14ad35959cf5860a0c26a40,8689792,communication,1.0360514958240659,22,271556,4.7200853333333335,0,success,4073340,135778,1.35778,203.971541145,40,True,204.356171117,0.03887151399805955,0.03738320200020118,6a7914aebebca856a0aa80ae1ea6eb275a6212ad3ebf96a8da87b291ef5f0990
True,1,99.53090212899994,1.1081617980000003,1.028793893,100.08809762199981,1768750,evaluation_epoch0,9ec7222cc23e00ddd0352f153663a7e12db8c6fc26ce02bbb77f5ef7a2a62653,140555,True,100000,ab34c56ae22520cfcb1950f3c6c8060b6e13429cc087001aecf2fb676b1e02f3,8683584,communication,1.0359224946750099,22,271362,4.716666666666667,0,success,4070430,135681,1.35681,202.107313871,41,True,203.963682665,0.03878518399898612,0.037356967999384594,709ded3bafbec19c7a4bc700a46f8ef2d5a7a83dd570f87d9b8135c245bedc80
True,1,98.14129065799348,1.1573147609999999,1.1121288630000001,99.49872052799375,1765747,evaluation_epoch0,9ec7222cc23e00ddd0352f153663a7e12db8c6fc26ce02bbb77f5ef7a2a62653,140420,True,100000,f5bca81b00776f3d6d5f31765c23d8a9a9cb3c1c7637a33de93dd319c55e285c,8668288,communication,1.036753739608098,22,270884,4.7086586666666665,0,success,4063260,135442,1.35442,200.258988695,42,True,200.639155401,0.0385110480025781,0.03745788799646643,18bb97f01bd0016ffba0a47e8662fe16034d977fe956ad6f3fb6b4436b1bfc5f
True,1,97.99178084200975,1.156508727,1.0691832200000002,98.92143949999863,1756708,evaluation_epoch0,9ec7222cc23e00ddd0352f153663a7e12db8c6fc26ce02bbb77f5ef7a2a62653,139649,True,100000,c177e54faddebfb8b2d483b0c522d214af481e574b3eac27e8383ce9f25ad282,8624192,communication,1.0363331428613833,22,269506,4.684554666666667,0,success,4042590,134753,1.34753,199.480680191,43,True,199.838641046,0.03757045699837658,0.036807572003451305,69ef4bdd99945ce5eba1d98b433c329902b2a80164d7af0d541771d824f887c8
True,1,96.82868429500829,1.1449504460000002,1.1217722599999997,99.05498286899834,1766782,evaluation_epoch0,9ec7222cc23e00ddd0352f153663a7e12db8c6fc26ce02bbb77f5ef7a2a62653,140375,True,100000,80a4dc4133e39d977db8b3b78ba748614175ba608b12482a4d31a4113862352a,8674048,communication,1.0357332585662427,22,271064,4.711418666666667,0,success,4065960,135532,1.35532,198.495974037,44,True,198.964333668,0.037993822001603395,0.03716607799782601,9310ffa6c01ea4c119b1ef8ac60a274112fa37077cde70b245090f0cb4e7b255
True,1,100.6269859049959,1.1365382849999999,1.1345884089999998,102.23818111399856,1762702,evaluation_epoch0,9ec7222cc23e00ddd0352f153663a7e12db8c6fc26ce02bbb77f5ef7a2a62653,140087,True,100000,898d291c5268cce77eda4f75958bf945ddd778fc928511d4ecec807967cb5f5a,8653824,communication,1.03602384333215,22,270432,4.700538666666667,0,success,4056480,135216,1.35216,205.49024357300001,45,True,206.002300332,0.03817522799547701,0.0367960530040774,6cbb00fa2d5b0d0a6ac3af13ee24fdd0ab16775b0d2e35c8f7263e44b3e58dc3
True,1,103.81277563300682,1.1122563579999998,1.0526918899999997,100.72493718800263,1766514,evaluation_epoch0,9ec7222cc23e00ddd0352f153663a7e12db8c6fc26ce02bbb77f5ef7a2a62653,140275,True,100000,98ad54bdd213e882b12dfd3c0be9205613b96e8524581ab594d78b0ad9d28fcf,8673152,communication,1.0351023480275683,22,271036,4.710704,0,success,4065540,135518,1.35518,207.051150317,46,True,207.441148423,0.03871010299595001,0.03743174999988641,4fba2b6c6dd53b135cbd1997dd4fff0003c12ca15c359e7061bfa42a5ae54bc5
True,1,100.39352041999823,1.15995531,1.1051255449999997,101.72546087399829,1765155,evaluation_epoch0,9ec7222cc23e00ddd0352f153663a7e12db8c6fc26ce02bbb77f5ef7a2a62653,140380,True,100000,bf4cf257c92ba36016d585f3bcd28536ee97a8ae3ed3989af4736ecd6205f6f1,8665344,communication,1.0368105409317854,22,270792,4.70708,0,success,4061880,135396,1.35396,204.730031549,47,True,205.125917203,0.03853783300151159,0.03741940200046301,7c27878b997a2463126fb60e4f2ea49f38a570e306c513712defdb1bb8b075e3
True,1,99.32279753300934,1.206851889,1.0760895560000001,104.02821299200068,1761115,evaluation_epoch0,9ec7222cc23e00ddd0352f153663a7e12db8c6fc26ce02bbb77f5ef7a2a62653,140012,True,100000,e86b572987df6db680045346f619105f74d3aba9a991d8538c65f7aded2cd92a,8645760,communication,1.0364349692797394,22,270180,4.696306666666667,0,success,4052700,135090,1.3509,205.981049652,48,True,206.372414598,0.03843355600271492,0.037073561004969946,ad35943cbbdd720a4c8f0d46ac10093593291d00e2bc36ddf7b625a2bdd58904
True,1,97.86892757499733,1.191693898,1.0874791709999998,96.52425693699513,1764528,evaluation_epoch0,9ec7222cc23e00ddd0352f153663a7e12db8c6fc26ce02bbb77f5ef7a2a62653,140329,True,100000,a17570dc0132fc5c21057e209c96f7870b6b82ffbccb305bb5c08faea2a2d599,8662272,communication,1.0368014303868547,22,270696,4.705408,0,success,4060440,135348,1.35348,197.02698215,49,True,198.904122815,0.03905406099959707,0.037657938011181,2a1e250e3074645e32a71886defcd428d2a8c82ac7d922f5c10e61a1e3d4d869
True,1,100.1307178299977,1.174916916,1.127102698,98.2690814370025,1765216,evaluation_epoch0,9ec7222cc23e00ddd0352f153663a7e12db8c6fc26ce02bbb77f5ef7a2a62653,140405,True,100000,e3beab41cbb994a4bb60350c4273e74cda4752ba4d09b3d36ca46fe69d623b9a,8665536,communication,1.0369722080665293,22,270798,4.707242666666667,0,success,4061970,135399,1.35399,201.044577925,50,True,201.422312056,0.03794959799739628,0.03707766499597476,52f35eb15049e31ebf97581a08789d08c91e6586ca31189fcf387554185d90c7
True,1,99.55089370099905,1.15454788,1.1039401050000002,99.2499627249948,1766085,evaluation_epoch0,9ec7222cc23e00ddd0352f153663a7e12db8c6fc26ce02bbb77f5ef7a2a62653,140410,True,100000,c699c8b8f76b11eec8f12e255e8bb00f26651362e59bedd05d4676bb60ba2d9a,8670144,communication,1.036457987318319,22,270942,4.70956,0,success,4064130,135471,1.35471,201.404268302,51,True,201.783240236,0.038063338996510154,0.03730197900101384,429fb360eef581e2046c3c0b994bf4f8ebaea60be03025fa471eb641be44ea9a
True,1,98.54216237899362,1.1321170660000002,1.0749504639999998,99.32510861900141,1766682,evaluation_epoch0,9ec7222cc23e00ddd0352f153663a7e12db8c6fc26ce02bbb77f5ef7a2a62653,140455,True,100000,7de110592689f918bbb516b3afd6ffc974cc4dde96b527a804894de4df2b6d10,8673088,communication,1.0364382328416362,22,271034,4.711152,0,success,4065510,135517,1.35517,200.423540525,52,True,200.831354176,0.038313210006010845,0.03758220901131226,711fb77713b6df650d0b1aeabd3cc29589d749ae331b3e59dd7c94a96f6d9a29
True,1,98.16212402699819,1.175865828,1.105767701,98.7865561200037,1767037,evaluation_epoch0,9ec7222cc23e00ddd0352f153663a7e12db8c6fc26ce02bbb77f5ef7a2a62653,140414,True,100000,37d2126f84f825d7b74caa6c06292d9304823867866ac6aac72679eb0cb241d2,8675200,communication,1.0358834378458133,22,271100,4.712098666666667,0,success,4066500,135550,1.3555,199.583873402,53,True,200.077333647,0.03817704800288002,0.037211784000415804,efef732de8b45a2f0ded44e4e227c497281d21774e458ec439b1c41b500bfcbb
True,1,98.14994210600263,1.1209439310000002,1.0439303139999998,98.55075808999437,1761612,evaluation_epoch0,9ec7222cc23e00ddd0352f153663a7e12db8c6fc26ce02bbb77f5ef7a2a62653,140029,True,100000,9da07450a6dd9b8d8a2dcc0cd760d32f2eef24b16b16962bf9a721752216acb6,8648320,communication,1.0362539776511508,22,270260,4.697632,0,success,4053900,135130,1.3513,199.211198566,54,True,199.586313891,0.03813142800408942,0.03714484000132634,c90514d9f852871b0cc5b403fdaaa057aed5a06aebb2e054b1763c6ebc7f6bcb
True,1,101.01422963499579,1.085174695,1.085327076,96.97240356199741,1771230,evaluation_epoch0,9ec7222cc23e00ddd0352f153663a7e12db8c6fc26ce02bbb77f5ef7a2a62653,140755,True,100000,54a7f3d85ccb3c10a80db0d43871d3931652563c473f195a684d20ffb5ee3fde,8695744,communication,1.035945860411714,22,271742,4.72328,0,success,4076130,135871,1.35871,200.502433957,55,True,200.878532397,0.03858220099730714,0.037854781998387654,e2444f19edb7900f390e14b23118d4d3e861512c52d7b51e974c5aefaf12778d
True,1,99.11950582400317,1.116583564,1.074177187,96.93839093499912,1767560,evaluation_epoch0,9ec7222cc23e00ddd0352f153663a7e12db8c6fc26ce02bbb77f5ef7a2a62653,140433,True,100000,87fdd79fbfd2d7c84a5d920ba27b9cfb1250068a82e28ff91890e2f6dc96da52,8677888,communication,1.0357026963242668,22,271184,4.713493333333333,0,success,4067760,135592,1.35592,198.59428552,56,True,198.953088682,0.03826140000334366,0.03718649200063284,95cf766249f509227571f3b06f662e49a60bfb3d125b258e3e2ffd8d9fbbafa1
True,1,96.66864296000175,1.128638987,1.055431178,97.20892348700082,1760588,evaluation_epoch0,9ec7222cc23e00ddd0352f153663a7e12db8c6fc26ce02bbb77f5ef7a2a62653,139953,True,100000,72b92fb5f254c76f942274a801e7630a8bec8ae1662725ccb040cc8c5de91209,8643264,communication,1.0362973987604682,22,270102,4.694901333333333,0,success,4051530,135051,1.35051,196.415242033,57,True,198.159001348,0.03853260200279074,0.03721010201050934,45145a43968e65967abc427a8ba1fce61a85b79d2a336f01abfe9b8b10add67f
True,1,95.75681538900554,1.14101132,1.095416476,97.37194939800051,1771915,evaluation_epoch0,9ec7222cc23e00ddd0352f153663a7e12db8c6fc26ce02bbb77f5ef7a2a62653,140756,True,100000,bfe94d04fb402e5316c618e9b6bed0d96ae970409265b7fcabd61fff165facdd,8699392,communication,1.0355188040727443,22,271856,4.725106666666667,0,success,4077840,135928,1.35928,195.716282162,58,True,196.082870721,0.039080594000085345,0.03829986700075061,74bdf5b9beb90d08eeb9a110f885ebe3b8a60f30d4ca32f5c58aaeff62f700ec
True,1,95.5990527900021,1.146276501,1.0736002539999998,97.08127352499184,1766648,evaluation_epoch0,9ec7222cc23e00ddd0352f153663a7e12db8c6fc26ce02bbb77f5ef7a2a62653,140517,True,100000,d0d0a5998262e21e7a669d1af81a52d8ea108121d9fa43196ccfd4e2411131a6,8672576,communication,1.0369569548886053,22,271018,4.711061333333333,0,success,4065270,135509,1.35509,195.24639158099998,59,True,195.611649444,0.03836019799977697,0.03742571698909192,cd5d2611dbefff7d156fdb616b50ff60e6e2fd2a04fc1f87b4dac5866b412627
True,1,94.6826464969987,1.128854412,1.0490667040000001,96.61489696800423,1768690,evaluation_epoch0,9ec7222cc23e00ddd0352f153663a7e12db8c6fc26ce02bbb77f5ef7a2a62653,140495,True,100000,2a6ad056fb1dfde0acd0ee3cfdeb854fa7c1060c06a389fb3e28692c1bf28f9d,8683584,communication,1.035480280953118,22,271362,4.716506666666667,0,success,4070430,135681,1.35681,193.82178324199998,60,True,194.19476936,0.037841922001352835,0.0371459409994741,895975644d0ec8057e4bd6a2b6278365b04cadd7a0ab327e614405fa8234e782
True,1,99.28517425599603,1.126764985,1.1271936219999996,98.75832846100167,1767214,evaluation_epoch0,9ec7222cc23e00ddd0352f153663a7e12db8c6fc26ce02bbb77f5ef7a2a62653,140399,True,100000,f6e5eb5f7fb3738b2ab4b95cdc1963fdaa7cd4506c326c18c125c4de1ab1ab0b,8676224,communication,1.0356505318442677,22,271132,4.712570666666666,0,success,4066980,135566,1.35566,200.650053178,61,True,201.292857982,0.03847355099469718,0.03731140500020791,49bb95d132a3467d883a91c2ce8402fb98792b5ebd2a94919995afa31fa98cfe
True,1,96.83487974399353,1.1551823350000001,1.048488734,98.29597620799721,1766273,evaluation_epoch0,9ec7222cc23e00ddd0352f153663a7e12db8c6fc26ce02bbb77f5ef7a2a62653,140430,True,100000,f3ec32d5061db7d09ccdc3956a189d40f18cb4ac071a622fae7f8ad0f4bd293d,8671040,communication,1.036498505369598,22,270970,4.710061333333333,0,success,4064550,135485,1.35485,197.680383992,62,True,198.071579333,0.03790593099756645,0.03688563900209818,ec29d4dddb064f88eb27d3a9a80f232c04b893e1ff12afde79df41cbaabc854a
True,1,101.65704217799949,1.041801424,0.994342369,95.18214453599742,1770648,evaluation_epoch0,9ec7222cc23e00ddd0352f153663a7e12db8c6fc26ce02bbb77f5ef7a2a62653,140689,True,100000,298a30f368933d21e9232a4225a1eef6cc6680cbacea218c6f7aef517f2173fa,8692992,communication,1.035787908236888,22,271656,4.721728,0,success,4074840,135828,1.35828,199.221921122,63,True,199.593760715,0.038828035996120835,0.03815436399368988,3e1a986d817b2805289e944eff1ccf377841d572f8d855249b38e4207cc41f6c
True,1,97.44548151200677,1.11919184,1.04481681,95.99681132799674,1764445,evaluation_epoch0,9ec7222cc23e00ddd0352f153663a7e12db8c6fc26ce02bbb77f5ef7a2a62653,140174,True,100000,3e20c4755ec937ae36663e84e01256f36bbd1584a21306bb02bbbe050e042fa1,8662656,communication,1.035610325516793,22,270708,4.705186666666667,0,success,4060620,135354,1.35354,195.95910401700002,64,True,196.332373363,0.03890209499864472,0.0378693500058942,b5f57830af6ff10d14cf04b5c96ddb9a5e802cd6ff4ef9b7bbcf22ece1b11c0a
True,1,96.99451898200142,1.1403020439999998,1.0721068909999998,98.6105428910068,1765401,evaluation_epoch0,9ec7222cc23e00ddd0352f153663a7e12db8c6fc26ce02bbb77f5ef7a2a62653,140386,True,100000,c0d6d2227811b677ad11accd39a92beb211791615f248729f3fe0e1afae79fd6,8666624,communication,1.036701719146925,22,270832,4.707736,0,success,4062480,135416,1.35416,198.16666655,65,True,199.993244275,0.03861268299950993,0.03729226200698488,24ec06ef869fd76c6665bcc7deabce5efc6c89f5d8fcd347ea84e72ed8daabce
True,1,101.00515325600593,1.1489080499999997,1.0609043929999997,99.184013583997,1761098,evaluation_epoch0,9ec7222cc23e00ddd0352f153663a7e12db8c6fc26ce02bbb77f5ef7a2a62653,140007,True,100000,93712c42d9826c27f11473104f67ad67d5525753b2ffe527c89ea2b3b1fcce66,8645696,communication,1.0364056288817003,22,270178,4.696261333333333,0,success,4052670,135089,1.35089,202.748292415,66,True,203.12082732,0.0386182249998126,0.037527452997027755,92fe194d9f0643dde114c7bf4fea9f95c51975da855dfa0e788f5a693651e47c
True,1,101.79264892500355,1.151294696,1.0629555739999998,102.39537931399808,1757503,evaluation_epoch0,9ec7222cc23e00ddd0352f153663a7e12db8c6fc26ce02bbb77f5ef7a2a62653,139748,True,100000,3890b2e1fef05a48acdeb9584f09751bd9e09cb440e868e1709ed062f79f78bb,8627904,communication,1.0366216406673046,22,269622,4.686674666666667,0,success,4044330,134811,1.34811,206.749334173,67,True,207.188311161,0.038293818997187756,0.03747546100841337,69e5a37354822b7524a2571149eefd2df9496be08831cc1a69677e200bb27952
True,1,96.52652042399905,1.101945046,1.0296963090000002,98.00645936100248,1770430,evaluation_epoch0,9ec7222cc23e00ddd0352f153663a7e12db8c6fc26ce02bbb77f5ef7a2a62653,140747,True,100000,3b711740405edc98dd5ac618d8d0ffb045090cfd71a1394d4c2ee7378f171496,8691520,communication,1.0363904127241266,22,271610,4.721146666666667,0,success,4074150,135805,1.35805,197.01230463000002,68,True,197.401489975,0.03811490500433523,0.03719905500781584,3938d8b1a094f8d15a6e1881549a21974bfd350ec3b65881cfb79aea4900302a
True,1,99.52903024900068,1.14109491,1.0655362189999997,99.3021735389963,1761895,evaluation_epoch0,9ec7222cc23e00ddd0352f153663a7e12db8c6fc26ce02bbb77f5ef7a2a62653,139940,True,100000,b17b86102bd2dd9f7adeaec64f26ca3d204b2441331db257035c7c3c5bb69c53,8650304,communication,1.0353578325108574,22,270322,4.698386666666667,0,success,4054830,135161,1.35161,201.3903737,69,True,201.841313509,0.03842493500314337,0.037634583993508386,c379f176297fc1785e4e2b59adcea0cb11b751afad2e0ba80d14ce8abf234926
True,1,98.51276156399557,1.111410716,1.021869652,98.40961136100643,1762778,evaluation_epoch0,9ec7222cc23e00ddd0352f153663a7e12db8c6fc26ce02bbb77f5ef7a2a62653,140127,True,100000,6770350624bbcfebc325826873474e4c7370fe5d75b9a8416040df3a309991db,8654016,communication,1.0362966742839395,22,270438,4.700741333333333,0,success,4056570,135219,1.35219,199.400956083,70,True,199.78342705,0.037755774003804365,0.03664336700387549,c90a99da1fa5539c7fa7852a976483fe8d5db360548b622ac6f22a30a3bb595e
True,1,97.968389035999,1.198945468,1.0692477249999999,99.4396594559959,1757619,evaluation_epoch0,9ec7222cc23e00ddd0352f153663a7e12db8c6fc26ce02bbb77f5ef7a2a62653,139720,True,100000,f2205e2a8647bc75dff1922cc51c9be7c9a4c8004c4636fb429bca7c6e9df299,8628672,communication,1.0363216958530814,22,269646,4.686984,0,success,4044690,134823,1.34823,200.018225977,71,True,200.404386739,0.03810680900187524,0.037454736003440736,e910505b5086923bd235fd9625bb59760e9c66105d9d54d8e9baab3e9bfb0147
True,1,97.85434802400943,1.123362657,1.1241914859999997,100.85588300999285,1766422,evaluation_epoch0,9ec7222cc23e00ddd0352f153663a7e12db8c6fc26ce02bbb77f5ef7a2a62653,140399,True,100000,e4b4ab09f476892b5c8a3496feb67c35fe959ccd404344a1387d1e3561b08d98,8672000,communication,1.0361549815498154,22,271000,4.710458666666667,0,success,4065000,135500,1.355,201.301789275,72,True,201.671960479,0.038037914001244566,0.03698668299448293,0be093be645bc24ead57f35f461d3ed4fbfc3a14777763f90f23449844e3ab81
True,1,99.2290948710009,1.20427224,1.075176671,98.20473216799948,1767447,evaluation_epoch0,9ec7222cc23e00ddd0352f153663a7e12db8c6fc26ce02bbb77f5ef7a2a62653,140500,True,100000,7b4a0bc5d1d40ec8b287abaaaffef9c340621e63904e77d73f3dadec8d478553,8676928,communication,1.0363114687594503,22,271154,4.713192,0,success,4067310,135577,1.35577,200.066697609,73,True,201.898788568,0.03951446600536768,0.03821192299684828,fb561130a9a8d7d1f01e9082eb88a47b8aa87e76c57685b26dec5bdc37c03447
True,1,98.36639890799299,1.156363644,1.112409942,98.63339674199675,1762409,evaluation_epoch0,9ec7222cc23e00ddd0352f153663a7e12db8c6fc26ce02bbb77f5ef7a2a62653,140106,True,100000,87c394cceb8db398420e980d184dfcb5a71c5552cdff6472d8d8b08fc7cc1f39,8652160,communication,1.0363636363636364,22,270380,4.699757333333333,0,success,4055700,135190,1.3519,199.61734024799998,74,True,199.990428896,0.03850912899637793,0.03797138699955127,5774c41ed1e9859159bda01ad905de96892dceee8cf2c889fbb916cd5cad57c1
True,1,102.0360495750007,1.191905797,1.103262978,102.30280870799676,1771656,evaluation_epoch0,9ec7222cc23e00ddd0352f153663a7e12db8c6fc26ce02bbb77f5ef7a2a62653,140773,True,100000,140ae57dcfdba6df613116389edbd972e1b28edba8aebb25b51a067dd9b90e3e,8697920,communication,1.0358191383687134,22,271810,4.724416,0,success,4077150,135905,1.35905,206.983840933,75,True,207.363823005,0.03842902799603465,0.03757252900068275,de2b6f238bcb5b9c24c71e882517e2ad5f0a3c6b1697c01c5884d0026082602e
True,1,95.19678645500389,1.115684241,1.025469453,99.21239211300164,1772165,evaluation_epoch0,9ec7222cc23e00ddd0352f153663a7e12db8c6fc26ce02bbb77f5ef7a2a62653,140814,True,100000,08f910a13f4909214042f22a74fa91f12185402ec31452a783f34a0010c689c7,8700416,communication,1.0358235744129936,22,271888,4.725773333333334,0,success,4078320,135944,1.35944,196.904307033,76,True,197.350930745,0.03936218700356342,0.03823911999565199,3ad4bcc656fb24d694ba41bb5bb0b1b9a22325147924bea90b15b975a8c1c845
True,1,103.53371089400898,1.171880599,1.1264494819999997,100.62105672999867,1766658,evaluation_epoch0,9ec7222cc23e00ddd0352f153663a7e12db8c6fc26ce02bbb77f5ef7a2a62653,140455,True,100000,4e8604b70de0e1446d8e551d9767a4fc671e3173e6c49abb176a6ba9659d75b1,8672960,communication,1.0364535291296166,22,271030,4.711088,0,success,4065450,135515,1.35515,206.80794539,77,True,207.370985317,0.03806162199790686,0.03690432599777704,c2d036543b54b38aa86f0451e15e5ddc669cd79443c1adf07ad918088c544580
True,1,99.55868488400043,1.13515269,1.0756032970000002,100.86702422899828,1763175,evaluation_epoch0,9ec7222cc23e00ddd0352f153663a7e12db8c6fc26ce02bbb77f5ef7a2a62653,140236,True,100000,a24e753486b24bb6f8bd075668d51620cd049499a9bc6d1dc142848203a05800,8655552,communication,1.0369187314685417,22,270486,4.7018,0,success,4057290,135243,1.35243,202.98457264,78,True,203.380789123,0.03863051099211967,0.037673960002318374,7f0c4105eaa780187cce2b4c23fe06aaec69808169bc349d2009d2467b7ea2c6
True,1,105.16826532299696,1.230318772,1.0862391599999999,104.50315807199947,1762980,evaluation_epoch0,9ec7222cc23e00ddd0352f153663a7e12db8c6fc26ce02bbb77f5ef7a2a62653,140185,True,100000,1e808f85fb54e9968ee45dc6a24fc043793bc59f5b6db0b3d77369200ce8bc9c,8654784,communication,1.0366336121155653,22,270462,4.70128,0,success,4056930,135231,1.35231,212.33143175799998,79,True,212.71921714,0.03800940899965788,0.03689964698948245,176d5f85803105aeab61da63a2eb4074265f3f28c87e194536330d2337f6e122
True,1,105.544663478002,1.154028811,1.1216149029999998,99.11230477100459,1769117,evaluation_epoch0,9ec7222cc23e00ddd0352f153663a7e12db8c6fc26ce02bbb77f5ef7a2a62653,140694,True,100000,d8c2a2876adb75b1e7d837dab601f61f99dce8f3235bcd3f9ce3840f6b12fb3e,8684800,communication,1.0368017686072217,22,271400,4.7176453333333335,0,success,4071000,135700,1.357,207.27817755,80,True,207.647167216,0.03830314100226628,0.03736974499917256,dcaf45001f3a0a698f397a382aae2cadc0268b44e85bc2e056eeaa235cc7502c
True,1,100.46100838600204,1.1813104070000002,1.093494295,102.93374184899787,1765425,evaluation_epoch0,9ec7222cc23e00ddd0352f153663a7e12db8c6fc26ce02bbb77f5ef7a2a62653,140230,True,100000,5e554b5f9cf629cbf467e4859cbf3c94cdc4620d1d8e6bc487a8800991047b38,8667584,communication,1.035435018570342,22,270862,4.7078,0,success,4062930,135431,1.35431,206.017151182,81,True,207.854738782,0.03867479099631943,0.03717181700073802,8039dddef029f8c7c9eff53bc51adf7b85af4bd983a7d0a775709a0ade12c84c
True,1,100.13283519299719,1.1624873829999998,1.0860360069999997,101.34956855899793,1771130,evaluation_epoch0,9ec7222cc23e00ddd0352f153663a7e12db8c6fc26ce02bbb77f5ef7a2a62653,140787,True,100000,f25b978cf6d24c8b1dfea786c08cefd143ab6a7227f5da4498e15c079cbc168c,8695040,communication,1.0362652730752244,22,271720,4.723013333333333,0,success,4075800,135860,1.3586,204.07859277100002,82,True,204.467784762,0.03858304199898566,0.03791882399912927,73615242a3412637103acc5249bcb0ced91a47474df497f02171c98aaa016b45
True,1,104.76074478199806,1.0920047609999999,1.029133843,102.78333122599997,1767357,evaluation_epoch0,9ec7222cc23e00ddd0352f153663a7e12db8c6fc26ce02bbb77f5ef7a2a62653,140530,True,100000,47b34012aabb3b45a374bce858ffd2d838eef643b0ce3ac67ebf0b4de605cfed,8676288,communication,1.0366092043048825,22,271134,4.712952,0,success,4067010,135567,1.35567,210.008243473,83,True,210.379709593,0.03793600299641531,0.037228207003581204,21d7a39ca15d78f158dfc4d70fb3e5bff1184fe0ffff7e4e330039f68a777a30
True,1,99.7951778440003,1.1669222110000002,1.0195135359999998,102.03081533099488,1763124,evaluation_epoch0,9ec7222cc23e00ddd0352f153663a7e12db8c6fc26ce02bbb77f5ef7a2a62653,140161,True,100000,e9ee64cefa54dbdcb174c4f385d343d2b043f43edce3fb3a5055e3bf7b6a6885,8655680,communication,1.036348848386262,22,270490,4.701664,0,success,4057350,135245,1.35245,204.35589916799998,84,True,204.775028707,0.03769824299922497,0.0372570930016245,82ac749c7de1914ffeae76163579aae5938bc4791a45228515fb79dbcf9ba7cc
True,1,104.55389465700307,1.142252829,1.0940763269999998,101.01746728300185,1768067,evaluation_epoch0,9ec7222cc23e00ddd0352f153663a7e12db8c6fc26ce02bbb77f5ef7a2a62653,140496,True,100000,a0326e32986518868f117d3f2f2e230c93740086d9b3bcc53a6895521e852d70,8680256,communication,1.0358846559364148,22,271258,4.714845333333334,0,success,4068870,135629,1.35629,208.156202592,85,True,208.718461467,0.03821282800055359,0.03712914600408812,1ec1b454107e753ae2cde99e0533208a14ddd309c96d51cc8c1bc751bd2d8ae4
True,1,100.22118366600553,1.1323585610000002,1.0648350200000003,100.69615383299609,1765093,evaluation_epoch0,9ec7222cc23e00ddd0352f153663a7e12db8c6fc26ce02bbb77f5ef7a2a62653,140294,True,100000,00a0cda22096437d9bc5571993a6577e7349bca104f9f544aafaa85c209e1e98,8665472,communication,1.0361600614484705,22,270796,4.706914666666667,0,success,4061940,135398,1.35398,203.461135795,86,True,203.844474758,0.038611472002547664,0.03793312899905121,9b48e1d1d7b90a6b0eae5e721b3a07d0dd698394b49acff6493c826db50fe854
True,1,98.40579967699655,1.1545318030000002,1.0526081429999998,106.91844588999845,1759515,evaluation_epoch0,9ec7222cc23e00ddd0352f153663a7e12db8c6fc26ce02bbb77f5ef7a2a62653,139888,True,100000,904cd87d8d03f3bf645e868c560885e9f8dccb1963eebdb6cc0a4678bd7f7943,8637888,communication,1.03646076448317,22,269934,4.69204,0,success,4049010,134967,1.34967,207.874826147,87,True,208.271030309,0.0383730560027451,0.037416084001062,602cfa75e31748914b0e370a364b3f3160daf49f1df2b73f643ea44895186c71
True,1,105.82581102200263,1.1322589520000002,1.092294118,98.78032493299789,1761075,evaluation_epoch0,9ec7222cc23e00ddd0352f153663a7e12db8c6fc26ce02bbb77f5ef7a2a62653,139960,True,100000,c9f69806135fae1ac531aa811ce764a92c6f91424abb60ba249aab4571f8d800,8645824,communication,1.0360423714385119,22,270182,4.6962,0,success,4052730,135091,1.35091,207.181309331,88,True,207.566161617,0.03875367600244095,0.03763508099369606,f8a354356bb7696ebe63efda2163b00e6cd8a6890cc228f47cd61ae17db5570e
True,1,100.09485217100416,1.1760369320000001,1.082163946,100.39273858600389,1773110,evaluation_epoch0,9ec7222cc23e00ddd0352f153663a7e12db8c6fc26ce02bbb77f5ef7a2a62653,140919,True,100000,b2e64af295706cb36b16ee24ede1b339dea4822d236b9a45ddc770f5e4fbd5ec,8704896,communication,1.0360624641581013,22,272028,4.728293333333333,0,success,4080420,136014,1.36014,203.09165933100002,89,True,204.990745972,0.03868596799876922,0.03700379699671874,908869b0e00695af4955abc4bebe1fcdbc33841a90a12bdbf83c6b0c757c2191
True,1,103.32504957799915,1.160427468,1.0953665499999998,97.74386694500944,1767062,evaluation_epoch0,9ec7222cc23e00ddd0352f153663a7e12db8c6fc26ce02bbb77f5ef7a2a62653,140463,True,100000,50d535e4dcbfdeb27cf99241b6931b0413ffc608919c251b3bc9c56defc8a9cb,8675072,communication,1.0362602177826306,22,271096,4.712165333333333,0,success,4066440,135548,1.35548,203.679838343,90,True,204.068302657,0.03921260800052995,0.03813489899924072,4a7f966bd1461bd89339167497fb46ee52fb2aff52193ba90e1ec339f381b401
True,1,101.08416933499944,1.1044753430000003,1.0299193939999998,101.38906240100162,1760578,evaluation_epoch0,9ec7222cc23e00ddd0352f153663a7e12db8c6fc26ce02bbb77f5ef7a2a62653,139931,True,100000,5d3d62ff99cccf111af3dc6cc95d3a1fa561f570d24de75fa7b4ac862d51daa4,8643328,communication,1.036126825222877,22,270104,4.694874666666666,0,success,4051560,135052,1.35052,204.957057965,91,True,205.329467541,0.03842729299677705,0.03795608400177297,ea1ac330e1cd17920cae1bedf0bdbf382e8af4be3990e4eaba24c32d718294eb
True,1,100.5420919970036,1.1269911769999998,1.0671642140000002,102.82402981099891,1766830,evaluation_epoch0,9ec7222cc23e00ddd0352f153663a7e12db8c6fc26ce02bbb77f5ef7a2a62653,140447,True,100000,8a0a6f2ee69fafe2acc174d532568728058b9dbd6b6c715c70cc6dfbd6192dd5,8673920,communication,1.0362797904522985,22,271060,4.711546666666667,0,success,4065900,135530,1.3553,205.905453326,92,True,206.312056001,0.038341208998415865,0.037399641001640394,a107af810fb81b5e2e6afd044251427b333b5c3a43742cfea44e1db1cb049cbd
True,1,101.05996487900498,1.197410027,1.0709701440000003,101.78743425999886,1755374,evaluation_epoch0,9ec7222cc23e00ddd0352f153663a7e12db8c6fc26ce02bbb77f5ef7a2a62653,139539,True,100000,d2da6b75da3c61c1d85d885a12731c747b8fc10098da25a173bcb329198baf79,8617664,communication,1.0363012528685267,22,269302,4.680997333333333,0,success,4039530,134651,1.34651,205.469123905,93,True,205.987611206,0.038692749000856175,0.037333371000296545,d0cf757a482f24e94f1380fae438966234c3c3129d2d4334a8e11e970fb3cd5c
True,1,100.31734480300585,1.191163017,1.1167536690000002,102.24348753399981,1761053,evaluation_epoch0,9ec7222cc23e00ddd0352f153663a7e12db8c6fc26ce02bbb77f5ef7a2a62653,139998,True,100000,4dba0afdf7efc1bb752196d1bec6b187f44ca733062b8030e1006559fdd20380,8645504,communication,1.0363620212309195,22,270172,4.696141333333333,0,success,4052580,135086,1.35086,205.20908298,94,True,205.599060073,0.03789419099788427,0.03674420500564368,a01d50b9753280d10b67f2bfd31fdec6ccb0580f8679c5dc1535c3bd2fba8a72
True,1,100.19933364100483,1.1048624660000002,1.0461989849999997,105.67209940699624,1767618,evaluation_epoch0,9ec7222cc23e00ddd0352f153663a7e12db8c6fc26ce02bbb77f5ef7a2a62653,140491,True,100000,8c3bc0fb805f73b3ee0ca98942c8c54b65161f0c70bee7941c50b99180f68620,8677888,communication,1.0361304501740516,22,271184,4.713648,0,success,4067760,135592,1.35592,208.370453628,95,True,208.77441371,0.03921999999796766,0.03813898600780474,f090f70d9436d3c2d98d7c4b7a601259408b66d4e5cb70192e05ffacbc0f0da6
True,1,104.13813949900602,1.1307955659999998,1.0902976779999998,103.41279858699679,1774002,evaluation_epoch0,9ec7222cc23e00ddd0352f153663a7e12db8c6fc26ce02bbb77f5ef7a2a62653,140983,True,100000,d84a6b238752d31194533823f56ca53e02752a820acaf2e87c3ff9caa60e2114,8709312,communication,1.0360074366379342,22,272166,4.730672,0,success,4082490,136083,1.36083,210.12172102399998,96,True,210.501330733,0.03859576000007969,0.03770359899311293,3c4d415fd1b6c712f5f695aa3926dc23afb44298114937b3ad085ffef49bbff0
True,1,98.57307460699958,1.205644259,1.087579253,97.84802964500538,1762479,evaluation_epoch0,9ec7222cc23e00ddd0352f153663a7e12db8c6fc26ce02bbb77f5ef7a2a62653,140128,True,100000,94e289be548e420b3454c645a39f8266e5a1b6e9f05916438c0e14b2078f268f,8652416,communication,1.0364957024720032,22,270388,4.699944,0,success,4055820,135194,1.35194,199.064571119,97,True,200.886209118,0.0386539319941801,0.03712002500195055,1a7eac3ba2b4746bafc070381fdd402efc615e67ed704df5d96ef23803dd3e8d
True,1,98.32112531500405,1.1967609499999998,1.069447808,99.97188462799944,1767473,evaluation_epoch0,9ec7222cc23e00ddd0352f153663a7e12db8c6fc26ce02bbb77f5ef7a2a62653,140598,True,100000,1b1f20a65ea6608b9fbbf1f1127519c871756a69180bd3df9775f81703625e4f,8676544,communication,1.0370802015180238,22,271142,4.7132613333333335,0,success,4067130,135571,1.35571,200.899888934,98,True,201.281061074,0.03789878199521368,0.03702960299295288,c284423e3f89f2363f50a88a780352dd519a526b3528cceff2e169eb20b02c4b
True,1,98.95837368999847,1.165877232,1.021207299,99.841917911,1769941,evaluation_epoch0,9ec7222cc23e00ddd0352f153663a7e12db8c6fc26ce02bbb77f5ef7a2a62653,140666,True,100000,f5f0f839b1b1b7e6f955e71a76b79d4b3e2a5929a7689e6749daf7fbc568b849,8689344,communication,1.0360533545455215,22,271542,4.719842666666667,0,success,4073130,135771,1.35771,201.32669909499998,99,True,201.692072995,0.03776802900384357,0.036900031998956084,0051d53b92982c60b47b8dc40fce89615336dec3306b3a87310cea9f6316b1b7
True,1,75.07127776400353,1.0584020189999999,0.9746368200000002,75.4565689789987,1761565,timing_final,9ec7222cc23e00ddd0352f153663a7e12db8c6fc26ce02bbb77f5ef7a2a62653,140030,True,100000,a774d4babd9c3811d5a45497ac6ba76559e9caa68519cf850a6d34cfde8490f9,8648064,timing,1.036292053342806,22,270252,4.6975066666666665,0,success,4053780,135126,1.35126,152.935445222,0,True,153.245803323,0.04201594000364084,0.04023173200132568,7a30f3b1b253c31366a6126564811797671f4d4ea6bca6800f21051d76a0cade
True,1,76.79255066700344,0.27217454000000885,0.2707670949999965,77.1409164760004,1761565,timing_final,9ec7222cc23e00ddd0352f153663a7e12db8c6fc26ce02bbb77f5ef7a2a62653,140030,True,100000,a774d4babd9c3811d5a45497ac6ba76559e9caa68519cf850a6d34cfde8490f9,8648064,timing,1.036292053342806,22,270252,4.6975066666666665,1,success,4053780,135126,1.35126,154.85540682799999,0,True,155.151293586,0.04262208000739065,0.040565272998264845,7a30f3b1b253c31366a6126564811797671f4d4ea6bca6800f21051d76a0cade
True,1,75.73083452398868,0.2652641799999742,0.26383379999998624,76.27474490500953,1761565,timing_final,9ec7222cc23e00ddd0352f153663a7e12db8c6fc26ce02bbb77f5ef7a2a62653,140030,True,100000,a774d4babd9c3811d5a45497ac6ba76559e9caa68519cf850a6d34cfde8490f9,8648064,timing,1.036292053342806,22,270252,4.6975066666666665,2,success,4053780,135126,1.35126,152.909927127,0,True,153.178904475,0.04207237500855854,0.0401897990147404,7a30f3b1b253c31366a6126564811797671f4d4ea6bca6800f21051d76a0cade
True,1,72.98851580199947,1.058517877,0.991621173,73.52863861500589,1760637,timing_final,9ec7222cc23e00ddd0352f153663a7e12db8c6fc26ce02bbb77f5ef7a2a62653,139930,True,100000,0d536db159f7c14d10de768427ec9db2aa05b17739b0c593bc622b3c59dd6765,8643648,timing,1.0360810620700889,22,270114,4.695032,0,success,4051710,135057,1.35057,148.925617986,1,True,149.215739058,0.040580454999425086,0.03910347200301878,b83102427f815ae95033d13b5b087c5636ec0b2cdb69bc65acb477cc7a9e7c34
True,1,72.72399782401027,0.2614196199999981,0.2610886039999798,73.28334103499012,1760637,timing_final,9ec7222cc23e00ddd0352f153663a7e12db8c6fc26ce02bbb77f5ef7a2a62653,139930,True,100000,0d536db159f7c14d10de768427ec9db2aa05b17739b0c593bc622b3c59dd6765,8643648,timing,1.0360810620700889,22,270114,4.695032,1,success,4051710,135057,1.35057,146.89108073399998,1,True,147.14824907,0.04079174199375757,0.03947879698202428,b83102427f815ae95033d13b5b087c5636ec0b2cdb69bc65acb477cc7a9e7c34
True,1,72.75335233100202,0.2644193010000322,0.2561770550000233,73.38992404198751,1760637,timing_final,9ec7222cc23e00ddd0352f153663a7e12db8c6fc26ce02bbb77f5ef7a2a62653,139930,True,100000,0d536db159f7c14d10de768427ec9db2aa05b17739b0c593bc622b3c59dd6765,8643648,timing,1.0360810620700889,22,270114,4.695032,2,success,4051710,135057,1.35057,147.023216058,1,True,147.362678427,0.04056191599823933,0.03925454799372119,b83102427f815ae95033d13b5b087c5636ec0b2cdb69bc65acb477cc7a9e7c34
True,1,71.59621776900784,1.0426828750000001,0.96546734,71.8040196199979,1765207,timing_final,9ec7222cc23e00ddd0352f153663a7e12db8c6fc26ce02bbb77f5ef7a2a62653,140360,True,100000,ddece87cc3a4377cbfc04dd35d5443c8743f8b74b61bc8552e2bfe56b440606a,8665728,timing,1.0366168889676666,22,270804,4.707218666666667,0,success,4062060,135402,1.35402,145.760663245,2,True,146.047292506,0.040135752004531344,0.038603729006668086,31af894da89892d3b9b6d1937071f6b2678b91c60c249c27280c7ed0f58fa43f
True,1,72.87023663801315,0.26148833700000296,0.26889922999998817,73.09834361200038,1765207,timing_final,9ec7222cc23e00ddd0352f153663a7e12db8c6fc26ce02bbb77f5ef7a2a62653,140360,True,100000,ddece87cc3a4377cbfc04dd35d5443c8743f8b74b61bc8552e2bfe56b440606a,8665728,timing,1.0366168889676666,22,270804,4.707218666666667,1,success,4062060,135402,1.35402,146.852658008,2,True,147.116061113,0.040098926023887316,0.038518787005102695,31af894da89892d3b9b6d1937071f6b2678b91c60c249c27280c7ed0f58fa43f
True,1,73.91791542600049,0.2557949320000148,0.24952954899998758,74.11469630800497,1765207,timing_final,9ec7222cc23e00ddd0352f153663a7e12db8c6fc26ce02bbb77f5ef7a2a62653,140360,True,100000,ddece87cc3a4377cbfc04dd35d5443c8743f8b74b61bc8552e2bfe56b440606a,8665728,timing,1.0366168889676666,22,270804,4.707218666666667,2,success,4062060,135402,1.35402,148.897249863,2,True,149.147749428,0.040743519989746346,0.0390294170003358,31af894da89892d3b9b6d1937071f6b2678b91c60c249c27280c7ed0f58fa43f
True,1,74.25728058900724,1.0813306070000002,1.007296784,74.51820316500198,1767992,timing_final,9ec7222cc23e00ddd0352f153663a7e12db8c6fc26ce02bbb77f5ef7a2a62653,140433,True,100000,cfa661fb49addf47008a3e2dc9974ac6d2e5524634e1223b41dc8795068e4c73,8680192,timing,1.0354277877724363,22,271256,4.714645333333333,0,success,4068840,135628,1.35628,151.231071865,3,True,151.532602863,0.04113581799950028,0.03950187799924976,f61843b054476e5041d4ca0def8b25405bb5c3b9847c8a7c4b7dd45a80e5a348
True,1,69.91108965699968,0.2647717650000061,0.2644466419999958,70.32856442099552,1767992,timing_final,9ec7222cc23e00ddd0352f153663a7e12db8c6fc26ce02bbb77f5ef7a2a62653,140433,True,100000,cfa661fb49addf47008a3e2dc9974ac6d2e5524634e1223b41dc8795068e4c73,8680192,timing,1.0354277877724363,22,271256,4.714645333333333,1,success,4068840,135628,1.35628,141.11472729500002,3,True,141.356004755,0.03842300001201693,0.0371556360107661,f61843b054476e5041d4ca0def8b25405bb5c3b9847c8a7c4b7dd45a80e5a348
True,1,71.0085479700088,0.2364848889999962,0.24346589100002802,71.32759727999661,1767992,timing_final,9ec7222cc23e00ddd0352f153663a7e12db8c6fc26ce02bbb77f5ef7a2a62653,140433,True,100000,cfa661fb49addf47008a3e2dc9974ac6d2e5524634e1223b41dc8795068e4c73,8680192,timing,1.0354277877724363,22,271256,4.714645333333333,2,success,4068840,135628,1.35628,143.16127584199995,3,True,143.381923204,0.03834686800007603,0.03703515199543972,f61843b054476e5041d4ca0def8b25405bb5c3b9847c8a7c4b7dd45a80e5a348
True,1,70.4540640850021,1.086363805,0.945172548,70.93322557400079,1767514,timing_final,9ec7222cc23e00ddd0352f153663a7e12db8c6fc26ce02bbb77f5ef7a2a62653,140459,True,100000,bfa191bcb52d979aff5f122bbf5693d8bfd1bee5a980d82e87bcd3c052979f52,8677504,timing,1.0359402888203797,22,271172,4.713370666666667,0,success,4067580,135586,1.35586,143.772559299,4,True,144.038001964,0.03943907099941679,0.03798504199495589,f9c241648c40a48bc4532f88f3919af20debd9a98716d070b786078aaf49314f
True,1,73.58439256801535,0.24348377900000173,0.24400440299999104,73.93749904701448,1767514,timing_final,9ec7222cc23e00ddd0352f153663a7e12db8c6fc26ce02bbb77f5ef7a2a62653,140459,True,100000,bfa191bcb52d979aff5f122bbf5693d8bfd1bee5a980d82e87bcd3c052979f52,8677504,timing,1.0359402888203797,22,271172,4.713370666666667,1,success,4067580,135586,1.35586,148.36920393800003,4,True,148.639662293,0.04021408699910012,0.03815393698678804,f9c241648c40a48bc4532f88f3919af20debd9a98716d070b786078aaf49314f
True,1,71.37840058100568,0.24703902400000288,0.24565256300002147,71.85426801700339,1767514,timing_final,9ec7222cc23e00ddd0352f153663a7e12db8c6fc26ce02bbb77f5ef7a2a62653,140459,True,100000,bfa191bcb52d979aff5f122bbf5693d8bfd1bee5a980d82e87bcd3c052979f52,8677504,timing,1.0359402888203797,22,271172,4.713370666666667,2,success,4067580,135586,1.35586,144.068872393,4,True,144.289613377,0.03806969499692059,0.03625388200003954,f9c241648c40a48bc4532f88f3919af20debd9a98716d070b786078aaf49314f
True,1,117.91146305799558,1.1226994389999998,1.102002847,117.86698286500503,5282355,evaluation_epoch0,6aa9ac762c93f23078b6c3c1efc710e6d88d2b0afc6aff1ef0f2c732f144e25e,410872,True,300000,2a69fd4e896e51ad650b0bba903bcac445639b13166e233f85b96d86d5fa3d2a,25981120,communication,1.0121121799214199,22,811910,4.695426666666667,0,success,12178650,405955,1.3531833333333334,238.85092802999998,0,True,239.326634384,0.1103519590018478,0.1074655970062044,330353960893f26beabbec119d4c9d0b9e6c067032a8131ccc856f229bb60ef9
True,1,117.1235297849995,1.163114174,1.0995950850000002,116.64080997199801,5279655,evaluation_epoch0,6aa9ac762c93f23078b6c3c1efc710e6d88d2b0afc6aff1ef0f2c732f144e25e,410620,True,300000,2a1b040ba4765b0b64ca3a8eb66e4d0f1abba69fd71abd677edb0688492d7a98,25968064,communication,1.0119999704252116,22,811502,4.6930266666666665,0,success,12172530,405751,1.3525033333333334,236.908039643,1,True,237.529825101,0.11323856799591336,0.11083645701361622,f924cb139c1463a0f38efced7dded499e943c528971aaa064d53017ff2e306cf
True,1,114.01794872300727,1.167848119,1.050426018,116.30786708199733,5292883,evaluation_epoch0,6aa9ac762c93f23078b6c3c1efc710e6d88d2b0afc6aff1ef0f2c732f144e25e,411692,True,300000,6f2b062620d423d7b96e8b106ecc6814e1d3853183c4c6bc719f1b1725340593,26032896,communication,1.012115133099291,22,813528,4.704784888888889,0,success,12202920,406764,1.35588,233.392082675,2,True,233.809675073,0.11012092300809151,0.10755117899266908,61c01cb13809735e3b48e9d7a586ccd3fb092a4fb527adc846060ff1fe4abe78
True,1,117.50290571000886,1.148693472,1.0803034640000002,112.57908621000163,5285632,evaluation_epoch0,6aa9ac762c93f23078b6c3c1efc710e6d88d2b0afc6aff1ef0f2c732f144e25e,411149,True,300000,df4b091e32ee22ed4f8630975f7de5a137827dc8559d2319d0c56276e8ea3e0c,25997120,communication,1.0121711943476817,22,812410,4.698339555555555,0,success,12186150,406205,1.3540166666666666,233.163320554,3,True,233.601512116,0.11195979499812703,0.10969715401940583,f1c957906d70a907c3f7eefe69cbef0a71cd949e5343ebf39e56f33e5f56b475
True,1,118.27683226500059,1.145734061,1.1531135240000001,117.89835320999784,5295732,evaluation_epoch0,6aa9ac762c93f23078b6c3c1efc710e6d88d2b0afc6aff1ef0f2c732f144e25e,411817,True,300000,3b7c62fbbe6afa217754470022420374612b28e864b5bba867cb73c326eec236,26047424,communication,1.011857756068316,22,813982,4.707317333333333,0,success,12209730,406991,1.3566366666666667,239.34723907100002,4,True,239.776198731,0.11378409600812045,0.11114949699547427,2a7d665b254046614314af3e1494626d2bb4caa63bec8e6fc0949cc7a0aca480
True,1,115.66454733299175,1.1871347819999998,1.11016519,113.50135001799191,5279964,evaluation_epoch0,6aa9ac762c93f23078b6c3c1efc710e6d88d2b0afc6aff1ef0f2c732f144e25e,410653,True,300000,e7c3e247a5feb9609559d3680eb659848122e4aa741813e473c35056fae94ec9,25969536,communication,1.0120239345054143,22,811548,4.693301333333333,0,success,12173220,405774,1.35258,232.340405505,5,True,234.454864657,0.11226440500026191,0.10907637899924794,ed61e01a2710719f5139a5d78eb6d4a6b4d673e5637e60c65347b771bd19088b
True,1,114.88089845700007,1.1591933289999998,1.0756823039999999,114.59843022599692,5283865,evaluation_epoch0,6aa9ac762c93f23078b6c3c1efc710e6d88d2b0afc6aff1ef0f2c732f144e25e,410846,True,300000,228b7350acc5aca5bd429b955064f83984aecac76930bc180fad4cef2d4a5c34,25989312,communication,1.011729129266677,22,812166,4.696768888888889,0,success,12182490,406083,1.35361,232.568950717,6,True,233.016806518,0.11054057800224992,0.10809451701028028,90408dde4a3d94bd5125fa26a5038fe03436ddc39a7e094f61d21551d16b036f
True,1,116.99369138300423,1.150295814,1.0452091070000002,117.05147787801063,5290274,evaluation_epoch0,6aa9ac762c93f23078b6c3c1efc710e6d88d2b0afc6aff1ef0f2c732f144e25e,411387,True,300000,bd4d0fa83f1ff40c6f6d2001ce6205059c699cf58d6a2955636291e42bdb0682,26020608,communication,1.011842920811074,22,813144,4.702465777777777,0,success,12197160,406572,1.35524,237.09209324,7,True,237.53693459,0.10945333401793311,0.10751697698126472,cdf1fc498b414b85e60fe6c93012b7305d99bb9bb3c6db89a90d3b9e8eb40eec
True,1,114.6360125929859,1.146886003,1.107140507,119.47833187099639,5287820,evaluation_epoch0,6aa9ac762c93f23078b6c3c1efc710e6d88d2b0afc6aff1ef0f2c732f144e25e,411249,True,300000,9c3ad2d79e13b6cb8c45157704a175fd46b0ea72a147d1bb81ff543183981721,26008256,communication,1.011983886962663,22,812758,4.700284444444445,0,success,12191370,406379,1.3545966666666667,237.22984307000002,8,True,237.768226682,0.11161212100723361,0.10895300799896379,d66785bffa88590de7e34437696a77b4e8ccae3148ba172e56d298b4554832bc
True,1,117.13339447700436,1.1327422600000001,1.068530661,119.04918508601298,5287144,evaluation_epoch0,6aa9ac762c93f23078b6c3c1efc710e6d88d2b0afc6aff1ef0f2c732f144e25e,411233,True,300000,6db326dc1cb47525c4b1278f33275ca00817c5802393ce8f233f4249f7f982ea,26004736,communication,1.012081491617527,22,812648,4.699683555555556,0,success,12189720,406324,1.3544133333333332,239.26369075,9,True,239.903996642,0.11244017599831757,0.10978506200844418,4729739fff618f0052a9e401469bc4f11c0393292b0c69592706ce5ac309706e
True,1,115.31895530198969,1.126845042,1.062703082,117.38140223900342,5286756,evaluation_epoch0,6aa9ac762c93f23078b6c3c1efc710e6d88d2b0afc6aff1ef0f2c732f144e25e,411145,True,300000,9857b3713504664f2122c2193993ba3f2af559e09df981f8dc70f50237df3a42,26003136,communication,1.0119271767836002,22,812598,4.699338666666667,0,success,12188970,406299,1.35433,235.73025516,10,True,236.169209556,0.11000902098714516,0.107524566001727,54f78ad98ce2a38d922ab7e88e79dd2c7bbeecf9719eb4576f1dc10f0d5a639d
True,1,115.29000711499864,1.16779221,1.2008185519999999,116.45328559800966,5299100,evaluation_epoch0,6aa9ac762c93f23078b6c3c1efc710e6d88d2b0afc6aff1ef0f2c732f144e25e,412137,True,300000,6d98bf3559499dcb515631e22a49e6e80ccbf40b930774da15c25ddbd8ee6f3d,26063680,communication,1.012012424953038,22,814490,4.710311111111111,0,success,12217350,407245,1.3574833333333334,234.960190538,11,True,235.401831356,0.11108105399650992,0.10898927800479274,86c442b1481f132fdb709a8eb9075e8af51bd4c7a21464fca5fc881596894052
True,1,119.96189058800024,1.2363723389999999,1.139592898,118.96417849200532,5286076,evaluation_epoch0,6aa9ac762c93f23078b6c3c1efc710e6d88d2b0afc6aff1ef0f2c732f144e25e,411125,True,300000,1501da1ccdecc2eeadb69b68f3a13a6e8a130525f2a36ca72a1b160b18cd1bb8,25999616,communication,1.0120149466822894,22,812488,4.698734222222222,0,success,12187320,406244,1.3541466666666666,242.16301891999998,12,True,242.620628264,0.11214632701633764,0.10929755700697186,d5b300ba445b2a1b1e29231cd4ddac1b37fcc3c0e8ca4aae5be1f1acae3b13dc
True,1,117.87918151000748,1.159962304,1.0885513370000002,117.91001714199793,5287610,evaluation_epoch0,6aa9ac762c93f23078b6c3c1efc710e6d88d2b0afc6aff1ef0f2c732f144e25e,411339,True,300000,8844b6bcb3d688e0b5ef2bef95d5531fb20794e4e4e1bfdbe1816e723149ae24,26006656,communication,1.0122676287178174,22,812708,4.700097777777778,0,success,12190620,406354,1.3545133333333332,238.922028502,13,True,241.116263816,0.11364134500477663,0.11027738598142367,ef5de2c922997b732f6024476bd96949bfa7213c49eced941bb01e5eff92022f
True,1,116.74622133299212,1.153779474,1.073812664,118.89860112000136,5282826,evaluation_epoch0,6aa9ac762c93f23078b6c3c1efc710e6d88d2b0afc6aff1ef0f2c732f144e25e,410899,True,300000,604a10be6d3bbe8546e2509a736ab51b8141ae43fb85315e1cec5646b189b02a,25983488,communication,1.0120864450531044,22,811984,4.695845333333334,0,success,12179760,405992,1.3533066666666667,238.72396228000002,14,True,239.182164201,0.11035332200351711,0.10795471199739293,7df21c3c126a44e21e238e43af26a8acdba000c84be2a505eecf07ccf68baa87
True,1,117.89169829898978,1.163468501,1.04269139,120.27561300699783,5286224,evaluation_epoch0,6aa9ac762c93f23078b6c3c1efc710e6d88d2b0afc6aff1ef0f2c732f144e25e,411165,True,300000,6efe1f3d41ea3e45b0c29a937c62e7a2e3807be2b9eff3d52119a7afd8037e80,26000192,communication,1.0120909876357835,22,812506,4.698865777777778,0,success,12187590,406253,1.3541766666666666,241.222346988,15,True,241.664885877,0.10986139700357667,0.10726624300986076,0c3f0cd090ed6d02e137f34207503a535ac84ef7dcf7b0acfde2793a5fe020e2
True,1,117.97103033999267,1.14417735,1.102098826,117.06758189900322,5283259,evaluation_epoch0,6aa9ac762c93f23078b6c3c1efc710e6d88d2b0afc6aff1ef0f2c732f144e25e,410900,True,300000,e74d50fd326ff9d015ffbc6e2ee3ceffeb00f39a3bb1c10976023ad01763a521,25985792,communication,1.0119991724708641,22,812056,4.696230222222222,0,success,12180840,406028,1.3534266666666666,238.142663643,16,True,238.619666769,0.11060496297837608,0.10842606299136337,f3b5a9a55a0b6427e06eaf47aa17a6051cb81fa40493bac7208d7cf57dcce2ce
True,1,120.67476362499596,1.146122252,1.093830654,120.19548777599438,5294048,evaluation_epoch0,6aa9ac762c93f23078b6c3c1efc710e6d88d2b0afc6aff1ef0f2c732f144e25e,411825,True,300000,de51e08492caf27b6517857412a33033eea6d6785a8476517ffa408deffb2f26,26038400,communication,1.0122280938920978,22,813700,4.705820444444444,0,success,12205500,406850,1.3561666666666667,243.980971119,17,True,244.733535877,0.11199440099419666,0.10931695300309707,26520e337e6c1d3d71c089cfce43267d8ace8f831f607a91ce1e26f5808dec76
True,1,119.9413880659953,1.18306227,1.052536604,119.64298115099253,5278669,evaluation_epoch0,6aa9ac762c93f23078b6c3c1efc710e6d88d2b0afc6aff1ef0f2c732f144e25e,410570,True,300000,11f114022c52c6fe43f61e9ae4445b74544d4a04a5ad891b441a4c65108446c4,25963072,communication,1.0120712988047023,22,811346,4.692150222222222,0,success,12170190,405673,1.3522433333333332,242.676220427,18,True,243.133047968,0.10998392400696755,0.10730411200396484,a0b87d96b3c45ca6690f8c35c7fc65bb53d59a05517f545c0289ca02883578c9
True,1,118.10086939999974,1.1690986859999999,1.1079436819999997,118.52734951998482,5277704,evaluation_epoch0,6aa9ac762c93f23078b6c3c1efc710e6d88d2b0afc6aff1ef0f2c732f144e25e,410517,True,300000,11be2b8ef0fa0cd27c5dc36bd13fe6daf13d05f8d59aa86467131a2a3cf27bc7,25958208,communication,1.0121302672357044,22,811194,4.691292444444445,0,success,12167910,405597,1.35199,239.764323333,19,True,240.215291874,0.11162012698219659,0.10891746599597019,85c4e8f05723a802613f25e671d487dc2b98ac45b49750020a8113b1d9ff90f8
True,1,122.18283126401275,1.165797575,1.1408873860000002,122.05038441199991,5287681,evaluation_epoch0,6aa9ac762c93f23078b6c3c1efc710e6d88d2b0afc6aff1ef0f2c732f144e25e,411182,True,300000,ff3185412fddd1c53133125d97d345a1048f00d05b7e3b43e5fca01ceb43f36e,26007872,communication,1.0118339555039335,22,812746,4.700160888888889,0,success,12191190,406373,1.3545766666666668,247.426991377,20,True,247.872736906,0.11488473800704346,0.1120306049927473,11f82f44d5af420acfe93a117fc5e064f22946618b9a324fceacbd869e544b20
True,1,117.32556101000274,1.2154675419999998,1.1262893029999999,115.56405118199382,5297090,evaluation_epoch0,6aa9ac762c93f23078b6c3c1efc710e6d88d2b0afc6aff1ef0f2c732f144e25e,411987,True,300000,f3de4ce37426a86a4dcde13faed28dbcf340ff4125ddad2fbd6154b9f32a9efa,26053760,communication,1.0120292809943747,22,814180,4.7085244444444445,0,success,12212700,407090,1.3569666666666667,236.112261416,21,True,238.205500305,0.11307686099775971,0.10969822500277937,9ca4432e6d8a8e16ada9d550b5278a6b60117707341a3002564171c8c01a1537
True,1,118.44436875101076,1.152066924,1.096830469,119.00845146298754,5276914,evaluation_epoch0,6aa9ac762c93f23078b6c3c1efc710e6d88d2b0afc6aff1ef0f2c732f144e25e,410375,True,300000,4d71d49fa1422a1df4335fd728af17cca2945c06a880fcd9c2fdd132d9ec49d6,25954752,communication,1.0119148894198642,22,811086,4.690590222222222,0,success,12166290,405543,1.35181,240.557205584,22,True,241.017289237,0.11063324400346541,0.10859579901116989,e6aa043840576a1bb5c7bbf026f421fdb2527158d4b9fb97791ab71155694dc6
True,1,119.4071851520034,1.143450115,1.1091714919999998,117.47775408200913,5277788,evaluation_epoch0,6aa9ac762c93f23078b6c3c1efc710e6d88d2b0afc6aff1ef0f2c732f144e25e,410433,True,300000,b749b6b27063c3d60120c7fff75812ff4a388c512557ac4217446002d66742e3,25959104,communication,1.0118882377450316,22,811222,4.691367111111111,0,success,12168330,405611,1.3520366666666668,239.992390731,23,True,240.450172863,0.11135954100374379,0.10909836999693834,aa720906f5a127964e8772097bbf310ff1422c70db2e0e273e7243bb47adade3
True,1,119.6502937780001,1.1415494170000002,1.1243629489999998,119.74568611300357,5287619,evaluation_epoch0,6aa9ac762c93f23078b6c3c1efc710e6d88d2b0afc6aff1ef0f2c732f144e25e,411324,True,300000,219dc225dc7ad31785b485dc77d9b5103be4a68d3600aa395227c14966adf24b,26006784,communication,1.0122257331010247,22,812712,4.700105777777778,0,success,12190680,406356,1.35452,242.520603095,24,True,243.079590432,0.11042072899885103,0.10800061498551106,9d055c7b9d989f051542e938dcff2c0cf8cf5937ff153e97012db35ba27978fd
True,1,119.73051047499695,1.1667007520000001,1.111210066,124.37087710399608,5281784,evaluation_epoch0,6aa9ac762c93f23078b6c3c1efc710e6d88d2b0afc6aff1ef0f2c732f144e25e,410745,True,300000,1005358fa41661231678dbe41ab80d93ee3a0bf2a3377c951a973242d3c9e08f,25978752,communication,1.0118915643060913,22,811836,4.694919111111111,0,success,12177540,405918,1.35306,247.249849718,25,True,247.820097168,0.11150549898995532,0.10896482899954307,7a8d3af553ec17384f92e216dce9655317cfaf9b6ed239a9eefdd8a2e99e3162
True,1,117.75833248700478,1.158076044,1.123348735,117.69344132201044,5290086,evaluation_epoch0,6aa9ac762c93f23078b6c3c1efc710e6d88d2b0afc6aff1ef0f2c732f144e25e,411427,True,300000,86a9e6ad734efe093359478b0feae4f200f4e5494b7a6e9f9c4449d96c33029e,26019392,communication,1.0119885968127156,22,813106,4.702298666666667,0,success,12196590,406553,1.3551766666666667,238.592838043,26,True,239.038589982,0.1105719780077643,0.10779484900210301,c7c6b70c2bab508f15efdaa46c39b4ef5d3483d0ba2a96e292e85d95afdec19a
True,1,115.51393406200091,1.1826802889999999,1.1152546920000002,117.95559727299829,5276652,evaluation_epoch0,6aa9ac762c93f23078b6c3c1efc710e6d88d2b0afc6aff1ef0f2c732f144e25e,410437,True,300000,c6e18b0c90b4c7fa71aff28a6f21e90b8995a094f407b85e7bb64b6233fed206,25953024,communication,1.0121351561960563,22,811032,4.690357333333333,0,success,12165480,405516,1.35172,236.610125576,27,True,237.061776818,0.11029576799597507,0.10788854299128481,8373aace1c0e29fb89bee3b07a4094c0125d7dda331ca6a11c15c522c4c1a380
True,1,121.93317552000488,1.1276712510000002,1.067653966,122.29234539099596,5286626,evaluation_epoch0,6aa9ac762c93f23078b6c3c1efc710e6d88d2b0afc6aff1ef0f2c732f144e25e,411207,True,300000,d8e63b67e923d40f9f75264ee8923f4166c2024845e6409a2adc037c5ff3e2b0,26002112,communication,1.0121196308976748,22,812566,4.699223111111111,0,success,12188490,406283,1.3542766666666666,247.291226499,28,True,247.747068822,0.11316049199414246,0.11032876800867886,2301fb99d9fa7a38ea05b97777df69f5fcb8c706cb43145f57e8e975f94652fe
True,1,118.41682090499562,1.2423495569999998,1.0866599209999999,121.14476338299393,5286460,evaluation_epoch0,6aa9ac762c93f23078b6c3c1efc710e6d88d2b0afc6aff1ef0f2c732f144e25e,411197,True,300000,c01fe03d9cc1799830195e023b7648e5c73bfcb4de7f14a6832f2eeab3d1ce94,26001280,communication,1.0121274029586236,22,812540,4.699075555555556,0,success,12188100,406270,1.3542333333333334,242.758761503,29,True,244.991456824,0.11232339098936928,0.10870911399718253,80126482389dd16ffb6a78a2c99ead06c64467e708db762ec1f75083167659e0
True,1,119.30191114198985,1.1352439319999998,1.0875314720000002,123.73501504299242,5284101,evaluation_epoch0,6aa9ac762c93f23078b6c3c1efc710e6d88d2b0afc6aff1ef0f2c732f144e25e,411046,True,300000,19016ff370e0807af9812962cd6720498ce8b1a1271a65ed8fe83b35325548d4,25989504,communication,1.0122141615322862,22,812172,4.696978666666666,0,success,12182580,406086,1.35362,246.11617269700002,30,True,246.60151878,0.11111513400453266,0.10836962598462252,bacea2356d81ed28344d46763b44b8fcef70cc578e3f708567d4ce2853497ead
True,1,121.420197912003,1.1722592029999999,1.0563019219999998,122.82040195499432,5259734,evaluation_epoch0,6aa9ac762c93f23078b6c3c1efc710e6d88d2b0afc6aff1ef0f2c732f144e25e,409131,True,300000,c7031f14fc9189f01aa4815930dda6bfba789404c9e278b910de2197372e2524,25869760,communication,1.0121618445629184,22,808430,4.675319111111111,0,success,12126450,404215,1.3473833333333334,247.31613915600002,31,True,247.778480518,0.10950554299893511,0.10724541699617696,d31911446926b3d700aa9b8681746e0e155260abc1f46b27932117ed9154c076
True,1,119.88677053300673,1.1624747930000001,1.10663461,121.73883156800225,5282895,evaluation_epoch0,6aa9ac762c93f23078b6c3c1efc710e6d88d2b0afc6aff1ef0f2c732f144e25e,410884,True,300000,721010b666ba51d5a35b69dcdc1c7d1d2447dda7d9c36809d6954d519cb860c5,25983936,communication,1.012032049340023,22,811998,4.695906666666667,0,success,12179970,405999,1.35333,244.759149927,32,True,245.268418276,0.11234193501329459,0.10979927600814232,23f902b7d8b67f59ce42d67ce32434e50427a05133f557913b120561f09b2e5c
True,1,123.75281009599834,1.1788195949999998,1.1259722279999997,122.27851287400695,5283676,evaluation_epoch0,6aa9ac762c93f23078b6c3c1efc710e6d88d2b0afc6aff1ef0f2c732f144e25e,410945,True,300000,d32d2dd81bcc1c1f2b0c71bc786ab76a9a5ce2f2fadc0f708dd1a9e3537a99c0,25987776,communication,1.0120327341593216,22,812118,4.696600888888889,0,success,12181770,406059,1.35353,249.19726008,33,True,249.850559668,0.11074260300592531,0.10817252700664959,727bba13f444c87e9f5ae281efd8c54748fea37df2a68a1ee846ec93f41f4094
True,1,117.4074555550024,1.1652856649999999,1.085527742,120.0506808210018,5292039,evaluation_epoch0,6aa9ac762c93f23078b6c3c1efc710e6d88d2b0afc6aff1ef0f2c732f144e25e,411604,True,300000,f3645d80c3c6fac048331346ea3916f1662602cf13192b2fbd52637e042ed793,26028864,communication,1.0120555395732984,22,813402,4.704034666666667,0,success,12201030,406701,1.35567,240.572943842,34,True,241.024031558,0.1118863610054972,0.10975696700742787,78c56d2a12839e49aca2aa5dfdd33268a536b2eace29dc9be6aef249ea7b4fcc
True,1,117.80778690799886,1.175362754,1.102536215,120.46741712500271,5284749,evaluation_epoch0,6aa9ac762c93f23078b6c3c1efc710e6d88d2b0afc6aff1ef0f2c732f144e25e,411094,True,300000,14a2cf06782b66f5fe7dcc8561b1f1a08c37b5c1d3df94c37b6c66293a4cc9dd,25992704,communication,1.0122077333701027,22,812272,4.697554666666667,0,success,12184080,406136,1.3537866666666667,241.409344223,35,True,241.877407926,0.11119101401884013,0.10873166800710266,941ad59435d54870a63f764070ee9b390543692db24ad561acda0c7a5235629c
True,1,120.33560866900145,1.120698857,1.0673117909999998,122.94257300200395,5284854,evaluation_epoch0,6aa9ac762c93f23078b6c3c1efc710e6d88d2b0afc6aff1ef0f2c732f144e25e,411007,True,300000,04fdffd26c482b217ae03e8586287ca13954e90e84e101d6ec309ed8118d66fa,25993728,communication,1.011953652819634,22,812304,4.697648,0,success,12184560,406152,1.35384,246.33060546299998,36,True,246.778343603,0.11187411199228059,0.10943569099280115,8cfc54041e32e68ebe5cfd5aba326a287a04bd2fca877238b613820d5e0c38e6
True,1,114.31487236400787,1.1719275040000001,1.0732089790000003,116.82907856699734,5277898,evaluation_epoch0,6aa9ac762c93f23078b6c3c1efc710e6d88d2b0afc6aff1ef0f2c732f144e25e,410495,True,300000,2dbf732da667de97af8e71194c4042e3f4b200f32de1113a93aba73db62d90cd,25959360,communication,1.0120311132477842,22,811230,4.691464888888889,0,success,12168450,405615,1.35205,234.257129618,37,True,236.46603088,0.11182337200012693,0.10879203200660248,b62d9934faa8d85687e8bc5ab4c69233c4877390eb0e15be337c2881de3de55f
True,1,121.97399828299176,1.1284319199999997,1.088524616,118.90181375000377,5279789,evaluation_epoch0,6aa9ac762c93f23078b6c3c1efc710e6d88d2b0afc6aff1ef0f2c732f144e25e,410670,True,300000,560ca47943552319d3d505ed336c98699ddf0be1dc2880e3a1a9f7fe07f95c5c,25968512,communication,1.012105737902888,22,811516,4.693145777777778,0,success,12172740,405758,1.3525266666666667,243.954433495,38,True,244.426191658,0.11121273599812342,0.10874187199886709,5b860a5d48a5aaea11cb93be166a1158d3332939d03908dac08d59ceff92bdae
True,1,119.96992211099405,1.170923668,1.0796296019999998,120.62576126599468,5274461,evaluation_epoch0,6aa9ac762c93f23078b6c3c1efc710e6d88d2b0afc6aff1ef0f2c732f144e25e,410178,True,300000,4a0b41d80ee61870e9a531e580d3cabb72c14e1d7a26cca85c23c794de8619ad,25942720,communication,1.0118982126777762,22,810710,4.688409777777777,0,success,12160650,405355,1.3511833333333334,243.714256035,39,True,244.166963719,0.11200112000749307,0.10989981798839565,dfa911f2be21b720585bbdb05fa692a2bdff1cf2798ed98e25bc8f9fac2c478f
True,1,118.23915936500657,1.17871551,1.1003956119999998,118.01220719999618,5288363,evaluation_epoch0,6aa9ac762c93f23078b6c3c1efc710e6d88d2b0afc6aff1ef0f2c732f144e25e,411396,True,300000,de7ebd5e54a52f86ef09bc9465f56f4e0539db2cff2267ccdf53dda2113a9923,26010368,communication,1.012263417418777,22,812824,4.700767111111111,0,success,12192360,406412,1.3547066666666667,239.38400558200001,40,True,239.852200296,0.11091464299653975,0.10853935499422862,d5bd180e005b0e6a3cba63a0c7f67681d6aa3f3bcb58bf662df1e533daac75ce
True,1,115.32470137600481,1.1499044999999999,1.125847584,116.23006381201174,5275651,evaluation_epoch0,6aa9ac762c93f23078b6c3c1efc710e6d88d2b0afc6aff1ef0f2c732f144e25e,410372,True,300000,3513c5168858854a962854f7635490f35f6ff78dfc9930c50ba2a9af6bc3484c,25948032,communication,1.0121695549011194,22,810876,4.689467555555556,0,success,12163140,405438,1.35146,234.70327574299998,41,True,235.32310457,0.1125805639843529,0.10956042700597735,f3980bd5026be47e5165b4c68b7f88b9be110b50098d66770728cf71f514f80b
True,1,114.17180092899935,1.136461809,1.043515137,115.85616914398025,5293885,evaluation_epoch0,6aa9ac762c93f23078b6c3c1efc710e6d88d2b0afc6aff1ef0f2c732f144e25e,411698,True,300000,ce4d2e2bf9596cd9e8eb1f443af2f53bfbc95c47fcd0bda8e6f94fda3cdb7f85,26038208,communication,1.0119234011802962,22,813694,4.705675555555556,0,success,12205410,406847,1.3561566666666667,233.064152349,42,True,233.502940438,0.11069333900693623,0.10857045399597487,51849b8aea0be005111742fe1d50970c1f7bb67a5f44a857e02067dc5978917a
True,1,115.65101892799765,1.1833503259999998,1.1201413899999997,117.05840287399708,5291726,evaluation_epoch0,6aa9ac762c93f23078b6c3c1efc710e6d88d2b0afc6aff1ef0f2c732f144e25e,411615,True,300000,f0957cd5cbe20379dd5d4b8b192ebd7ca8747f6bfae8441d52578064c80ebb6c,26027136,communication,1.0121497809055902,22,813348,4.703756444444444,0,success,12200220,406674,1.35558,235.871072234,43,True,236.332402759,0.11156842400078126,0.10968931100496215,bdaba890d737201e9a71cf6c70fb1c52269a2cfbf875d37d22fb9bba64868c84
True,1,116.8645641900024,1.123769875,1.060365257,118.70710981500906,5282629,evaluation_epoch0,6aa9ac762c93f23078b6c3c1efc710e6d88d2b0afc6aff1ef0f2c732f144e25e,410930,True,300000,4d0916413f9c15815e1ee72b0cd2f0e4df38ac7fe759ed5c425b134cdd777c38,25982272,communication,1.012210171612398,22,811946,4.695670222222223,0,success,12179190,405973,1.3532433333333334,238.620930738,44,True,239.054783867,0.11248281599933296,0.1100061309951772,154abc1ed6b10fa8c2df717ecb2651df5a87e4794c4eca95950430d6a81bc3be
True,1,116.6108526829999,1.182088436,1.1111288739999998,117.43055417101016,5287991,evaluation_epoch0,6aa9ac762c93f23078b6c3c1efc710e6d88d2b0afc6aff1ef0f2c732f144e25e,411312,True,300000,a72afae551df8e7fed92e79cab7c5733583830677f5fc8b25600c225ae8a9bed,26008832,communication,1.0121164995029381,22,812776,4.700436444444445,0,success,12191640,406388,1.3546266666666666,237.216253672,45,True,239.392949819,0.11213933400007559,0.10908942500514351,f4c3dd384ab77a0fad6380e745d79d552aaec384d88d0fbadd6c41f8a20a477e
True,1,116.75289946000419,1.130779089,1.0868174419999999,118.83767040298807,5284112,evaluation_epoch0,6aa9ac762c93f23078b6c3c1efc710e6d88d2b0afc6aff1ef0f2c732f144e25e,411093,True,300000,9adbe487ec068d6d92258cc8de6e4391e981c4ad77132bf7db470c914b3102b9,25989312,communication,1.012337379304231,22,812166,4.696988444444444,0,success,12182490,406083,1.35361,238.666825757,46,True,239.114691143,0.11112285600425853,0.10854437801221684,90e57665670c2051de63988e18858f1f1e58a3192f835d6e1e83889e01d6aa1b
True,1,118.06415835999974,1.185109224,1.0857199679999998,116.52529642400685,5278870,evaluation_epoch0,6aa9ac762c93f23078b6c3c1efc710e6d88d2b0afc6aff1ef0f2c732f144e25e,410591,True,300000,5471e4177a3b2c9219a2dfd9513c4f0ca8e9e46097d2d361be21da6a8bcaf681,25964032,communication,1.012085642168366,22,811376,4.6923288888888885,0,success,12170640,405688,1.3522933333333333,237.711566457,47,True,238.150537276,0.11032998299643548,0.10823892499165222,5e7b59689ed77269412240f36f3e4852913daf251b7d8c50a84d5132c63e4328
True,1,115.43380061400484,1.144519248,1.1074336139999998,117.69184673101225,5283646,evaluation_epoch0,6aa9ac762c93f23078b6c3c1efc710e6d88d2b0afc6aff1ef0f2c732f144e25e,410927,True,300000,620599ad885e8323c06deafcb5d5fbf6e5c9e606bc113fc410739f0c95a3475c,25987712,communication,1.011990897852031,22,812116,4.696574222222222,0,success,12181740,406058,1.3535266666666668,236.24204772700003,48,True,236.755633117,0.11235498598964222,0.11004599499860968,a56842604c05c581ce50fe9b71a8808363a847bbfe895f9ca51d12798c386c0a
True,1,118.08755346100236,1.121755474,1.052691514,119.67212543400322,5282883,evaluation_epoch0,6aa9ac762c93f23078b6c3c1efc710e6d88d2b0afc6aff1ef0f2c732f144e25e,410968,True,300000,5b9b7893b64aa57e403786ebde10bd8f87d2adeb7b09f58f464c0734e1d6c529,25983424,communication,1.0122588924385023,22,811982,4.695896,0,success,12179730,405991,1.3533033333333333,240.80128179399998,49,True,241.358880622,0.1114934350045913,0.10855906200423426,e4ddc9443e03f116192959abd398a8a11844c552b31f8252e93853c8af4077c1
True,1,115.87367678099676,1.130899738,1.1113659830000002,118.85189395600398,5287888,evaluation_epoch0,6aa9ac762c93f23078b6c3c1efc710e6d88d2b0afc6aff1ef0f2c732f144e25e,411317,True,300000,e3ece1d4e638e9873328f89ef52f8eaa38f7829d7ce7e52aad1ca7c9c4afa713,26008256,communication,1.0121512184438664,22,812758,4.700344888888889,0,success,12191370,406379,1.3545966666666667,237.82715742099998,50,True,238.275344531,0.11018480800818553,0.10807694500294263,e7f147af31f28d8a189b7a327206dc36d9583412e8eae2d6c3e53abd3361a6d1
True,1,115.73472695100642,1.140880883,1.074961645,116.39698228099533,5293493,evaluation_epoch0,6aa9ac762c93f23078b6c3c1efc710e6d88d2b0afc6aff1ef0f2c732f144e25e,411750,True,300000,dd4a010200734936b79115bdfbd167fe7f9bb9c843da72c46baa6f8c11b43d46,26035840,communication,1.012143260981785,22,813620,4.705327111111111,0,success,12204300,406810,1.3560333333333334,235.195214576,51,True,235.656879072,0.11096892400794145,0.10890329101336693,9beca01e4ca252615f9b3c4a4fe8fb272e7a0ab64fa544cbad9b31e4b184334f
True,1,120.40301390599201,1.1321347720000001,1.0986217199999997,118.53275328101012,5291182,evaluation_epoch0,6aa9ac762c93f23078b6c3c1efc710e6d88d2b0afc6aff1ef0f2c732f144e25e,411503,True,300000,47390bbdd7a4856a6abab17ac5d9fb2fa836facfe1f545b091851234bfc28a2e,26024832,communication,1.0119639581150803,22,813276,4.703272888888889,0,success,12199140,406638,1.35546,242.04087762400002,52,True,242.483815612,0.11326116300912847,0.11043727400123338,85d787aa571b4e875ab7ef182c5353cc705dcdd26bf8f419c11fa9f502ccf129
True,1,118.5903332720049,1.1597320569999998,1.0732564949999999,118.8875079940122,5284492,evaluation_epoch0,6aa9ac762c93f23078b6c3c1efc710e6d88d2b0afc6aff1ef0f2c732f144e25e,411029,True,300000,3c0aa64a615ef0983048be3e8f21edf8aca3b483c9291526d40a3b1f40629ad2,25991680,communication,1.012087560326997,22,812240,4.697326222222222,0,success,12183600,406120,1.3537333333333332,240.580640395,53,True,242.803242265,0.1118174020080347,0.1083315809890113,a72eed39f12ea07ca951db90689810d0fda16c5f264785125389cf85e18913e7
True,1,119.56125047200139,1.145576664,1.1264371400000002,120.38119522099299,5287801,evaluation_epoch0,6aa9ac762c93f23078b6c3c1efc710e6d88d2b0afc6aff1ef0f2c732f144e25e,411194,True,300000,d5ee5c051d644227b1837472531039af0cadf4d4e36c8b07dbfb0e562232e664,26008448,communication,1.0118410756381926,22,812764,4.7002675555555555,0,success,12191460,406382,1.3546066666666667,243.071201726,54,True,243.550172564,0.11130229900189148,0.1086172270146748,317b42bb50362cd045bae7794eefec780d7ac19c48d88f69b88eef4e19e2f8b6
True,1,118.5487742550022,1.179867765,1.142135942,120.59539312999306,5284602,evaluation_epoch0,6aa9ac762c93f23078b6c3c1efc710e6d88d2b0afc6aff1ef0f2c732f144e25e,411007,True,300000,0be858a3c63e602e4c6bfedd98d41ffe1c0f536f4682171c6d0fc8a61c12d890,25992384,communication,1.0120059783665862,22,812262,4.697424,0,success,12183930,406131,1.35377,242.340729884,55,True,242.811743509,0.1123644060015141,0.11013971600246908,c099c454a0a542bd8f1652537f4c226f46ec5d0fe767bf352d34ba4fc63db592
True,1,119.6006626980056,1.1815681390000001,1.070274929,118.29306525299836,5284277,evaluation_epoch0,6aa9ac762c93f23078b6c3c1efc710e6d88d2b0afc6aff1ef0f2c732f144e25e,411078,True,300000,47cff2d13f7f7c13ae2ce82d7422eddf77aedd5d4c494a988e85ce118c06f5ac,25990272,communication,1.012263049805712,22,812196,4.697135111111111,0,success,12182940,406098,1.35366,240.992584357,56,True,241.47987104,0.1101938329780685,0.10751641298762671,a020b29ac218a22be2d8c02c67a3aab4d952b4395bf3d20b0eed01fe480da394
True,1,118.06091063899882,1.197474608,1.0927361149999997,119.87965058100396,5287882,evaluation_epoch0,6aa9ac762c93f23078b6c3c1efc710e6d88d2b0afc6aff1ef0f2c732f144e25e,411287,True,300000,d73b97f531132b6c7f0d2c858935d2966a1d1f17501819da4c421e0eb044ee5b,26008384,communication,1.0120724148028575,22,812762,4.700339555555556,0,success,12191430,406381,1.3546033333333334,241.099558005,57,True,241.820323955,0.11209996700152036,0.1092901140022331,d9fe7c8caa6310384f621bd8acb1d3a6b6fbaabafb2d1144aaba678e2e86d849
True,1,117.30209778299218,1.1496574970000002,1.1294813750000001,117.9905477390044,5288095,evaluation_epoch0,6aa9ac762c93f23078b6c3c1efc710e6d88d2b0afc6aff1ef0f2c732f144e25e,411212,True,300000,bb5d6dd0025196c39f8146ac1bdc5ce53377f8741c08576888704e9411bf80e0,26009920,communication,1.0118281025085814,22,812810,4.700528888888889,0,success,12192150,406405,1.3546833333333332,238.425635973,58,True,238.8708394,0.1097353099921139,0.10755796900959824,f00cef3d66240269c6f7801791b2a9f782dcba474d24e00034548f882aee6774
True,1,115.9738801700025,1.184485852,1.1187820249999998,118.42231961800675,5274606,evaluation_epoch0,6aa9ac762c93f23078b6c3c1efc710e6d88d2b0afc6aff1ef0f2c732f144e25e,410263,True,300000,c0368d30ef3ba96510a26939e4b12f7313e678a9f8f6120dc4831ca978cac505,25943040,communication,1.0120954213538582,22,810720,4.688538666666667,0,success,12160800,405360,1.3512,237.544039878,59,True,238.002127892,0.10987105801152186,0.10757095900108293,a9b127f0e208bd4d93020b17d8d495d4555d108c26d89a4ac035fe4407cc7ad9
True,1,115.87858107599176,1.1224814149999998,1.062290939,118.73046164400469,5291026,evaluation_epoch0,6aa9ac762c93f23078b6c3c1efc710e6d88d2b0afc6aff1ef0f2c732f144e25e,411563,True,300000,2c8695648ac62fa527eca9e0981a742c0030f050b7692f3a465f313dbbf92a8b,26023680,communication,1.0121563130195268,22,813240,4.703134222222222,0,success,12198600,406620,1.3554,237.659214491,60,True,238.092520336,0.1121253020035482,0.10967035200835351,f5e675c5d55824c0ff3a0ef597c89d4bb1efdc054f93d3ad4ee4fb7cfb64942e
True,1,120.90215762000985,1.2196137510000002,1.094857298,122.36527443201025,5287925,evaluation_epoch0,6aa9ac762c93f23078b6c3c1efc710e6d88d2b0afc6aff1ef0f2c732f144e25e,411318,True,300000,03c215086af1cb91f0b237e1026b863773a45bda91c763f92d72ea8b0abef852,26008448,communication,1.0121462072631169,22,812764,4.700377777777778,0,success,12191460,406382,1.3546066666666667,246.471012873,61,True,248.836385031,0.11445538399416755,0.11049635299489058,350cba648daa1f386ac5ca5f08c05590773cb0035791f4e4eecdb1810b68205e
True,1,119.16896911600986,1.136411023,1.0972125989999997,122.05478456400277,5275703,evaluation_epoch0,6aa9ac762c93f23078b6c3c1efc710e6d88d2b0afc6aff1ef0f2c732f144e25e,410268,True,300000,1ee5cea6927458f1b23f6101644eb707e9134e732a1282961461decb916b88e1,25948864,communication,1.0118805971621725,22,810902,4.689513777777778,0,success,12163530,405451,1.3515033333333333,244.31165715600002,62,True,244.799266808,0.11070922200352795,0.10806703399193385,283d497d1fca6ee70da2968fef5f97146783137e0cce8f2cac52354ecbe6369e
True,1,119.11257365299645,1.171192291,1.1205872620000004,118.72082847300653,5276941,evaluation_epoch0,6aa9ac762c93f23078b6c3c1efc710e6d88d2b0afc6aff1ef0f2c732f144e25e,410342,True,300000,5d7d73880bd8a7691909cc7180277e95dbfe3a6ea16ec4427e139ea454d58544,25955072,communication,1.0118210421454428,22,811096,4.690614222222222,0,success,12166440,405548,1.3518266666666667,240.99666348099998,63,True,241.449404671,0.11286453299972221,0.1104259619962793,465bbca5ffb9a54deaa8ab47f9dd767d35540e85adbc6c8a879a3eb7b897b8df
True,1,117.81737612500515,1.168485252,1.0623415320000003,120.9054152559944,5277723,evaluation_epoch0,6aa9ac762c93f23078b6c3c1efc710e6d88d2b0afc6aff1ef0f2c732f144e25e,410488,True,300000,4ba8a596928eaea9825b80127c4ed0d36db0ce08b629413918f00a37173816fd,25958464,communication,1.0120487868619654,22,811202,4.691309333333334,0,success,12168030,405601,1.3520033333333332,241.814518762,64,True,242.290811212,0.1113129259934671,0.10872627599724138,b41c89b3d0b3b72774ed4b479f1f8e6ee292f03824605b66e427c794d57a3910
True,1,118.87335037301469,1.1482865119999999,1.0810333859999997,119.46240248500457,5275182,evaluation_epoch0,6aa9ac762c93f23078b6c3c1efc710e6d88d2b0afc6aff1ef0f2c732f144e25e,410347,True,300000,779294c91a83e86e96125c9cab509507dc1c93010d238c93055d6a92fb14fcc6,25945664,communication,1.0122002659095561,22,810802,4.689050666666667,0,success,12162030,405401,1.3513366666666666,241.442346587,65,True,242.084351095,0.11350071600018596,0.11050944499082238,52a605d82713a1deba8e1305987794b830f2d815c61f9a0329cfcdce621e2509
True,1,116.96846670700273,1.187259061,1.079369982,119.90469021400322,5290017,evaluation_epoch0,6aa9ac762c93f23078b6c3c1efc710e6d88d2b0afc6aff1ef0f2c732f144e25e,411478,True,300000,506e4890f282a9d64e31e5e19fac54ab0ca16375eac1fe35d50299fadacb74ae,26018752,communication,1.0121389373325822,22,813086,4.702237333333334,0,success,12196290,406543,1.3551433333333334,239.990671858,66,True,240.447681972,0.11039365299797543,0.10800689899903437,89698a8cc086d3d4d899de1e18e623272505535495ef269f7cd77d8699a8072b
True,1,117.3552439050074,1.1303408050000001,1.0607402269999997,118.4354573550003,5283137,evaluation_epoch0,6aa9ac762c93f23078b6c3c1efc710e6d88d2b0afc6aff1ef0f2c732f144e25e,410862,True,300000,d7acd34dcb5bf46da6424a58f1de2c802fe213678e55e8585d9b111d0c47d7a7,25985344,communication,1.0119230286118206,22,812042,4.696121777777778,0,success,12180630,406021,1.3534033333333333,238.828371463,67,True,239.285159642,0.10998387700775858,0.10772269900990183,7aa450bcb24c6c5900bd46bf3fd716af55e0e42c5d8b7f0883a8d92759fb44c4
True,1,117.46249841400316,1.14204099,1.0904680979999999,119.02265009299579,5270693,evaluation_epoch0,6aa9ac762c93f23078b6c3c1efc710e6d88d2b0afc6aff1ef0f2c732f144e25e,409902,True,300000,5e3dcbe228b221cb487bdc00f758e1de6441ecc90ce49952fc2202ba09212403,25924096,communication,1.0119437915983647,22,810128,4.685060444444445,0,success,12151920,405064,1.3502133333333333,239.583598069,68,True,240.034610956,0.11157490900186584,0.10926323599884302,3f330402a4ead2e0c97f37ef24400ba85d184aa707e55303768af52dadec7b6f
True,1,121.18687374999523,1.141481004,1.1176719249999998,122.95632984199466,5293615,evaluation_epoch0,6aa9ac762c93f23078b6c3c1efc710e6d88d2b0afc6aff1ef0f2c732f144e25e,411656,True,300000,0a51ed4f80dc3bf9d84c22d0b1c0473fa34e13ea80fea9026a9e80e23c3051fc,26036992,communication,1.0118674230878897,22,813656,4.705435555555556,0,success,12204840,406828,1.3560933333333334,247.29461957,69,True,249.570848467,0.11492438299905672,0.11132127999615005,b9584a7737461ad470d81ceddab3858b90121f6621d639347d2ff650dde977e0
True,1,123.08792622898912,1.162465997,1.13448798,122.3059132979987,5289081,evaluation_epoch0,6aa9ac762c93f23078b6c3c1efc710e6d88d2b0afc6aff1ef0f2c732f144e25e,411310,True,300000,60131991c01fc78d56618612989301a42b9d16d46b3e89512326d6eb4b178a02,26014656,communication,1.0118849928286577,22,812958,4.701405333333334,0,success,12194370,406479,1.35493,248.56120115599998,70,True,249.051984756,0.1131157239975753,0.11049013300796551,89239946e56247d6ad5df53c5bc1073adeb41c04572af1055336839f4bb9418f
True,1,121.81939947899215,1.193430738,1.126307536,123.48897095299532,5295715,evaluation_epoch0,6aa9ac762c93f23078b6c3c1efc710e6d88d2b0afc6aff1ef0f2c732f144e25e,411824,True,300000,1773b0e7bcc66611f3f231417b3a94f7b211dac52b974b6b6e1a95dc40f4f327,26047296,communication,1.011879927958741,22,813978,4.707302222222222,0,success,12209670,406989,1.35663,248.512927948,71,True,248.991589706,0.11419934499866935,0.1120516500070381,bd6ef7aa64e47338df036e9926bee954a30d750901935a31d73606c73cce7956
True,1,120.9244345279923,1.1444174349999998,1.107431546,122.43779640900104,5276917,evaluation_epoch0,6aa9ac762c93f23078b6c3c1efc710e6d88d2b0afc6aff1ef0f2c732f144e25e,410390,True,300000,bb28e4533c2f62d2419e74c92478d8e9216defb7821671f86ac7bb4be6654cb4,25954688,communication,1.0119543721735356,22,811084,4.690592888888889,0,success,12166260,405542,1.3518066666666666,246.483360197,72,True,246.984786144,0.11243670400537509,0.10992746700110967,e08f8a9191442b674250a0465946ec7279543351d17608ecf668cb568d196ea9
True,1,118.28630276600845,1.212108662,1.156890035,118.94062458500093,5283525,evaluation_epoch0,6aa9ac762c93f23078b6c3c1efc710e6d88d2b0afc6aff1ef0f2c732f144e25e,410914,True,300000,c2df8b253ac613fbc9f1313aa4a43392c5ffbcb5a709a8a67246dd6c1e4115ea,25987136,communication,1.0119813126002035,22,812098,4.696466666666667,0,success,12181470,406049,1.3534966666666666,240.463630518,73,True,241.106940619,0.11119259201462528,0.10863855899670805,314eb68a3bde99a5ec59cacab32a85272adb7fa1719d87017561e4d386aa6f87
True,1,121.16663544199956,1.1293820390000002,1.0550470730000001,122.22805525500448,5279963,evaluation_epoch0,6aa9ac762c93f23078b6c3c1efc710e6d88d2b0afc6aff1ef0f2c732f144e25e,410604,True,300000,33eec61f11827f1af015ce2342e5e2540a9d0bdf8e17c053f0efa80105730cab,25969792,communication,1.0118932026871836,22,811556,4.693300444444445,0,success,12173340,405778,1.3525933333333333,246.453625732,74,True,246.936333143,0.11277565500142694,0.11023403999644144,0631393d7f9e7085fc79c0bd43efc0583782234abcd253aced411e623a2b3dd8
True,1,118.47995296700898,1.162414944,1.1169162030000002,119.6582910400032,5279875,evaluation_epoch0,6aa9ac762c93f23078b6c3c1efc710e6d88d2b0afc6aff1ef0f2c732f144e25e,410708,True,300000,03c249459f29263fd992582ea517669fb95bd46b9026e6a5d92af95e4737b19e,25968768,communication,1.0121894115269543,22,811524,4.693222222222222,0,success,12172860,405762,1.35254,241.275550455,75,True,241.750779038,0.11228139800009096,0.11004897101212929,ed1876f0895ff8ba458a75c6c1feea23c30c6e9440d5d4862496bf7dca265a5e
True,1,119.02487945900168,1.150068245,1.098473508,120.05056127202008,5274127,evaluation_epoch0,6aa9ac762c93f23078b6c3c1efc710e6d88d2b0afc6aff1ef0f2c732f144e25e,410228,True,300000,6e1868fd0ee264e264505f525e033cf210351206523c87e81a1a2681233334b4,25940672,communication,1.0121014598234002,22,810646,4.688112888888889,0,success,12159690,405323,1.3510766666666667,242.200470339,76,True,242.683363309,0.1136299469958959,0.1108823700182775,caef5615f9ff443458b394bf4750cb8137f3fdf2d1bd20ce89a58c2f5476c223
True,1,118.77497373700315,1.173531728,1.101186591,118.27707858699357,5287553,evaluation_epoch0,6aa9ac762c93f23078b6c3c1efc710e6d88d2b0afc6aff1ef0f2c732f144e25e,411282,True,300000,0aa2ebbf22c31a3828d33eb15a41e528be191683bdd04569633ecb060cb9d4ed,26006656,communication,1.0121273569350862,22,812708,4.700047111111111,0,success,12190620,406354,1.3545133333333332,240.20166866,77,True,242.381520095,0.1124216890177272,0.10912834699977303,f8b94dbc902b32575c23638c0b964cf2be9bdef9559dfcb5d6fb4c07b5aebfff
True,1,121.39351619999627,1.1904127660000001,1.168937106,118.35841180799653,5270800,evaluation_epoch0,6aa9ac762c93f23078b6c3c1efc710e6d88d2b0afc6aff1ef0f2c732f144e25e,409901,True,300000,c8f0ca9bc0ae9a2d7ca8ce3ffb67c36b8da25297dbe6f33fad489a6f9de7402d,25924672,communication,1.01191883932032,22,810146,4.685155555555555,0,success,12152190,405073,1.3502433333333332,243.00029479,78,True,243.479493366,0.1150364820066474,0.11236589900622995,242529e03dd6debdc46608104ac8c7ea7ecc017872f7355aba8b03245e179da9
True,1,121.94391064200296,1.1894182580000001,1.0962960019999999,121.33749263299103,5286514,evaluation_epoch0,6aa9ac762c93f23078b6c3c1efc710e6d88d2b0afc6aff1ef0f2c732f144e25e,411167,True,300000,08fbe243a660b7489b10485dc4e1361bd84e0ed66a08760e6293465257b318f7,26001728,communication,1.0120361231376622,22,812554,4.6991235555555555,0,success,12188310,406277,1.3542566666666667,246.460636229,79,True,246.976093654,0.11508302000301374,0.11257784501295864,c9d8a1e318772794c43d147d2f4d7ce5c70c51c9a3d09a9fae1e18d7683d7744
True,1,118.86071274899706,1.157336308,1.1367889240000002,118.7080118860093,5288928,evaluation_epoch0,6aa9ac762c93f23078b6c3c1efc710e6d88d2b0afc6aff1ef0f2c732f144e25e,411409,True,300000,ecd6a132039c63e403d2347928d9e09622e10100d99967966c7f58a072714eff,26013312,communication,1.0121808403328265,22,812916,4.701269333333333,0,success,12193740,406458,1.35486,240.730932306,80,True,241.211140678,0.11262513700669086,0.10985709800608623,9699399ea0acb48669b968e2b7b663b1dff645a3efe277a57e2b533a26047cd3
True,1,118.06479795100572,1.1362358419999998,1.1385876179999999,120.35170459299228,5275536,evaluation_epoch0,6aa9ac762c93f23078b6c3c1efc710e6d88d2b0afc6aff1ef0f2c732f144e25e,410353,True,300000,d284a7ae63b5affb1a79dc0c1a01d1a2d4c92215fc92e91a26d667c8f0a308c0,25947520,communication,1.0121426633450903,22,810860,4.689365333333333,0,success,12162900,405430,1.3514333333333333,241.570131841,81,True,242.235436208,0.1123148779955434,0.10959991200114727,dd8366e162abb9107fb5f78c383c8043e6000b0aa40026a59eed266a30d2646d
True,1,118.63334353299851,1.15776471,1.1073445809999998,121.40225847400085,5281037,evaluation_epoch0,6aa9ac762c93f23078b6c3c1efc710e6d88d2b0afc6aff1ef0f2c732f144e25e,410742,True,300000,86f413b1a321e8b5aeea4420d43443582c0fac3d5083737d79a038543dcd14ec,25974784,communication,1.0120387526610424,22,811712,4.6942551111111115,0,success,12175680,405856,1.3528533333333332,243.16135229199998,82,True,243.646318356,0.11109230698515038,0.10863898699820318,7842e6ae0d126e6730e58f9749d1c98c5a416ea031f4d91160ca7be728f69b95
True,1,118.02490608800045,1.193715391,1.0746947199999999,120.49667125698838,5285755,evaluation_epoch0,6aa9ac762c93f23078b6c3c1efc710e6d88d2b0afc6aff1ef0f2c732f144e25e,411116,True,300000,0d87d78bb9c1ad94e353ca13c3cba9fce26eb53acd50f0771705a7d853143e30,25997952,communication,1.0120575651497472,22,812436,4.698448888888889,0,success,12186540,406218,1.35406,241.645541757,83,True,242.123051901,0.11163043500313119,0.10964243500633675,08d37ffad2ca3fa06e9d03b2fe8f2b93cc8e6c5deffe8586123a718fb9817435
True,1,119.33918466198877,1.122371505,1.090492366,117.90779590200512,5285032,evaluation_epoch0,6aa9ac762c93f23078b6c3c1efc710e6d88d2b0afc6aff1ef0f2c732f144e25e,410945,True,300000,a2241bbbd0a88d81beb43ff2bb45fbd3111dbb2d4abbcdde7a1deb259c7b9c8d,25995008,communication,1.0117511793033493,22,812344,4.697806222222222,0,success,12185160,406172,1.3539066666666666,240.333132557,84,True,240.792944205,0.11277527499376339,0.10984609000477441,19b37b9683d8675149c9b4c19050aac4691bbc59a05746804e2a3ab0a1c47103
True,1,116.23461343501143,1.1748582549999997,1.1008255020000002,116.79583595200725,5278411,evaluation_epoch0,6aa9ac762c93f23078b6c3c1efc710e6d88d2b0afc6aff1ef0f2c732f144e25e,410540,True,300000,e892e1dff8e5758731ebfba2102134eb45694d788bea78f33e1f51d3ce81f09d,25961856,communication,1.0120447474941698,22,811308,4.691920888888889,0,success,12169620,405654,1.35218,236.18234854899998,85,True,238.354263815,0.11374771000124362,0.11023726298955427,9eaf107cb058a65a4a75f6b8b8f069975b4d863f46aa09f4e2193198ebab38b8
True,1,119.37066557899391,1.177641297,1.1865206670000004,115.41659400500876,5271642,evaluation_epoch0,6aa9ac762c93f23078b6c3c1efc710e6d88d2b0afc6aff1ef0f2c732f144e25e,410083,True,300000,9890693d42c5a2372cce027f0956336153156a129869990f4a3a31d0abe87177,25928192,communication,1.0122307023952923,22,810256,4.685904,0,success,12153840,405128,1.3504266666666667,238.023694639,86,True,238.478044806,0.11337478299714387,0.11071134799266868,48e0e43d71bada1e8b12b509e8159bab8afe4343319ff9c0001e0414567d2fe8
True,1,117.61844197199525,1.148396214,1.067403898,123.20787148401138,5277358,evaluation_epoch0,6aa9ac762c93f23078b6c3c1efc710e6d88d2b0afc6aff1ef0f2c732f144e25e,410507,True,300000,2d9bfeec0677848be50d73b887127c60d1e224b0b92d243ead5926819c410870,25956416,communication,1.0121754867852326,22,811138,4.690984888888889,0,success,12167070,405569,1.3518966666666667,243.909752828,87,True,244.395371495,0.11232647600667356,0.10945285900788893,63d4dae0bc4f3ea1981955e1bfba1dc7bc89e8f58e8f6c6859c98002e8ce7313
True,1,117.71495233600419,1.1627862119999999,1.129229075,119.05934222600776,5289376,evaluation_epoch0,6aa9ac762c93f23078b6c3c1efc710e6d88d2b0afc6aff1ef0f2c732f144e25e,411497,True,300000,d4486f797021dff53f7e754877836322f0175264bf1591a3cd1893833243fe37,26015232,communication,1.0123226269902186,22,812976,4.701667555555556,0,success,12194640,406488,1.35496,239.93311842199998,88,True,240.529897619,0.11181369799610907,0.10973542500938605,3da0fa704a28735a1ebb74691d8c4369789f6ddd1c641258a178c77360e31912
True,1,120.44542848098504,1.1708916440000001,1.0880311759999999,117.29401163600028,5284717,evaluation_epoch0,6aa9ac762c93f23078b6c3c1efc710e6d88d2b0afc6aff1ef0f2c732f144e25e,411050,True,300000,472ab2814069ac9288618dae6d0949b4f92c988a8ea7d5ee001b73121ee259e2,25992768,communication,1.0120969032617073,22,812274,4.697526222222222,0,success,12184110,406137,1.35379,240.861693667,89,True,241.503993066,0.11139640900515335,0.10923440499573811,32139ba11267107198cb75964b1e75ca79d82d2b3362f7691550908db3227eed
True,1,117.58551322000018,1.1604892850000001,1.096484576,119.02328793400227,5279351,evaluation_epoch0,6aa9ac762c93f23078b6c3c1efc710e6d88d2b0afc6aff1ef0f2c732f144e25e,410628,True,300000,b9627025da3a5482e36dd67a6dbd3cd7f27d8bb35e5b7fa086f97ff2c8990e32,25966400,communication,1.0120845400209502,22,811450,4.692756444444444,0,success,12171750,405725,1.3524166666666666,239.72243653799998,90,True,240.171865818,0.11079683699740928,0.10868524400215485,29bc60eb611b32a914be12e47df12c30558f64174c7e4412d4d08da461108b9d
True,1,116.01093710900503,1.18808744,1.107976271,117.74625271200274,5282706,evaluation_epoch0,6aa9ac762c93f23078b6c3c1efc710e6d88d2b0afc6aff1ef0f2c732f144e25e,410899,True,300000,b15245efdc3f753918411c9af5c150d8ec0949991c44613f8586260440f974c9,25982848,communication,1.0121113743959091,22,811964,4.695738666666666,0,success,12179460,405982,1.3532733333333333,236.899504798,91,True,237.35365742,0.11037877900549597,0.10803908698527875,ba16b81373db5c10a9399a325b3ef63d83c184cc961275674d62ce3e93ace0d1
True,1,115.68827474899763,1.194686062,1.068696367,119.94242776098906,5279997,evaluation_epoch0,6aa9ac762c93f23078b6c3c1efc710e6d88d2b0afc6aff1ef0f2c732f144e25e,410554,True,300000,0ba94d18a7301e4cae581f342a1df4629a715cee072b319f3b4df59ae9c02b91,25970240,communication,1.0117525290486342,22,811570,4.693330666666666,0,success,12173550,405785,1.3526166666666666,238.771036818,92,True,239.209658972,0.11300688201202913,0.11060587999024962,72cd1d46aab4e9d073fe923fef053d54333b64c57e20fff60d24ef2348207008
True,1,116.67048300700121,1.174785741,1.093672887,117.02923101000353,5277595,evaluation_epoch0,6aa9ac762c93f23078b6c3c1efc710e6d88d2b0afc6aff1ef0f2c732f144e25e,410384,True,300000,7000660ee9f5e086c814014afc68c5d8f6cda399f51321d59c960a2ceb33bed0,25958336,communication,1.0117973663643154,22,811198,4.691195555555556,0,success,12167970,405599,1.3519966666666667,236.839433635,93,True,238.986511232,0.1119915620017764,0.1089785619914303,5d5244e1393db95d4d2e786de141317cb4b9a6d321cec26749c68eeafe0f05ef
True,1,117.27196855900188,1.187504572,1.12890285,116.5945072099916,5280076,evaluation_epoch0,6aa9ac762c93f23078b6c3c1efc710e6d88d2b0afc6aff1ef0f2c732f144e25e,410525,True,300000,3de033a434690792b442e7400eb2761d06dcae26b6e8dc8f39776019a830164d,25970816,communication,1.0116586248194896,22,811588,4.693400888888889,0,success,12173820,405794,1.3526466666666668,237.057795772,94,True,237.502117859,0.11362920999390358,0.11098575199526506,1352de23562aff9eb25507bca649f9dc8758ad1a21cfd94e62e72182a81a7e4f
True,1,118.69094983600576,1.136932798,1.0835159830000003,124.80687704499957,5290348,evaluation_epoch0,6aa9ac762c93f23078b6c3c1efc710e6d88d2b0afc6aff1ef0f2c732f144e25e,411473,True,300000,ccca40f05e154093ca083e6c85241242e6f9cead0c5698202df09574e7942ad1,26020544,communication,1.0120569347051314,22,813142,4.702531555555556,0,success,12197130,406571,1.3552366666666666,246.585409572,95,True,247.095303812,0.1117631540034929,0.10924937201285534,8eef4579a8d9298a8d64d1f513fc07c6a1f9a4de750ca05b748fc707fe991563
True,1,117.3269093229874,1.177385586,1.085030201,118.3784641260022,5289866,evaluation_epoch0,6aa9ac762c93f23078b6c3c1efc710e6d88d2b0afc6aff1ef0f2c732f144e25e,411399,True,300000,0e8d59e9c6817a1a6831908d37a819b99af1dea7426e4362c2f490a6f9df9c56,26018368,communication,1.011959551037175,22,813074,4.702103111111111,0,success,12196110,406537,1.3551233333333332,238.829808347,96,True,239.374313471,0.11105110299986531,0.10888116099532574,82bc0d87ca1c0dcfcd5ae009509917923866d2a2a62f08d9d684982b5c5ff9ea
True,1,122.60650048899865,1.19062599,1.0909561010000002,121.70582120400726,5285625,evaluation_epoch0,6aa9ac762c93f23078b6c3c1efc710e6d88d2b0afc6aff1ef0f2c732f144e25e,411106,True,300000,a6a789c4b5c492d896a9b8fb78340f974a639e065d10846bf454cfeb3e57c991,25997312,communication,1.0120578619820388,22,812416,4.698333333333333,0,success,12186240,406208,1.3540266666666667,247.46812279,97,True,248.189329448,0.11169491598481773,0.108858735999394,023514ae6c5bc248ca3753f537d11d406d42bd15a4ba6d49b299c800815ca8ae
True,1,116.24752251900088,1.159179875,1.0574690679999998,119.60227100499475,5279285,evaluation_epoch0,6aa9ac762c93f23078b6c3c1efc710e6d88d2b0afc6aff1ef0f2c732f144e25e,410646,True,300000,9389d562e9cb03a8e055dbbd2c48a6e0d47449beb258a45cf28be5eb2ca6638d,25965952,communication,1.0121463676740987,22,811436,4.692697777777778,0,success,12171540,405718,1.3523933333333333,238.920259989,98,True,239.376545311,0.11032268000228829,0.10803856199397543,8c62f34d537465757f884ee66b278f8f5f2cba261cabc9103b0af42a85cf83d9
True,1,118.43881090899464,1.190432243,1.100446945,120.19210165600443,5289793,evaluation_epoch0,6aa9ac762c93f23078b6c3c1efc710e6d88d2b0afc6aff1ef0f2c732f144e25e,411470,True,300000,51b9cae85b7af672f0d981fa90d8b7182f451e66aaea5e6c07e080887660cb9a,26017600,communication,1.0121640735502122,22,813050,4.702038222222222,0,success,12195750,406525,1.3550833333333334,241.788130984,99,True,242.264410108,0.11250862300669784,0.11021648199147505,ed265dffb48082d2bace8e8d85ab6750e11ed254845a181023e6139003e96ebd
True,1,75.0588839160036,1.000748529,0.8734976369999998,75.28919619799987,5284576,timing_final,6aa9ac762c93f23078b6c3c1efc710e6d88d2b0afc6aff1ef0f2c732f144e25e,410993,True,300000,87857fa91dafa57ccc600ed5a7473f5b452953562aa3612bef628dbd319a1735,25992320,timing,1.0119739984733953,22,812260,4.697400888888889,0,success,12183900,406130,1.3537666666666666,153.04527108599999,0,True,153.285965814,0.10709523499722895,0.10468222500186242,f5a55c01c90f38a7cf04eacabdc3f4ef94d809ed80abdb313a1415725a690d14
True,1,75.20313918699065,0.22754881299999852,0.22929572499998585,75.50911378699496,5284576,timing_final,6aa9ac762c93f23078b6c3c1efc710e6d88d2b0afc6aff1ef0f2c732f144e25e,410993,True,300000,87857fa91dafa57ccc600ed5a7473f5b452953562aa3612bef628dbd319a1735,25992320,timing,1.0119739984733953,22,812260,4.697400888888889,1,success,12183900,406130,1.3537666666666666,151.989217518,0,True,152.208016874,0.10666079900042291,0.1041272880096642,f5a55c01c90f38a7cf04eacabdc3f4ef94d809ed80abdb313a1415725a690d14
True,1,75.1410002800036,0.23251020600002903,0.2320756480000341,75.36643319697544,5284576,timing_final,6aa9ac762c93f23078b6c3c1efc710e6d88d2b0afc6aff1ef0f2c732f144e25e,410993,True,300000,87857fa91dafa57ccc600ed5a7473f5b452953562aa3612bef628dbd319a1735,25992320,timing,1.0119739984733953,22,812260,4.697400888888889,2,success,12183900,406130,1.3537666666666666,151.81012457400004,0,True,152.025043934,0.10937176100361512,0.10680062600778228,f5a55c01c90f38a7cf04eacabdc3f4ef94d809ed80abdb313a1415725a690d14
True,1,75.08871822899141,1.0434862049999998,0.9565748190000001,75.35488375300045,5283324,timing_final,6aa9ac762c93f23078b6c3c1efc710e6d88d2b0afc6aff1ef0f2c732f144e25e,411013,True,300000,9ee18022ca7c91149bf93f5dd46b8c93544d59d889ca9fed874419bae6bf0216,25985536,timing,1.012287450988119,22,812048,4.696288,0,success,12180720,406024,1.3534133333333334,153.260917289,1,True,153.510982034,0.10640292999533019,0.10374108700429518,d85e000316ca84ea83c267420db09928941bf748ac1d5da0660636d88b797420
True,1,74.90845687900463,0.22733496999998692,0.22679907600002025,75.35112973299167,5283324,timing_final,6aa9ac762c93f23078b6c3c1efc710e6d88d2b0afc6aff1ef0f2c732f144e25e,411013,True,300000,9ee18022ca7c91149bf93f5dd46b8c93544d59d889ca9fed874419bae6bf0216,25985536,timing,1.012287450988119,22,812048,4.696288,1,success,12180720,406024,1.3534133333333334,151.524012318,1,True,151.74210232,0.1051470809948114,0.10253636501292362,d85e000316ca84ea83c267420db09928941bf748ac1d5da0660636d88b797420
True,1,75.0292327880054,0.2526534030000107,0.24056613300001572,75.40658487798612,5283324,timing_final,6aa9ac762c93f23078b6c3c1efc710e6d88d2b0afc6aff1ef0f2c732f144e25e,411013,True,300000,9ee18022ca7c91149bf93f5dd46b8c93544d59d889ca9fed874419bae6bf0216,25985536,timing,1.012287450988119,22,812048,4.696288,2,success,12180720,406024,1.3534133333333334,151.74184881399998,1,True,151.956540482,0.10565849500966351,0.10291430398388002,d85e000316ca84ea83c267420db09928941bf748ac1d5da0660636d88b797420
True,1,75.34376149500557,1.002950425,0.926100023,75.86089792600507,5282462,timing_final,6aa9ac762c93f23078b6c3c1efc710e6d88d2b0afc6aff1ef0f2c732f144e25e,410883,True,300000,3d937b7135ff6fffbdee47096d089030200b9e95e363a5d16f2e9fdf0cfd3ff1,25981632,timing,1.0121193310720435,22,811926,4.695521777777778,0,success,12178890,405963,1.35321,153.97400731399998,2,True,154.22887613,0.11010089200424344,0.1075464870076126,3cbe32e9fc459ca489d0d2fc33d0f4faa587c13ccb46583ab34907cad330c772
True,1,74.95134480497444,0.22895866200002502,0.22975848900000528,75.24070272499088,5282462,timing_final,6aa9ac762c93f23078b6c3c1efc710e6d88d2b0afc6aff1ef0f2c732f144e25e,410883,True,300000,3d937b7135ff6fffbdee47096d089030200b9e95e363a5d16f2e9fdf0cfd3ff1,25981632,timing,1.0121193310720435,22,811926,4.695521777777778,1,success,12178890,405963,1.35321,151.47023535099999,2,True,151.686571202,0.10723201498811363,0.10447034500600694,3cbe32e9fc459ca489d0d2fc33d0f4faa587c13ccb46583ab34907cad330c772
True,1,75.08294473800225,0.23253251099998806,0.23232888199999024,75.45092258898939,5282462,timing_final,6aa9ac762c93f23078b6c3c1efc710e6d88d2b0afc6aff1ef0f2c732f144e25e,410883,True,300000,3d937b7135ff6fffbdee47096d089030200b9e95e363a5d16f2e9fdf0cfd3ff1,25981632,timing,1.0121193310720435,22,811926,4.695521777777778,2,success,12178890,405963,1.35321,151.816527367,2,True,152.028772542,0.10663112501458727,0.10406148896834111,3cbe32e9fc459ca489d0d2fc33d0f4faa587c13ccb46583ab34907cad330c772
True,1,74.87871067100318,1.01122019,0.9264700790000002,75.3848627510032,5286717,timing_final,6aa9ac762c93f23078b6c3c1efc710e6d88d2b0afc6aff1ef0f2c732f144e25e,411178,True,300000,3f2de5e4330a9da893471f386526cdb4895e1044a3d4b3035187bee7cf37853b,26002752,timing,1.0120233427600278,22,812586,4.699304,0,success,12188790,406293,1.35431,153.008750206,3,True,153.257329673,0.10570505900609772,0.1030622140085784,9e182949fb6d29f65b5f9c10070b6375844da7188019eb49706bd332e930b168
True,1,75.3123556550068,0.24001421699998104,0.23973608599999352,75.7562354430107,5286717,timing_final,6aa9ac762c93f23078b6c3c1efc710e6d88d2b0afc6aff1ef0f2c732f144e25e,411178,True,300000,3f2de5e4330a9da893471f386526cdb4895e1044a3d4b3035187bee7cf37853b,26002752,timing,1.0120233427600278,22,812586,4.699304,1,success,12188790,406293,1.35431,152.36854888100004,3,True,152.5889145,0.10687966401604854,0.10457506198565625,9e182949fb6d29f65b5f9c10070b6375844da7188019eb49706bd332e930b168
True,1,74.9209757809885,0.23898615600000994,0.23323948199998767,75.33659430300582,5286717,timing_final,6aa9ac762c93f23078b6c3c1efc710e6d88d2b0afc6aff1ef0f2c732f144e25e,411178,True,300000,3f2de5e4330a9da893471f386526cdb4895e1044a3d4b3035187bee7cf37853b,26002752,timing,1.0120233427600278,22,812586,4.699304,2,success,12188790,406293,1.35431,151.53837598500002,3,True,151.76446511,0.1054393109997136,0.10267109700873789,9e182949fb6d29f65b5f9c10070b6375844da7188019eb49706bd332e930b168
True,1,75.22508691099834,1.0134249130000001,0.945150843,75.54400714500107,5279428,timing_final,6aa9ac762c93f23078b6c3c1efc710e6d88d2b0afc6aff1ef0f2c732f144e25e,410621,True,300000,f9b7886a1b04a6c867e328465d6449480c8eb376922e96d433832aa90c4f3996,25966848,timing,1.012049825993513,22,811464,4.692824888888889,0,success,12171960,405732,1.35244,153.548433816,4,True,153.801864213,0.10739219700103142,0.10474605799623271,ff1ac582bfbea8de55cf0e37b84b8143f98469596648bdcc1381ea401b582261
True,1,75.21933560500165,0.23247806300000207,0.2317280480000079,75.49423333500283,5279428,timing_final,6aa9ac762c93f23078b6c3c1efc710e6d88d2b0afc6aff1ef0f2c732f144e25e,410621,True,300000,f9b7886a1b04a6c867e328465d6449480c8eb376922e96d433832aa90c4f3996,25966848,timing,1.012049825993513,22,811464,4.692824888888889,1,success,12171960,405732,1.35244,152.018653325,4,True,152.241076092,0.11054842898343509,0.10766888401442998,ff1ac582bfbea8de55cf0e37b84b8143f98469596648bdcc1381ea401b582261
True,1,75.09664328399055,0.24410822499999085,0.2448765799999819,75.54807606601383,5279428,timing_final,6aa9ac762c93f23078b6c3c1efc710e6d88d2b0afc6aff1ef0f2c732f144e25e,410621,True,300000,f9b7886a1b04a6c867e328465d6449480c8eb376922e96d433832aa90c4f3996,25966848,timing,1.012049825993513,22,811464,4.692824888888889,2,success,12171960,405732,1.35244,151.96170990500002,4,True,152.175910102,0.10804764397192912,0.10564049099923523,ff1ac582bfbea8de55cf0e37b84b8143f98469596648bdcc1381ea401b582261
True,1,135.44014144701146,1.1728789450000001,1.0167939819999998,142.72300204800771,17593730,evaluation_epoch0,83578a5b8db1f3452ce8355cd58a7dde59b9c5185f9ce0d06892fa9841bf0ce9,1357875,True,1000000,c4cf74a795c2a3a76cb1f6ded650778256c4bacc5e3c5b79dfd14380edbedd64,86591104,communication,1.0036134889791912,22,2705972,4.691661333333333,0,success,40589580,1352986,1.352986,282.849393623,0,True,283.377002523,0.3633892959749505,0.35728811801033356,431118af965478d38aedb7aa2b713ef2211c36ac9f907a21f5850d405b94be5c
True,1,135.2858616189901,1.1540648839999998,1.0641829560000002,136.15906251400418,17595659,evaluation_epoch0,83578a5b8db1f3452ce8355cd58a7dde59b9c5185f9ce0d06892fa9841bf0ce9,1358016,True,1000000,d7e144fb26b210a3e7489a0865070a842dce8999b53fe6115864e04f582db9ed,86600640,communication,1.0036071788845902,22,2706270,4.692175733333333,0,success,40594050,1353135,1.353135,276.162636658,1,True,278.648073043,0.3625476699906409,0.35399985501578746,f254c2094185bfeb6246ea7c7a8bd4fa78a09b2eaa0fe24226b78d64afdb947f
True,1,136.29598269797853,1.2426375459999999,1.068236777,143.34595043202015,17593211,evaluation_epoch0,83578a5b8db1f3452ce8355cd58a7dde59b9c5185f9ce0d06892fa9841bf0ce9,1357848,True,1000000,74f7cd8fa5dec80d54b2775d00e1e3b95f210e5ef043f7c81e8d98f04151deee,86588480,communication,1.0036239462801517,22,2705890,4.691522933333333,0,success,40588350,1352945,1.352945,284.476790493,2,True,285.038042146,0.3641501679867014,0.3583337599790739,4e50778833dd3aa04f88d5f173069293d7c1794463fec8023cd13d239f13b6c4
True,1,135.9403971930117,1.2429208059999999,1.046767394,143.06901222801866,17591534,evaluation_epoch0,83578a5b8db1f3452ce8355cd58a7dde59b9c5185f9ce0d06892fa9841bf0ce9,1357719,True,1000000,ba320d896efc21224e507de653936e65cef9e777dc119f4afe0e3e102467bad2,86580224,communication,1.003624291847524,22,2705632,4.691075733333333,0,success,40584480,1352816,1.352816,283.831524662,3,True,284.414049673,0.3666082959783914,0.36064677995724326,9c9ac43803a5c828972daaea38633e957f511abfae8671760066e1eca019e1c1
True,1,135.78589058797434,1.1593260490000001,1.068787751,144.03525561900693,17577095,evaluation_epoch0,83578a5b8db1f3452ce8355cd58a7dde59b9c5185f9ce0d06892fa9841bf0ce9,1356624,True,1000000,569379dbcff5ef949d63a72cc7195387ef49fdac866639f76fa6d1cedac6228d,86509056,communication,1.0036398501447061,22,2703408,4.687225333333333,0,success,40551120,1351704,1.351704,284.593721884,4,True,285.220757284,0.36789039599712803,0.36166769700474477,5e4b0159b62e05da501fd139ac2c4d565bc47168ef5fdc6b3e3156c789eca105
True,1,132.69164314498167,1.175897785,1.1119127949999998,135.71737703900894,17578340,evaluation_epoch0,83578a5b8db1f3452ce8355cd58a7dde59b9c5185f9ce0d06892fa9841bf0ce9,1356621,True,1000000,6d53c73614a14d61f162a014df47e08baba17cf084f12b8ce452f8095ba1a614,86515712,communication,1.0035604168639334,22,2703616,4.687557333333333,0,success,40554240,1351808,1.351808,273.19058764000005,5,True,273.973110369,0.3583748410027878,0.35307175700634197,c0bdd4422319c165da1bd36c85056f5976a2731d97a7a794cd61463e21ee8cc9
True,1,135.2192675370032,1.162114813,1.047134024,137.30613510800657,17588404,evaluation_epoch0,83578a5b8db1f3452ce8355cd58a7dde59b9c5185f9ce0d06892fa9841bf0ce9,1357481,True,1000000,f1a4fbd9b82c32292b03733b587551023f542ef5aa60acbc2cc6b71f57352feb,86564800,communication,1.0036271556105947,22,2705150,4.690241066666666,0,success,40577250,1352575,1.352575,277.280009152,6,True,277.821771123,0.36843110201462936,0.36180295400515217,b8383267bd29369d5543e6dce7bbbc74524bf8509ede2d9e833a542f41f095fb
True,1,134.74455736098957,1.224723754,1.1157652379999998,134.852031823013,17597782,evaluation_epoch0,83578a5b8db1f3452ce8355cd58a7dde59b9c5185f9ce0d06892fa9841bf0ce9,1358111,True,1000000,9bde143392ce390f18501f6d6757c2cc453fb0839d0116cd8fc05c03b882afb7,86611456,communication,1.0035520474335404,22,2706608,4.692741866666666,0,success,40599120,1353304,1.353304,274.465644377,7,True,274.995357539,0.3678767760201209,0.36254795497660774,2b8cdc97c1df497cdf272cab03e5373c6b0e1531ddafb6870c0d3cf2d30f9abb
True,1,133.37268408601125,1.160867631,1.098983197,131.8758962850107,17580608,evaluation_epoch0,83578a5b8db1f3452ce8355cd58a7dde59b9c5185f9ce0d06892fa9841bf0ce9,1356885,True,1000000,ce8ca76fcbccadf140f4cf06bd6082fa645cc3f0ff4f8ba7ea49598b85afe8ff,86526400,communication,1.0036317239593928,22,2703950,4.688162133333333,0,success,40559250,1351975,1.351975,269.992302537,8,True,270.495048397,0.36007994702804824,0.3543999190303757,b74cf87fe3440f0d785bd241666c624b9599339f148fbfed386512f959cc37db
True,1,134.18429542600364,1.1595401550000002,1.037389793,139.7531452420103,17607086,evaluation_epoch0,83578a5b8db1f3452ce8355cd58a7dde59b9c5185f9ce0d06892fa9841bf0ce9,1358931,True,1000000,80666cc5822c9abbf24f811c4e3205744cc00943b176d1dd008381afc8d2c17f,86656704,communication,1.0036336484710981,22,2708022,4.6952229333333335,0,success,40620330,1354011,1.354011,278.658883571,9,True,281.139102438,0.3668483289860811,0.35732687099335525,2fd248e28db6dcc081eaae4803849461d17e4661f1f1ce6d3ece306514b7b218
True,1,132.2134746739872,1.200793718,1.0378806429999998,137.20895159494847,17603219,evaluation_epoch0,83578a5b8db1f3452ce8355cd58a7dde59b9c5185f9ce0d06892fa9841bf0ce9,1358604,True,1000000,9462a7592f9884a31f4573c2a1fb1dff4f02dd65f9fc41e1872de8bd8eb6bf99,86637824,communication,1.0036108016747973,22,2707432,4.694191733333334,0,success,40611480,1353716,1.353716,274.16618202,10,True,274.714599267,0.36338378202522126,0.35764939897028203,7afc63b08bb24e648cc3b6d3b8dab1584763562aadd3df8b18137d826b7f4888
True,1,133.24457229898886,1.242599923,0.9222949300000001,142.7472829460204,17611160,evaluation_epoch0,83578a5b8db1f3452ce8355cd58a7dde59b9c5185f9ce0d06892fa9841bf0ce9,1359201,True,1000000,62dad6c6f413eda15223f8a6ea280856250e677716e4a36c3e038b35e639153a,86676992,communication,1.0035980944054912,22,2708656,4.696309333333334,0,success,40629840,1354328,1.354328,280.670859544,11,True,281.272081211,0.3647958929841284,0.3585655559724632,9c8b5259e66df54e38d7ec80c0830357b177059981c3962a7f987e0c28fdf3f5
True,1,131.36585801601402,1.272945713,1.046858829,135.72438688000682,17597539,evaluation_epoch0,83578a5b8db1f3452ce8355cd58a7dde59b9c5185f9ce0d06892fa9841bf0ce9,1358144,True,1000000,d7f9980417b128d8034d0567372d1047fe4167c866b0fb8fd10877c2d2797664,86609984,communication,1.0035934887137261,22,2706562,4.692677066666667,0,success,40598430,1353281,1.353281,271.904975059,12,True,272.538768455,0.36231826698919933,0.35629967602001766,22e7d7101bb9488a06a650d5f34dc75234cc409ad7abd3b615b9d3c4d7ef8b16
True,1,132.03267330202695,1.211049432,1.0224095649999998,140.98311459799615,17616982,evaluation_epoch0,83578a5b8db1f3452ce8355cd58a7dde59b9c5185f9ce0d06892fa9841bf0ce9,1359623,True,1000000,98ab4cdcc54d8c4278fb10c65c827f23620fa3282e20f600991b85f521feb3dc,86705792,communication,1.0035762316778098,22,2709556,4.697861866666667,0,success,40643340,1354778,1.354778,277.781590618,13,True,278.493432975,0.3668981070202215,0.35998312002365784,6e73da50723472fe5d6701d1d7725ce9239a53efd8dded3d5678116c10b3412d
True,1,132.07324555899876,1.193216721,1.059965772,142.0051774899496,17617869,evaluation_epoch0,83578a5b8db1f3452ce8355cd58a7dde59b9c5185f9ce0d06892fa9841bf0ce9,1359646,True,1000000,5cea6316db31532a5930b97f7a81f6e779d511e56706622e1f1c449d2f8813f5,86710400,communication,1.0035398752629443,22,2709700,4.6980984,0,success,40645500,1354850,1.35485,278.823350603,14,True,279.355205829,0.36015769298990463,0.3544861959747352,1a32109826f276205e7a7c4ed389ed791a10a2a4717421dc6442c53e43f6be10
True,1,133.73842347198178,1.224655229,1.033152292,135.2090826490173,17601520,evaluation_epoch0,83578a5b8db1f3452ce8355cd58a7dde59b9c5185f9ce0d06892fa9841bf0ce9,1358597,True,1000000,6f91b521520031b32d1dcb5c8548f5b5541a586c88f252765f08038b4d975a7a,86628800,communication,1.0037101749071902,22,2707150,4.6937386666666665,0,success,40607250,1353575,1.353575,273.732724145,15,True,274.268485329,0.36700690702608485,0.3612749999962688,6794a1d0f927bcade4f91656a955c285ccfd5f692c04e2827182408530134857
True,1,132.04283366300177,1.2298303540000002,1.045227126,135.15768385499524,17595576,evaluation_epoch0,83578a5b8db1f3452ce8355cd58a7dde59b9c5185f9ce0d06892fa9841bf0ce9,1357945,True,1000000,2016db759301273bb6a0c692e7dff2d0e43c21fd62e3dae96b2e327b096f3acd,86600576,communication,1.0035554497928512,22,2706268,4.6921536,0,success,40594020,1353134,1.353134,272.006697297,16,True,272.538697293,0.36896651702534955,0.3636026519836175,0d926d1dc9c004466840493de322dc2da0070d2e86743429972ac872688df990
True,1,133.9706633669926,1.2008013749999997,1.0012120239999998,141.40226738801573,17598263,evaluation_epoch0,83578a5b8db1f3452ce8355cd58a7dde59b9c5185f9ce0d06892fa9841bf0ce9,1358196,True,1000000,5607d950539625085c4a9d6567a275dec35e65c153646c271f2e96e13fbc88da,86613568,communication,1.0035903843610277,22,2706674,4.692870133333333,0,success,40600110,1353337,1.353337,280.105013931,17,True,282.607551787,0.36588975500362597,0.3573540579733283,06c18419dd7ab58cf9ed87912e07e4ebce5dd28f8c247ee147f39efe52fb21f7
True,1,132.7721351070194,1.154406942,1.0581526480000003,134.52287313999614,17581470,evaluation_epoch0,83578a5b8db1f3452ce8355cd58a7dde59b9c5185f9ce0d06892fa9841bf0ce9,1356883,True,1000000,a37c1eaaf0ba49a70f7c57fd286debca6d21d0ca886c35aeadb5b41c1aecab54,86531008,communication,1.0035767987355468,22,2704094,4.688392,0,success,40561410,1352047,1.352047,272.017826796,18,True,272.547968303,0.36451060698468707,0.35838767101995517,26fd974bb18b1f9803351f0beb4502d08e164ca49f923ecb2e1c598a34160893
True,1,132.4610949489675,1.201273177,1.058803003,142.73187824001394,17606239,evaluation_epoch0,83578a5b8db1f3452ce8355cd58a7dde59b9c5185f9ce0d06892fa9841bf0ce9,1358816,True,1000000,578d4ce02520965cdff532b3ddddeed52d25aa4885ceddb16d766403e4cb30fc,86652800,communication,1.0035939288747737,22,2707900,4.694997066666667,0,success,40618500,1353950,1.35395,279.953614452,19,True,280.495682816,0.36306026602305064,0.356848906980062,d4413aa7eadd0b2a310222100580d082d4a260d39513127ac2ad67e70d2438a1
True,1,130.4873086590179,1.205094146,1.057206652,134.2452868520377,17592067,evaluation_epoch0,83578a5b8db1f3452ce8355cd58a7dde59b9c5185f9ce0d06892fa9841bf0ce9,1357700,True,1000000,32206f5ae33caab41bfbb07703a6c8ef0e94ca3cabed2ab82ef50c7d19cc4326,86583168,communication,1.003576122324376,22,2705724,4.691217866666666,0,success,40585860,1352862,1.352862,269.45456299299997,20,True,270.149967446,0.35702126700993864,0.35057504000923556,fad3bc5c8153dac0ded57e3d6d90723b550d57b5c4998801cbe165fd4f7cf75c
True,1,132.53035992200714,1.189824623,1.031720355,141.03522480902117,17566004,evaluation_epoch0,83578a5b8db1f3452ce8355cd58a7dde59b9c5185f9ce0d06892fa9841bf0ce9,1355733,True,1000000,657c04aa2230cb086ece68c6dd86c468bec9a582dc97a003c14daea87e2cc56a,86454656,communication,1.0036117892829277,22,2701708,4.684267733333333,0,success,40525620,1350854,1.350854,278.26830185,21,True,279.041154576,0.35925162002084665,0.35407578502866643,274d117edbc5966d38194a39be5a127491b1be3b5bc5417ebfb13230afb58b64
True,1,133.51347566300234,1.1737129680000002,1.033834502,144.32178963403786,17588796,evaluation_epoch0,83578a5b8db1f3452ce8355cd58a7dde59b9c5185f9ce0d06892fa9841bf0ce9,1357417,True,1000000,0dae2f20bce10c72af8aec0207fe5c87b4231abc3673d99ee774d437e1fc333c,86567232,communication,1.0035516441140222,22,2705226,4.6903456,0,success,40578390,1352613,1.352613,282.50063362699996,22,True,283.027634219,0.35680985702688117,0.35052597795642226,a4c858612a75fab074d95637b6e26d8f8cd520c7cb37e631436416de1c79d6c0
True,1,133.70192178202612,1.1773410219999998,1.0686412950000002,139.735369579009,17607836,evaluation_epoch0,83578a5b8db1f3452ce8355cd58a7dde59b9c5185f9ce0d06892fa9841bf0ce9,1358925,True,1000000,4b33a8c476986c588f85c51aec67c6c7bc0c1bb51252f93e3df1a81bf49b89db,86660736,communication,1.0035825220778185,22,2708148,4.695422933333333,0,success,40622220,1354074,1.354074,278.164843295,23,True,278.690463798,0.36140488999322784,0.3560024419837471,e10862503f3f1dcf8b780bd6624ad3efc829100aca88ff8cab347b3870089693
True,1,131.88179437903182,1.185048772,1.0501678019999998,135.50458895399905,17582141,evaluation_epoch0,83578a5b8db1f3452ce8355cd58a7dde59b9c5185f9ce0d06892fa9841bf0ce9,1356990,True,1000000,e6a3727bf6989615cbcea7e3dfb6170007f7d2bf5ffd72ef3a699b3cfad87d50,86534016,communication,1.0036210500157534,22,2704188,4.688570933333334,0,success,40562820,1352094,1.352094,272.141640725,24,True,272.647499574,0.36615639297287883,0.3603029790138441,cd71d19810b5b3f74f5d49e49ea2384569adecd014e1612d4c89dcabb596df19
True,1,132.44113553802205,1.186076392,1.002829863,139.55659420201135,17595498,evaluation_epoch0,83578a5b8db1f3452ce8355cd58a7dde59b9c5185f9ce0d06892fa9841bf0ce9,1357951,True,1000000,1a24114e16243612d525dbfc2f8fba7b9248f583008c1ca9b427e9cd0e88b04b,86600128,communication,1.0035650755620131,22,2706254,4.6921328,0,success,40593810,1353127,1.353127,276.673165377,25,True,279.178325824,0.3590740849577978,0.35107739502012647,5b1a229a42b40fb96605e9c521d75ef8c26d89b49231d15168c4549c93245382
True,1,131.93347551901732,1.232162244,1.0658316289999998,137.16103571302864,17597331,evaluation_epoch0,83578a5b8db1f3452ce8355cd58a7dde59b9c5185f9ce0d06892fa9841bf0ce9,1358260,True,1000000,638afb8621357a79ff400a9dadc3ff76e71d8b57bb4a81944edc382f53ac7328,86608256,communication,1.0036992316298345,22,2706508,4.6926216,0,success,40597620,1353254,1.353254,273.89948451600003,26,True,274.441202432,0.36261940697985473,0.3562700360328339,3f24dca7eb232d44b81558739cfb62e87988500964098fa841625039c8e66087
True,1,131.67561724200394,1.167132103,1.0250787730000002,133.7545727710043,17598693,evaluation_epoch0,83578a5b8db1f3452ce8355cd58a7dde59b9c5185f9ce0d06892fa9841bf0ce9,1358242,True,1000000,99831602d2ae49935eb124918d227439cb1f3130676e68ea8884dacbec37116e,86615616,communication,1.0036006440224359,22,2706738,4.6929848,0,success,40601070,1353369,1.353369,270.117089003,27,True,270.673902309,0.3633199710159434,0.35753890898382545,99a0c95f50edaa5fb501818fc662bf6e760ac927c947a641f85221279353b18e
True,1,131.44109252202819,1.2574226899999998,1.0698613479999999,134.7540577490043,17605638,evaluation_epoch0,83578a5b8db1f3452ce8355cd58a7dde59b9c5185f9ce0d06892fa9841bf0ce9,1358707,True,1000000,7475b629714cc7479ad57bee6d184770adcc2c65eab14356863d954db4436d07,86650176,communication,1.0035438127673277,22,2707818,4.6948368,0,success,40617270,1353909,1.353909,271.03760826900003,28,True,271.75040934,0.3655563629962173,0.3600138390004797,31fb74ae174670a2e2982cf356792e0e791d743418f542d89f681ea573d6b388
True,1,130.93551464795684,1.221706092,1.035361102,135.01156245702964,17588635,evaluation_epoch0,83578a5b8db1f3452ce8355cd58a7dde59b9c5185f9ce0d06892fa9841bf0ce9,1357532,True,1000000,360ae5d5c6cff951782b0aaa633e22dc3590c469dd6fe765df72f21db5936a92,86565760,communication,1.0036537309901743,22,2705180,4.690302666666667,0,success,40577700,1352590,1.35259,270.69266723299995,29,True,271.398387542,0.3592652549832276,0.35333499397948787,790622028ca029e66178d28b7416d01ce3f2e8cf11066d876e0f905d76be3a8b
True,1,134.1398510600171,1.233249944,0.918675232,140.1881630189903,17619172,evaluation_epoch0,83578a5b8db1f3452ce8355cd58a7dde59b9c5185f9ce0d06892fa9841bf0ce9,1359857,True,1000000,00b8cdfe70425047d89fe3aee354ac2f3d0683366f962c5549872072aac02f07,86716224,communication,1.0036282022612055,22,2709882,4.698445866666667,0,success,40648230,1354941,1.354941,279.00783149,30,True,279.530133038,0.36582552200997354,0.35943036199590805,2b9ee8b3c53d1ecb3e820c8beb933f37d16b7e947a3e1ffd97479de77c24c264
True,1,132.398537788001,1.128085106,1.075807696,136.87333418799017,17604753,evaluation_epoch0,83578a5b8db1f3452ce8355cd58a7dde59b9c5185f9ce0d06892fa9841bf0ce9,1358698,True,1000000,f50221d63975aa1d9963abbfa1b64ec020ab24337460f9e434cb96c7e6153353,86645504,communication,1.003591276934577,22,2707672,4.6946008,0,success,40615080,1353836,1.353836,273.98718345,31,True,274.52276101,0.3659301780236479,0.36101447200614034,1a7106e8379686c9afd97501a1aabe0a45ff706c8408438c799a34520d96f4fe
True,1,129.13602442899816,1.1763782469999997,1.0012624149999998,134.28340946098564,17579061,evaluation_epoch0,83578a5b8db1f3452ce8355cd58a7dde59b9c5185f9ce0d06892fa9841bf0ce9,1356718,True,1000000,ccc187b58ab4d3554f0611f5875b10ce4333bc5966be6590396f4828dd058051,86519040,communication,1.0035935673812377,22,2703720,4.6877496,0,success,40555800,1351860,1.35186,268.08743812999995,32,True,268.590162229,0.3607728710079319,0.35517923695263276,504cef1065de10647df5fa5164ca18d7aece4f40d0816645b4985de554a05ce5
True,1,132.83827589402773,1.224858454,1.0738173250000003,138.28363224298326,17592704,evaluation_epoch0,83578a5b8db1f3452ce8355cd58a7dde59b9c5185f9ce0d06892fa9841bf0ce9,1357821,True,1000000,a7df09ff4717ed2dfddcb9e172c4a8e535ad3663f84c7f388527fc6c1eb3df2d,86585920,communication,1.0036336623783635,22,2705810,4.691387733333333,0,success,40587150,1352905,1.352905,275.975589178,33,True,278.502242051,0.3681551109998322,0.35950846599761954,fc175cc736fb9d93a1a178f0d0a5a48e7207a898678cf9629237150c91e46cc4
True,1,128.7811209990038,1.1987444699999998,1.0741978239999999,130.14133571399157,17601656,evaluation_epoch0,83578a5b8db1f3452ce8355cd58a7dde59b9c5185f9ce0d06892fa9841bf0ce9,1358445,True,1000000,efd96f7854ce69c1420fe562634d98a3bdc8ecacb104ee33cdab2e1965e4355f,86630336,communication,1.003580085387179,22,2707198,4.693774933333334,0,success,40607970,1353599,1.353599,263.693020278,34,True,264.201487664,0.3612912380429356,0.3551269979814933,9b11741f779ad45045c19da8db8a67b932c09b71d03bb52ee9a6b9a0127ba858
True,1,130.41042288698046,1.237633681,0.9632623940000002,135.33056004201075,17603553,evaluation_epoch0,83578a5b8db1f3452ce8355cd58a7dde59b9c5185f9ce0d06892fa9841bf0ce9,1358674,True,1000000,3340af9225187ea2d29b4ad7e72eff21ff92e749ed93631c8b46f2ade8b7c122,86639232,communication,1.0036462003725979,22,2707476,4.6942808,0,success,40612140,1353738,1.353738,270.404431437,35,True,270.919628406,0.3568499350034333,0.3517140140133561,bf66277b9f36210f9fe3a24de2036e5943abaf8223c3f5386cd195e23b1f5a39
True,1,129.31445419201995,1.259494316,1.083315169,131.34297586801586,17604795,evaluation_epoch0,83578a5b8db1f3452ce8355cd58a7dde59b9c5185f9ce0d06892fa9841bf0ce9,1358776,True,1000000,2cb197c465f69d952c2da0b9e674318d37e2bba423557e41b0fcd3083e23b591,86645312,communication,1.003651115019356,22,2707666,4.694612,0,success,40614990,1353833,1.353833,265.49903782,36,True,266.081385031,0.36313790598980056,0.3568668049867112,040879a6a0df8475be9a4e3dc9bff5142f33d614e6cf3af700e9b138b50af117
True,1,136.28411179002308,1.215017559,0.9069545349999999,142.71107280705945,17597514,evaluation_epoch0,83578a5b8db1f3452ce8355cd58a7dde59b9c5185f9ce0d06892fa9841bf0ce9,1358131,True,1000000,845c3f19b92e2185198069377dc4c6e33abfbb4ca4e7e967c42296a14b0cf0a9,86609920,communication,1.003584624024592,22,2706560,4.6926704,0,success,40598400,1353280,1.35328,283.662262601,37,True,284.476232922,0.36886187898546297,0.36230453100386883,aaf24b24ef164eae021e0308dc0088ead4255149c4fb42441ac6d1323116a614
True,1,133.06152629602147,1.150897793,1.0666993010000003,140.78031095998944,17625197,evaluation_epoch0,83578a5b8db1f3452ce8355cd58a7dde59b9c5185f9ce0d06892fa9841bf0ce9,1360302,True,1000000,8a271d5f5b4096aa04f8534856a8ad1073a6dceb5c6e45d11446e02d99638306,86745984,communication,1.0036122018052156,22,2710812,4.700052533333333,0,success,40662180,1355406,1.355406,278.582755874,38,True,279.085063743,0.3670242189851538,0.36098105899635025,53bff7a21a57c865af4cd96d2d785a45cdd9513e2ca501f1a4c117835a2c5c5e
True,1,131.59165200501513,1.141527694,0.9895404909999999,137.3540043210043,17611119,evaluation_epoch0,83578a5b8db1f3452ce8355cd58a7dde59b9c5185f9ce0d06892fa9841bf0ce9,1359196,True,1000000,713d08acf48ac8e271925a5548c66f621d8760ae433a068d3482c4eb149f2939,86676800,communication,1.0035966256253115,22,2708650,4.6962984,0,success,40629750,1354325,1.354325,273.586568879,39,True,274.100645209,0.36360472199065397,0.35830066000237704,b2f6094ce890b34cc20a54b5d3f7a74462e89b18cb08114145e2a70a39582ff2
True,1,132.44128165598983,1.2390526640000001,1.032782344,136.68026973400612,17578248,evaluation_epoch0,83578a5b8db1f3452ce8355cd58a7dde59b9c5185f9ce0d06892fa9841bf0ce9,1356709,True,1000000,5077becdfa819a67a9cfce44b1084fd2d8634ed622e83dbd55e7104780ad58e7,86514752,communication,1.0036366514695667,22,2703586,4.6875328,0,success,40553790,1351793,1.351793,273.929681607,40,True,274.453070717,0.36879426498980594,0.3622467729795176,e448f543b0457a9dbeacd1359a9b2555b35c9d2665c578acdb1a7b072f8138f8
True,1,136.4722546239948,1.2480227400000001,1.044550664,143.13477806201445,17594961,evaluation_epoch0,83578a5b8db1f3452ce8355cd58a7dde59b9c5185f9ce0d06892fa9841bf0ce9,1357930,True,1000000,211b8efd47d487bb5cd4beb8f796e013fadd816a76ca9e824112deedb087c3c7,86597376,communication,1.0035814480106187,22,2706168,4.6919896,0,success,40592520,1353084,1.353084,284.40310939299997,41,True,286.897341305,0.3610681069740038,0.3523024580223728,8583254ba54a7e9229549a40b4aa0926eb18feb0c91ab053cdef572c6ad58ea2
True,1,132.79163993996818,1.207559086,1.022089632,144.10285209401422,17608947,evaluation_epoch0,83578a5b8db1f3452ce8355cd58a7dde59b9c5185f9ce0d06892fa9841bf0ce9,1358932,True,1000000,03f8e1882de2393daae335806ca06aefbac8508599ad73e8ea905d71bfed98eb,86666624,communication,1.0035195094249894,22,2708332,4.6957192,0,success,40624980,1354166,1.354166,281.64722447,42,True,282.199322948,0.3679796360063068,0.3619346140029136,b65f8e86a72a82715fbdd941735aa631e1b39faead29b714b05503c7953c74df
True,1,134.50234831999387,1.2076928530000002,1.0677859560000003,144.67826122995697,17589928,evaluation_epoch0,83578a5b8db1f3452ce8355cd58a7dde59b9c5185f9ce0d06892fa9841bf0ce9,1357493,True,1000000,a351d6c0519ebae46f07b01f8c0ee0ac148b04bdfa4b6e8b2fa7fabc3b41b2e9,86572864,communication,1.0035425419216812,22,2705402,4.690647466666666,0,success,40581030,1352701,1.352701,283.966118225,43,True,284.519481814,0.36460436103216276,0.35889717502656815,6476615b1d6698f05612553b35b9519a4137ccddec0f14759b3427e07698f709
True,1,133.62909137000904,1.23891483,1.0084940239999998,139.53453903199156,17606343,evaluation_epoch0,83578a5b8db1f3452ce8355cd58a7dde59b9c5185f9ce0d06892fa9841bf0ce9,1358860,True,1000000,c7158321a0f11a5edc13e0e6eca0dab662765e3c4ce0442857518402ee988c49,86653120,communication,1.0036227201051733,22,2707910,4.6950248,0,success,40618650,1353955,1.353955,277.893143298,44,True,278.512429806,0.35919945703512157,0.3533884150034954,43ad7ef874ea9e81b42821bc6d88b4519c888f4cf22b3160656b3a4349ae4658
True,1,134.90430357401735,1.211231437,1.0685415820000002,143.02258844399975,17575602,evaluation_epoch0,83578a5b8db1f3452ce8355cd58a7dde59b9c5185f9ce0d06892fa9841bf0ce9,1356439,True,1000000,aa85e419f6b68a6cb18e86b8c759b9e1e2e7304a45688a3cc1e27ef7a59a3231,86502080,communication,1.0035839138203382,22,2703190,4.6868272,0,success,40547850,1351595,1.351595,282.698937011,45,True,283.510700928,0.3594638370055101,0.35335068701802674,2d0224dae13a4fd1943b230e4b401991b083fb64a679a7ceb68a5fdb969a498a
True,1,143.60715330599638,1.202930728,1.097250866,136.1177870909923,17591952,evaluation_epoch0,83578a5b8db1f3452ce8355cd58a7dde59b9c5185f9ce0d06892fa9841bf0ce9,1357801,True,1000000,2dc0149b9fbdaa534381049f63ceb56e42ded02aaca349ba8342018642f3fb54,86582016,communication,1.0036641327455347,22,2705688,4.6911872,0,success,40585320,1352844,1.352844,284.499251212,46,True,285.027996424,0.3580270859889825,0.35252430603027785,02366125c729ee0dea60c29ffa8090f2865dd83160a0a3286bbe4654e5a5dcd2
True,1,137.31083292198946,1.1137929930000001,1.068749017,145.80988451601246,17609734,evaluation_epoch0,83578a5b8db1f3452ce8355cd58a7dde59b9c5185f9ce0d06892fa9841bf0ce9,1358999,True,1000000,2cd52037d94ad808d6a343ec0f41190f9dcd928061c890422a1c3023620a6ffe,86670464,communication,1.0035245224947682,22,2708452,4.695929066666666,0,success,40626780,1354226,1.354226,287.776067361,47,True,288.334718255,0.3592284850325034,0.35342831701613164,e025a0da743c9817c45ec9ccadfa94af15a4633d44c694b0cb972737cc7927c4
True,1,133.86723637498193,1.22677492,1.0891617949999999,137.10130277600243,17610738,evaluation_epoch0,83578a5b8db1f3452ce8355cd58a7dde59b9c5185f9ce0d06892fa9841bf0ce9,1359223,True,1000000,e70f4d8514e5e896f8e076c2241cb3aa87e330200cf992cdb9be4423ac35bc21,86674624,communication,1.0036417579382866,22,2708582,4.6961968,0,success,40628730,1354291,1.354291,275.823012888,48,True,276.365476453,0.36987971697860855,0.36447580499014487,2fefb044edc5f30ce06d842ec85cccac1b17192c105955c06ea8de6fac6bf36c
True,1,135.17669709198879,1.278605815,1.0211996090000002,142.6725766400154,17591138,evaluation_epoch0,83578a5b8db1f3452ce8355cd58a7dde59b9c5185f9ce0d06892fa9841bf0ce9,1357659,True,1000000,73579d9d7931337f42a59e43cd2b482ce0356d9d50ea87462c8f80c386421e92,86578432,communication,1.0036007120110468,22,2705576,4.690970133333333,0,success,40583640,1352788,1.352788,282.692269318,49,True,285.322657284,0.3681311099677451,0.3593838300193508,584c7ef9f85fdb3128c90f2cffc338134ac18433764cdf49fcb7b5f70bf0219f
True,1,134.03595635998943,1.199436818,1.0223052359999998,143.30987425598457,17612826,evaluation_epoch0,83578a5b8db1f3452ce8355cd58a7dde59b9c5185f9ce0d06892fa9841bf0ce9,1359223,True,1000000,f66ca3b23fa3ee0c9005e726b0cc15c38551641073a705dcc9bf14b172306b9f,86685760,communication,1.003512826097389,22,2708930,4.6967536,0,success,40633950,1354465,1.354465,282.10069023200003,50,True,282.639366839,0.36586656297817566,0.36054524702085855,aeb70e8b21622ecea72b93b3790bc0f07b9864fc9b37f49a9ad738b64aa5cf2f
True,1,135.63128818799635,1.28265223,0.9433444799999999,136.8462352709999,17602324,evaluation_epoch0,83578a5b8db1f3452ce8355cd58a7dde59b9c5185f9ce0d06892fa9841bf0ce9,1358585,True,1000000,9a4152596793b7c1ac6767e4f4c9d56ed2cea7a513e90b7bfe42c781ab51798f,86633152,communication,1.0036508887498403,22,2707286,4.6939530666666665,0,success,40609290,1353643,1.353643,277.202257186,51,True,277.733598115,0.36333039898485264,0.3571663329551198,6812e524b5bd4e57cc7b2fa98ce781f9a96f406e8de83928907ac205044db86b
True,1,135.7371416549955,1.24518516,1.073756011,137.41442321701217,17583135,evaluation_epoch0,83578a5b8db1f3452ce8355cd58a7dde59b9c5185f9ce0d06892fa9841bf0ce9,1357000,True,1000000,d383d1b0f88c52be55df3bd6d2d62adf72b97bbd1bb52a1ccd8ce0fb0a87e6cf,86539264,communication,1.0035675829182,22,2704352,4.688836,0,success,40565280,1352176,1.352176,277.96794157000005,52,True,278.555964042,0.36209700198271033,0.35564745401564224,11e17173b5bc888629d48252223695d0193319df7fe852d30c5c8ea36959d851
True,1,134.8891083340275,1.1721185420000002,1.0609314890000001,142.63531874802584,17587865,evaluation_epoch0,83578a5b8db1f3452ce8355cd58a7dde59b9c5185f9ce0d06892fa9841bf0ce9,1357350,True,1000000,a97ac0525c2e1212296c3a68dc09ae95544145e05621c28e51dded0074b0a75d,86562624,communication,1.003555529924786,22,2705082,4.690097333333333,0,success,40576230,1352541,1.352541,282.236022291,53,True,282.941086167,0.3586925209940661,0.353460386993965,e1521af8eb789bffff4c4535313c004ab40899c3a88073d50e370d61072e53a6
True,1,139.96389166102108,1.14856375,1.008721052,141.96531794500785,17600973,evaluation_epoch0,83578a5b8db1f3452ce8355cd58a7dde59b9c5185f9ce0d06892fa9841bf0ce9,1358470,True,1000000,eb08a7a0e65b1b22d1a4156f727e649fca67c9c4628bf8c85975651f230b5908,86626560,communication,1.0036423009294146,22,2707080,4.6935928,0,success,40606200,1353540,1.35354,286.57944702,54,True,287.119841318,0.36236572900283637,0.35609736099287703,00cd4f67e8bc92e4359311835ad8a4ad9c492a149802b78bcbfe9aeec07b0114
True,1,139.5135759559898,1.141241473,1.0475560389999998,136.12210963500672,17597684,evaluation_epoch0,83578a5b8db1f3452ce8355cd58a7dde59b9c5185f9ce0d06892fa9841bf0ce9,1358193,True,1000000,d9cfb040018d5543b658bf71c2d25399e55a9d44648d57fc678c0befc1063687,86610496,communication,1.0036237640297083,22,2706578,4.692715733333333,0,success,40598670,1353289,1.353289,280.349480352,55,True,280.888527673,0.3674805810447812,0.3620037969661638,aea0de2d4d2a69c6111eed0f774eee5523db04a2b902a1a8f31e6c5ba8782120
True,1,131.74068192101345,1.2147291459999998,1.0344464739999997,139.6046036349757,17598274,evaluation_epoch0,83578a5b8db1f3452ce8355cd58a7dde59b9c5185f9ce0d06892fa9841bf0ce9,1358195,True,1000000,a0aabdafa6114d686c64f2571c86bb5adc1ce0f7a367697f3a8dd7fc44d20977,86613632,communication,1.003588903880627,22,2706676,4.6928730666666665,0,success,40600140,1353338,1.353338,276.091344799,56,True,276.63021192,0.36166028197803124,0.35619893398582203,3b6f5234cce60582c5128e067355e7aeb6f03c1a767327e56de7f050106fd5d9
True,1,131.26198458099705,1.244698362,1.088444715,133.1797796479977,17610573,evaluation_epoch0,83578a5b8db1f3452ce8355cd58a7dde59b9c5185f9ce0d06892fa9841bf0ce9,1359298,True,1000000,e8b71cd1b8c0ac7ea9d4ea81b65753ed506174e4bc8d167a46410169aec9a060,86673344,communication,1.0037119601615925,22,2708542,4.6961528,0,success,40628130,1354271,1.354271,269.320637431,57,True,271.893244561,0.36947584497663044,0.359686621000634,19db8fd7b996f7b59807d2d66150bc18c55d785ef1c2eabd8ec14594cb901906
True,1,130.76798807003308,1.198353089,1.0812454320000002,136.90589646499404,17573124,evaluation_epoch0,83578a5b8db1f3452ce8355cd58a7dde59b9c5185f9ce0d06892fa9841bf0ce9,1356337,True,1000000,d74dd6aca25560f0d58c8f3b0b2b0e4ac867741c85089e987faadedd46d3c5c6,86489408,communication,1.0036554765180032,22,2702794,4.6861664,0,success,40541910,1351397,1.351397,272.45858053399996,58,True,272.972082792,0.3629302400059582,0.3572493860072843,f6b2453c7560908fa12bed374b81af19a454fb889ae4a52809c62770493034a2
True,1,130.46515530600138,1.2404197529999998,0.929581384,135.1095669720093,17578720,evaluation_epoch0,83578a5b8db1f3452ce8355cd58a7dde59b9c5185f9ce0d06892fa9841bf0ce9,1356725,True,1000000,a3828c1a8fc2e9cd3a88a75211bb70f87c3c44df4509d16f33442d23a2600e3c,86517184,communication,1.0036202750195846,22,2703662,4.687658666666667,0,success,40554930,1351831,1.351831,270.21951943,59,True,270.739686658,0.35769533397374076,0.35206417797155476,6e14002642b24a37497cd8977cbfcd7253024abca02f706423293ad74aa2a858
True,1,133.56707050799048,1.2627588189999999,0.985340339,136.8616232280157,17607290,evaluation_epoch0,83578a5b8db1f3452ce8355cd58a7dde59b9c5185f9ce0d06892fa9841bf0ce9,1358859,True,1000000,16198dd39e69ddc2808411ba34764bed760d884178049cd5372495fd59b6ffdb,86658176,communication,1.003563426029184,22,2708068,4.695277333333333,0,success,40621020,1354034,1.354034,275.194880561,60,True,275.916560885,0.3652520329873852,0.35926628801016536,6f7138233a6d61ad28667c65d116fc0193661cb924ba20cb193e5b82c957e380
True,1,130.18523311696998,1.18502362,1.086036275,137.46442833698757,17584389,evaluation_epoch0,83578a5b8db1f3452ce8355cd58a7dde59b9c5185f9ce0d06892fa9841bf0ce9,1357198,True,1000000,ef9f9e89b25c8b7ac0a6b3e04bce9e61dbc6a4b1768d6b50f0e930a501534ca1,86544896,communication,1.0036486958167932,22,2704528,4.6891704,0,success,40567920,1352264,1.352264,272.46746308800004,61,True,273.206901285,0.36900877403017995,0.36242655897756393,c9a385df20f732cdb9fabe919f3e9f6c0f2daf80013a7adf564c36dbaac17f0e
True,1,129.59042834601073,1.113637119,1.0662839750000002,133.154325533992,17610946,evaluation_epoch0,83578a5b8db1f3452ce8355cd58a7dde59b9c5185f9ce0d06892fa9841bf0ce9,1359155,True,1000000,5c39aec45cc8e14d482c83af05d10b8df78e56297866b88d01c3d3bdd778ee3c,86676096,communication,1.0035745034017223,22,2708628,4.696252266666667,0,success,40629420,1354314,1.354314,267.43515697099997,62,True,267.947489212,0.36498429597640314,0.3598452199674207,b80a25d4e5b70fa3e6db660cf5125c952d9422360d2d03d167b234047ff585cb
True,1,130.85049158902206,1.156057894,1.050725303,130.66172143001188,17592962,evaluation_epoch0,83578a5b8db1f3452ce8355cd58a7dde59b9c5185f9ce0d06892fa9841bf0ce9,1357851,True,1000000,eb55800127dee3fb3e3e3f7d2f81805399d321deca5ac7a677d746ac4c83a9ac,86587136,communication,1.0036417418864623,22,2705848,4.691456533333334,0,success,40587720,1352924,1.352924,266.222339561,63,True,266.726547877,0.3630174730259075,0.3575781979814856,0dfc4fe5fca5cf312376d6eadbc2604705861c753b2ef20dfa41e16bb3f5c6ab
True,1,129.01384320200535,1.231812889,1.02650885,130.94733894797724,17607201,evaluation_epoch0,83578a5b8db1f3452ce8355cd58a7dde59b9c5185f9ce0d06892fa9841bf0ce9,1358866,True,1000000,69f0476202ab618742b8eef345e2b4e360fe2bad3f0252c7da160a6ebd8f42ea,86657664,communication,1.0035745251568287,22,2708052,4.6952536,0,success,40620780,1354026,1.354026,264.735992577,64,True,265.246413782,0.3659982189706419,0.35976475096584304,7577fffd4bbf9dbb7e34089e9f35facc72036e57f433f8f43908d3a15585d843
True,1,130.28111832700256,1.2547433080000001,0.9328821009999999,131.1911349440124,17594467,evaluation_epoch0,83578a5b8db1f3452ce8355cd58a7dde59b9c5185f9ce0d06892fa9841bf0ce9,1357868,True,1000000,8b92000841f934e2c226c7205c546b526c131203fcb262290a1efc30f9d5cb55,86595072,communication,1.0035623274266692,22,2706096,4.691857866666667,0,success,40591440,1353048,1.353048,266.16282805500003,65,True,268.570457233,0.3614826860103464,0.35217393104430217,f4f5d2c5b065c59d1a47b98ed7092392ee6a509cc7b146de75e130afebf1df56
True,1,129.0717590510314,1.187682097,1.0355920809999999,130.9797518050268,17585890,evaluation_epoch0,83578a5b8db1f3452ce8355cd58a7dde59b9c5185f9ce0d06892fa9841bf0ce9,1357247,True,1000000,2f940be22eb96f850dbdd616bb3478f4be5697689aee329640467df61e23ff9d,86552640,communication,1.003595130084998,22,2704770,4.6895706666666666,0,success,40571550,1352385,1.352385,264.735658598,66,True,265.241755211,0.35735096399905997,0.3512761669782929,ce909d27436dcd0a8f1feaf67b1ee9ba3e70786bfc6fc7ba878902bf052a0a01
True,1,129.50738267402713,1.208230323,1.071065398,132.13253633300076,17585326,evaluation_epoch0,83578a5b8db1f3452ce8355cd58a7dde59b9c5185f9ce0d06892fa9841bf0ce9,1357187,True,1000000,3b4b2919cc8ecf5002fc03a10c7011cd306a1b76c50baaff5167577b620367dd,86549952,communication,1.0035819315070216,22,2704686,4.689420266666667,0,success,40570290,1352343,1.352343,266.445440883,67,True,266.95545139,0.3674151309948721,0.3616620100064356,55455111d67903d22c396b141f4030693cb3c8453533c0c39b89973d5ce0dd77
True,1,129.46550658,1.2482932229999997,1.055163103,130.582359238009,17625372,evaluation_epoch0,83578a5b8db1f3452ce8355cd58a7dde59b9c5185f9ce0d06892fa9841bf0ce9,1360333,True,1000000,a83d229389ddea8d2b6d1a938ea1d3db0e03a83c5d4d02983636de4c3b00655e,86746752,communication,1.0036261876410082,22,2710836,4.7000992,0,success,40662540,1355418,1.355418,264.827467837,68,True,265.385804784,0.3597722119572424,0.35401330501142025,cdd5780d6ad5f682eaba502ee70cde81d9251c38e2818ebf5622c341fe838e9c
True,1,130.30883843201428,1.285483206,0.930850629,132.05952408601343,17604712,evaluation_epoch0,83578a5b8db1f3452ce8355cd58a7dde59b9c5185f9ce0d06892fa9841bf0ce9,1358681,True,1000000,04ab3594ca2b8f97b87bd33d920eeadb9d71b2e620139164a84cd08a667e590d,86645376,communication,1.0035802025950005,22,2707668,4.694589866666667,0,success,40615020,1353834,1.353834,267.102641483,69,True,267.858884224,0.36148671700920243,0.35623483500756414,e38e54aaa11ee3a0889c9e5a377c9ec01c9212678ffb565a0456f0d1a054e474
True,1,131.25233664299566,1.144191793,1.022284661,131.61313472400258,17599321,evaluation_epoch0,83578a5b8db1f3452ce8355cd58a7dde59b9c5185f9ce0d06892fa9841bf0ce9,1358294,True,1000000,3fdaa1c196d249fa3954c49d69394abe4504e83a5d0ac49f5845c47ec4ca529b,86618688,communication,1.0036034718050681,22,2706834,4.693152266666667,0,success,40602510,1353417,1.353417,267.502215132,70,True,267.993547835,0.3572940770118338,0.3513192870079367,cae7ebb49f87f5330b135e3058f09a6a682564148b5bd52950e99b40e1ae5aee
True,1,129.34581466499026,1.1597750679999999,1.0018043540000003,134.14991169100998,17604910,evaluation_epoch0,83578a5b8db1f3452ce8355cd58a7dde59b9c5185f9ce0d06892fa9841bf0ce9,1358699,True,1000000,999998f459aca35affee49d8b0457224bccd229998623428ade387c43ff3ae86,86646336,communication,1.0035823788324991,22,2707698,4.694642666666667,0,success,40615470,1353849,1.353849,268.147071453,71,True,268.66425723,0.3622100110023925,0.3570035439851913,a1629104d963eaf73c43dd9db4ccdb648c5babe9d769f4d6627010b19a454fb6
True,1,129.1349103989875,1.215716446,1.011484906,130.85473881600996,17589792,evaluation_epoch0,83578a5b8db1f3452ce8355cd58a7dde59b9c5185f9ce0d06892fa9841bf0ce9,1357645,True,1000000,052c4473a0ce7961975e6e1b752aeb7cac500b58a3f3a1ce868ea30bd2d19b7d,86571328,communication,1.003672717137942,22,2705354,4.6906112,0,success,40580310,1352677,1.352677,264.758384794,72,True,265.256184054,0.36962459102343237,0.36392079499893315,4c5402d85303013cef106c8aa2fb4be5bc700a6062a0782ab76f25243bc675b3
True,1,132.0339815649574,1.236027518,1.0207768109999997,136.6839215680152,17601706,evaluation_epoch0,83578a5b8db1f3452ce8355cd58a7dde59b9c5185f9ce0d06892fa9841bf0ce9,1358471,True,1000000,113033dc19317cab955a3ca415c203e0f105e22abcc74eaffbc81cf355742c47,86630464,communication,1.0035978105808137,22,2707202,4.693788266666667,0,success,40608030,1353601,1.353601,273.50026885799997,73,True,276.042547963,0.3662015770069522,0.3565921060042685,a0ffd33fec6a830c14be1279948ff90aa8c6a506e1e712efe67f542fa54c2ebd
True,1,129.56875621598942,1.1925871460000002,1.0664338920000003,132.76952747198354,17594716,evaluation_epoch0,83578a5b8db1f3452ce8355cd58a7dde59b9c5185f9ce0d06892fa9841bf0ce9,1357961,True,1000000,8a1fcc6a0e8663f192d4f42d979ae2f734d05d1faef74635e6e66e92d7da824b,86595904,communication,1.003621418398727,22,2706122,4.691924266666667,0,success,40591830,1353061,1.353061,267.124529889,74,True,267.629955145,0.36821731200291374,0.3629740100345775,a416943e5bc955b2de1470bbb3cd069ac344ab9dd55168715831cd9df7f86fcc
True,1,132.3728367969929,1.18677273,1.035165594,136.15438289600758,17582908,evaluation_epoch0,83578a5b8db1f3452ce8355cd58a7dde59b9c5185f9ce0d06892fa9841bf0ce9,1356977,True,1000000,adea1fcc6e054d5ca637ec42312d9e291c00506a9e572cb45b59400cb9485551,86538176,communication,1.0035631904236115,22,2704318,4.688775466666667,0,success,40564770,1352159,1.352159,273.253703146,75,True,273.762686338,0.3645509219955976,0.35968053001620737,e8e9fc5a1d35f8c0b40139e1f071166dbad72702f1942a64969e8219a959ec4a
True,1,129.6973291999793,1.226724989,1.040755404,130.1113423710125,17591317,evaluation_epoch0,83578a5b8db1f3452ce8355cd58a7dde59b9c5185f9ce0d06892fa9841bf0ce9,1357730,True,1000000,cb18fccfe9056ae9c43f1a55a95a61659d5e2c86557e618b987fd12bb6fd0b1d,86579008,communication,1.0036465190268755,22,2705594,4.691017866666667,0,success,40583910,1352797,1.352797,264.588005234,76,True,265.187858782,0.36587308101578486,0.35985594000537624,03b00b734eb40b46c5aeedbb1811037b1b346f81a42c8b9de62e66e9f1b800aa
True,1,132.6057761119891,1.240768626,1.0313178650000001,137.57818581600907,17592779,evaluation_epoch0,83578a5b8db1f3452ce8355cd58a7dde59b9c5185f9ce0d06892fa9841bf0ce9,1357848,True,1000000,082799512917cc8ae2e3762345ca6a0026a9f8485f8019bf96a57d383e305273,86586176,communication,1.0036506520394202,22,2705818,4.6914077333333335,0,success,40587270,1352909,1.352909,274.956083588,77,True,275.730738953,0.36013108499250857,0.355223394026948,8d39ee0d2152839173b5bfcfb742072d4322a32e3cdc59380d341caefb1a32f7
True,1,136.8338176419809,1.1630078499999998,0.9888808349999998,142.92523176698398,17577779,evaluation_epoch0,83578a5b8db1f3452ce8355cd58a7dde59b9c5185f9ce0d06892fa9841bf0ce9,1356648,True,1000000,c1a48bcaa6b1017f4a573773d6357b31ed4dd1aa6504851d9617639609c8f7f4,86512576,communication,1.0036167689654738,22,2703518,4.687407733333333,0,success,40552770,1351759,1.351759,284.45233464200004,78,True,284.971275524,0.36914600497121963,0.3632437130036177,c35b5b009c0cdc7e72691bbadb6315522865242d602e8b0b714061d5ea760405
True,1,135.0279364559883,1.199658694,0.9091839129999997,140.21974394101912,17617280,evaluation_epoch0,83578a5b8db1f3452ce8355cd58a7dde59b9c5185f9ce0d06892fa9841bf0ce9,1359621,True,1000000,1fc920d3fcff6abdf036c735493c08892d3fdd9edadee5add8c6951ac76918f2,86707392,communication,1.0035562365893786,22,2709606,4.6979413333333335,0,success,40644090,1354803,1.354803,279.898269736,79,True,280.435023952,0.36795917900944364,0.36140033999823507,9481d990cff90e73ec6de6da28d64aea2750fffc6ad1f4ee0dcc47b73b5a1865
True,1,128.37527250200245,1.175644225,1.0416519919999998,142.05110831097048,17578249,evaluation_epoch0,83578a5b8db1f3452ce8355cd58a7dde59b9c5185f9ce0d06892fa9841bf0ce9,1356722,True,1000000,8775ac7ca07c7d9af1205b17bb2bc48aea6066fe1bcf4301608fa2bf5f0a7e53,86514688,communication,1.003647010782724,22,2703584,4.687533066666667,0,success,40553760,1351792,1.351792,275.150338268,80,True,275.65503703,0.3640694429848099,0.35751049403327695,93b812f6d80bd7e96bc2a77f65c5b611d54c0a3bd1a4fc4d11cc05db25758e9c
True,1,132.85297114200708,1.2167428569999998,1.0216264560000003,142.96570086200148,17566586,evaluation_epoch0,83578a5b8db1f3452ce8355cd58a7dde59b9c5185f9ce0d06892fa9841bf0ce9,1355859,True,1000000,5cad452e0d855bf69b8765e520fb2031d156be09767264df0387a953dc266665,86457088,communication,1.0036768298279952,22,2701784,4.684422933333333,0,success,40526760,1350892,1.350892,280.579106738,81,True,283.099587014,0.3656673690043366,0.3565760640402229,7206e4709e507875ec444fa670d6cc15c31f0fc8cc836a35b02d93ec670e8a87
True,1,134.04620754901424,1.282000865,1.0760121640000002,139.22468556596428,17607033,evaluation_epoch0,83578a5b8db1f3452ce8355cd58a7dde59b9c5185f9ce0d06892fa9841bf0ce9,1358902,True,1000000,08e8cb33849830ac17266c0d680fbfc11f90037fb3f27a9aaad1da490b83c68f,86656576,communication,1.003613713055083,22,2708018,4.6952088,0,success,40620270,1354009,1.354009,278.138559098,82,True,278.680020657,0.3635213129732424,0.3574467849946208,ce06f13c9c4d27ba40033c8112238093b8cdb79f02e7621e63edb961d109251d
True,1,134.10748733501032,1.2028390510000002,1.0235746959999998,136.21929922197916,17599826,evaluation_epoch0,83578a5b8db1f3452ce8355cd58a7dde59b9c5185f9ce0d06892fa9841bf0ce9,1358379,True,1000000,3119083b97ffc5e344404b0fd840fed1f0153b76e92667f08fe9aea9605d9d75,86620928,communication,1.0036403211935112,22,2706904,4.693286933333333,0,success,40603560,1353452,1.353452,275.034943759,83,True,275.570660074,0.3578970320215351,0.35263458898562794,2bfd5a3ce9bff42b2aee2271468b20c3447bba44fe3a6b9f04a8d1fc49e3eb3f
True,1,131.97504252095894,1.198858216,1.0326735169999999,142.56377328899092,17612192,evaluation_epoch0,83578a5b8db1f3452ce8355cd58a7dde59b9c5185f9ce0d06892fa9841bf0ce9,1359309,True,1000000,8fe38ebeb927da83c1eb375920a759b330340e3d1e92667c619ebc23281fdb04,86681920,communication,1.003620778127665,22,2708810,4.696584533333334,0,success,40632150,1354405,1.354405,279.278503034,84,True,279.9372693,0.36376522094664887,0.35759727799615915,52f14d11452258f93523aeddebf11df9b748a7c593a084c0b194c95b34ac4e71
True,1,134.87841087800075,1.255651892,1.0731946970000004,135.9305522790532,17609654,evaluation_epoch0,83578a5b8db1f3452ce8355cd58a7dde59b9c5185f9ce0d06892fa9841bf0ce9,1359147,True,1000000,184a9fc7aa112f9e8be10cacdb17e898928082bbbfa9406b6b8f07b04d843eb5,86669248,communication,1.0036478913489593,22,2708414,4.695907733333334,0,success,40626210,1354207,1.354207,275.674319877,85,True,276.408477731,0.3681843710117976,0.3622306189745368,21af33b28e9d1a89be418285f651260be327791c0d67b5b881c5cfaafe604b59
True,1,135.18349104799574,1.169578988,1.0022964389999998,145.3456957849948,17613933,evaluation_epoch0,83578a5b8db1f3452ce8355cd58a7dde59b9c5185f9ce0d06892fa9841bf0ce9,1359442,True,1000000,3da7a4362ae13ee914891e97df1530c80968c258c64231c0b851b219930c8503,86690496,communication,1.003619681677678,22,2709078,4.6970488,0,success,40636170,1354539,1.354539,285.174595145,86,True,285.726168004,0.3594262570121569,0.3529693649776373,d1aa5f39cc0b8b06240695f69683398fc6264e14da9069af28bb13f941a6629c
True,1,136.30718048400786,1.161450788,1.04873726,142.06495113898328,17607174,evaluation_epoch0,83578a5b8db1f3452ce8355cd58a7dde59b9c5185f9ce0d06892fa9841bf0ce9,1358899,True,1000000,df00c5a0cc70c76621d03a8750212c72c2d5605f286da65d6fce76c05c66deb9,86657344,communication,1.0036026029138396,22,2708042,4.6952464,0,success,40620630,1354021,1.354021,283.095424443,87,True,283.636293005,0.36617148802016297,0.36051549601774324,e85aed0aa4e0aa809675c0ee230a52e19ceea63697157290aea97c8e6d059225
True,1,133.29499859097484,1.160899417,1.015860902,144.77055314497875,17605753,evaluation_epoch0,83578a5b8db1f3452ce8355cd58a7dde59b9c5185f9ce0d06892fa9841bf0ce9,1358882,True,1000000,d43fc5f92ca96616a2f6d2d9bff82b7f6c87f1026b74790367655738bc11ab94,86649856,communication,1.0036767747196256,22,2707808,4.6948674666666665,0,success,40617120,1353904,1.353904,282.71691801099996,88,True,283.228581828,0.36045081603472795,0.3540890230140761,47996969e262a86744f96ddef010002c930a4d2a79e5d57725006ddbb6ce628f
True,1,126.40737770200123,1.2554831050000002,1.0532550200000002,128.86421482197716,17596183,evaluation_epoch0,83578a5b8db1f3452ce8355cd58a7dde59b9c5185f9ce0d06892fa9841bf0ce9,1358048,True,1000000,817f7fb60b2107db8322c6a65050cbe8ac87023fc20a1107a524792c51b050f2,86603264,communication,1.003600418570829,22,2706352,4.692315466666667,0,success,40595280,1353176,1.353176,260.06181786999997,89,True,261.691095776,0.3588966769768658,0.35207978698680176,0b58350c1d322f6851f070663a5d3d6b05e331dfd201840e75b6222f33652599
True,1,129.98861093401152,1.177638092,1.023726367,140.54483988500786,17599356,evaluation_epoch0,83578a5b8db1f3452ce8355cd58a7dde59b9c5185f9ce0d06892fa9841bf0ce9,1358389,True,1000000,3c533ef09adc4c913c8976a94735af8f9ec5d2de0a6cab6cad1b8ae4c24616b8,86618368,communication,1.003677372448301,22,2706824,4.6931616,0,success,40602360,1353412,1.353412,275.243651625,90,True,275.768532867,0.36605088899001625,0.3598719100242689,225f9b29f28c3c864e2a54fff012fb0791064dc2d9e2bb9dc8e65a5317460fe0
True,1,130.37828618698765,1.1631736799999999,1.0801375289999997,131.22834151002766,17577850,evaluation_epoch0,83578a5b8db1f3452ce8355cd58a7dde59b9c5185f9ce0d06892fa9841bf0ce9,1356539,True,1000000,bcaf891bf6972c4bf00fc3a5b42ff4ae3c2cdbe978255d6b7167d95d85a1f460,86513536,communication,1.003524997521775,22,2703548,4.687426666666667,0,success,40553220,1351774,1.351774,266.291549108,91,True,266.820655677,0.35439106201304593,0.34859461299807304,341f71b7a097e1f8830466f4eb2def4e4c2e0618472995c5aefe8b7162cb4c7f
True,1,133.27897558796985,1.2360047819999997,1.0518717419999999,142.1272723009883,17580567,evaluation_epoch0,83578a5b8db1f3452ce8355cd58a7dde59b9c5185f9ce0d06892fa9841bf0ce9,1356904,True,1000000,622a2254b2b2d594fda66379c899776033881ffd65d628190e50ee8fc5e8e82c,86526080,communication,1.003649489263815,22,2703940,4.6881512,0,success,40559100,1351970,1.35197,280.21559818599997,92,True,280.786828854,0.36638376498694747,0.36010960399104075,e04fa354346bc1de626182964a510f73b295d4566d6afed8e563b8b944e9f6b7
True,1,119.94431523300001,1.259479175,1.141317296,121.96836975902424,17576945,evaluation_epoch0,83578a5b8db1f3452ce8355cd58a7dde59b9c5185f9ce0d06892fa9841bf0ce9,1356594,True,1000000,8a1f54c710cb4b97b34243585ee722b6196dbaae9e548b1b8bf4526784b643ca,86508416,communication,1.0036250808245062,22,2703388,4.687185333333334,0,success,40550820,1351694,1.351694,246.792864619,93,True,247.263616053,0.35818914000419655,0.35233272398522075,ef38f53c15ba9a7b41250f1dcd6b8b780c92af374c4d4868ecb405482881e8be
True,1,123.97205399697786,1.2148249089999998,1.0315716730000002,129.37939086599985,17607608,evaluation_epoch0,83578a5b8db1f3452ce8355cd58a7dde59b9c5185f9ce0d06892fa9841bf0ce9,1358997,True,1000000,d2f927bd902ed4ae6f672e2b0814875b742c7a9c22f0e3ec1114fdb5997c30d2,86659136,communication,1.0036542252163696,22,2708098,4.695362133333333,0,success,40621470,1354049,1.354049,258.040994268,94,True,258.516516565,0.35426078400041305,0.3479726499946878,bbfab793b7c26cf7bfebf501ca21542102a742733b2d66ef6fdca9ea511f4f9b
True,1,126.63798052499244,1.209226243,0.9318451309999998,127.0071233820014,17585552,evaluation_epoch0,83578a5b8db1f3452ce8355cd58a7dde59b9c5185f9ce0d06892fa9841bf0ce9,1357161,True,1000000,abb573ebecb7086031452f0641ad1ec765a00b236bef56d2daed66af73d3d498,86551296,communication,1.0035471219287115,22,2704728,4.689480533333334,0,success,40570920,1352364,1.352364,258.278876095,95,True,258.761026314,0.3629950139920939,0.35788242599588305,c7ddd03916301173ce9567a6fc049d883545f5df24bd98daa995beac22f51ba7
True,1,121.86751965600601,1.213009873,1.030099163,127.31661856500583,17592890,evaluation_epoch0,83578a5b8db1f3452ce8355cd58a7dde59b9c5185f9ce0d06892fa9841bf0ce9,1357791,True,1000000,eda3375d8abf61c3e81fc0b4da53dca7f4112e3b6cfb5919a1eaf9dd5f7de019,86587072,communication,1.0035981352966872,22,2705846,4.691437333333333,0,success,40587690,1352923,1.352923,253.88579085700002,96,True,254.34506604,0.3574247339778349,0.35200276198861413,df74c935197d9bb84f38023ddc28b01144c884bca951da8d7a31ac09dedcddc6
True,1,98.71001168699502,1.195360067,1.043269402,100.45413130400826,17610961,evaluation_epoch0,83578a5b8db1f3452ce8355cd58a7dde59b9c5185f9ce0d06892fa9841bf0ce9,1359230,True,1000000,2b7149da8fef066a8bc0aadac9cc330d0558618aa107fa3cf1e3a2b33024707f,86675776,communication,1.003633587312792,22,2708618,4.6962562666666665,0,success,40629270,1354309,1.354309,203.823201397,97,True,204.235753335,0.3521424620007467,0.3460058950167064,cda8b195c864c637c909442ee0f5de1801129274082b94dcd4c137e52299215c
True,1,111.80038415600791,1.1567224400000002,1.0870581700000002,113.81680166802744,17612126,evaluation_epoch0,83578a5b8db1f3452ce8355cd58a7dde59b9c5185f9ce0d06892fa9841bf0ce9,1359267,True,1000000,8f7d460ec35546abfb98d649602339699c0264354a6009123b8a2aa55903cb5c,86681792,communication,1.0035912501670479,22,2708806,4.696566933333333,0,success,40632090,1354403,1.354403,230.262329563,98,True,230.657951543,0.34935751700970163,0.34441813301375523,a1e046d27b7cb5532a54a0b0b417833b80af4421be7779a7f66a0cd529c3a842
True,1,107.09889642400888,1.133779262,1.0370066980000003,108.77654138001748,17609712,evaluation_epoch0,83578a5b8db1f3452ce8355cd58a7dde59b9c5185f9ce0d06892fa9841bf0ce9,1359061,True,1000000,e3cbae1ac547abac685c64ae715e4a79a2d337e9309e6b77877106257a227439,86670016,communication,1.003575492590194,22,2708438,4.6959232,0,success,40626570,1354219,1.354219,220.396466561,99,True,220.798445525,0.34232780499369664,0.3366904160067965,476fe95a35dd3091c325405f37e81fd4b5c057fb18fabce7afb1f6ab1423005e
True,1,86.69626716000613,1.1025025309999998,0.802706009,87.50337355798813,17602370,timing_final,83578a5b8db1f3452ce8355cd58a7dde59b9c5185f9ce0d06892fa9841bf0ce9,1358559,True,1000000,0b9c6ef62803bd898c92946ff2eb37c2b520c223272ec9e3b6da28a729404b48,86633536,timing,1.0036272327612255,22,2707298,4.693965333333334,0,success,40609470,1353649,1.353649,178.483010775,0,True,178.725048262,0.34602268901637023,0.34035663500646285,d02377d5290101781e96778a73ce377d649399baed28264891650d3469fe31d0
True,1,86.9290120519963,0.24960029100000725,0.23382766299999957,87.68733065098814,17602370,timing_final,83578a5b8db1f3452ce8355cd58a7dde59b9c5185f9ce0d06892fa9841bf0ce9,1358559,True,1000000,0b9c6ef62803bd898c92946ff2eb37c2b520c223272ec9e3b6da28a729404b48,86633536,timing,1.0036272327612255,22,2707298,4.693965333333334,1,success,40609470,1353649,1.353649,177.50473296900003,0,True,177.771457031,0.3503085509793493,0.34426064297926473,d02377d5290101781e96778a73ce377d649399baed28264891650d3469fe31d0
True,1,86.64921465412988,0.23175763699998697,0.23225954599996612,87.49544266205135,17602370,timing_final,83578a5b8db1f3452ce8355cd58a7dde59b9c5185f9ce0d06892fa9841bf0ce9,1358559,True,1000000,0b9c6ef62803bd898c92946ff2eb37c2b520c223272ec9e3b6da28a729404b48,86633536,timing,1.0036272327612255,22,2707298,4.693965333333334,2,success,40609470,1353649,1.353649,176.99653066899998,0,True,177.27083964,0.34769991198942307,0.34184890104421584,d02377d5290101781e96778a73ce377d649399baed28264891650d3469fe31d0
True,1,87.07222517002154,1.096263351,0.7987117509999999,87.92329108200009,17615099,timing_final,83578a5b8db1f3452ce8355cd58a7dde59b9c5185f9ce0d06892fa9841bf0ce9,1359432,True,1000000,1189799cf8051d2dd41e4725e127480543889b95c220e5a79ad37d07d676a888,86696768,timing,1.00353969365963,22,2709274,4.697359733333333,0,success,40639110,1354637,1.354637,179.301367456,2,True,179.549739676,0.3512871510067259,0.34463953398905156,dd8cb54bde671617a2acc79414827b9588ecf1c50b08dafaeafefe7892bb2d01
True,1,86.67913481997931,0.23557874799999468,0.23911616800000957,87.35879256202921,17615099,timing_final,83578a5b8db1f3452ce8355cd58a7dde59b9c5185f9ce0d06892fa9841bf0ce9,1359432,True,1000000,1189799cf8051d2dd41e4725e127480543889b95c220e5a79ad37d07d676a888,86696768,timing,1.00353969365963,22,2709274,4.697359733333333,1,success,40639110,1354637,1.354637,176.88898025400002,2,True,177.151949289,0.34607857001176967,0.3397193739872364,dd8cb54bde671617a2acc79414827b9588ecf1c50b08dafaeafefe7892bb2d01
True,1,86.98517610305163,0.22766523100000313,0.2258581760000311,87.69597871706901,17615099,timing_final,83578a5b8db1f3452ce8355cd58a7dde59b9c5185f9ce0d06892fa9841bf0ce9,1359432,True,1000000,1189799cf8051d2dd41e4725e127480543889b95c220e5a79ad37d07d676a888,86696768,timing,1.00353969365963,22,2709274,4.697359733333333,2,success,40639110,1354637,1.354637,177.54822174000003,2,True,177.825852365,0.351462112042384,0.3451525209794113,dd8cb54bde671617a2acc79414827b9588ecf1c50b08dafaeafefe7892bb2d01
True,1,86.04102154102017,1.1264356869999999,0.8826256159999999,87.30613881301133,17617348,timing_final,83578a5b8db1f3452ce8355cd58a7dde59b9c5185f9ce0d06892fa9841bf0ce9,1359701,True,1000000,0f839868d4b12c8c7396bc5b931910e7c12a70cdf812a372968e002bb5a916a2,86707328,timing,1.0036160265485288,22,2709604,4.697959466666667,0,success,40644060,1354802,1.354802,177.715498934,3,True,177.960573778,0.342851977982364,0.3379701610120627,0778f58a201d6658c53b5c1d7a189267108de168c6fec6c6153320fa760ca011
True,1,86.51273847700062,0.23163141300000234,0.2303325479999785,87.69612983999792,17617348,timing_final,83578a5b8db1f3452ce8355cd58a7dde59b9c5185f9ce0d06892fa9841bf0ce9,1359701,True,1000000,0f839868d4b12c8c7396bc5b931910e7c12a70cdf812a372968e002bb5a916a2,86707328,timing,1.0036160265485288,22,2709604,4.697959466666667,1,success,40644060,1354802,1.354802,177.079302831,3,True,177.343175539,0.35136641601039287,0.3444561619881199,0778f58a201d6658c53b5c1d7a189267108de168c6fec6c6153320fa760ca011
True,1,86.07816486890755,0.22816258099999231,0.22705616199999668,87.32118767000156,17617348,timing_final,83578a5b8db1f3452ce8355cd58a7dde59b9c5185f9ce0d06892fa9841bf0ce9,1359701,True,1000000,0f839868d4b12c8c7396bc5b931910e7c12a70cdf812a372968e002bb5a916a2,86707328,timing,1.0036160265485288,22,2709604,4.697959466666667,2,success,40644060,1354802,1.354802,176.21451614199998,3,True,176.4864556,0.34360166200042386,0.336919576043897,0778f58a201d6658c53b5c1d7a189267108de168c6fec6c6153320fa760ca011
True,1,86.91678392698532,1.117920718,0.865495441,87.76351871000836,17603917,timing_final,83578a5b8db1f3452ce8355cd58a7dde59b9c5185f9ce0d06892fa9841bf0ce9,1358654,True,1000000,de69d99ff44ff95104773b0c40afc6c4de3261aa3728c2c7c49a3d12585f9cfd,86641280,timing,1.00360770293329,22,2707540,4.694377866666667,0,success,40613100,1353770,1.35377,179.086594572,4,True,179.332782731,0.3540169000046056,0.3481120649934013,00a626c36b9023b550758d2aa532ccb16a7515dea5b263d8ac7951533faa837e
True,1,86.62843671702481,0.23258778699999993,0.2314831829999946,87.42421318797216,17603917,timing_final,83578a5b8db1f3452ce8355cd58a7dde59b9c5185f9ce0d06892fa9841bf0ce9,1358654,True,1000000,de69d99ff44ff95104773b0c40afc6c4de3261aa3728c2c7c49a3d12585f9cfd,86641280,timing,1.00360770293329,22,2707540,4.694377866666667,1,success,40613100,1353770,1.35377,176.901474753,4,True,177.160382667,0.34848049099852574,0.3426689679847641,00a626c36b9023b550758d2aa532ccb16a7515dea5b263d8ac7951533faa837e
True,1,87.03593628790964,0.22804757799997333,0.2263892199999873,87.91125084398737,17603917,timing_final,83578a5b8db1f3452ce8355cd58a7dde59b9c5185f9ce0d06892fa9841bf0ce9,1358654,True,1000000,de69d99ff44ff95104773b0c40afc6c4de3261aa3728c2c7c49a3d12585f9cfd,86641280,timing,1.00360770293329,22,2707540,4.694377866666667,2,success,40613100,1353770,1.35377,177.83345547799996,4,True,178.109753177,0.35575074492044223,0.3494330620004007,00a626c36b9023b550758d2aa532ccb16a7515dea5b263d8ac7951533faa837e
True,1,86.55553872500388,1.124917848,0.792258812,87.35450517900745,17602739,timing_final,83578a5b8db1f3452ce8355cd58a7dde59b9c5185f9ce0d06892fa9841bf0ce9,1358592,True,1000000,2d732e1d347df07345f25442a1b4899ed4de189933c662f460b3a5cb95bb3fd4,86635328,timing,1.0036308513773966,22,2707354,4.6940637333333335,0,success,40610310,1353677,1.353677,178.196122374,5,True,178.438882522,0.34513453100851965,0.33889727300558503,5a6883c5f27e96adf27872bface88507e3e6ed8e55f791c7246852ec649a4321
True,1,87.07250867900046,0.232645988999991,0.2277442270000165,87.68652422500469,17602739,timing_final,83578a5b8db1f3452ce8355cd58a7dde59b9c5185f9ce0d06892fa9841bf0ce9,1358592,True,1000000,2d732e1d347df07345f25442a1b4899ed4de189933c662f460b3a5cb95bb3fd4,86635328,timing,1.0036308513773966,22,2707354,4.6940637333333335,1,success,40610310,1353677,1.353677,177.64970469500003,5,True,177.909138557,0.3539968959934754,0.3480166089709371,5a6883c5f27e96adf27872bface88507e3e6ed8e55f791c7246852ec649a4321
True,1,86.57594747898736,0.23440594099997725,0.23262008200003947,87.29825853002973,17602739,timing_final,83578a5b8db1f3452ce8355cd58a7dde59b9c5185f9ce0d06892fa9841bf0ce9,1358592,True,1000000,2d732e1d347df07345f25442a1b4899ed4de189933c662f460b3a5cb95bb3fd4,86635328,timing,1.0036308513773966,22,2707354,4.6940637333333335,2,success,40610310,1353677,1.353677,176.717559382,5,True,176.994446688,0.3457576209971194,0.33966342302750263,5a6883c5f27e96adf27872bface88507e3e6ed8e55f791c7246852ec649a4321
