run_id,stage,domain,d,M,k,ell,candidate_id,C,gamma,a,z_raw,z,CircularBaseRange,trials,successes,success_rate,ci_low,ci_high,rho,m_grid_phase,global_classification,is_informative,dataset_seed,placement_words_sha256,config_sha256,threshold_sha256,is_frozen_prediction,status
figure3-wide-r4-20260716T140249Z-99bbe7a-5418d4c3ceae,figure3a,holdout_figure1b,300,67,2,6,figure3-wide-r4-a-z00-a00,,,0.11570232443340224,0.0,0,8,100,97,0.97,0.9154806357094724,0.9897454759759611,0.22333333333333333,post_freeze_wide_round_4,transition,True,figure1bc|114514|holdout_figure1b|300|67,6645a82b2d79cd282eb0105d089dcc6d4960498bfa991e649b8284621429a21a,281f11b093ce4ea4fc25cfea3a6141902dc06feab84feb63318668916d793b6f,ef3f0c89d96ab326ed5c33340210b37033e47b033e9f124811cce7c80ef83b87,False,ok
figure3-wide-r4-20260716T140249Z-99bbe7a-5418d4c3ceae,figure3a,holdout_figure1b,300,67,2,6,figure3-wide-r4-a-z00-a01,,,0.262353279906528,0.0,0,18,100,100,1.0,0.9630065017930143,1.0,0.22333333333333333,post_freeze_wide_round_4,transition,True,figure1bc|114514|holdout_figure1b|300|67,6645a82b2d79cd282eb0105d089dcc6d4960498bfa991e649b8284621429a21a,894b81b4967c247947bab711706eb1cce0be17956530b28499d23507fcd205cd,ef3f0c89d96ab326ed5c33340210b37033e47b033e9f124811cce7c80ef83b87,False,ok
figure3-wide-r4-20260716T140249Z-99bbe7a-5418d4c3ceae,figure3a,holdout_figure1b,300,67,2,6,figure3-wide-r4-a-z00-a02,,,0.49155754774001204,0.0,0,33,100,100,1.0,0.9630065017930143,1.0,0.22333333333333333,post_freeze_wide_round_4,transition,True,figure1bc|114514|holdout_figure1b|300|67,6645a82b2d79cd282eb0105d089dcc6d4960498bfa991e649b8284621429a21a,b53ef2123a5474a64a9149734a2653275db24dac69fa26fb1f98ce77a163200d,ef3f0c89d96ab326ed5c33340210b37033e47b033e9f124811cce7c80ef83b87,False,ok
figure3-wide-r4-20260716T140249Z-99bbe7a-5418d4c3ceae,figure3a,holdout_figure1b,300,67,2,6,figure3-wide-r4-a-z00-a03,,,0.7243668166820519,0.0,0,49,100,98,0.98,0.929988209271456,0.9944980324498376,0.22333333333333333,post_freeze_wide_round_4,transition,True,figure1bc|114514|holdout_figure1b|300|67,6645a82b2d79cd282eb0105d089dcc6d4960498bfa991e649b8284621429a21a,d21f8135c162fa366fe453044641c74910f510aac1403f612a668979db41b79f,ef3f0c89d96ab326ed5c33340210b37033e47b033e9f124811cce7c80ef83b87,False,ok
figure3-wide-r4-20260716T140249Z-99bbe7a-5418d4c3ceae,figure3a,holdout_figure1b,300,67,2,6,figure3-wide-r4-a-z00-a04,,,0.8772052760707243,0.0,0,59,100,99,0.99,0.9455138038212946,0.9982325679358593,0.22333333333333333,post_freeze_wide_round_4,transition,True,figure1bc|114514|holdout_figure1b|300|67,6645a82b2d79cd282eb0105d089dcc6d4960498bfa991e649b8284621429a21a,52506edfae6f5caab5711f06ba9ec78cb829f7dedf6b015cae4fcc454d78717a,ef3f0c89d96ab326ed5c33340210b37033e47b033e9f124811cce7c80ef83b87,False,ok
figure3-wide-r4-20260716T140249Z-99bbe7a-5418d4c3ceae,figure3a,holdout_figure1b,300,67,2,6,figure3-wide-r4-a-z00-a05,,,0.9510248413914085,0.0,0,64,100,99,0.99,0.9455138038212946,0.9982325679358593,0.22333333333333333,post_freeze_wide_round_4,transition,True,figure1bc|114514|holdout_figure1b|300|67,6645a82b2d79cd282eb0105d089dcc6d4960498bfa991e649b8284621429a21a,90d0500e671cef9944c3feb1c6872922ea57182086d8a9aab8f770bcb0adf3a4,ef3f0c89d96ab326ed5c33340210b37033e47b033e9f124811cce7c80ef83b87,False,ok
figure3-wide-r4-20260716T140249Z-99bbe7a-5418d4c3ceae,figure3a,holdout_figure1b,300,67,2,6,figure3-wide-r4-a-z00-a06,,,0.9814074541817858,0.0,0,66,100,98,0.98,0.929988209271456,0.9944980324498376,0.22333333333333333,post_freeze_wide_round_4,transition,True,figure1bc|114514|holdout_figure1b|300|67,6645a82b2d79cd282eb0105d089dcc6d4960498bfa991e649b8284621429a21a,ae310b34624a05d4d8f890fe0b3c5b4b058b8f1e46ed273bd68c630927b611c7,ef3f0c89d96ab326ed5c33340210b37033e47b033e9f124811cce7c80ef83b87,False,ok
figure3-wide-r4-20260716T140249Z-99bbe7a-5418d4c3ceae,figure3a,holdout_figure1b,300,67,2,6,figure3-wide-r4-a-z01-a00,,,0.11570232443340224,1.0,1,38,100,4,0.04,0.01566330399154762,0.0983707143588792,0.22333333333333333,post_freeze_wide_round_4,transition,True,figure1bc|114514|holdout_figure1b|300|67,6645a82b2d79cd282eb0105d089dcc6d4960498bfa991e649b8284621429a21a,c8915b6de3bc8c950971b80213fa472a62a3a38e91752768bcf0465338b4a6da,ef3f0c89d96ab326ed5c33340210b37033e47b033e9f124811cce7c80ef83b87,False,ok
figure3-wide-r4-20260716T140249Z-99bbe7a-5418d4c3ceae,figure3a,holdout_figure1b,300,67,2,6,figure3-wide-r4-a-z01-a01,,,0.262353279906528,1.0,1,43,100,24,0.24,0.16691325556948772,0.33232336349814473,0.22333333333333333,post_freeze_wide_round_4,transition,True,figure1bc|114514|holdout_figure1b|300|67,6645a82b2d79cd282eb0105d089dcc6d4960498bfa991e649b8284621429a21a,46ffac1e3b7772ea69f39390c264cb5929b136bdfa484d3d8b7f47ba3e158e4c,ef3f0c89d96ab326ed5c33340210b37033e47b033e9f124811cce7c80ef83b87,False,ok
figure3-wide-r4-20260716T140249Z-99bbe7a-5418d4c3ceae,figure3a,holdout_figure1b,300,67,2,6,figure3-wide-r4-a-z01-a02,,,0.49155754774001204,1.0,1,51,100,99,0.99,0.9455138038212946,0.9982325679358593,0.22333333333333333,post_freeze_wide_round_4,transition,True,figure1bc|114514|holdout_figure1b|300|67,6645a82b2d79cd282eb0105d089dcc6d4960498bfa991e649b8284621429a21a,68a5662d74e678a5bbd09615df823c4b66517db973cb2f5dcf93346e4f2f2c82,ef3f0c89d96ab326ed5c33340210b37033e47b033e9f124811cce7c80ef83b87,False,ok
figure3-wide-r4-20260716T140249Z-99bbe7a-5418d4c3ceae,figure3a,holdout_figure1b,300,67,2,6,figure3-wide-r4-a-z01-a03,,,0.7243668166820519,1.0,1,58,100,99,0.99,0.9455138038212946,0.9982325679358593,0.22333333333333333,post_freeze_wide_round_4,transition,True,figure1bc|114514|holdout_figure1b|300|67,6645a82b2d79cd282eb0105d089dcc6d4960498bfa991e649b8284621429a21a,ca9a56740e549ea34eeedf7d9450664e2b9f6050fbee5e553f91473c98efa827,ef3f0c89d96ab326ed5c33340210b37033e47b033e9f124811cce7c80ef83b87,False,ok
figure3-wide-r4-20260716T140249Z-99bbe7a-5418d4c3ceae,figure3a,holdout_figure1b,300,67,2,6,figure3-wide-r4-a-z01-a04,,,0.8772052760707243,1.0,1,63,100,99,0.99,0.9455138038212946,0.9982325679358593,0.22333333333333333,post_freeze_wide_round_4,transition,True,figure1bc|114514|holdout_figure1b|300|67,6645a82b2d79cd282eb0105d089dcc6d4960498bfa991e649b8284621429a21a,40c111f5873ebaa3f2058b912397ae3415f793405da47a08d3bd65dbfe679bf4,ef3f0c89d96ab326ed5c33340210b37033e47b033e9f124811cce7c80ef83b87,False,ok
figure3-wide-r4-20260716T140249Z-99bbe7a-5418d4c3ceae,figure3a,holdout_figure1b,300,67,2,6,figure3-wide-r4-a-z01-a05,,,0.9510248413914085,1.0,1,66,100,99,0.99,0.9455138038212946,0.9982325679358593,0.22333333333333333,post_freeze_wide_round_4,transition,True,figure1bc|114514|holdout_figure1b|300|67,6645a82b2d79cd282eb0105d089dcc6d4960498bfa991e649b8284621429a21a,4cf9c22977ad9988e6b5ad3e73161db3d35a243bf3a2823c6555118f7840e85b,ef3f0c89d96ab326ed5c33340210b37033e47b033e9f124811cce7c80ef83b87,False,ok
figure3-wide-r4-20260716T140249Z-99bbe7a-5418d4c3ceae,figure3a,holdout_figure1b,300,67,2,6,figure3-wide-r4-a-z01-a06,,,0.9814074541817858,1.0,1,67,100,100,1.0,0.9630065017930143,1.0,0.22333333333333333,post_freeze_wide_round_4,transition,True,figure1bc|114514|holdout_figure1b|300|67,6645a82b2d79cd282eb0105d089dcc6d4960498bfa991e649b8284621429a21a,03979a579c8bbbbc32c4c2f0234eb723e2a7a2550f722c3b3ae792adb1f67141,ef3f0c89d96ab326ed5c33340210b37033e47b033e9f124811cce7c80ef83b87,False,ok
figure3-wide-r4-20260716T140249Z-99bbe7a-5418d4c3ceae,figure3a,holdout_figure1b,300,67,2,6,figure3-wide-r4-a-z02-a00,,,0.11570232443340224,2.0,2,48,100,10,0.1,0.0552291370606751,0.17436566150491345,0.22333333333333333,post_freeze_wide_round_4,transition,True,figure1bc|114514|holdout_figure1b|300|67,6645a82b2d79cd282eb0105d089dcc6d4960498bfa991e649b8284621429a21a,68c594b275290b9566be85236b460c0357bd85dedfb4731efa3574ba2bb86ff4,ef3f0c89d96ab326ed5c33340210b37033e47b033e9f124811cce7c80ef83b87,False,ok
figure3-wide-r4-20260716T140249Z-99bbe7a-5418d4c3ceae,figure3a,holdout_figure1b,300,67,2,6,figure3-wide-r4-a-z02-a01,,,0.262353279906528,2.0,2,51,100,22,0.22,0.150012823846054,0.31070353514985793,0.22333333333333333,post_freeze_wide_round_4,transition,True,figure1bc|114514|holdout_figure1b|300|67,6645a82b2d79cd282eb0105d089dcc6d4960498bfa991e649b8284621429a21a,6a548dea060eedd09a1976788cb84830f7b98e34d882c5f7d96ddf3b02eeed15,ef3f0c89d96ab326ed5c33340210b37033e47b033e9f124811cce7c80ef83b87,False,ok
figure3-wide-r4-20260716T140249Z-99bbe7a-5418d4c3ceae,figure3a,holdout_figure1b,300,67,2,6,figure3-wide-r4-a-z02-a02,,,0.49155754774001204,2.0,2,56,100,84,0.84,0.7557973061072976,0.8990471151119521,0.22333333333333333,post_freeze_wide_round_4,transition,True,figure1bc|114514|holdout_figure1b|300|67,6645a82b2d79cd282eb0105d089dcc6d4960498bfa991e649b8284621429a21a,452b36615f0a7b8f620b24d99405f875d925d8687a01bdcd6ef11e9ef07e504a,ef3f0c89d96ab326ed5c33340210b37033e47b033e9f124811cce7c80ef83b87,False,ok
figure3-wide-r4-20260716T140249Z-99bbe7a-5418d4c3ceae,figure3a,holdout_figure1b,300,67,2,6,figure3-wide-r4-a-z02-a04,,,0.8772052760707243,2.0,2,65,100,100,1.0,0.9630065017930143,1.0,0.22333333333333333,post_freeze_wide_round_4,transition,True,figure1bc|114514|holdout_figure1b|300|67,6645a82b2d79cd282eb0105d089dcc6d4960498bfa991e649b8284621429a21a,02c4e938d3fa9eae9e62cc8e13072046689c01d692be5daaf1dcb158dea1d43f,ef3f0c89d96ab326ed5c33340210b37033e47b033e9f124811cce7c80ef83b87,False,ok
figure3-wide-r4-20260716T140249Z-99bbe7a-5418d4c3ceae,figure3a,holdout_figure1b,300,67,2,6,figure3-wide-r4-a-z02-a05,,,0.9510248413914085,2.0,2,66,100,98,0.98,0.929988209271456,0.9944980324498376,0.22333333333333333,post_freeze_wide_round_4,transition,True,figure1bc|114514|holdout_figure1b|300|67,6645a82b2d79cd282eb0105d089dcc6d4960498bfa991e649b8284621429a21a,ee9cd17f3a3c98aca44a29f5156ef7bcd16f5b5c401cb2435b9b2fdca2b0f0a1,ef3f0c89d96ab326ed5c33340210b37033e47b033e9f124811cce7c80ef83b87,False,ok
figure3-wide-r4-20260716T140249Z-99bbe7a-5418d4c3ceae,figure3a,holdout_figure1b,300,67,2,6,figure3-wide-r4-a-z02-a06,,,0.9814074541817858,2.0,2,67,100,99,0.99,0.9455138038212946,0.9982325679358593,0.22333333333333333,post_freeze_wide_round_4,transition,True,figure1bc|114514|holdout_figure1b|300|67,6645a82b2d79cd282eb0105d089dcc6d4960498bfa991e649b8284621429a21a,c7f8a247dac08302a0ff719831c6abc2fee4f6574fedabf4b1fe196d760915b3,ef3f0c89d96ab326ed5c33340210b37033e47b033e9f124811cce7c80ef83b87,False,ok
figure3-wide-r4-20260716T140249Z-99bbe7a-5418d4c3ceae,figure3a,holdout_figure1b,300,67,2,6,figure3-wide-r4-a-z03-a00,,,0.11570232443340224,3.0,3,53,100,4,0.04,0.01566330399154762,0.0983707143588792,0.22333333333333333,post_freeze_wide_round_4,transition,True,figure1bc|114514|holdout_figure1b|300|67,6645a82b2d79cd282eb0105d089dcc6d4960498bfa991e649b8284621429a21a,952dd463f128a0771bc8b0e3b541473b78e1005b4e646b9befd41b390f9b9d32,ef3f0c89d96ab326ed5c33340210b37033e47b033e9f124811cce7c80ef83b87,False,ok
figure3-wide-r4-20260716T140249Z-99bbe7a-5418d4c3ceae,figure3a,holdout_figure1b,300,67,2,6,figure3-wide-r4-a-z03-a01,,,0.262353279906528,3.0,3,56,100,39,0.39,0.3001687400639441,0.4879698295415926,0.22333333333333333,post_freeze_wide_round_4,transition,True,figure1bc|114514|holdout_figure1b|300|67,6645a82b2d79cd282eb0105d089dcc6d4960498bfa991e649b8284621429a21a,a5dfe94d667725963e292cdeb9d9f97de3cf6c8622247b537b3e904d2759c840,ef3f0c89d96ab326ed5c33340210b37033e47b033e9f124811cce7c80ef83b87,False,ok
figure3-wide-r4-20260716T140249Z-99bbe7a-5418d4c3ceae,figure3a,holdout_figure1b,300,67,2,6,figure3-wide-r4-a-z03-a02,,,0.49155754774001204,3.0,3,59,100,58,0.58,0.4820648670304296,0.6720161732564526,0.22333333333333333,post_freeze_wide_round_4,transition,True,figure1bc|114514|holdout_figure1b|300|67,6645a82b2d79cd282eb0105d089dcc6d4960498bfa991e649b8284621429a21a,65ce3be71ce5125acae284860209a69dfad74107a6a2a435862c20beadc79071,ef3f0c89d96ab326ed5c33340210b37033e47b033e9f124811cce7c80ef83b87,False,ok
figure3-wide-r4-20260716T140249Z-99bbe7a-5418d4c3ceae,figure3a,holdout_figure1b,300,67,2,6,figure3-wide-r4-a-z03-a03,,,0.7243668166820519,3.0,3,63,100,87,0.87,0.7901964855992357,0.9224283257275948,0.22333333333333333,post_freeze_wide_round_4,transition,True,figure1bc|114514|holdout_figure1b|300|67,6645a82b2d79cd282eb0105d089dcc6d4960498bfa991e649b8284621429a21a,b96cc605b67262ae505302fce93867e06bd57ba604eff8246dddf489e9962f63,ef3f0c89d96ab326ed5c33340210b37033e47b033e9f124811cce7c80ef83b87,False,ok
figure3-wide-r4-20260716T140249Z-99bbe7a-5418d4c3ceae,figure3a,holdout_figure1b,300,67,2,6,figure3-wide-r4-a-z03-a04,,,0.8772052760707243,3.0,3,66,100,94,0.94,0.8752318455410406,0.9722138760368118,0.22333333333333333,post_freeze_wide_round_4,transition,True,figure1bc|114514|holdout_figure1b|300|67,6645a82b2d79cd282eb0105d089dcc6d4960498bfa991e649b8284621429a21a,42c84343a7826310d03aa9ef0a6f8e5ac5495a0c04d56a1007dc417caaa14e13,ef3f0c89d96ab326ed5c33340210b37033e47b033e9f124811cce7c80ef83b87,False,ok
figure3-wide-r4-20260716T140249Z-99bbe7a-5418d4c3ceae,figure3a,holdout_figure1b,300,67,2,6,figure3-wide-r4-a-z03-a05,,,0.9510248413914085,3.0,3,67,100,95,0.95,0.8882495307680808,0.9784563208456319,0.22333333333333333,post_freeze_wide_round_4,transition,True,figure1bc|114514|holdout_figure1b|300|67,6645a82b2d79cd282eb0105d089dcc6d4960498bfa991e649b8284621429a21a,6655cb6de93593c7a55c994b336a46cc5742577ce1b4d22688e913c00e4a869d,ef3f0c89d96ab326ed5c33340210b37033e47b033e9f124811cce7c80ef83b87,False,ok
figure3-wide-r4-20260716T140249Z-99bbe7a-5418d4c3ceae,figure3a,holdout_figure1b,300,67,2,6,figure3-wide-r4-a-z03-a06,,,0.9814074541817858,3.0,3,67,100,95,0.95,0.8882495307680808,0.9784563208456319,0.22333333333333333,post_freeze_wide_round_4,transition,True,figure1bc|114514|holdout_figure1b|300|67,6645a82b2d79cd282eb0105d089dcc6d4960498bfa991e649b8284621429a21a,7a73083cc34699010f3d185d3ba3443734fbc1c605204c646694b18bf5123e27,ef3f0c89d96ab326ed5c33340210b37033e47b033e9f124811cce7c80ef83b87,False,ok
figure3-wide-r4-20260716T140249Z-99bbe7a-5418d4c3ceae,figure3a,holdout_figure1b,300,67,2,6,figure3-wide-r4-a-z04-a00,,,0.11570232443340224,5.0,5,58,100,15,0.15,0.0930598528365663,0.23283559590832364,0.22333333333333333,post_freeze_wide_round_4,transition,True,figure1bc|114514|holdout_figure1b|300|67,6645a82b2d79cd282eb0105d089dcc6d4960498bfa991e649b8284621429a21a,ce439d2b235508469ddadd746da406c9e0b083169e99e7005a75d3873dee0465,ef3f0c89d96ab326ed5c33340210b37033e47b033e9f124811cce7c80ef83b87,False,ok
figure3-wide-r4-20260716T140249Z-99bbe7a-5418d4c3ceae,figure3a,holdout_figure1b,300,67,2,6,figure3-wide-r4-a-z04-a01,,,0.262353279906528,5.0,5,59,100,17,0.17,0.10893566114059931,0.25548004767601123,0.22333333333333333,post_freeze_wide_round_4,transition,True,figure1bc|114514|holdout_figure1b|300|67,6645a82b2d79cd282eb0105d089dcc6d4960498bfa991e649b8284621429a21a,de8af178608957ecc97491a556245849c3d4d0b6b3060a4fb1ada083543f4040,ef3f0c89d96ab326ed5c33340210b37033e47b033e9f124811cce7c80ef83b87,False,ok
figure3-wide-r4-20260716T140249Z-99bbe7a-5418d4c3ceae,figure3a,holdout_figure1b,300,67,2,6,figure3-wide-r4-a-z04-a02,,,0.49155754774001204,5.0,5,62,100,44,0.44,0.34672026630160796,0.5377189534832302,0.22333333333333333,post_freeze_wide_round_4,transition,True,figure1bc|114514|holdout_figure1b|300|67,6645a82b2d79cd282eb0105d089dcc6d4960498bfa991e649b8284621429a21a,88499277c874d765204b1bd097624215b9d9faf8f462df56619aa021f407c454,ef3f0c89d96ab326ed5c33340210b37033e47b033e9f124811cce7c80ef83b87,False,ok
figure3-wide-r4-20260716T140249Z-99bbe7a-5418d4c3ceae,figure3a,holdout_figure1b,300,67,2,6,figure3-wide-r4-a-z04-a03,,,0.7243668166820519,5.0,5,64,100,59,0.59,0.4920143005341078,0.6813268697886348,0.22333333333333333,post_freeze_wide_round_4,transition,True,figure1bc|114514|holdout_figure1b|300|67,6645a82b2d79cd282eb0105d089dcc6d4960498bfa991e649b8284621429a21a,e8355c96097dda962208f9084171f85a5aded51014a67704f6c9e66c73dd1f96,ef3f0c89d96ab326ed5c33340210b37033e47b033e9f124811cce7c80ef83b87,False,ok
figure3-wide-r4-20260716T140249Z-99bbe7a-5418d4c3ceae,figure3a,holdout_figure1b,300,67,2,6,figure3-wide-r4-a-z04-a04,,,0.8772052760707243,5.0,5,66,100,70,0.7,0.6041514536665332,0.7810511470506724,0.22333333333333333,post_freeze_wide_round_4,transition,True,figure1bc|114514|holdout_figure1b|300|67,6645a82b2d79cd282eb0105d089dcc6d4960498bfa991e649b8284621429a21a,0ec26da9f400bf51dea3f943677c16ab6acef838c0841e37a632a46f03699e3e,ef3f0c89d96ab326ed5c33340210b37033e47b033e9f124811cce7c80ef83b87,False,ok
figure3-wide-r4-20260716T140249Z-99bbe7a-5418d4c3ceae,figure3a,holdout_figure1b,300,67,2,6,figure3-wide-r4-a-z04-a05,,,0.9510248413914085,5.0,5,67,100,74,0.74,0.6462901055081282,0.8159530153525186,0.22333333333333333,post_freeze_wide_round_4,transition,True,figure1bc|114514|holdout_figure1b|300|67,6645a82b2d79cd282eb0105d089dcc6d4960498bfa991e649b8284621429a21a,aebd7644d4bcc3bab02334a37d83532b5d6a629c02bc9d66e29f741d58a0d84e,ef3f0c89d96ab326ed5c33340210b37033e47b033e9f124811cce7c80ef83b87,False,ok
figure3-wide-r4-20260716T140249Z-99bbe7a-5418d4c3ceae,figure3a,holdout_figure1b,300,67,2,6,figure3-wide-r4-a-z04-a06,,,0.9814074541817858,5.0,5,67,100,74,0.74,0.6462901055081282,0.8159530153525186,0.22333333333333333,post_freeze_wide_round_4,transition,True,figure1bc|114514|holdout_figure1b|300|67,6645a82b2d79cd282eb0105d089dcc6d4960498bfa991e649b8284621429a21a,dbf1d77fe19f51e087184fd78c29dade6b984f9e15fbae76bbb7c15d6f644cc6,ef3f0c89d96ab326ed5c33340210b37033e47b033e9f124811cce7c80ef83b87,False,ok
figure3-wide-r4-20260716T140249Z-99bbe7a-5418d4c3ceae,figure3a,holdout_figure1b,300,67,2,6,figure3-wide-r4-a-z05-a00,,,0.11570232443340224,8.0,8,61,100,8,0.08,0.041093461484380624,0.14998107700948735,0.22333333333333333,post_freeze_wide_round_4,transition,True,figure1bc|114514|holdout_figure1b|300|67,6645a82b2d79cd282eb0105d089dcc6d4960498bfa991e649b8284621429a21a,42085995960189cc2d350bf5763c1f74616628027bf397a082ba70ee2805a8f9,ef3f0c89d96ab326ed5c33340210b37033e47b033e9f124811cce7c80ef83b87,False,ok
figure3-wide-r4-20260716T140249Z-99bbe7a-5418d4c3ceae,figure3a,holdout_figure1b,300,67,2,6,figure3-wide-r4-a-z05-a01,,,0.262353279906528,8.0,8,62,100,12,0.12,0.06999406437019488,0.19812099426711421,0.22333333333333333,post_freeze_wide_round_4,transition,True,figure1bc|114514|holdout_figure1b|300|67,6645a82b2d79cd282eb0105d089dcc6d4960498bfa991e649b8284621429a21a,4a0f5a9caba40c2049f2333c66befb955ea1f0b8977de90be11d3afd35627c39,ef3f0c89d96ab326ed5c33340210b37033e47b033e9f124811cce7c80ef83b87,False,ok
figure3-wide-r4-20260716T140249Z-99bbe7a-5418d4c3ceae,figure3a,holdout_figure1b,300,67,2,6,figure3-wide-r4-a-z05-a02,,,0.49155754774001204,8.0,8,64,100,22,0.22,0.150012823846054,0.31070353514985793,0.22333333333333333,post_freeze_wide_round_4,transition,True,figure1bc|114514|holdout_figure1b|300|67,6645a82b2d79cd282eb0105d089dcc6d4960498bfa991e649b8284621429a21a,00329971b372f63466a1dce2a16f59231b08622caf01ebdad52c038ee7d2f863,ef3f0c89d96ab326ed5c33340210b37033e47b033e9f124811cce7c80ef83b87,False,ok
figure3-wide-r4-20260716T140249Z-99bbe7a-5418d4c3ceae,figure3a,holdout_figure1b,300,67,2,6,figure3-wide-r4-a-z05-a03,,,0.7243668166820519,8.0,8,66,100,29,0.29,0.2101483574912227,0.3853889117557111,0.22333333333333333,post_freeze_wide_round_4,transition,True,figure1bc|114514|holdout_figure1b|300|67,6645a82b2d79cd282eb0105d089dcc6d4960498bfa991e649b8284621429a21a,e4e0bc9715c6cc61140c1af67ab1346060fa9584f0e970bc77b2daa5f0f70558,ef3f0c89d96ab326ed5c33340210b37033e47b033e9f124811cce7c80ef83b87,False,ok
figure3-wide-r4-20260716T140249Z-99bbe7a-5418d4c3ceae,figure3a,holdout_figure1b,300,67,2,6,figure3-wide-r4-a-z05-a04,,,0.8772052760707243,8.0,8,67,100,25,0.25,0.17545211362287672,0.34304463548061603,0.22333333333333333,post_freeze_wide_round_4,transition,True,figure1bc|114514|holdout_figure1b|300|67,6645a82b2d79cd282eb0105d089dcc6d4960498bfa991e649b8284621429a21a,7e88aed746c09c0e27a3fdae7f658485dd0f69ac75a8a15875f35c97571db258,ef3f0c89d96ab326ed5c33340210b37033e47b033e9f124811cce7c80ef83b87,False,ok
figure3-wide-r4-20260716T140249Z-99bbe7a-5418d4c3ceae,figure3a,holdout_figure1b,300,67,2,6,figure3-wide-r4-a-z05-a05,,,0.9510248413914085,8.0,8,67,100,25,0.25,0.17545211362287672,0.34304463548061603,0.22333333333333333,post_freeze_wide_round_4,transition,True,figure1bc|114514|holdout_figure1b|300|67,6645a82b2d79cd282eb0105d089dcc6d4960498bfa991e649b8284621429a21a,145b3d3413c4106dbc12ce1851e2010d066595cdcc6c604344d0cf3ba5a4f22b,ef3f0c89d96ab326ed5c33340210b37033e47b033e9f124811cce7c80ef83b87,False,ok
figure3-wide-r4-20260716T140249Z-99bbe7a-5418d4c3ceae,figure3a,holdout_figure1b,300,67,2,6,figure3-wide-r4-a-z05-a06,,,0.9814074541817858,8.0,8,67,100,25,0.25,0.17545211362287672,0.34304463548061603,0.22333333333333333,post_freeze_wide_round_4,transition,True,figure1bc|114514|holdout_figure1b|300|67,6645a82b2d79cd282eb0105d089dcc6d4960498bfa991e649b8284621429a21a,47aa850b150855d0ef904b32bb5877c37804723f6253837869f6a245ba9988ee,ef3f0c89d96ab326ed5c33340210b37033e47b033e9f124811cce7c80ef83b87,False,ok
figure3-wide-r4-20260716T140249Z-99bbe7a-5418d4c3ceae,figure3a,holdout_figure1b,300,67,2,6,figure3-wide-r4-a-z06-a00,,,0.11570232443340224,12.0,12,63,100,1,0.01,0.0017674320641406505,0.054486196178705315,0.22333333333333333,post_freeze_wide_round_4,transition,True,figure1bc|114514|holdout_figure1b|300|67,6645a82b2d79cd282eb0105d089dcc6d4960498bfa991e649b8284621429a21a,e6d3766725dda803e7ece3f06cb5c761e4035af594f28deed2a28f3cd3560452,ef3f0c89d96ab326ed5c33340210b37033e47b033e9f124811cce7c80ef83b87,False,ok
figure3-wide-r4-20260716T140249Z-99bbe7a-5418d4c3ceae,figure3a,holdout_figure1b,300,67,2,6,figure3-wide-r4-a-z06-a01,,,0.262353279906528,12.0,12,64,100,5,0.05,0.02154367915436796,0.11175046923191913,0.22333333333333333,post_freeze_wide_round_4,transition,True,figure1bc|114514|holdout_figure1b|300|67,6645a82b2d79cd282eb0105d089dcc6d4960498bfa991e649b8284621429a21a,54a8f344641b8bc4f3e61899475aa3e9b345a85e3a2404f6068d1465dc42d464,ef3f0c89d96ab326ed5c33340210b37033e47b033e9f124811cce7c80ef83b87,False,ok
figure3-wide-r4-20260716T140249Z-99bbe7a-5418d4c3ceae,figure3a,holdout_figure1b,300,67,2,6,figure3-wide-r4-a-z06-a02,,,0.49155754774001204,12.0,12,65,100,2,0.02,0.00550196755016235,0.07001179072854388,0.22333333333333333,post_freeze_wide_round_4,transition,True,figure1bc|114514|holdout_figure1b|300|67,6645a82b2d79cd282eb0105d089dcc6d4960498bfa991e649b8284621429a21a,35bfa02cdd4ee2a1774ea3a891c09727fe6616e88ac54c9b9319dba761f36f08,ef3f0c89d96ab326ed5c33340210b37033e47b033e9f124811cce7c80ef83b87,False,ok
figure3-wide-r4-20260716T140249Z-99bbe7a-5418d4c3ceae,figure3a,holdout_figure1b,300,67,2,6,figure3-wide-r4-a-z06-a03,,,0.7243668166820519,12.0,12,66,100,8,0.08,0.041093461484380624,0.14998107700948735,0.22333333333333333,post_freeze_wide_round_4,transition,True,figure1bc|114514|holdout_figure1b|300|67,6645a82b2d79cd282eb0105d089dcc6d4960498bfa991e649b8284621429a21a,c24638991e78920aac2666ac73f85d997ab091b803debbdeab7b104cfbeb9df6,ef3f0c89d96ab326ed5c33340210b37033e47b033e9f124811cce7c80ef83b87,False,ok
figure3-wide-r4-20260716T140249Z-99bbe7a-5418d4c3ceae,figure3a,holdout_figure1b,300,67,2,6,figure3-wide-r4-a-z06-a04,,,0.8772052760707243,12.0,12,67,100,7,0.07,0.03431926106727268,0.137495147390735,0.22333333333333333,post_freeze_wide_round_4,transition,True,figure1bc|114514|holdout_figure1b|300|67,6645a82b2d79cd282eb0105d089dcc6d4960498bfa991e649b8284621429a21a,6d51d3013d01a8670625dd23542e2cb7d91eb943ddb5f5300b5d9118a9cd907a,ef3f0c89d96ab326ed5c33340210b37033e47b033e9f124811cce7c80ef83b87,False,ok
figure3-wide-r4-20260716T140249Z-99bbe7a-5418d4c3ceae,figure3a,holdout_figure1b,300,67,2,6,figure3-wide-r4-a-z06-a05,,,0.9510248413914085,12.0,12,67,100,7,0.07,0.03431926106727268,0.137495147390735,0.22333333333333333,post_freeze_wide_round_4,transition,True,figure1bc|114514|holdout_figure1b|300|67,6645a82b2d79cd282eb0105d089dcc6d4960498bfa991e649b8284621429a21a,2d75de1ad2d607773aa590bde6ed25879905cb53b6180b7e1b33c2a65d458bd6,ef3f0c89d96ab326ed5c33340210b37033e47b033e9f124811cce7c80ef83b87,False,ok
figure3-wide-r4-20260716T140249Z-99bbe7a-5418d4c3ceae,figure3a,holdout_figure1b,300,67,2,6,figure3-wide-r4-a-z06-a06,,,0.9814074541817858,12.0,12,67,100,7,0.07,0.03431926106727268,0.137495147390735,0.22333333333333333,post_freeze_wide_round_4,transition,True,figure1bc|114514|holdout_figure1b|300|67,6645a82b2d79cd282eb0105d089dcc6d4960498bfa991e649b8284621429a21a,9c1f6d2584b33b42bddf194ddf355a195e6bbda8376833b5c25759caf5a745c9,ef3f0c89d96ab326ed5c33340210b37033e47b033e9f124811cce7c80ef83b87,False,ok
figure3-wide-r4-20260716T140249Z-99bbe7a-5418d4c3ceae,figure3a,holdout_figure1b,300,67,2,6,frozen-prediction,0.875,0.9,0.7243668166820519,1.5481811578463707,2,61,100,99,0.99,0.9455138038212946,0.9982325679358593,0.22333333333333333,post_freeze_wide_round_4,transition,True,figure1bc|114514|holdout_figure1b|300|67,6645a82b2d79cd282eb0105d089dcc6d4960498bfa991e649b8284621429a21a,7ce5e93f15e3dc52eab1d4f63872565994fb10ba8490cd0e25a754114453aab1,ef3f0c89d96ab326ed5c33340210b37033e47b033e9f124811cce7c80ef83b87,True,ok
figure3-wide-r4-20260716T140249Z-99bbe7a-5418d4c3ceae,figure3b,holdout_figure1b,300,72,2,6,figure3-wide-r4-b-z00-a00,,,0.11570232443340224,0.0,0,9,100,100,1.0,0.9630065017930143,1.0,0.24,post_freeze_wide_round_4,transition,True,figure1bc|114514|holdout_figure1b|300|72,26565b7447de1372231ee5b5c71f23a3563d760c3bf055b955ba8f5be43301c5,6c0b4ec99c5a84fce67e041cf5579761bd6aacaa809732c0461e9e369f02d319,ef3f0c89d96ab326ed5c33340210b37033e47b033e9f124811cce7c80ef83b87,False,ok
figure3-wide-r4-20260716T140249Z-99bbe7a-5418d4c3ceae,figure3b,holdout_figure1b,300,72,2,6,figure3-wide-r4-b-z00-a01,,,0.262353279906528,0.0,0,19,100,100,1.0,0.9630065017930143,1.0,0.24,post_freeze_wide_round_4,transition,True,figure1bc|114514|holdout_figure1b|300|72,26565b7447de1372231ee5b5c71f23a3563d760c3bf055b955ba8f5be43301c5,16ad565f0ddbdf901e4ce6d2db213b5294236c339af45f3235d8ee282eb737d1,ef3f0c89d96ab326ed5c33340210b37033e47b033e9f124811cce7c80ef83b87,False,ok
figure3-wide-r4-20260716T140249Z-99bbe7a-5418d4c3ceae,figure3b,holdout_figure1b,300,72,2,6,figure3-wide-r4-b-z00-a02,,,0.49155754774001204,0.0,0,36,100,100,1.0,0.9630065017930143,1.0,0.24,post_freeze_wide_round_4,transition,True,figure1bc|114514|holdout_figure1b|300|72,26565b7447de1372231ee5b5c71f23a3563d760c3bf055b955ba8f5be43301c5,d875aad04cfd058aadf30f5834cb6d31865cdc5aa7f74f7d855ea32e809d64d4,ef3f0c89d96ab326ed5c33340210b37033e47b033e9f124811cce7c80ef83b87,False,ok
figure3-wide-r4-20260716T140249Z-99bbe7a-5418d4c3ceae,figure3b,holdout_figure1b,300,72,2,6,figure3-wide-r4-b-z00-a03,,,0.7243668166820519,0.0,0,53,100,100,1.0,0.9630065017930143,1.0,0.24,post_freeze_wide_round_4,transition,True,figure1bc|114514|holdout_figure1b|300|72,26565b7447de1372231ee5b5c71f23a3563d760c3bf055b955ba8f5be43301c5,59220166a0a3863ee759a47ed5819003b855b0e473819eec172cdb19ab123051,ef3f0c89d96ab326ed5c33340210b37033e47b033e9f124811cce7c80ef83b87,False,ok
figure3-wide-r4-20260716T140249Z-99bbe7a-5418d4c3ceae,figure3b,holdout_figure1b,300,72,2,6,figure3-wide-r4-b-z00-a04,,,0.8772052760707243,0.0,0,64,100,100,1.0,0.9630065017930143,1.0,0.24,post_freeze_wide_round_4,transition,True,figure1bc|114514|holdout_figure1b|300|72,26565b7447de1372231ee5b5c71f23a3563d760c3bf055b955ba8f5be43301c5,29dc8767accf2287405c9dbd9ce7154a6a6831273f10e4e1e9a29ef8d3135b9d,ef3f0c89d96ab326ed5c33340210b37033e47b033e9f124811cce7c80ef83b87,False,ok
figure3-wide-r4-20260716T140249Z-99bbe7a-5418d4c3ceae,figure3b,holdout_figure1b,300,72,2,6,figure3-wide-r4-b-z00-a05,,,0.9510248413914085,0.0,0,69,100,100,1.0,0.9630065017930143,1.0,0.24,post_freeze_wide_round_4,transition,True,figure1bc|114514|holdout_figure1b|300|72,26565b7447de1372231ee5b5c71f23a3563d760c3bf055b955ba8f5be43301c5,efb53463c7ad6a4fed96e4618c07d4b0e3e1a7a868c6b89811ea63e981ae2494,ef3f0c89d96ab326ed5c33340210b37033e47b033e9f124811cce7c80ef83b87,False,ok
figure3-wide-r4-20260716T140249Z-99bbe7a-5418d4c3ceae,figure3b,holdout_figure1b,300,72,2,6,figure3-wide-r4-b-z00-a06,,,0.9814074541817858,0.0,0,71,100,100,1.0,0.9630065017930143,1.0,0.24,post_freeze_wide_round_4,transition,True,figure1bc|114514|holdout_figure1b|300|72,26565b7447de1372231ee5b5c71f23a3563d760c3bf055b955ba8f5be43301c5,2c2a64526de5af90c0ebecb38b82f6d06599117f74a208ed57a3f1fbf36bd93c,ef3f0c89d96ab326ed5c33340210b37033e47b033e9f124811cce7c80ef83b87,False,ok
figure3-wide-r4-20260716T140249Z-99bbe7a-5418d4c3ceae,figure3b,holdout_figure1b,300,72,2,6,figure3-wide-r4-b-z01-a00,,,0.11570232443340224,1.0,1,41,100,39,0.39,0.3001687400639441,0.4879698295415926,0.24,post_freeze_wide_round_4,transition,True,figure1bc|114514|holdout_figure1b|300|72,26565b7447de1372231ee5b5c71f23a3563d760c3bf055b955ba8f5be43301c5,69e858566779d65679c793761800adbf33676534284822f02e33e5eb89d018a8,ef3f0c89d96ab326ed5c33340210b37033e47b033e9f124811cce7c80ef83b87,False,ok
figure3-wide-r4-20260716T140249Z-99bbe7a-5418d4c3ceae,figure3b,holdout_figure1b,300,72,2,6,figure3-wide-r4-b-z01-a01,,,0.262353279906528,1.0,1,46,100,82,0.82,0.7333264161369926,0.8829977450105364,0.24,post_freeze_wide_round_4,transition,True,figure1bc|114514|holdout_figure1b|300|72,26565b7447de1372231ee5b5c71f23a3563d760c3bf055b955ba8f5be43301c5,fb384955678e139516bf9540746bd95b5bcc68ba0b4dd6a5be66bd780f7b054b,ef3f0c89d96ab326ed5c33340210b37033e47b033e9f124811cce7c80ef83b87,False,ok
figure3-wide-r4-20260716T140249Z-99bbe7a-5418d4c3ceae,figure3b,holdout_figure1b,300,72,2,6,figure3-wide-r4-b-z01-a02,,,0.49155754774001204,1.0,1,54,100,99,0.99,0.9455138038212946,0.9982325679358593,0.24,post_freeze_wide_round_4,transition,True,figure1bc|114514|holdout_figure1b|300|72,26565b7447de1372231ee5b5c71f23a3563d760c3bf055b955ba8f5be43301c5,86645996bacdb5eefc31ad96ce0ab5ccf527b20c1625d70f8a232d14c4611bb7,ef3f0c89d96ab326ed5c33340210b37033e47b033e9f124811cce7c80ef83b87,False,ok
figure3-wide-r4-20260716T140249Z-99bbe7a-5418d4c3ceae,figure3b,holdout_figure1b,300,72,2,6,figure3-wide-r4-b-z01-a03,,,0.7243668166820519,1.0,1,63,100,100,1.0,0.9630065017930143,1.0,0.24,post_freeze_wide_round_4,transition,True,figure1bc|114514|holdout_figure1b|300|72,26565b7447de1372231ee5b5c71f23a3563d760c3bf055b955ba8f5be43301c5,67865692b54385d6b6437819997d9c76a84f1783d492f18e0c09db358e540781,ef3f0c89d96ab326ed5c33340210b37033e47b033e9f124811cce7c80ef83b87,False,ok
figure3-wide-r4-20260716T140249Z-99bbe7a-5418d4c3ceae,figure3b,holdout_figure1b,300,72,2,6,figure3-wide-r4-b-z01-a04,,,0.8772052760707243,1.0,1,68,100,100,1.0,0.9630065017930143,1.0,0.24,post_freeze_wide_round_4,transition,True,figure1bc|114514|holdout_figure1b|300|72,26565b7447de1372231ee5b5c71f23a3563d760c3bf055b955ba8f5be43301c5,70c7ad589d99d93dfbf26dda824d95816ca3868275ad2cd69cf243032e9e0b3b,ef3f0c89d96ab326ed5c33340210b37033e47b033e9f124811cce7c80ef83b87,False,ok
figure3-wide-r4-20260716T140249Z-99bbe7a-5418d4c3ceae,figure3b,holdout_figure1b,300,72,2,6,figure3-wide-r4-b-z01-a05,,,0.9510248413914085,1.0,1,71,100,100,1.0,0.9630065017930143,1.0,0.24,post_freeze_wide_round_4,transition,True,figure1bc|114514|holdout_figure1b|300|72,26565b7447de1372231ee5b5c71f23a3563d760c3bf055b955ba8f5be43301c5,6981d264ab96da10254eb2b33635250875cf629d701a32a0890923711ab29c59,ef3f0c89d96ab326ed5c33340210b37033e47b033e9f124811cce7c80ef83b87,False,ok
figure3-wide-r4-20260716T140249Z-99bbe7a-5418d4c3ceae,figure3b,holdout_figure1b,300,72,2,6,figure3-wide-r4-b-z01-a06,,,0.9814074541817858,1.0,1,72,100,100,1.0,0.9630065017930143,1.0,0.24,post_freeze_wide_round_4,transition,True,figure1bc|114514|holdout_figure1b|300|72,26565b7447de1372231ee5b5c71f23a3563d760c3bf055b955ba8f5be43301c5,cf20e84ff54d0ae7eb17ab2c7e5075ece13546c75cf733404461731610879443,ef3f0c89d96ab326ed5c33340210b37033e47b033e9f124811cce7c80ef83b87,False,ok
figure3-wide-r4-20260716T140249Z-99bbe7a-5418d4c3ceae,figure3b,holdout_figure1b,300,72,2,6,figure3-wide-r4-b-z02-a00,,,0.11570232443340224,2.0,2,51,100,41,0.41,0.3186731302113651,0.5079856994658921,0.24,post_freeze_wide_round_4,transition,True,figure1bc|114514|holdout_figure1b|300|72,26565b7447de1372231ee5b5c71f23a3563d760c3bf055b955ba8f5be43301c5,695a63d1ca6d13c76c8cd024dc1a7b494666f3fc4b8b6008308d899a7fb241da,ef3f0c89d96ab326ed5c33340210b37033e47b033e9f124811cce7c80ef83b87,False,ok
figure3-wide-r4-20260716T140249Z-99bbe7a-5418d4c3ceae,figure3b,holdout_figure1b,300,72,2,6,figure3-wide-r4-b-z02-a01,,,0.262353279906528,2.0,2,55,100,78,0.78,0.6892964648501421,0.8499871761539459,0.24,post_freeze_wide_round_4,transition,True,figure1bc|114514|holdout_figure1b|300|72,26565b7447de1372231ee5b5c71f23a3563d760c3bf055b955ba8f5be43301c5,48d1fc885a65bcdb581ac0c28999d8758e5d380fa400c8fd6a7ca0b1216386a1,ef3f0c89d96ab326ed5c33340210b37033e47b033e9f124811cce7c80ef83b87,False,ok
figure3-wide-r4-20260716T140249Z-99bbe7a-5418d4c3ceae,figure3b,holdout_figure1b,300,72,2,6,figure3-wide-r4-b-z02-a02,,,0.49155754774001204,2.0,2,60,100,99,0.99,0.9455138038212946,0.9982325679358593,0.24,post_freeze_wide_round_4,transition,True,figure1bc|114514|holdout_figure1b|300|72,26565b7447de1372231ee5b5c71f23a3563d760c3bf055b955ba8f5be43301c5,eb730f3205516e75778322297b96f013eafc5c93409d5c00ee006d0d6cd75d4f,ef3f0c89d96ab326ed5c33340210b37033e47b033e9f124811cce7c80ef83b87,False,ok
figure3-wide-r4-20260716T140249Z-99bbe7a-5418d4c3ceae,figure3b,holdout_figure1b,300,72,2,6,figure3-wide-r4-b-z02-a04,,,0.8772052760707243,2.0,2,70,100,100,1.0,0.9630065017930143,1.0,0.24,post_freeze_wide_round_4,transition,True,figure1bc|114514|holdout_figure1b|300|72,26565b7447de1372231ee5b5c71f23a3563d760c3bf055b955ba8f5be43301c5,d55c7610776bf1e36933dcbb190637a7d8d3fc35b935b2c89e4cbd18e9222a92,ef3f0c89d96ab326ed5c33340210b37033e47b033e9f124811cce7c80ef83b87,False,ok
figure3-wide-r4-20260716T140249Z-99bbe7a-5418d4c3ceae,figure3b,holdout_figure1b,300,72,2,6,figure3-wide-r4-b-z02-a05,,,0.9510248413914085,2.0,2,71,100,100,1.0,0.9630065017930143,1.0,0.24,post_freeze_wide_round_4,transition,True,figure1bc|114514|holdout_figure1b|300|72,26565b7447de1372231ee5b5c71f23a3563d760c3bf055b955ba8f5be43301c5,fb7f7d8bc61d6375842d11836f91c1727706618524c86b8fe159ad758831e6fe,ef3f0c89d96ab326ed5c33340210b37033e47b033e9f124811cce7c80ef83b87,False,ok
figure3-wide-r4-20260716T140249Z-99bbe7a-5418d4c3ceae,figure3b,holdout_figure1b,300,72,2,6,figure3-wide-r4-b-z02-a06,,,0.9814074541817858,2.0,2,72,100,100,1.0,0.9630065017930143,1.0,0.24,post_freeze_wide_round_4,transition,True,figure1bc|114514|holdout_figure1b|300|72,26565b7447de1372231ee5b5c71f23a3563d760c3bf055b955ba8f5be43301c5,ce86aa9beb5173ee0db7ca9d2bfa3372f0587703eaaf9c262e46407a260d7723,ef3f0c89d96ab326ed5c33340210b37033e47b033e9f124811cce7c80ef83b87,False,ok
figure3-wide-r4-20260716T140249Z-99bbe7a-5418d4c3ceae,figure3b,holdout_figure1b,300,72,2,6,figure3-wide-r4-b-z03-a00,,,0.11570232443340224,3.0,3,57,100,61,0.61,0.5120301704584073,0.6998312599360558,0.24,post_freeze_wide_round_4,transition,True,figure1bc|114514|holdout_figure1b|300|72,26565b7447de1372231ee5b5c71f23a3563d760c3bf055b955ba8f5be43301c5,02cb099b5b0fadb00189d26603de6a96e17bede5910bb7cd22c5befa34f5b8db,ef3f0c89d96ab326ed5c33340210b37033e47b033e9f124811cce7c80ef83b87,False,ok
figure3-wide-r4-20260716T140249Z-99bbe7a-5418d4c3ceae,figure3b,holdout_figure1b,300,72,2,6,figure3-wide-r4-b-z03-a01,,,0.262353279906528,3.0,3,59,100,81,0.81,0.7222115462093562,0.8748524849023126,0.24,post_freeze_wide_round_4,transition,True,figure1bc|114514|holdout_figure1b|300|72,26565b7447de1372231ee5b5c71f23a3563d760c3bf055b955ba8f5be43301c5,3c8502a47310e53a0f05f5bf713b8062d9226ca2b17a1a3541b4be640c3e0b10,ef3f0c89d96ab326ed5c33340210b37033e47b033e9f124811cce7c80ef83b87,False,ok
figure3-wide-r4-20260716T140249Z-99bbe7a-5418d4c3ceae,figure3b,holdout_figure1b,300,72,2,6,figure3-wide-r4-b-z03-a02,,,0.49155754774001204,3.0,3,63,100,97,0.97,0.9154806357094724,0.9897454759759611,0.24,post_freeze_wide_round_4,transition,True,figure1bc|114514|holdout_figure1b|300|72,26565b7447de1372231ee5b5c71f23a3563d760c3bf055b955ba8f5be43301c5,0a843b236e7d89f4e0fbc22298a3855a26b6383ca64d1cd0ac7cf4d08f1c829e,ef3f0c89d96ab326ed5c33340210b37033e47b033e9f124811cce7c80ef83b87,False,ok
figure3-wide-r4-20260716T140249Z-99bbe7a-5418d4c3ceae,figure3b,holdout_figure1b,300,72,2,6,figure3-wide-r4-b-z03-a03,,,0.7243668166820519,3.0,3,68,100,99,0.99,0.9455138038212946,0.9982325679358593,0.24,post_freeze_wide_round_4,transition,True,figure1bc|114514|holdout_figure1b|300|72,26565b7447de1372231ee5b5c71f23a3563d760c3bf055b955ba8f5be43301c5,3c6a1d5f4691432c527688e74146d8ce46226f2d47a9d5c79354d4615e970171,ef3f0c89d96ab326ed5c33340210b37033e47b033e9f124811cce7c80ef83b87,False,ok
figure3-wide-r4-20260716T140249Z-99bbe7a-5418d4c3ceae,figure3b,holdout_figure1b,300,72,2,6,figure3-wide-r4-b-z03-a04,,,0.8772052760707243,3.0,3,70,100,99,0.99,0.9455138038212946,0.9982325679358593,0.24,post_freeze_wide_round_4,transition,True,figure1bc|114514|holdout_figure1b|300|72,26565b7447de1372231ee5b5c71f23a3563d760c3bf055b955ba8f5be43301c5,3c3d31abff84bdb92c9f3ce44dc752b9656762f87e7dc2426df4938d9aae5a9d,ef3f0c89d96ab326ed5c33340210b37033e47b033e9f124811cce7c80ef83b87,False,ok
figure3-wide-r4-20260716T140249Z-99bbe7a-5418d4c3ceae,figure3b,holdout_figure1b,300,72,2,6,figure3-wide-r4-b-z03-a05,,,0.9510248413914085,3.0,3,72,100,100,1.0,0.9630065017930143,1.0,0.24,post_freeze_wide_round_4,transition,True,figure1bc|114514|holdout_figure1b|300|72,26565b7447de1372231ee5b5c71f23a3563d760c3bf055b955ba8f5be43301c5,f08e21b36a97bd2c669e685ece19ff8218efdc6c2a4477551efc1fc8dea6988d,ef3f0c89d96ab326ed5c33340210b37033e47b033e9f124811cce7c80ef83b87,False,ok
figure3-wide-r4-20260716T140249Z-99bbe7a-5418d4c3ceae,figure3b,holdout_figure1b,300,72,2,6,figure3-wide-r4-b-z03-a06,,,0.9814074541817858,3.0,3,72,100,100,1.0,0.9630065017930143,1.0,0.24,post_freeze_wide_round_4,transition,True,figure1bc|114514|holdout_figure1b|300|72,26565b7447de1372231ee5b5c71f23a3563d760c3bf055b955ba8f5be43301c5,1116bcc60f4c89662c48f7b90813ea053e12383f1a5534b184517d6472c8aeff,ef3f0c89d96ab326ed5c33340210b37033e47b033e9f124811cce7c80ef83b87,False,ok
figure3-wide-r4-20260716T140249Z-99bbe7a-5418d4c3ceae,figure3b,holdout_figure1b,300,72,2,6,figure3-wide-r4-b-z04-a00,,,0.11570232443340224,5.0,5,62,100,60,0.6,0.5020025867910618,0.6905987135675411,0.24,post_freeze_wide_round_4,transition,True,figure1bc|114514|holdout_figure1b|300|72,26565b7447de1372231ee5b5c71f23a3563d760c3bf055b955ba8f5be43301c5,79d4557e5dc4c6265beeb3c7c0d6afea548dd2fd8ea292631f8b7e7ce9342bfa,ef3f0c89d96ab326ed5c33340210b37033e47b033e9f124811cce7c80ef83b87,False,ok
figure3-wide-r4-20260716T140249Z-99bbe7a-5418d4c3ceae,figure3b,holdout_figure1b,300,72,2,6,figure3-wide-r4-b-z04-a01,,,0.262353279906528,5.0,5,64,100,77,0.77,0.6784561697712622,0.8415673411969654,0.24,post_freeze_wide_round_4,transition,True,figure1bc|114514|holdout_figure1b|300|72,26565b7447de1372231ee5b5c71f23a3563d760c3bf055b955ba8f5be43301c5,2acfc11f1383018259e902f82825baf8f0398655fd046754b276777f7989eeb0,ef3f0c89d96ab326ed5c33340210b37033e47b033e9f124811cce7c80ef83b87,False,ok
figure3-wide-r4-20260716T140249Z-99bbe7a-5418d4c3ceae,figure3b,holdout_figure1b,300,72,2,6,figure3-wide-r4-b-z04-a02,,,0.49155754774001204,5.0,5,66,100,79,0.79,0.7002003116591013,0.858343459380847,0.24,post_freeze_wide_round_4,transition,True,figure1bc|114514|holdout_figure1b|300|72,26565b7447de1372231ee5b5c71f23a3563d760c3bf055b955ba8f5be43301c5,fb1e6cf49f393eb9440ce2abfc74669270717640d32984cf3fc18b509a90e1ae,ef3f0c89d96ab326ed5c33340210b37033e47b033e9f124811cce7c80ef83b87,False,ok
figure3-wide-r4-20260716T140249Z-99bbe7a-5418d4c3ceae,figure3b,holdout_figure1b,300,72,2,6,figure3-wide-r4-b-z04-a03,,,0.7243668166820519,5.0,5,69,100,95,0.95,0.8882495307680808,0.9784563208456319,0.24,post_freeze_wide_round_4,transition,True,figure1bc|114514|holdout_figure1b|300|72,26565b7447de1372231ee5b5c71f23a3563d760c3bf055b955ba8f5be43301c5,bc646d4a9e0c6325f7fd396180b32679a437c02a32154626b12e1ebb75f4423e,ef3f0c89d96ab326ed5c33340210b37033e47b033e9f124811cce7c80ef83b87,False,ok
figure3-wide-r4-20260716T140249Z-99bbe7a-5418d4c3ceae,figure3b,holdout_figure1b,300,72,2,6,figure3-wide-r4-b-z04-a04,,,0.8772052760707243,5.0,5,71,100,91,0.91,0.837737871472837,0.9519274599974348,0.24,post_freeze_wide_round_4,transition,True,figure1bc|114514|holdout_figure1b|300|72,26565b7447de1372231ee5b5c71f23a3563d760c3bf055b955ba8f5be43301c5,99d63e876208869d84e4d94de29bbac83970f41a1fa907b455cdd42176e5db91,ef3f0c89d96ab326ed5c33340210b37033e47b033e9f124811cce7c80ef83b87,False,ok
figure3-wide-r4-20260716T140249Z-99bbe7a-5418d4c3ceae,figure3b,holdout_figure1b,300,72,2,6,figure3-wide-r4-b-z04-a05,,,0.9510248413914085,5.0,5,72,100,96,0.96,0.9016292856411208,0.9843366960084523,0.24,post_freeze_wide_round_4,transition,True,figure1bc|114514|holdout_figure1b|300|72,26565b7447de1372231ee5b5c71f23a3563d760c3bf055b955ba8f5be43301c5,14f596ca4abc9ecdf71b6914b61d2e3314ee14836b7220f51c5a19125efd906e,ef3f0c89d96ab326ed5c33340210b37033e47b033e9f124811cce7c80ef83b87,False,ok
figure3-wide-r4-20260716T140249Z-99bbe7a-5418d4c3ceae,figure3b,holdout_figure1b,300,72,2,6,figure3-wide-r4-b-z04-a06,,,0.9814074541817858,5.0,5,72,100,96,0.96,0.9016292856411208,0.9843366960084523,0.24,post_freeze_wide_round_4,transition,True,figure1bc|114514|holdout_figure1b|300|72,26565b7447de1372231ee5b5c71f23a3563d760c3bf055b955ba8f5be43301c5,c21b5d5b7f781f89fd4ee7da1977f47409df0c51c98364787e047ffd93ba90bd,ef3f0c89d96ab326ed5c33340210b37033e47b033e9f124811cce7c80ef83b87,False,ok
figure3-wide-r4-20260716T140249Z-99bbe7a-5418d4c3ceae,figure3b,holdout_figure1b,300,72,2,6,figure3-wide-r4-b-z05-a00,,,0.11570232443340224,8.0,8,65,100,32,0.32,0.23669147324999093,0.41662618610452384,0.24,post_freeze_wide_round_4,transition,True,figure1bc|114514|holdout_figure1b|300|72,26565b7447de1372231ee5b5c71f23a3563d760c3bf055b955ba8f5be43301c5,27ec707796f2533fd357cda12fa9750deaa0829936b3ea8ccc9a07b70cd7d31b,ef3f0c89d96ab326ed5c33340210b37033e47b033e9f124811cce7c80ef83b87,False,ok
figure3-wide-r4-20260716T140249Z-99bbe7a-5418d4c3ceae,figure3b,holdout_figure1b,300,72,2,6,figure3-wide-r4-b-z05-a01,,,0.262353279906528,8.0,8,67,100,60,0.6,0.5020025867910618,0.6905987135675411,0.24,post_freeze_wide_round_4,transition,True,figure1bc|114514|holdout_figure1b|300|72,26565b7447de1372231ee5b5c71f23a3563d760c3bf055b955ba8f5be43301c5,3d9ac1e4e5787d49db4fccc4333a204873448f1342f7cb54eea51d0fd2c8c5bb,ef3f0c89d96ab326ed5c33340210b37033e47b033e9f124811cce7c80ef83b87,False,ok
figure3-wide-r4-20260716T140249Z-99bbe7a-5418d4c3ceae,figure3b,holdout_figure1b,300,72,2,6,figure3-wide-r4-b-z05-a02,,,0.49155754774001204,8.0,8,68,100,62,0.62,0.5220975529551107,0.7090240074752127,0.24,post_freeze_wide_round_4,transition,True,figure1bc|114514|holdout_figure1b|300|72,26565b7447de1372231ee5b5c71f23a3563d760c3bf055b955ba8f5be43301c5,dac76ab0237e57d3d7740910c2db5a10976ef41034270567e6655925a0bfc977,ef3f0c89d96ab326ed5c33340210b37033e47b033e9f124811cce7c80ef83b87,False,ok
figure3-wide-r4-20260716T140249Z-99bbe7a-5418d4c3ceae,figure3b,holdout_figure1b,300,72,2,6,figure3-wide-r4-b-z05-a03,,,0.7243668166820519,8.0,8,70,100,65,0.65,0.5525444329688796,0.7363575175690247,0.24,post_freeze_wide_round_4,transition,True,figure1bc|114514|holdout_figure1b|300|72,26565b7447de1372231ee5b5c71f23a3563d760c3bf055b955ba8f5be43301c5,80bd2a88de30ff9cb189f6541d2aab346fdde6f0d07e7da3d0134f2039136cf9,ef3f0c89d96ab326ed5c33340210b37033e47b033e9f124811cce7c80ef83b87,False,ok
figure3-wide-r4-20260716T140249Z-99bbe7a-5418d4c3ceae,figure3b,holdout_figure1b,300,72,2,6,figure3-wide-r4-b-z05-a04,,,0.8772052760707243,8.0,8,72,100,65,0.65,0.5525444329688796,0.7363575175690247,0.24,post_freeze_wide_round_4,transition,True,figure1bc|114514|holdout_figure1b|300|72,26565b7447de1372231ee5b5c71f23a3563d760c3bf055b955ba8f5be43301c5,a64489a9d5cc1fe2ba0ccde57b206d1fb5f4c17489f2335dc210c0fcb4a9c847,ef3f0c89d96ab326ed5c33340210b37033e47b033e9f124811cce7c80ef83b87,False,ok
figure3-wide-r4-20260716T140249Z-99bbe7a-5418d4c3ceae,figure3b,holdout_figure1b,300,72,2,6,figure3-wide-r4-b-z05-a05,,,0.9510248413914085,8.0,8,72,100,65,0.65,0.5525444329688796,0.7363575175690247,0.24,post_freeze_wide_round_4,transition,True,figure1bc|114514|holdout_figure1b|300|72,26565b7447de1372231ee5b5c71f23a3563d760c3bf055b955ba8f5be43301c5,72a7c46b35884e47d9ccb6bf9dff6c9c09e6d0ae3d06903fdb37eea295171115,ef3f0c89d96ab326ed5c33340210b37033e47b033e9f124811cce7c80ef83b87,False,ok
figure3-wide-r4-20260716T140249Z-99bbe7a-5418d4c3ceae,figure3b,holdout_figure1b,300,72,2,6,figure3-wide-r4-b-z05-a06,,,0.9814074541817858,8.0,8,72,100,65,0.65,0.5525444329688796,0.7363575175690247,0.24,post_freeze_wide_round_4,transition,True,figure1bc|114514|holdout_figure1b|300|72,26565b7447de1372231ee5b5c71f23a3563d760c3bf055b955ba8f5be43301c5,531d4f85fbe46beb72cd77b0051377c21bf2774d219f7bdff36ae9c078f84668,ef3f0c89d96ab326ed5c33340210b37033e47b033e9f124811cce7c80ef83b87,False,ok
figure3-wide-r4-20260716T140249Z-99bbe7a-5418d4c3ceae,figure3b,holdout_figure1b,300,72,2,6,figure3-wide-r4-b-z06-a00,,,0.11570232443340224,12.0,12,68,100,10,0.1,0.0552291370606751,0.17436566150491345,0.24,post_freeze_wide_round_4,transition,True,figure1bc|114514|holdout_figure1b|300|72,26565b7447de1372231ee5b5c71f23a3563d760c3bf055b955ba8f5be43301c5,3772fe6f2699b9f4192783c494979987f0635c60498096be331bea53e05ede78,ef3f0c89d96ab326ed5c33340210b37033e47b033e9f124811cce7c80ef83b87,False,ok
figure3-wide-r4-20260716T140249Z-99bbe7a-5418d4c3ceae,figure3b,holdout_figure1b,300,72,2,6,figure3-wide-r4-b-z06-a01,,,0.262353279906528,12.0,12,69,100,14,0.14,0.08526343659939134,0.22137188210963837,0.24,post_freeze_wide_round_4,transition,True,figure1bc|114514|holdout_figure1b|300|72,26565b7447de1372231ee5b5c71f23a3563d760c3bf055b955ba8f5be43301c5,09acbfa8aa555aa7f090c19cadb3b3278a4f0b9e870bdbd6e8b92ab460e47b42,ef3f0c89d96ab326ed5c33340210b37033e47b033e9f124811cce7c80ef83b87,False,ok
figure3-wide-r4-20260716T140249Z-99bbe7a-5418d4c3ceae,figure3b,holdout_figure1b,300,72,2,6,figure3-wide-r4-b-z06-a02,,,0.49155754774001204,12.0,12,70,100,15,0.15,0.0930598528365663,0.23283559590832364,0.24,post_freeze_wide_round_4,transition,True,figure1bc|114514|holdout_figure1b|300|72,26565b7447de1372231ee5b5c71f23a3563d760c3bf055b955ba8f5be43301c5,005d763e3db9bd770b32bdcf2d707ebb924532e4c6466e0c19608d255e6c025a,ef3f0c89d96ab326ed5c33340210b37033e47b033e9f124811cce7c80ef83b87,False,ok
figure3-wide-r4-20260716T140249Z-99bbe7a-5418d4c3ceae,figure3b,holdout_figure1b,300,72,2,6,figure3-wide-r4-b-z06-a03,,,0.7243668166820519,12.0,12,71,100,25,0.25,0.17545211362287672,0.34304463548061603,0.24,post_freeze_wide_round_4,transition,True,figure1bc|114514|holdout_figure1b|300|72,26565b7447de1372231ee5b5c71f23a3563d760c3bf055b955ba8f5be43301c5,f6ed51702b19eecbba39a9f0f7a8831943cb8cc46580a6a0cf765d1632dc5bb1,ef3f0c89d96ab326ed5c33340210b37033e47b033e9f124811cce7c80ef83b87,False,ok
figure3-wide-r4-20260716T140249Z-99bbe7a-5418d4c3ceae,figure3b,holdout_figure1b,300,72,2,6,figure3-wide-r4-b-z06-a04,,,0.8772052760707243,12.0,12,72,100,25,0.25,0.17545211362287672,0.34304463548061603,0.24,post_freeze_wide_round_4,transition,True,figure1bc|114514|holdout_figure1b|300|72,26565b7447de1372231ee5b5c71f23a3563d760c3bf055b955ba8f5be43301c5,6861ace31b94c34efae33a9158e1021dbc650723451b120f973ef1bedf858dc5,ef3f0c89d96ab326ed5c33340210b37033e47b033e9f124811cce7c80ef83b87,False,ok
figure3-wide-r4-20260716T140249Z-99bbe7a-5418d4c3ceae,figure3b,holdout_figure1b,300,72,2,6,figure3-wide-r4-b-z06-a05,,,0.9510248413914085,12.0,12,72,100,25,0.25,0.17545211362287672,0.34304463548061603,0.24,post_freeze_wide_round_4,transition,True,figure1bc|114514|holdout_figure1b|300|72,26565b7447de1372231ee5b5c71f23a3563d760c3bf055b955ba8f5be43301c5,1b648f45e80b94371e869c032bd5fc9618be2044a7c6aed0cb75f0a856788305,ef3f0c89d96ab326ed5c33340210b37033e47b033e9f124811cce7c80ef83b87,False,ok
figure3-wide-r4-20260716T140249Z-99bbe7a-5418d4c3ceae,figure3b,holdout_figure1b,300,72,2,6,figure3-wide-r4-b-z06-a06,,,0.9814074541817858,12.0,12,72,100,25,0.25,0.17545211362287672,0.34304463548061603,0.24,post_freeze_wide_round_4,transition,True,figure1bc|114514|holdout_figure1b|300|72,26565b7447de1372231ee5b5c71f23a3563d760c3bf055b955ba8f5be43301c5,adaa14adeff56e0753d6b1a6303bd83d55b6623f59c1c63d8e28d2a8d8f44b07,ef3f0c89d96ab326ed5c33340210b37033e47b033e9f124811cce7c80ef83b87,False,ok
figure3-wide-r4-20260716T140249Z-99bbe7a-5418d4c3ceae,figure3b,holdout_figure1b,300,72,2,6,frozen-prediction,0.875,0.9,0.7243668166820519,1.5857729624015182,2,66,100,100,1.0,0.9630065017930143,1.0,0.24,post_freeze_wide_round_4,transition,True,figure1bc|114514|holdout_figure1b|300|72,26565b7447de1372231ee5b5c71f23a3563d760c3bf055b955ba8f5be43301c5,4a7c0aafb00c2335d759d0e7159ba4248baf72704a0c6299b07161f8b2c35553,ef3f0c89d96ab326ed5c33340210b37033e47b033e9f124811cce7c80ef83b87,True,ok
figure3-wide-r4-20260716T140249Z-99bbe7a-5418d4c3ceae,figure3c,holdout_figure1b,1000,211,2,6,figure3-wide-r4-c-z00-a00,,,0.11570232443340224,0.0,0,25,100,97,0.97,0.9154806357094724,0.9897454759759611,0.211,post_freeze_wide_round_4,transition,True,figure1bc|114514|holdout_figure1b|1000|211,67b28e569249f8d4f5c46de41f8e29ace088920455149a8b2781717a21b64091,11c4519a9e739c677fd2be791aee10cb7c9fdab776092c489acd9d9ad98c4bdf,ef3f0c89d96ab326ed5c33340210b37033e47b033e9f124811cce7c80ef83b87,False,ok
figure3-wide-r4-20260716T140249Z-99bbe7a-5418d4c3ceae,figure3c,holdout_figure1b,1000,211,2,6,figure3-wide-r4-c-z00-a01,,,0.262353279906528,0.0,0,56,100,96,0.96,0.9016292856411208,0.9843366960084523,0.211,post_freeze_wide_round_4,transition,True,figure1bc|114514|holdout_figure1b|1000|211,67b28e569249f8d4f5c46de41f8e29ace088920455149a8b2781717a21b64091,6c38b012bedd803d968987bef461fd27b9ce22a041c32a7288a3dd85967b02ab,ef3f0c89d96ab326ed5c33340210b37033e47b033e9f124811cce7c80ef83b87,False,ok
figure3-wide-r4-20260716T140249Z-99bbe7a-5418d4c3ceae,figure3c,holdout_figure1b,1000,211,2,6,figure3-wide-r4-c-z00-a02,,,0.49155754774001204,0.0,0,104,100,95,0.95,0.8882495307680808,0.9784563208456319,0.211,post_freeze_wide_round_4,transition,True,figure1bc|114514|holdout_figure1b|1000|211,67b28e569249f8d4f5c46de41f8e29ace088920455149a8b2781717a21b64091,a4783745b20e25749f0671ebbf3719779dda81b57181f1e6425f43b3aa0ce3a7,ef3f0c89d96ab326ed5c33340210b37033e47b033e9f124811cce7c80ef83b87,False,ok
figure3-wide-r4-20260716T140249Z-99bbe7a-5418d4c3ceae,figure3c,holdout_figure1b,1000,211,2,6,figure3-wide-r4-c-z00-a03,,,0.7243668166820519,0.0,0,153,100,87,0.87,0.7901964855992357,0.9224283257275948,0.211,post_freeze_wide_round_4,transition,True,figure1bc|114514|holdout_figure1b|1000|211,67b28e569249f8d4f5c46de41f8e29ace088920455149a8b2781717a21b64091,fb1edd7da714a23df3a6103b07b0b02a9a7393dbfd23a300ed9e76f8fc11a550,ef3f0c89d96ab326ed5c33340210b37033e47b033e9f124811cce7c80ef83b87,False,ok
figure3-wide-r4-20260716T140249Z-99bbe7a-5418d4c3ceae,figure3c,holdout_figure1b,1000,211,2,6,figure3-wide-r4-c-z00-a04,,,0.8772052760707243,0.0,0,186,100,93,0.93,0.8625048526092651,0.9656807389327273,0.211,post_freeze_wide_round_4,transition,True,figure1bc|114514|holdout_figure1b|1000|211,67b28e569249f8d4f5c46de41f8e29ace088920455149a8b2781717a21b64091,d776f432c6ca1445ad5dd6e45b3a05d5fd7e1c2efb00234f68510e931880b213,ef3f0c89d96ab326ed5c33340210b37033e47b033e9f124811cce7c80ef83b87,False,ok
figure3-wide-r4-20260716T140249Z-99bbe7a-5418d4c3ceae,figure3c,holdout_figure1b,1000,211,2,6,figure3-wide-r4-c-z00-a05,,,0.9510248413914085,0.0,0,201,100,95,0.95,0.8882495307680808,0.9784563208456319,0.211,post_freeze_wide_round_4,transition,True,figure1bc|114514|holdout_figure1b|1000|211,67b28e569249f8d4f5c46de41f8e29ace088920455149a8b2781717a21b64091,279f3a422b74c67752004783ee417eac87edee141e1c018dd3c20991cefa9b52,ef3f0c89d96ab326ed5c33340210b37033e47b033e9f124811cce7c80ef83b87,False,ok
figure3-wide-r4-20260716T140249Z-99bbe7a-5418d4c3ceae,figure3c,holdout_figure1b,1000,211,2,6,figure3-wide-r4-c-z00-a06,,,0.9814074541817858,0.0,0,208,100,95,0.95,0.8882495307680808,0.9784563208456319,0.211,post_freeze_wide_round_4,transition,True,figure1bc|114514|holdout_figure1b|1000|211,67b28e569249f8d4f5c46de41f8e29ace088920455149a8b2781717a21b64091,e66d839b985f2f08582f2a3d67579d8e18dc5911852e67ed63b0f08155bc9112,ef3f0c89d96ab326ed5c33340210b37033e47b033e9f124811cce7c80ef83b87,False,ok
figure3-wide-r4-20260716T140249Z-99bbe7a-5418d4c3ceae,figure3c,holdout_figure1b,1000,211,2,6,figure3-wide-r4-c-z01-a00,,,0.11570232443340224,1.0,1,119,100,0,0.0,0.0,0.03699349820698568,0.211,post_freeze_wide_round_4,transition,True,figure1bc|114514|holdout_figure1b|1000|211,67b28e569249f8d4f5c46de41f8e29ace088920455149a8b2781717a21b64091,8c2525e4e9b477f84c0810c62264578828dfd8770cb9b5f1aad11070f612dbba,ef3f0c89d96ab326ed5c33340210b37033e47b033e9f124811cce7c80ef83b87,False,ok
figure3-wide-r4-20260716T140249Z-99bbe7a-5418d4c3ceae,figure3c,holdout_figure1b,1000,211,2,6,figure3-wide-r4-c-z01-a01,,,0.262353279906528,1.0,1,134,100,2,0.02,0.00550196755016235,0.07001179072854388,0.211,post_freeze_wide_round_4,transition,True,figure1bc|114514|holdout_figure1b|1000|211,67b28e569249f8d4f5c46de41f8e29ace088920455149a8b2781717a21b64091,025dc8a3e927401a25fefdc659fff264ff501daeee57fb793990883a597708ea,ef3f0c89d96ab326ed5c33340210b37033e47b033e9f124811cce7c80ef83b87,False,ok
figure3-wide-r4-20260716T140249Z-99bbe7a-5418d4c3ceae,figure3c,holdout_figure1b,1000,211,2,6,figure3-wide-r4-c-z01-a02,,,0.49155754774001204,1.0,1,158,100,90,0.9,0.8256343384950865,0.9447708629393249,0.211,post_freeze_wide_round_4,transition,True,figure1bc|114514|holdout_figure1b|1000|211,67b28e569249f8d4f5c46de41f8e29ace088920455149a8b2781717a21b64091,a81cf35eb6da0366744af1bfadde4817c1a85713a2fb09ed15170b937b8ebae1,ef3f0c89d96ab326ed5c33340210b37033e47b033e9f124811cce7c80ef83b87,False,ok
figure3-wide-r4-20260716T140249Z-99bbe7a-5418d4c3ceae,figure3c,holdout_figure1b,1000,211,2,6,figure3-wide-r4-c-z01-a03,,,0.7243668166820519,1.0,1,183,100,98,0.98,0.929988209271456,0.9944980324498376,0.211,post_freeze_wide_round_4,transition,True,figure1bc|114514|holdout_figure1b|1000|211,67b28e569249f8d4f5c46de41f8e29ace088920455149a8b2781717a21b64091,d86d9012adabd60a4afc3f1cc8dddb4fd0e7c5561f42c333388af75b044c31c0,ef3f0c89d96ab326ed5c33340210b37033e47b033e9f124811cce7c80ef83b87,False,ok
figure3-wide-r4-20260716T140249Z-99bbe7a-5418d4c3ceae,figure3c,holdout_figure1b,1000,211,2,6,figure3-wide-r4-c-z01-a04,,,0.8772052760707243,1.0,1,199,100,93,0.93,0.8625048526092651,0.9656807389327273,0.211,post_freeze_wide_round_4,transition,True,figure1bc|114514|holdout_figure1b|1000|211,67b28e569249f8d4f5c46de41f8e29ace088920455149a8b2781717a21b64091,03dd309db37aff69ed894b847fe4af46c8641c1c9f05aab5e2cfab1f24424515,ef3f0c89d96ab326ed5c33340210b37033e47b033e9f124811cce7c80ef83b87,False,ok
figure3-wide-r4-20260716T140249Z-99bbe7a-5418d4c3ceae,figure3c,holdout_figure1b,1000,211,2,6,figure3-wide-r4-c-z01-a05,,,0.9510248413914085,1.0,1,206,100,93,0.93,0.8625048526092651,0.9656807389327273,0.211,post_freeze_wide_round_4,transition,True,figure1bc|114514|holdout_figure1b|1000|211,67b28e569249f8d4f5c46de41f8e29ace088920455149a8b2781717a21b64091,256b65fb83bcfab556b7963ba274a974347404a5a52d600eeb23d1507e11c1d1,ef3f0c89d96ab326ed5c33340210b37033e47b033e9f124811cce7c80ef83b87,False,ok
figure3-wide-r4-20260716T140249Z-99bbe7a-5418d4c3ceae,figure3c,holdout_figure1b,1000,211,2,6,figure3-wide-r4-c-z01-a06,,,0.9814074541817858,1.0,1,210,100,93,0.93,0.8625048526092651,0.9656807389327273,0.211,post_freeze_wide_round_4,transition,True,figure1bc|114514|holdout_figure1b|1000|211,67b28e569249f8d4f5c46de41f8e29ace088920455149a8b2781717a21b64091,1e761b098a070a00d5d631888ae1af78e6d45004a111cee0fe59ae07601aa53a,ef3f0c89d96ab326ed5c33340210b37033e47b033e9f124811cce7c80ef83b87,False,ok
figure3-wide-r4-20260716T140249Z-99bbe7a-5418d4c3ceae,figure3c,holdout_figure1b,1000,211,2,6,figure3-wide-r4-c-z02-a00,,,0.11570232443340224,2.0,2,150,100,0,0.0,0.0,0.03699349820698568,0.211,post_freeze_wide_round_4,transition,True,figure1bc|114514|holdout_figure1b|1000|211,67b28e569249f8d4f5c46de41f8e29ace088920455149a8b2781717a21b64091,5753a2abaf8fe8f91126ab54f1bde17e7f7cc3c957e35fd36a3eb4fd2b368b4a,ef3f0c89d96ab326ed5c33340210b37033e47b033e9f124811cce7c80ef83b87,False,ok
figure3-wide-r4-20260716T140249Z-99bbe7a-5418d4c3ceae,figure3c,holdout_figure1b,1000,211,2,6,figure3-wide-r4-c-z02-a01,,,0.262353279906528,2.0,2,160,100,1,0.01,0.0017674320641406505,0.054486196178705315,0.211,post_freeze_wide_round_4,transition,True,figure1bc|114514|holdout_figure1b|1000|211,67b28e569249f8d4f5c46de41f8e29ace088920455149a8b2781717a21b64091,c48f5f1b8ec1ffc516cd2ee930586b5ef8aa95352a99ef842c1e94c7d629661a,ef3f0c89d96ab326ed5c33340210b37033e47b033e9f124811cce7c80ef83b87,False,ok
figure3-wide-r4-20260716T140249Z-99bbe7a-5418d4c3ceae,figure3c,holdout_figure1b,1000,211,2,6,figure3-wide-r4-c-z02-a02,,,0.49155754774001204,2.0,2,176,100,83,0.83,0.7445199523239887,0.8910643388594006,0.211,post_freeze_wide_round_4,transition,True,figure1bc|114514|holdout_figure1b|1000|211,67b28e569249f8d4f5c46de41f8e29ace088920455149a8b2781717a21b64091,a58b78324ebc220be0fe17e88798799f04742596b927a268004112c51352c2b1,ef3f0c89d96ab326ed5c33340210b37033e47b033e9f124811cce7c80ef83b87,False,ok
figure3-wide-r4-20260716T140249Z-99bbe7a-5418d4c3ceae,figure3c,holdout_figure1b,1000,211,2,6,figure3-wide-r4-c-z02-a04,,,0.8772052760707243,2.0,2,203,100,99,0.99,0.9455138038212946,0.9982325679358593,0.211,post_freeze_wide_round_4,transition,True,figure1bc|114514|holdout_figure1b|1000|211,67b28e569249f8d4f5c46de41f8e29ace088920455149a8b2781717a21b64091,e36294bc80cdd09ea38e37accb120bc50a3c59984f5706af7d8489e8dd810ad5,ef3f0c89d96ab326ed5c33340210b37033e47b033e9f124811cce7c80ef83b87,False,ok
figure3-wide-r4-20260716T140249Z-99bbe7a-5418d4c3ceae,figure3c,holdout_figure1b,1000,211,2,6,figure3-wide-r4-c-z02-a05,,,0.9510248413914085,2.0,2,208,100,98,0.98,0.929988209271456,0.9944980324498376,0.211,post_freeze_wide_round_4,transition,True,figure1bc|114514|holdout_figure1b|1000|211,67b28e569249f8d4f5c46de41f8e29ace088920455149a8b2781717a21b64091,ad08d1f882a68e68d0ab73ed54bb82fbdf23c67fd0138dd79ccfced51dc51b75,ef3f0c89d96ab326ed5c33340210b37033e47b033e9f124811cce7c80ef83b87,False,ok
figure3-wide-r4-20260716T140249Z-99bbe7a-5418d4c3ceae,figure3c,holdout_figure1b,1000,211,2,6,figure3-wide-r4-c-z02-a06,,,0.9814074541817858,2.0,2,210,100,97,0.97,0.9154806357094724,0.9897454759759611,0.211,post_freeze_wide_round_4,transition,True,figure1bc|114514|holdout_figure1b|1000|211,67b28e569249f8d4f5c46de41f8e29ace088920455149a8b2781717a21b64091,1276f6a2041be435139c8f528f25848fdffaa2058f35f687588a2465f1c4ed4a,ef3f0c89d96ab326ed5c33340210b37033e47b033e9f124811cce7c80ef83b87,False,ok
figure3-wide-r4-20260716T140249Z-99bbe7a-5418d4c3ceae,figure3c,holdout_figure1b,1000,211,2,6,figure3-wide-r4-c-z03-a00,,,0.11570232443340224,3.0,3,166,100,0,0.0,0.0,0.03699349820698568,0.211,post_freeze_wide_round_4,transition,True,figure1bc|114514|holdout_figure1b|1000|211,67b28e569249f8d4f5c46de41f8e29ace088920455149a8b2781717a21b64091,34fc74742349be8b60122fa860e0890dc041b69c1d16941a3d5163e726a92f28,ef3f0c89d96ab326ed5c33340210b37033e47b033e9f124811cce7c80ef83b87,False,ok
figure3-wide-r4-20260716T140249Z-99bbe7a-5418d4c3ceae,figure3c,holdout_figure1b,1000,211,2,6,figure3-wide-r4-c-z03-a01,,,0.262353279906528,3.0,3,173,100,8,0.08,0.041093461484380624,0.14998107700948735,0.211,post_freeze_wide_round_4,transition,True,figure1bc|114514|holdout_figure1b|1000|211,67b28e569249f8d4f5c46de41f8e29ace088920455149a8b2781717a21b64091,6a152c093308ca6f42b8733ed1151acd325db8f0c005a20917b086f0119176c2,ef3f0c89d96ab326ed5c33340210b37033e47b033e9f124811cce7c80ef83b87,False,ok
figure3-wide-r4-20260716T140249Z-99bbe7a-5418d4c3ceae,figure3c,holdout_figure1b,1000,211,2,6,figure3-wide-r4-c-z03-a02,,,0.49155754774001204,3.0,3,185,100,79,0.79,0.7002003116591013,0.858343459380847,0.211,post_freeze_wide_round_4,transition,True,figure1bc|114514|holdout_figure1b|1000|211,67b28e569249f8d4f5c46de41f8e29ace088920455149a8b2781717a21b64091,240e8a8ee3879d7f5f3664bcce4bd831848c51cda6f8e505ff408407a8c28da0,ef3f0c89d96ab326ed5c33340210b37033e47b033e9f124811cce7c80ef83b87,False,ok
figure3-wide-r4-20260716T140249Z-99bbe7a-5418d4c3ceae,figure3c,holdout_figure1b,1000,211,2,6,figure3-wide-r4-c-z03-a03,,,0.7243668166820519,3.0,3,197,100,99,0.99,0.9455138038212946,0.9982325679358593,0.211,post_freeze_wide_round_4,transition,True,figure1bc|114514|holdout_figure1b|1000|211,67b28e569249f8d4f5c46de41f8e29ace088920455149a8b2781717a21b64091,8f519e523f45129284e7b14fb79afffdff81c5adae49c1c4848f8c1102552d59,ef3f0c89d96ab326ed5c33340210b37033e47b033e9f124811cce7c80ef83b87,False,ok
figure3-wide-r4-20260716T140249Z-99bbe7a-5418d4c3ceae,figure3c,holdout_figure1b,1000,211,2,6,figure3-wide-r4-c-z03-a04,,,0.8772052760707243,3.0,3,205,100,99,0.99,0.9455138038212946,0.9982325679358593,0.211,post_freeze_wide_round_4,transition,True,figure1bc|114514|holdout_figure1b|1000|211,67b28e569249f8d4f5c46de41f8e29ace088920455149a8b2781717a21b64091,fe62c8c878185fb86607d8254234733448ddd690a8b0ec6ebeae407b2b0bf148,ef3f0c89d96ab326ed5c33340210b37033e47b033e9f124811cce7c80ef83b87,False,ok
figure3-wide-r4-20260716T140249Z-99bbe7a-5418d4c3ceae,figure3c,holdout_figure1b,1000,211,2,6,figure3-wide-r4-c-z03-a05,,,0.9510248413914085,3.0,3,209,100,97,0.97,0.9154806357094724,0.9897454759759611,0.211,post_freeze_wide_round_4,transition,True,figure1bc|114514|holdout_figure1b|1000|211,67b28e569249f8d4f5c46de41f8e29ace088920455149a8b2781717a21b64091,634445d7280ece28adac14049bb06c2edff7506fed257cae69fc512bb9e4e6ba,ef3f0c89d96ab326ed5c33340210b37033e47b033e9f124811cce7c80ef83b87,False,ok
figure3-wide-r4-20260716T140249Z-99bbe7a-5418d4c3ceae,figure3c,holdout_figure1b,1000,211,2,6,figure3-wide-r4-c-z03-a06,,,0.9814074541817858,3.0,3,211,100,98,0.98,0.929988209271456,0.9944980324498376,0.211,post_freeze_wide_round_4,transition,True,figure1bc|114514|holdout_figure1b|1000|211,67b28e569249f8d4f5c46de41f8e29ace088920455149a8b2781717a21b64091,f3119e904d5270afe6e9cd5253e6f30c072bbf7a049db0930510f31b9ff98edc,ef3f0c89d96ab326ed5c33340210b37033e47b033e9f124811cce7c80ef83b87,False,ok
figure3-wide-r4-20260716T140249Z-99bbe7a-5418d4c3ceae,figure3c,holdout_figure1b,1000,211,2,6,figure3-wide-r4-c-z04-a00,,,0.11570232443340224,5.0,5,181,100,5,0.05,0.02154367915436796,0.11175046923191913,0.211,post_freeze_wide_round_4,transition,True,figure1bc|114514|holdout_figure1b|1000|211,67b28e569249f8d4f5c46de41f8e29ace088920455149a8b2781717a21b64091,f2a41ecf6197895ae28dbade19a2dbd39e9d181c37acccc810a71d35b846a53c,ef3f0c89d96ab326ed5c33340210b37033e47b033e9f124811cce7c80ef83b87,False,ok
figure3-wide-r4-20260716T140249Z-99bbe7a-5418d4c3ceae,figure3c,holdout_figure1b,1000,211,2,6,figure3-wide-r4-c-z04-a01,,,0.262353279906528,5.0,5,186,100,15,0.15,0.0930598528365663,0.23283559590832364,0.211,post_freeze_wide_round_4,transition,True,figure1bc|114514|holdout_figure1b|1000|211,67b28e569249f8d4f5c46de41f8e29ace088920455149a8b2781717a21b64091,643a1b610d7e88b17619a82f65b2dcb81a320a6431a696c026df33bf8f113fcb,ef3f0c89d96ab326ed5c33340210b37033e47b033e9f124811cce7c80ef83b87,False,ok
figure3-wide-r4-20260716T140249Z-99bbe7a-5418d4c3ceae,figure3c,holdout_figure1b,1000,211,2,6,figure3-wide-r4-c-z04-a02,,,0.49155754774001204,5.0,5,194,100,69,0.69,0.5937394428051057,0.7722030278762395,0.211,post_freeze_wide_round_4,transition,True,figure1bc|114514|holdout_figure1b|1000|211,67b28e569249f8d4f5c46de41f8e29ace088920455149a8b2781717a21b64091,01fb23a269ad92efc0288a37b6f61c8b884234a2c18912caaaeefbda403f9ebd,ef3f0c89d96ab326ed5c33340210b37033e47b033e9f124811cce7c80ef83b87,False,ok
figure3-wide-r4-20260716T140249Z-99bbe7a-5418d4c3ceae,figure3c,holdout_figure1b,1000,211,2,6,figure3-wide-r4-c-z04-a03,,,0.7243668166820519,5.0,5,202,100,93,0.93,0.8625048526092651,0.9656807389327273,0.211,post_freeze_wide_round_4,transition,True,figure1bc|114514|holdout_figure1b|1000|211,67b28e569249f8d4f5c46de41f8e29ace088920455149a8b2781717a21b64091,1fde4c57093c7fb715405e14a8048facc19bffdc1dc74528ca55ed7e08b3e1ac,ef3f0c89d96ab326ed5c33340210b37033e47b033e9f124811cce7c80ef83b87,False,ok
figure3-wide-r4-20260716T140249Z-99bbe7a-5418d4c3ceae,figure3c,holdout_figure1b,1000,211,2,6,figure3-wide-r4-c-z04-a04,,,0.8772052760707243,5.0,5,207,100,98,0.98,0.929988209271456,0.9944980324498376,0.211,post_freeze_wide_round_4,transition,True,figure1bc|114514|holdout_figure1b|1000|211,67b28e569249f8d4f5c46de41f8e29ace088920455149a8b2781717a21b64091,c46efefe94074d31aceeaf082f8e750688fb1a844e19a0d81a1350484bdf624e,ef3f0c89d96ab326ed5c33340210b37033e47b033e9f124811cce7c80ef83b87,False,ok
figure3-wide-r4-20260716T140249Z-99bbe7a-5418d4c3ceae,figure3c,holdout_figure1b,1000,211,2,6,figure3-wide-r4-c-z04-a05,,,0.9510248413914085,5.0,5,210,100,95,0.95,0.8882495307680808,0.9784563208456319,0.211,post_freeze_wide_round_4,transition,True,figure1bc|114514|holdout_figure1b|1000|211,67b28e569249f8d4f5c46de41f8e29ace088920455149a8b2781717a21b64091,add0a2b8d4a49a61607bcd19096e4adc77b386ee19f94598e9bfbbe769a40668,ef3f0c89d96ab326ed5c33340210b37033e47b033e9f124811cce7c80ef83b87,False,ok
figure3-wide-r4-20260716T140249Z-99bbe7a-5418d4c3ceae,figure3c,holdout_figure1b,1000,211,2,6,figure3-wide-r4-c-z04-a06,,,0.9814074541817858,5.0,5,211,100,98,0.98,0.929988209271456,0.9944980324498376,0.211,post_freeze_wide_round_4,transition,True,figure1bc|114514|holdout_figure1b|1000|211,67b28e569249f8d4f5c46de41f8e29ace088920455149a8b2781717a21b64091,5be0bc631cf7e066b315f049840284db456bd5865492f42efedf071efb6ba615,ef3f0c89d96ab326ed5c33340210b37033e47b033e9f124811cce7c80ef83b87,False,ok
figure3-wide-r4-20260716T140249Z-99bbe7a-5418d4c3ceae,figure3c,holdout_figure1b,1000,211,2,6,figure3-wide-r4-c-z05-a00,,,0.11570232443340224,8.0,8,191,100,5,0.05,0.02154367915436796,0.11175046923191913,0.211,post_freeze_wide_round_4,transition,True,figure1bc|114514|holdout_figure1b|1000|211,67b28e569249f8d4f5c46de41f8e29ace088920455149a8b2781717a21b64091,3577bf835b2e851d8474b351bc89f2ec41af306e9650e97c7f2dcceb278ac8ce,ef3f0c89d96ab326ed5c33340210b37033e47b033e9f124811cce7c80ef83b87,False,ok
figure3-wide-r4-20260716T140249Z-99bbe7a-5418d4c3ceae,figure3c,holdout_figure1b,1000,211,2,6,figure3-wide-r4-c-z05-a01,,,0.262353279906528,8.0,8,195,100,20,0.2,0.1333669333310325,0.2888291655931589,0.211,post_freeze_wide_round_4,transition,True,figure1bc|114514|holdout_figure1b|1000|211,67b28e569249f8d4f5c46de41f8e29ace088920455149a8b2781717a21b64091,584f3f0d03cb9fe7102fc443275b5fce84ee0afc9a3fa4ce5c0f5efe6b251edf,ef3f0c89d96ab326ed5c33340210b37033e47b033e9f124811cce7c80ef83b87,False,ok
figure3-wide-r4-20260716T140249Z-99bbe7a-5418d4c3ceae,figure3c,holdout_figure1b,1000,211,2,6,figure3-wide-r4-c-z05-a02,,,0.49155754774001204,8.0,8,200,100,40,0.4,0.3094012864324589,0.4979974132089382,0.211,post_freeze_wide_round_4,transition,True,figure1bc|114514|holdout_figure1b|1000|211,67b28e569249f8d4f5c46de41f8e29ace088920455149a8b2781717a21b64091,3f52f0b0453bb8d8d7d26a54d8cf7f78c1c32b2447c897e29199fa8d8901437f,ef3f0c89d96ab326ed5c33340210b37033e47b033e9f124811cce7c80ef83b87,False,ok
figure3-wide-r4-20260716T140249Z-99bbe7a-5418d4c3ceae,figure3c,holdout_figure1b,1000,211,2,6,figure3-wide-r4-c-z05-a03,,,0.7243668166820519,8.0,8,205,100,65,0.65,0.5525444329688796,0.7363575175690247,0.211,post_freeze_wide_round_4,transition,True,figure1bc|114514|holdout_figure1b|1000|211,67b28e569249f8d4f5c46de41f8e29ace088920455149a8b2781717a21b64091,6af8ecc019cd7e00a9c9654a9648d0706f14e16b5b9e557b781cfb8a20046680,ef3f0c89d96ab326ed5c33340210b37033e47b033e9f124811cce7c80ef83b87,False,ok
figure3-wide-r4-20260716T140249Z-99bbe7a-5418d4c3ceae,figure3c,holdout_figure1b,1000,211,2,6,figure3-wide-r4-c-z05-a04,,,0.8772052760707243,8.0,8,209,100,79,0.79,0.7002003116591013,0.858343459380847,0.211,post_freeze_wide_round_4,transition,True,figure1bc|114514|holdout_figure1b|1000|211,67b28e569249f8d4f5c46de41f8e29ace088920455149a8b2781717a21b64091,14239fa69040bfc734456073213f51af6aab82a6275d8f13fe7366f0b6e24ed4,ef3f0c89d96ab326ed5c33340210b37033e47b033e9f124811cce7c80ef83b87,False,ok
figure3-wide-r4-20260716T140249Z-99bbe7a-5418d4c3ceae,figure3c,holdout_figure1b,1000,211,2,6,figure3-wide-r4-c-z05-a05,,,0.9510248413914085,8.0,8,210,100,75,0.75,0.656955364519384,0.8245478863771232,0.211,post_freeze_wide_round_4,transition,True,figure1bc|114514|holdout_figure1b|1000|211,67b28e569249f8d4f5c46de41f8e29ace088920455149a8b2781717a21b64091,9823fc3aa6ac87cb1402f3dc8cc649245f60fc1fd6e9a4a24515397c75e40289,ef3f0c89d96ab326ed5c33340210b37033e47b033e9f124811cce7c80ef83b87,False,ok
figure3-wide-r4-20260716T140249Z-99bbe7a-5418d4c3ceae,figure3c,holdout_figure1b,1000,211,2,6,figure3-wide-r4-c-z05-a06,,,0.9814074541817858,8.0,8,211,100,80,0.8,0.7111708344068411,0.8666330666689676,0.211,post_freeze_wide_round_4,transition,True,figure1bc|114514|holdout_figure1b|1000|211,67b28e569249f8d4f5c46de41f8e29ace088920455149a8b2781717a21b64091,abeda035fa2e417e583120836660c02b91c44a72d81d72f15ec30a6363c70482,ef3f0c89d96ab326ed5c33340210b37033e47b033e9f124811cce7c80ef83b87,False,ok
figure3-wide-r4-20260716T140249Z-99bbe7a-5418d4c3ceae,figure3c,holdout_figure1b,1000,211,2,6,figure3-wide-r4-c-z06-a00,,,0.11570232443340224,12.0,12,197,100,0,0.0,0.0,0.03699349820698568,0.211,post_freeze_wide_round_4,transition,True,figure1bc|114514|holdout_figure1b|1000|211,67b28e569249f8d4f5c46de41f8e29ace088920455149a8b2781717a21b64091,e7faeeec4fe8c85129665c0cfee97a15fa1c65939cdf7fb510b46d75b322abf1,ef3f0c89d96ab326ed5c33340210b37033e47b033e9f124811cce7c80ef83b87,False,ok
figure3-wide-r4-20260716T140249Z-99bbe7a-5418d4c3ceae,figure3c,holdout_figure1b,1000,211,2,6,figure3-wide-r4-c-z06-a01,,,0.262353279906528,12.0,12,200,100,4,0.04,0.01566330399154762,0.0983707143588792,0.211,post_freeze_wide_round_4,transition,True,figure1bc|114514|holdout_figure1b|1000|211,67b28e569249f8d4f5c46de41f8e29ace088920455149a8b2781717a21b64091,b0126d8fc0e51c71898ad2150c334a0adfcc106c027e3912179dc96185179754,ef3f0c89d96ab326ed5c33340210b37033e47b033e9f124811cce7c80ef83b87,False,ok
figure3-wide-r4-20260716T140249Z-99bbe7a-5418d4c3ceae,figure3c,holdout_figure1b,1000,211,2,6,figure3-wide-r4-c-z06-a02,,,0.49155754774001204,12.0,12,203,100,10,0.1,0.0552291370606751,0.17436566150491345,0.211,post_freeze_wide_round_4,transition,True,figure1bc|114514|holdout_figure1b|1000|211,67b28e569249f8d4f5c46de41f8e29ace088920455149a8b2781717a21b64091,1e343dcf4b8dbbbbecc76be6c71edc04bcc507cf25f83952e10178f68bbd905b,ef3f0c89d96ab326ed5c33340210b37033e47b033e9f124811cce7c80ef83b87,False,ok
figure3-wide-r4-20260716T140249Z-99bbe7a-5418d4c3ceae,figure3c,holdout_figure1b,1000,211,2,6,figure3-wide-r4-c-z06-a03,,,0.7243668166820519,12.0,12,207,100,30,0.3,0.2189488529493276,0.3958485463334666,0.211,post_freeze_wide_round_4,transition,True,figure1bc|114514|holdout_figure1b|1000|211,67b28e569249f8d4f5c46de41f8e29ace088920455149a8b2781717a21b64091,0cd1b27ed99a057d4978d332d8c52e13abb1123f6bf3772e0ad390538817a9f8,ef3f0c89d96ab326ed5c33340210b37033e47b033e9f124811cce7c80ef83b87,False,ok
figure3-wide-r4-20260716T140249Z-99bbe7a-5418d4c3ceae,figure3c,holdout_figure1b,1000,211,2,6,figure3-wide-r4-c-z06-a04,,,0.8772052760707243,12.0,12,210,100,34,0.34,0.25461520797348164,0.43722271145275377,0.211,post_freeze_wide_round_4,transition,True,figure1bc|114514|holdout_figure1b|1000|211,67b28e569249f8d4f5c46de41f8e29ace088920455149a8b2781717a21b64091,e4ab6c3802279bcd6643099097915584bfb9bd4416ea9694bf6563ebac8eeccf,ef3f0c89d96ab326ed5c33340210b37033e47b033e9f124811cce7c80ef83b87,False,ok
figure3-wide-r4-20260716T140249Z-99bbe7a-5418d4c3ceae,figure3c,holdout_figure1b,1000,211,2,6,figure3-wide-r4-c-z06-a05,,,0.9510248413914085,12.0,12,211,100,27,0.27,0.1926958414957634,0.36432116767944994,0.211,post_freeze_wide_round_4,transition,True,figure1bc|114514|holdout_figure1b|1000|211,67b28e569249f8d4f5c46de41f8e29ace088920455149a8b2781717a21b64091,6ee1518a762a80a0ef903de73c8cfbb82c539a34a88de589aad7f1a129f475af,ef3f0c89d96ab326ed5c33340210b37033e47b033e9f124811cce7c80ef83b87,False,ok
figure3-wide-r4-20260716T140249Z-99bbe7a-5418d4c3ceae,figure3c,holdout_figure1b,1000,211,2,6,figure3-wide-r4-c-z06-a06,,,0.9814074541817858,12.0,12,211,100,27,0.27,0.1926958414957634,0.36432116767944994,0.211,post_freeze_wide_round_4,transition,True,figure1bc|114514|holdout_figure1b|1000|211,67b28e569249f8d4f5c46de41f8e29ace088920455149a8b2781717a21b64091,919481d82b0f46213b6eed0d6a2e26e2b214abeb55f29cd69ebe58124b5b6698,ef3f0c89d96ab326ed5c33340210b37033e47b033e9f124811cce7c80ef83b87,False,ok
figure3-wide-r4-20260716T140249Z-99bbe7a-5418d4c3ceae,figure3c,holdout_figure1b,1000,211,2,6,frozen-prediction,0.875,0.9,0.7243668166820519,2.269295203055566,2,192,100,100,1.0,0.9630065017930143,1.0,0.211,post_freeze_wide_round_4,transition,True,figure1bc|114514|holdout_figure1b|1000|211,67b28e569249f8d4f5c46de41f8e29ace088920455149a8b2781717a21b64091,9197aea246255a22af03bf8a35ed8c8e294873c2be117cc0e8548eb731ed2f2e,ef3f0c89d96ab326ed5c33340210b37033e47b033e9f124811cce7c80ef83b87,True,ok
figure3-wide-r4-20260716T140249Z-99bbe7a-5418d4c3ceae,figure3d,holdout_figure1b,1000,224,2,6,figure3-wide-r4-d-z00-a00,,,0.11570232443340224,0.0,0,26,100,100,1.0,0.9630065017930143,1.0,0.224,post_freeze_wide_round_4,transition,True,figure1bc|114514|holdout_figure1b|1000|224,07fd5e60a054af08ea73d0e0337afae706d14a83d6411cba1ff370024ffbd84e,1d6b528eb89ea9ddb43820b4e34dfb939334cc92df0ab5cd828276774a30ebe0,ef3f0c89d96ab326ed5c33340210b37033e47b033e9f124811cce7c80ef83b87,False,ok
figure3-wide-r4-20260716T140249Z-99bbe7a-5418d4c3ceae,figure3d,holdout_figure1b,1000,224,2,6,figure3-wide-r4-d-z00-a01,,,0.262353279906528,0.0,0,59,100,100,1.0,0.9630065017930143,1.0,0.224,post_freeze_wide_round_4,transition,True,figure1bc|114514|holdout_figure1b|1000|224,07fd5e60a054af08ea73d0e0337afae706d14a83d6411cba1ff370024ffbd84e,9a5bc7f7e2c45bb219e6d65759037231c385306ba337b5e9b19473ae142d622a,ef3f0c89d96ab326ed5c33340210b37033e47b033e9f124811cce7c80ef83b87,False,ok
figure3-wide-r4-20260716T140249Z-99bbe7a-5418d4c3ceae,figure3d,holdout_figure1b,1000,224,2,6,figure3-wide-r4-d-z00-a02,,,0.49155754774001204,0.0,0,111,100,100,1.0,0.9630065017930143,1.0,0.224,post_freeze_wide_round_4,transition,True,figure1bc|114514|holdout_figure1b|1000|224,07fd5e60a054af08ea73d0e0337afae706d14a83d6411cba1ff370024ffbd84e,ae2f96fd12693d9423233ae090515eda3c15836fd1e533953b01ed4ed3c9df2a,ef3f0c89d96ab326ed5c33340210b37033e47b033e9f124811cce7c80ef83b87,False,ok
figure3-wide-r4-20260716T140249Z-99bbe7a-5418d4c3ceae,figure3d,holdout_figure1b,1000,224,2,6,figure3-wide-r4-d-z00-a03,,,0.7243668166820519,0.0,0,163,100,100,1.0,0.9630065017930143,1.0,0.224,post_freeze_wide_round_4,transition,True,figure1bc|114514|holdout_figure1b|1000|224,07fd5e60a054af08ea73d0e0337afae706d14a83d6411cba1ff370024ffbd84e,254a2a8687be7c0e50b3e452759da0835cf7298c31e4d2828090de4fdf31742a,ef3f0c89d96ab326ed5c33340210b37033e47b033e9f124811cce7c80ef83b87,False,ok
figure3-wide-r4-20260716T140249Z-99bbe7a-5418d4c3ceae,figure3d,holdout_figure1b,1000,224,2,6,figure3-wide-r4-d-z00-a04,,,0.8772052760707243,0.0,0,197,100,100,1.0,0.9630065017930143,1.0,0.224,post_freeze_wide_round_4,transition,True,figure1bc|114514|holdout_figure1b|1000|224,07fd5e60a054af08ea73d0e0337afae706d14a83d6411cba1ff370024ffbd84e,ed6bbe03e76b0718027c7555b844eefce2e79473371381472e6f48ee51854712,ef3f0c89d96ab326ed5c33340210b37033e47b033e9f124811cce7c80ef83b87,False,ok
figure3-wide-r4-20260716T140249Z-99bbe7a-5418d4c3ceae,figure3d,holdout_figure1b,1000,224,2,6,figure3-wide-r4-d-z00-a05,,,0.9510248413914085,0.0,0,214,100,100,1.0,0.9630065017930143,1.0,0.224,post_freeze_wide_round_4,transition,True,figure1bc|114514|holdout_figure1b|1000|224,07fd5e60a054af08ea73d0e0337afae706d14a83d6411cba1ff370024ffbd84e,2d7ae1c7ac1aa772b816b20e029fdc33bf96bd974e3b02ed08316ea3ba7969df,ef3f0c89d96ab326ed5c33340210b37033e47b033e9f124811cce7c80ef83b87,False,ok
figure3-wide-r4-20260716T140249Z-99bbe7a-5418d4c3ceae,figure3d,holdout_figure1b,1000,224,2,6,figure3-wide-r4-d-z00-a06,,,0.9814074541817858,0.0,0,220,100,100,1.0,0.9630065017930143,1.0,0.224,post_freeze_wide_round_4,transition,True,figure1bc|114514|holdout_figure1b|1000|224,07fd5e60a054af08ea73d0e0337afae706d14a83d6411cba1ff370024ffbd84e,d24431820a618f9e0f2ff276ca9da02b9467820f3f599204400d84dda2c8f97e,ef3f0c89d96ab326ed5c33340210b37033e47b033e9f124811cce7c80ef83b87,False,ok
figure3-wide-r4-20260716T140249Z-99bbe7a-5418d4c3ceae,figure3d,holdout_figure1b,1000,224,2,6,figure3-wide-r4-d-z01-a00,,,0.11570232443340224,1.0,1,125,100,1,0.01,0.0017674320641406505,0.054486196178705315,0.224,post_freeze_wide_round_4,transition,True,figure1bc|114514|holdout_figure1b|1000|224,07fd5e60a054af08ea73d0e0337afae706d14a83d6411cba1ff370024ffbd84e,75fa1073c8e54f65a0cd9181796ee670e5b35dba40b5375f915fe87908cbe803,ef3f0c89d96ab326ed5c33340210b37033e47b033e9f124811cce7c80ef83b87,False,ok
figure3-wide-r4-20260716T140249Z-99bbe7a-5418d4c3ceae,figure3d,holdout_figure1b,1000,224,2,6,figure3-wide-r4-d-z01-a01,,,0.262353279906528,1.0,1,142,100,56,0.56,0.4622810465167699,0.6532797336983921,0.224,post_freeze_wide_round_4,transition,True,figure1bc|114514|holdout_figure1b|1000|224,07fd5e60a054af08ea73d0e0337afae706d14a83d6411cba1ff370024ffbd84e,78244e9066c2e2648d1b2395e5d862ad39a4d652f5a6fd4805f8c1c14b737cf6,ef3f0c89d96ab326ed5c33340210b37033e47b033e9f124811cce7c80ef83b87,False,ok
figure3-wide-r4-20260716T140249Z-99bbe7a-5418d4c3ceae,figure3d,holdout_figure1b,1000,224,2,6,figure3-wide-r4-d-z01-a02,,,0.49155754774001204,1.0,1,168,100,100,1.0,0.9630065017930143,1.0,0.224,post_freeze_wide_round_4,transition,True,figure1bc|114514|holdout_figure1b|1000|224,07fd5e60a054af08ea73d0e0337afae706d14a83d6411cba1ff370024ffbd84e,de9ecb554f5485d08ada3d3116d52e7bd1cee77d1df06c336745ce2154b5d3f6,ef3f0c89d96ab326ed5c33340210b37033e47b033e9f124811cce7c80ef83b87,False,ok
figure3-wide-r4-20260716T140249Z-99bbe7a-5418d4c3ceae,figure3d,holdout_figure1b,1000,224,2,6,figure3-wide-r4-d-z01-a03,,,0.7243668166820519,1.0,1,194,100,100,1.0,0.9630065017930143,1.0,0.224,post_freeze_wide_round_4,transition,True,figure1bc|114514|holdout_figure1b|1000|224,07fd5e60a054af08ea73d0e0337afae706d14a83d6411cba1ff370024ffbd84e,2a3db9ad66d44f79717b509ffc73dc6466d3a269ae8ddb36f2aeb1eb77624637,ef3f0c89d96ab326ed5c33340210b37033e47b033e9f124811cce7c80ef83b87,False,ok
figure3-wide-r4-20260716T140249Z-99bbe7a-5418d4c3ceae,figure3d,holdout_figure1b,1000,224,2,6,figure3-wide-r4-d-z01-a04,,,0.8772052760707243,1.0,1,211,100,100,1.0,0.9630065017930143,1.0,0.224,post_freeze_wide_round_4,transition,True,figure1bc|114514|holdout_figure1b|1000|224,07fd5e60a054af08ea73d0e0337afae706d14a83d6411cba1ff370024ffbd84e,ab2addc7e8a162e4268c12a182d91a5a2ff3edff3a46238087acfa1994f05dca,ef3f0c89d96ab326ed5c33340210b37033e47b033e9f124811cce7c80ef83b87,False,ok
figure3-wide-r4-20260716T140249Z-99bbe7a-5418d4c3ceae,figure3d,holdout_figure1b,1000,224,2,6,figure3-wide-r4-d-z01-a05,,,0.9510248413914085,1.0,1,219,100,100,1.0,0.9630065017930143,1.0,0.224,post_freeze_wide_round_4,transition,True,figure1bc|114514|holdout_figure1b|1000|224,07fd5e60a054af08ea73d0e0337afae706d14a83d6411cba1ff370024ffbd84e,8ace7c81dcaf50ee9f28d6726953b3800f8d4055f8ee40b382277adfaa9ebbe6,ef3f0c89d96ab326ed5c33340210b37033e47b033e9f124811cce7c80ef83b87,False,ok
figure3-wide-r4-20260716T140249Z-99bbe7a-5418d4c3ceae,figure3d,holdout_figure1b,1000,224,2,6,figure3-wide-r4-d-z01-a06,,,0.9814074541817858,1.0,1,222,100,100,1.0,0.9630065017930143,1.0,0.224,post_freeze_wide_round_4,transition,True,figure1bc|114514|holdout_figure1b|1000|224,07fd5e60a054af08ea73d0e0337afae706d14a83d6411cba1ff370024ffbd84e,b0c5d5cdcbea58e3f53e56873183fc58562b59554c1ab43629f06919ea29f2b7,ef3f0c89d96ab326ed5c33340210b37033e47b033e9f124811cce7c80ef83b87,False,ok
figure3-wide-r4-20260716T140249Z-99bbe7a-5418d4c3ceae,figure3d,holdout_figure1b,1000,224,2,6,figure3-wide-r4-d-z02-a00,,,0.11570232443340224,2.0,2,159,100,5,0.05,0.02154367915436796,0.11175046923191913,0.224,post_freeze_wide_round_4,transition,True,figure1bc|114514|holdout_figure1b|1000|224,07fd5e60a054af08ea73d0e0337afae706d14a83d6411cba1ff370024ffbd84e,e8b89fb6a2c4b069ac02977e2f8dbfc7c12fbb94b3adc53bb8fb611a18e6e5e8,ef3f0c89d96ab326ed5c33340210b37033e47b033e9f124811cce7c80ef83b87,False,ok
figure3-wide-r4-20260716T140249Z-99bbe7a-5418d4c3ceae,figure3d,holdout_figure1b,1000,224,2,6,figure3-wide-r4-d-z02-a01,,,0.262353279906528,2.0,2,170,100,52,0.52,0.4231657776522397,0.615354482419481,0.224,post_freeze_wide_round_4,transition,True,figure1bc|114514|holdout_figure1b|1000|224,07fd5e60a054af08ea73d0e0337afae706d14a83d6411cba1ff370024ffbd84e,1233c9aba342ff00018622edb0ff1be3e4ef76e76b688fd5f7b32165cce6ea4f,ef3f0c89d96ab326ed5c33340210b37033e47b033e9f124811cce7c80ef83b87,False,ok
figure3-wide-r4-20260716T140249Z-99bbe7a-5418d4c3ceae,figure3d,holdout_figure1b,1000,224,2,6,figure3-wide-r4-d-z02-a02,,,0.49155754774001204,2.0,2,187,100,99,0.99,0.9455138038212946,0.9982325679358593,0.224,post_freeze_wide_round_4,transition,True,figure1bc|114514|holdout_figure1b|1000|224,07fd5e60a054af08ea73d0e0337afae706d14a83d6411cba1ff370024ffbd84e,f79ef48fd0efeb25bc4708d13baa0c501888c46c830e92a0b063e048db29824c,ef3f0c89d96ab326ed5c33340210b37033e47b033e9f124811cce7c80ef83b87,False,ok
figure3-wide-r4-20260716T140249Z-99bbe7a-5418d4c3ceae,figure3d,holdout_figure1b,1000,224,2,6,figure3-wide-r4-d-z02-a04,,,0.8772052760707243,2.0,2,215,100,100,1.0,0.9630065017930143,1.0,0.224,post_freeze_wide_round_4,transition,True,figure1bc|114514|holdout_figure1b|1000|224,07fd5e60a054af08ea73d0e0337afae706d14a83d6411cba1ff370024ffbd84e,4327ea0303cab0fa1a30dfce6d891712687317b4f7a3fc579e4262ed6e844a40,ef3f0c89d96ab326ed5c33340210b37033e47b033e9f124811cce7c80ef83b87,False,ok
figure3-wide-r4-20260716T140249Z-99bbe7a-5418d4c3ceae,figure3d,holdout_figure1b,1000,224,2,6,figure3-wide-r4-d-z02-a05,,,0.9510248413914085,2.0,2,221,100,100,1.0,0.9630065017930143,1.0,0.224,post_freeze_wide_round_4,transition,True,figure1bc|114514|holdout_figure1b|1000|224,07fd5e60a054af08ea73d0e0337afae706d14a83d6411cba1ff370024ffbd84e,8d0fa05c8097321b5945459ce38e19f5b6071e22cf6c831727e3d943fe965c54,ef3f0c89d96ab326ed5c33340210b37033e47b033e9f124811cce7c80ef83b87,False,ok
figure3-wide-r4-20260716T140249Z-99bbe7a-5418d4c3ceae,figure3d,holdout_figure1b,1000,224,2,6,figure3-wide-r4-d-z02-a06,,,0.9814074541817858,2.0,2,223,100,100,1.0,0.9630065017930143,1.0,0.224,post_freeze_wide_round_4,transition,True,figure1bc|114514|holdout_figure1b|1000|224,07fd5e60a054af08ea73d0e0337afae706d14a83d6411cba1ff370024ffbd84e,e918d237f47594b91bd755342e1885baecded954efb224c7363d92ba3ed4126d,ef3f0c89d96ab326ed5c33340210b37033e47b033e9f124811cce7c80ef83b87,False,ok
figure3-wide-r4-20260716T140249Z-99bbe7a-5418d4c3ceae,figure3d,holdout_figure1b,1000,224,2,6,figure3-wide-r4-d-z03-a00,,,0.11570232443340224,3.0,3,175,100,33,0.33,0.24563122734128034,0.4269465620490947,0.224,post_freeze_wide_round_4,transition,True,figure1bc|114514|holdout_figure1b|1000|224,07fd5e60a054af08ea73d0e0337afae706d14a83d6411cba1ff370024ffbd84e,7a403b915c35a05f7c435f7b565fa3315a54f2771df73b072a2d1940ea264158,ef3f0c89d96ab326ed5c33340210b37033e47b033e9f124811cce7c80ef83b87,False,ok
figure3-wide-r4-20260716T140249Z-99bbe7a-5418d4c3ceae,figure3d,holdout_figure1b,1000,224,2,6,figure3-wide-r4-d-z03-a01,,,0.262353279906528,3.0,3,183,100,69,0.69,0.5937394428051057,0.7722030278762395,0.224,post_freeze_wide_round_4,transition,True,figure1bc|114514|holdout_figure1b|1000|224,07fd5e60a054af08ea73d0e0337afae706d14a83d6411cba1ff370024ffbd84e,6aa9ac6ebd5216517a226228e7940def57e7248a12e431590f116c4c83d87aa9,ef3f0c89d96ab326ed5c33340210b37033e47b033e9f124811cce7c80ef83b87,False,ok
figure3-wide-r4-20260716T140249Z-99bbe7a-5418d4c3ceae,figure3d,holdout_figure1b,1000,224,2,6,figure3-wide-r4-d-z03-a02,,,0.49155754774001204,3.0,3,196,100,98,0.98,0.929988209271456,0.9944980324498376,0.224,post_freeze_wide_round_4,transition,True,figure1bc|114514|holdout_figure1b|1000|224,07fd5e60a054af08ea73d0e0337afae706d14a83d6411cba1ff370024ffbd84e,51c14deef6575f871622e17da4d87be1756c8a160700f2a94f3d9d2279d6e781,ef3f0c89d96ab326ed5c33340210b37033e47b033e9f124811cce7c80ef83b87,False,ok
figure3-wide-r4-20260716T140249Z-99bbe7a-5418d4c3ceae,figure3d,holdout_figure1b,1000,224,2,6,figure3-wide-r4-d-z03-a03,,,0.7243668166820519,3.0,3,209,100,100,1.0,0.9630065017930143,1.0,0.224,post_freeze_wide_round_4,transition,True,figure1bc|114514|holdout_figure1b|1000|224,07fd5e60a054af08ea73d0e0337afae706d14a83d6411cba1ff370024ffbd84e,09df13528d4ebd63018d8f386c422893a0da53c054c2e1ebf231bd6e9de6075f,ef3f0c89d96ab326ed5c33340210b37033e47b033e9f124811cce7c80ef83b87,False,ok
figure3-wide-r4-20260716T140249Z-99bbe7a-5418d4c3ceae,figure3d,holdout_figure1b,1000,224,2,6,figure3-wide-r4-d-z03-a04,,,0.8772052760707243,3.0,3,218,100,100,1.0,0.9630065017930143,1.0,0.224,post_freeze_wide_round_4,transition,True,figure1bc|114514|holdout_figure1b|1000|224,07fd5e60a054af08ea73d0e0337afae706d14a83d6411cba1ff370024ffbd84e,d4536a65a145e601e8b8fe640b153c13a0c9d4f2a4defe266163d85fbb69a4fa,ef3f0c89d96ab326ed5c33340210b37033e47b033e9f124811cce7c80ef83b87,False,ok
figure3-wide-r4-20260716T140249Z-99bbe7a-5418d4c3ceae,figure3d,holdout_figure1b,1000,224,2,6,figure3-wide-r4-d-z03-a05,,,0.9510248413914085,3.0,3,222,100,100,1.0,0.9630065017930143,1.0,0.224,post_freeze_wide_round_4,transition,True,figure1bc|114514|holdout_figure1b|1000|224,07fd5e60a054af08ea73d0e0337afae706d14a83d6411cba1ff370024ffbd84e,118e8ffc75e7e091e073f59456cb12529884eb6022c1f8ee50a9e5f5ff7a9758,ef3f0c89d96ab326ed5c33340210b37033e47b033e9f124811cce7c80ef83b87,False,ok
figure3-wide-r4-20260716T140249Z-99bbe7a-5418d4c3ceae,figure3d,holdout_figure1b,1000,224,2,6,figure3-wide-r4-d-z03-a06,,,0.9814074541817858,3.0,3,223,100,100,1.0,0.9630065017930143,1.0,0.224,post_freeze_wide_round_4,transition,True,figure1bc|114514|holdout_figure1b|1000|224,07fd5e60a054af08ea73d0e0337afae706d14a83d6411cba1ff370024ffbd84e,87d2c3ac11edb26b43f255570113c69ba758a6968c5e611dba44cf61071b30f9,ef3f0c89d96ab326ed5c33340210b37033e47b033e9f124811cce7c80ef83b87,False,ok
figure3-wide-r4-20260716T140249Z-99bbe7a-5418d4c3ceae,figure3d,holdout_figure1b,1000,224,2,6,figure3-wide-r4-d-z04-a00,,,0.11570232443340224,5.0,5,192,100,62,0.62,0.5220975529551107,0.7090240074752127,0.224,post_freeze_wide_round_4,transition,True,figure1bc|114514|holdout_figure1b|1000|224,07fd5e60a054af08ea73d0e0337afae706d14a83d6411cba1ff370024ffbd84e,70cc727a97a7418ee6a7f2920a6d223d7e7da8ae293a87cb7020dcabc9cb1890,ef3f0c89d96ab326ed5c33340210b37033e47b033e9f124811cce7c80ef83b87,False,ok
figure3-wide-r4-20260716T140249Z-99bbe7a-5418d4c3ceae,figure3d,holdout_figure1b,1000,224,2,6,figure3-wide-r4-d-z04-a01,,,0.262353279906528,5.0,5,197,100,83,0.83,0.7445199523239887,0.8910643388594006,0.224,post_freeze_wide_round_4,transition,True,figure1bc|114514|holdout_figure1b|1000|224,07fd5e60a054af08ea73d0e0337afae706d14a83d6411cba1ff370024ffbd84e,8c56788ed07c0031dac5fb84cafcdf1385075037e6a60d732b67154dff2e6f10,ef3f0c89d96ab326ed5c33340210b37033e47b033e9f124811cce7c80ef83b87,False,ok
figure3-wide-r4-20260716T140249Z-99bbe7a-5418d4c3ceae,figure3d,holdout_figure1b,1000,224,2,6,figure3-wide-r4-d-z04-a02,,,0.49155754774001204,5.0,5,206,100,100,1.0,0.9630065017930143,1.0,0.224,post_freeze_wide_round_4,transition,True,figure1bc|114514|holdout_figure1b|1000|224,07fd5e60a054af08ea73d0e0337afae706d14a83d6411cba1ff370024ffbd84e,a7751a65413d14a6ae5c52db36f2858ed8474823daaa90da0e0cd3a0d9eea84f,ef3f0c89d96ab326ed5c33340210b37033e47b033e9f124811cce7c80ef83b87,False,ok
figure3-wide-r4-20260716T140249Z-99bbe7a-5418d4c3ceae,figure3d,holdout_figure1b,1000,224,2,6,figure3-wide-r4-d-z04-a03,,,0.7243668166820519,5.0,5,214,100,100,1.0,0.9630065017930143,1.0,0.224,post_freeze_wide_round_4,transition,True,figure1bc|114514|holdout_figure1b|1000|224,07fd5e60a054af08ea73d0e0337afae706d14a83d6411cba1ff370024ffbd84e,4ff99532ea9a3d96021151d8783b68eb6ab51b079fbb16b44876f1ce48af5980,ef3f0c89d96ab326ed5c33340210b37033e47b033e9f124811cce7c80ef83b87,False,ok
figure3-wide-r4-20260716T140249Z-99bbe7a-5418d4c3ceae,figure3d,holdout_figure1b,1000,224,2,6,figure3-wide-r4-d-z04-a04,,,0.8772052760707243,5.0,5,220,100,99,0.99,0.9455138038212946,0.9982325679358593,0.224,post_freeze_wide_round_4,transition,True,figure1bc|114514|holdout_figure1b|1000|224,07fd5e60a054af08ea73d0e0337afae706d14a83d6411cba1ff370024ffbd84e,bb61036ca36d2509cea22b62cfe58605c5d5480f09344b447c1b0a28d9309e0b,ef3f0c89d96ab326ed5c33340210b37033e47b033e9f124811cce7c80ef83b87,False,ok
figure3-wide-r4-20260716T140249Z-99bbe7a-5418d4c3ceae,figure3d,holdout_figure1b,1000,224,2,6,figure3-wide-r4-d-z04-a05,,,0.9510248413914085,5.0,5,223,100,100,1.0,0.9630065017930143,1.0,0.224,post_freeze_wide_round_4,transition,True,figure1bc|114514|holdout_figure1b|1000|224,07fd5e60a054af08ea73d0e0337afae706d14a83d6411cba1ff370024ffbd84e,d424b5ca83dbbabcf708811632f2c6a5357362b034b4f254734fc0d3c0b635df,ef3f0c89d96ab326ed5c33340210b37033e47b033e9f124811cce7c80ef83b87,False,ok
figure3-wide-r4-20260716T140249Z-99bbe7a-5418d4c3ceae,figure3d,holdout_figure1b,1000,224,2,6,figure3-wide-r4-d-z04-a06,,,0.9814074541817858,5.0,5,224,100,100,1.0,0.9630065017930143,1.0,0.224,post_freeze_wide_round_4,transition,True,figure1bc|114514|holdout_figure1b|1000|224,07fd5e60a054af08ea73d0e0337afae706d14a83d6411cba1ff370024ffbd84e,436765a62a58013a47404cda985dc2827f35342275255bc57aa1f393f3e71ad4,ef3f0c89d96ab326ed5c33340210b37033e47b033e9f124811cce7c80ef83b87,False,ok
figure3-wide-r4-20260716T140249Z-99bbe7a-5418d4c3ceae,figure3d,holdout_figure1b,1000,224,2,6,figure3-wide-r4-d-z05-a00,,,0.11570232443340224,8.0,8,203,100,61,0.61,0.5120301704584073,0.6998312599360558,0.224,post_freeze_wide_round_4,transition,True,figure1bc|114514|holdout_figure1b|1000|224,07fd5e60a054af08ea73d0e0337afae706d14a83d6411cba1ff370024ffbd84e,366ef93beea13e29d4a299ed3e1b5aa036410473e73ff799eb42f4d1c5f3ae3a,ef3f0c89d96ab326ed5c33340210b37033e47b033e9f124811cce7c80ef83b87,False,ok
figure3-wide-r4-20260716T140249Z-99bbe7a-5418d4c3ceae,figure3d,holdout_figure1b,1000,224,2,6,figure3-wide-r4-d-z05-a01,,,0.262353279906528,8.0,8,207,100,77,0.77,0.6784561697712622,0.8415673411969654,0.224,post_freeze_wide_round_4,transition,True,figure1bc|114514|holdout_figure1b|1000|224,07fd5e60a054af08ea73d0e0337afae706d14a83d6411cba1ff370024ffbd84e,b1615fe0bbdefae7e08c8040603fa033a9894d0523e08cbe711ac9ec38307f31,ef3f0c89d96ab326ed5c33340210b37033e47b033e9f124811cce7c80ef83b87,False,ok
figure3-wide-r4-20260716T140249Z-99bbe7a-5418d4c3ceae,figure3d,holdout_figure1b,1000,224,2,6,figure3-wide-r4-d-z05-a02,,,0.49155754774001204,8.0,8,212,100,82,0.82,0.7333264161369926,0.8829977450105364,0.224,post_freeze_wide_round_4,transition,True,figure1bc|114514|holdout_figure1b|1000|224,07fd5e60a054af08ea73d0e0337afae706d14a83d6411cba1ff370024ffbd84e,2551861367fdc04d12447b9adc5d18b0901c42caeb3d28c6609440a2de803006,ef3f0c89d96ab326ed5c33340210b37033e47b033e9f124811cce7c80ef83b87,False,ok
figure3-wide-r4-20260716T140249Z-99bbe7a-5418d4c3ceae,figure3d,holdout_figure1b,1000,224,2,6,figure3-wide-r4-d-z05-a03,,,0.7243668166820519,8.0,8,218,100,97,0.97,0.9154806357094724,0.9897454759759611,0.224,post_freeze_wide_round_4,transition,True,figure1bc|114514|holdout_figure1b|1000|224,07fd5e60a054af08ea73d0e0337afae706d14a83d6411cba1ff370024ffbd84e,95d164f27074447a29f5de16e630554f509502d069bbae129e1f06168b532a90,ef3f0c89d96ab326ed5c33340210b37033e47b033e9f124811cce7c80ef83b87,False,ok
figure3-wide-r4-20260716T140249Z-99bbe7a-5418d4c3ceae,figure3d,holdout_figure1b,1000,224,2,6,figure3-wide-r4-d-z05-a04,,,0.8772052760707243,8.0,8,222,100,94,0.94,0.8752318455410406,0.9722138760368118,0.224,post_freeze_wide_round_4,transition,True,figure1bc|114514|holdout_figure1b|1000|224,07fd5e60a054af08ea73d0e0337afae706d14a83d6411cba1ff370024ffbd84e,8e820f8280088ec0b7fae45169cbc49f7cefff52628a1d07c02603c8dba8a851,ef3f0c89d96ab326ed5c33340210b37033e47b033e9f124811cce7c80ef83b87,False,ok
figure3-wide-r4-20260716T140249Z-99bbe7a-5418d4c3ceae,figure3d,holdout_figure1b,1000,224,2,6,figure3-wide-r4-d-z05-a05,,,0.9510248413914085,8.0,8,223,100,96,0.96,0.9016292856411208,0.9843366960084523,0.224,post_freeze_wide_round_4,transition,True,figure1bc|114514|holdout_figure1b|1000|224,07fd5e60a054af08ea73d0e0337afae706d14a83d6411cba1ff370024ffbd84e,5ee8a0e1326f3d76bd5e218f0aa19599c5b62c35dda858c20f29a1d77b8e2099,ef3f0c89d96ab326ed5c33340210b37033e47b033e9f124811cce7c80ef83b87,False,ok
figure3-wide-r4-20260716T140249Z-99bbe7a-5418d4c3ceae,figure3d,holdout_figure1b,1000,224,2,6,figure3-wide-r4-d-z05-a06,,,0.9814074541817858,8.0,8,224,100,94,0.94,0.8752318455410406,0.9722138760368118,0.224,post_freeze_wide_round_4,transition,True,figure1bc|114514|holdout_figure1b|1000|224,07fd5e60a054af08ea73d0e0337afae706d14a83d6411cba1ff370024ffbd84e,4c56a70b10b0b5873fc1a1099b1190a4b929287f0d6b6513ed5694a78faf52b3,ef3f0c89d96ab326ed5c33340210b37033e47b033e9f124811cce7c80ef83b87,False,ok
figure3-wide-r4-20260716T140249Z-99bbe7a-5418d4c3ceae,figure3d,holdout_figure1b,1000,224,2,6,figure3-wide-r4-d-z06-a00,,,0.11570232443340224,12.0,12,209,100,44,0.44,0.34672026630160796,0.5377189534832302,0.224,post_freeze_wide_round_4,transition,True,figure1bc|114514|holdout_figure1b|1000|224,07fd5e60a054af08ea73d0e0337afae706d14a83d6411cba1ff370024ffbd84e,5c22b53e22513eb3031c9154ae5ea3abf5c54827e851068e26a9e91a13f7d8f8,ef3f0c89d96ab326ed5c33340210b37033e47b033e9f124811cce7c80ef83b87,False,ok
figure3-wide-r4-20260716T140249Z-99bbe7a-5418d4c3ceae,figure3d,holdout_figure1b,1000,224,2,6,figure3-wide-r4-d-z06-a01,,,0.262353279906528,12.0,12,212,100,49,0.49,0.3942199893044113,0.5865198806597283,0.224,post_freeze_wide_round_4,transition,True,figure1bc|114514|holdout_figure1b|1000|224,07fd5e60a054af08ea73d0e0337afae706d14a83d6411cba1ff370024ffbd84e,47f10b9780a569d3ede4ebcf18bcdda1e3af3de6caeb4ab8aed59ea370be6f1b,ef3f0c89d96ab326ed5c33340210b37033e47b033e9f124811cce7c80ef83b87,False,ok
figure3-wide-r4-20260716T140249Z-99bbe7a-5418d4c3ceae,figure3d,holdout_figure1b,1000,224,2,6,figure3-wide-r4-d-z06-a02,,,0.49155754774001204,12.0,12,216,100,71,0.71,0.6146110882442888,0.7898516425087772,0.224,post_freeze_wide_round_4,transition,True,figure1bc|114514|holdout_figure1b|1000|224,07fd5e60a054af08ea73d0e0337afae706d14a83d6411cba1ff370024ffbd84e,a20b9dee74ceae871186b72712fdeb266bd975b60a8f4deb0e84ddf35cc35b72,ef3f0c89d96ab326ed5c33340210b37033e47b033e9f124811cce7c80ef83b87,False,ok
figure3-wide-r4-20260716T140249Z-99bbe7a-5418d4c3ceae,figure3d,holdout_figure1b,1000,224,2,6,figure3-wide-r4-d-z06-a03,,,0.7243668166820519,12.0,12,220,100,78,0.78,0.6892964648501421,0.8499871761539459,0.224,post_freeze_wide_round_4,transition,True,figure1bc|114514|holdout_figure1b|1000|224,07fd5e60a054af08ea73d0e0337afae706d14a83d6411cba1ff370024ffbd84e,2aa68d656e6ed5a11037ef3532e05378ad8246c777dac87a3aa038f937ffe80e,ef3f0c89d96ab326ed5c33340210b37033e47b033e9f124811cce7c80ef83b87,False,ok
figure3-wide-r4-20260716T140249Z-99bbe7a-5418d4c3ceae,figure3d,holdout_figure1b,1000,224,2,6,figure3-wide-r4-d-z06-a04,,,0.8772052760707243,12.0,12,222,100,78,0.78,0.6892964648501421,0.8499871761539459,0.224,post_freeze_wide_round_4,transition,True,figure1bc|114514|holdout_figure1b|1000|224,07fd5e60a054af08ea73d0e0337afae706d14a83d6411cba1ff370024ffbd84e,3215da6690c2e2d62ec5b9f3af0bac54f438feb3a92fc35afd5ed140e4d7df32,ef3f0c89d96ab326ed5c33340210b37033e47b033e9f124811cce7c80ef83b87,False,ok
figure3-wide-r4-20260716T140249Z-99bbe7a-5418d4c3ceae,figure3d,holdout_figure1b,1000,224,2,6,figure3-wide-r4-d-z06-a05,,,0.9510248413914085,12.0,12,224,100,80,0.8,0.7111708344068411,0.8666330666689676,0.224,post_freeze_wide_round_4,transition,True,figure1bc|114514|holdout_figure1b|1000|224,07fd5e60a054af08ea73d0e0337afae706d14a83d6411cba1ff370024ffbd84e,c7bd6522263e93273c5159b9b5d409874c1ab1a9922944dd2fadb82ca9b2c2b4,ef3f0c89d96ab326ed5c33340210b37033e47b033e9f124811cce7c80ef83b87,False,ok
figure3-wide-r4-20260716T140249Z-99bbe7a-5418d4c3ceae,figure3d,holdout_figure1b,1000,224,2,6,figure3-wide-r4-d-z06-a06,,,0.9814074541817858,12.0,12,224,100,80,0.8,0.7111708344068411,0.8666330666689676,0.224,post_freeze_wide_round_4,transition,True,figure1bc|114514|holdout_figure1b|1000|224,07fd5e60a054af08ea73d0e0337afae706d14a83d6411cba1ff370024ffbd84e,0791c42bd1b98dfb38f7975ff3202a7be0651181e01aa9e0534b0499091f0a30,ef3f0c89d96ab326ed5c33340210b37033e47b033e9f124811cce7c80ef83b87,False,ok
figure3-wide-r4-20260716T140249Z-99bbe7a-5418d4c3ceae,figure3d,holdout_figure1b,1000,224,2,6,frozen-prediction,0.875,0.9,0.7243668166820519,2.314974346784722,2,204,100,100,1.0,0.9630065017930143,1.0,0.224,post_freeze_wide_round_4,transition,True,figure1bc|114514|holdout_figure1b|1000|224,07fd5e60a054af08ea73d0e0337afae706d14a83d6411cba1ff370024ffbd84e,21640949d90ea2b790f18ef366cf7a06ede74d0b9f8ceb0028ac54d5f48566bc,ef3f0c89d96ab326ed5c33340210b37033e47b033e9f124811cce7c80ef83b87,True,ok
figure3-wide-r4-20260716T140249Z-99bbe7a-5418d4c3ceae,figure3e,holdout_figure1c,3000,596,2,6,figure3-wide-r4-e-z00-a00,,,0.11570232443340224,0.0,0,69,100,0,0.0,0.0,0.03699349820698568,0.19866666666666666,post_freeze_wide_round_4,transition,True,figure1bc|114514|holdout_figure1c|3000|596,bf8db7d70d1b615396a1c599b0cd3d6df167f6c222d8f383df81107734ea9fe6,7b88875bb61c304081ccd5d697e7141290c962ab6cda83c7fda4ab05de704dac,ef3f0c89d96ab326ed5c33340210b37033e47b033e9f124811cce7c80ef83b87,False,ok
figure3-wide-r4-20260716T140249Z-99bbe7a-5418d4c3ceae,figure3e,holdout_figure1c,3000,596,2,6,figure3-wide-r4-e-z00-a01,,,0.262353279906528,0.0,0,157,100,0,0.0,0.0,0.03699349820698568,0.19866666666666666,post_freeze_wide_round_4,transition,True,figure1bc|114514|holdout_figure1c|3000|596,bf8db7d70d1b615396a1c599b0cd3d6df167f6c222d8f383df81107734ea9fe6,6f59e92506fd31162ab9d84ed47df006189b4476b00c924fdf2b2a9e8f11a7ff,ef3f0c89d96ab326ed5c33340210b37033e47b033e9f124811cce7c80ef83b87,False,ok
figure3-wide-r4-20260716T140249Z-99bbe7a-5418d4c3ceae,figure3e,holdout_figure1c,3000,596,2,6,figure3-wide-r4-e-z00-a02,,,0.49155754774001204,0.0,0,293,100,0,0.0,0.0,0.03699349820698568,0.19866666666666666,post_freeze_wide_round_4,transition,True,figure1bc|114514|holdout_figure1c|3000|596,bf8db7d70d1b615396a1c599b0cd3d6df167f6c222d8f383df81107734ea9fe6,66653dc59d78fd39c5dfc2e5cd2b6c90db684cb9adf34c7e2f1e146c5f42ab29,ef3f0c89d96ab326ed5c33340210b37033e47b033e9f124811cce7c80ef83b87,False,ok
figure3-wide-r4-20260716T140249Z-99bbe7a-5418d4c3ceae,figure3e,holdout_figure1c,3000,596,2,6,figure3-wide-r4-e-z00-a03,,,0.7243668166820519,0.0,0,432,100,1,0.01,0.0017674320641406505,0.054486196178705315,0.19866666666666666,post_freeze_wide_round_4,transition,True,figure1bc|114514|holdout_figure1c|3000|596,bf8db7d70d1b615396a1c599b0cd3d6df167f6c222d8f383df81107734ea9fe6,7160ba3a1d2a63ae60304eb8d465df3dff18165f6b74e11eda797f94e1387401,ef3f0c89d96ab326ed5c33340210b37033e47b033e9f124811cce7c80ef83b87,False,ok
figure3-wide-r4-20260716T140249Z-99bbe7a-5418d4c3ceae,figure3e,holdout_figure1c,3000,596,2,6,figure3-wide-r4-e-z00-a04,,,0.8772052760707243,0.0,0,523,100,0,0.0,0.0,0.03699349820698568,0.19866666666666666,post_freeze_wide_round_4,transition,True,figure1bc|114514|holdout_figure1c|3000|596,bf8db7d70d1b615396a1c599b0cd3d6df167f6c222d8f383df81107734ea9fe6,bc4d57f195195311ac2703b049e7eb546b63d6d5534c0f18ecdc6d052da67c5c,ef3f0c89d96ab326ed5c33340210b37033e47b033e9f124811cce7c80ef83b87,False,ok
figure3-wide-r4-20260716T140249Z-99bbe7a-5418d4c3ceae,figure3e,holdout_figure1c,3000,596,2,6,figure3-wide-r4-e-z00-a05,,,0.9510248413914085,0.0,0,567,100,1,0.01,0.0017674320641406505,0.054486196178705315,0.19866666666666666,post_freeze_wide_round_4,transition,True,figure1bc|114514|holdout_figure1c|3000|596,bf8db7d70d1b615396a1c599b0cd3d6df167f6c222d8f383df81107734ea9fe6,abc61eed71b1f6bfd28972b9bb97620a4845df03ad788c27daef75137822f455,ef3f0c89d96ab326ed5c33340210b37033e47b033e9f124811cce7c80ef83b87,False,ok
figure3-wide-r4-20260716T140249Z-99bbe7a-5418d4c3ceae,figure3e,holdout_figure1c,3000,596,2,6,figure3-wide-r4-e-z00-a06,,,0.9814074541817858,0.0,0,585,100,0,0.0,0.0,0.03699349820698568,0.19866666666666666,post_freeze_wide_round_4,transition,True,figure1bc|114514|holdout_figure1c|3000|596,bf8db7d70d1b615396a1c599b0cd3d6df167f6c222d8f383df81107734ea9fe6,114f4ea9f8112edefde2ced83cdf10fcad68c5b07ef1bd924c873a5bb5bfed77,ef3f0c89d96ab326ed5c33340210b37033e47b033e9f124811cce7c80ef83b87,False,ok
figure3-wide-r4-20260716T140249Z-99bbe7a-5418d4c3ceae,figure3e,holdout_figure1c,3000,596,2,6,figure3-wide-r4-e-z01-a00,,,0.11570232443340224,2.0,2,421,100,0,0.0,0.0,0.03699349820698568,0.19866666666666666,post_freeze_wide_round_4,transition,True,figure1bc|114514|holdout_figure1c|3000|596,bf8db7d70d1b615396a1c599b0cd3d6df167f6c222d8f383df81107734ea9fe6,d209802d5d72894b99828a3c288a58c64d36f9d67fc51b75f268f350e90b6aa5,ef3f0c89d96ab326ed5c33340210b37033e47b033e9f124811cce7c80ef83b87,False,ok
figure3-wide-r4-20260716T140249Z-99bbe7a-5418d4c3ceae,figure3e,holdout_figure1c,3000,596,2,6,figure3-wide-r4-e-z01-a01,,,0.262353279906528,2.0,2,450,100,0,0.0,0.0,0.03699349820698568,0.19866666666666666,post_freeze_wide_round_4,transition,True,figure1bc|114514|holdout_figure1c|3000|596,bf8db7d70d1b615396a1c599b0cd3d6df167f6c222d8f383df81107734ea9fe6,fdb3b87d492796630aad3fdf3604f30bc05cf046dd088ac2c145d6eb26019a69,ef3f0c89d96ab326ed5c33340210b37033e47b033e9f124811cce7c80ef83b87,False,ok
figure3-wide-r4-20260716T140249Z-99bbe7a-5418d4c3ceae,figure3e,holdout_figure1c,3000,596,2,6,figure3-wide-r4-e-z01-a02,,,0.49155754774001204,2.0,2,496,100,4,0.04,0.01566330399154762,0.0983707143588792,0.19866666666666666,post_freeze_wide_round_4,transition,True,figure1bc|114514|holdout_figure1c|3000|596,bf8db7d70d1b615396a1c599b0cd3d6df167f6c222d8f383df81107734ea9fe6,b9f35fa934b62bf3fe1687294c419586dd03c88ccc46df1f8d124fcffb4e4a25,ef3f0c89d96ab326ed5c33340210b37033e47b033e9f124811cce7c80ef83b87,False,ok
figure3-wide-r4-20260716T140249Z-99bbe7a-5418d4c3ceae,figure3e,holdout_figure1c,3000,596,2,6,figure3-wide-r4-e-z01-a03,,,0.7243668166820519,2.0,2,542,100,91,0.91,0.837737871472837,0.9519274599974348,0.19866666666666666,post_freeze_wide_round_4,transition,True,figure1bc|114514|holdout_figure1c|3000|596,bf8db7d70d1b615396a1c599b0cd3d6df167f6c222d8f383df81107734ea9fe6,cc475fb3df8a453d51e22ebd5ad5d12fdd86d954e33703589acb047f96a233bd,ef3f0c89d96ab326ed5c33340210b37033e47b033e9f124811cce7c80ef83b87,False,ok
figure3-wide-r4-20260716T140249Z-99bbe7a-5418d4c3ceae,figure3e,holdout_figure1c,3000,596,2,6,figure3-wide-r4-e-z01-a04,,,0.8772052760707243,2.0,2,572,100,32,0.32,0.23669147324999093,0.41662618610452384,0.19866666666666666,post_freeze_wide_round_4,transition,True,figure1bc|114514|holdout_figure1c|3000|596,bf8db7d70d1b615396a1c599b0cd3d6df167f6c222d8f383df81107734ea9fe6,f2191ce5d7eb3780e8c09d7c462baf9036046687e7aacd44544774db68a2e7fa,ef3f0c89d96ab326ed5c33340210b37033e47b033e9f124811cce7c80ef83b87,False,ok
figure3-wide-r4-20260716T140249Z-99bbe7a-5418d4c3ceae,figure3e,holdout_figure1c,3000,596,2,6,figure3-wide-r4-e-z01-a05,,,0.9510248413914085,2.0,2,587,100,1,0.01,0.0017674320641406505,0.054486196178705315,0.19866666666666666,post_freeze_wide_round_4,transition,True,figure1bc|114514|holdout_figure1c|3000|596,bf8db7d70d1b615396a1c599b0cd3d6df167f6c222d8f383df81107734ea9fe6,791083459e5123abab70155207a4190fe2d0af3a1b2b4b8d0aadae973f8ac2a9,ef3f0c89d96ab326ed5c33340210b37033e47b033e9f124811cce7c80ef83b87,False,ok
figure3-wide-r4-20260716T140249Z-99bbe7a-5418d4c3ceae,figure3e,holdout_figure1c,3000,596,2,6,figure3-wide-r4-e-z01-a06,,,0.9814074541817858,2.0,2,593,100,5,0.05,0.02154367915436796,0.11175046923191913,0.19866666666666666,post_freeze_wide_round_4,transition,True,figure1bc|114514|holdout_figure1c|3000|596,bf8db7d70d1b615396a1c599b0cd3d6df167f6c222d8f383df81107734ea9fe6,bfa48abd0cf6b165587e59e4cb6f39d83dbdfe221292d46c943f65f9c6fe8842,ef3f0c89d96ab326ed5c33340210b37033e47b033e9f124811cce7c80ef83b87,False,ok
figure3-wide-r4-20260716T140249Z-99bbe7a-5418d4c3ceae,figure3e,holdout_figure1c,3000,596,2,6,figure3-wide-r4-e-z02-a00,,,0.11570232443340224,3.0,3,465,100,0,0.0,0.0,0.03699349820698568,0.19866666666666666,post_freeze_wide_round_4,transition,True,figure1bc|114514|holdout_figure1c|3000|596,bf8db7d70d1b615396a1c599b0cd3d6df167f6c222d8f383df81107734ea9fe6,414fea26888f4c4373c4ee3be0ed267c5e099deb146bb8ab1a79dc3dad5ecae2,ef3f0c89d96ab326ed5c33340210b37033e47b033e9f124811cce7c80ef83b87,False,ok
figure3-wide-r4-20260716T140249Z-99bbe7a-5418d4c3ceae,figure3e,holdout_figure1c,3000,596,2,6,figure3-wide-r4-e-z02-a01,,,0.262353279906528,3.0,3,487,100,0,0.0,0.0,0.03699349820698568,0.19866666666666666,post_freeze_wide_round_4,transition,True,figure1bc|114514|holdout_figure1c|3000|596,bf8db7d70d1b615396a1c599b0cd3d6df167f6c222d8f383df81107734ea9fe6,65f67767c7ece56bd29cfba0778ab1f38e71f7311fbfe71f673c8b3381bd4449,ef3f0c89d96ab326ed5c33340210b37033e47b033e9f124811cce7c80ef83b87,False,ok
figure3-wide-r4-20260716T140249Z-99bbe7a-5418d4c3ceae,figure3e,holdout_figure1c,3000,596,2,6,figure3-wide-r4-e-z02-a02,,,0.49155754774001204,3.0,3,521,100,32,0.32,0.23669147324999093,0.41662618610452384,0.19866666666666666,post_freeze_wide_round_4,transition,True,figure1bc|114514|holdout_figure1c|3000|596,bf8db7d70d1b615396a1c599b0cd3d6df167f6c222d8f383df81107734ea9fe6,eb317dc1defb8f8850a9434e52c7536aa204705abdcce9629358be46b5182c7e,ef3f0c89d96ab326ed5c33340210b37033e47b033e9f124811cce7c80ef83b87,False,ok
figure3-wide-r4-20260716T140249Z-99bbe7a-5418d4c3ceae,figure3e,holdout_figure1c,3000,596,2,6,figure3-wide-r4-e-z02-a04,,,0.8772052760707243,3.0,3,578,100,57,0.57,0.47215389549212305,0.6626670147588988,0.19866666666666666,post_freeze_wide_round_4,transition,True,figure1bc|114514|holdout_figure1c|3000|596,bf8db7d70d1b615396a1c599b0cd3d6df167f6c222d8f383df81107734ea9fe6,2508be204808fd925c84631033eb5006d27088024aff504b16eea3e14e0d95a8,ef3f0c89d96ab326ed5c33340210b37033e47b033e9f124811cce7c80ef83b87,False,ok
figure3-wide-r4-20260716T140249Z-99bbe7a-5418d4c3ceae,figure3e,holdout_figure1c,3000,596,2,6,figure3-wide-r4-e-z02-a05,,,0.9510248413914085,3.0,3,589,100,18,0.18,0.1170022549894635,0.2666735838630073,0.19866666666666666,post_freeze_wide_round_4,transition,True,figure1bc|114514|holdout_figure1c|3000|596,bf8db7d70d1b615396a1c599b0cd3d6df167f6c222d8f383df81107734ea9fe6,7fd037f243a494ce95d8a4c5d77157ac8a4b55ef8c29bc19b2a5676bb923b11c,ef3f0c89d96ab326ed5c33340210b37033e47b033e9f124811cce7c80ef83b87,False,ok
figure3-wide-r4-20260716T140249Z-99bbe7a-5418d4c3ceae,figure3e,holdout_figure1c,3000,596,2,6,figure3-wide-r4-e-z02-a06,,,0.9814074541817858,3.0,3,594,100,16,0.16,0.10095288488804782,0.24420269389270244,0.19866666666666666,post_freeze_wide_round_4,transition,True,figure1bc|114514|holdout_figure1c|3000|596,bf8db7d70d1b615396a1c599b0cd3d6df167f6c222d8f383df81107734ea9fe6,fd20a4d5eccec3022e2813ce63e526039ae1ac405b1aba0ffc5351910f3dccb6,ef3f0c89d96ab326ed5c33340210b37033e47b033e9f124811cce7c80ef83b87,False,ok
figure3-wide-r4-20260716T140249Z-99bbe7a-5418d4c3ceae,figure3e,holdout_figure1c,3000,596,2,6,figure3-wide-r4-e-z03-a00,,,0.11570232443340224,5.0,5,509,100,0,0.0,0.0,0.03699349820698568,0.19866666666666666,post_freeze_wide_round_4,transition,True,figure1bc|114514|holdout_figure1c|3000|596,bf8db7d70d1b615396a1c599b0cd3d6df167f6c222d8f383df81107734ea9fe6,576764599b19fb5d22cede2e25e81a5a8df7dbd5182a9a8029e581f6ec7e6926,ef3f0c89d96ab326ed5c33340210b37033e47b033e9f124811cce7c80ef83b87,False,ok
figure3-wide-r4-20260716T140249Z-99bbe7a-5418d4c3ceae,figure3e,holdout_figure1c,3000,596,2,6,figure3-wide-r4-e-z03-a01,,,0.262353279906528,5.0,5,523,100,1,0.01,0.0017674320641406505,0.054486196178705315,0.19866666666666666,post_freeze_wide_round_4,transition,True,figure1bc|114514|holdout_figure1c|3000|596,bf8db7d70d1b615396a1c599b0cd3d6df167f6c222d8f383df81107734ea9fe6,5e26dba9602dc9a777ee1055dec3f7c894f00331e5d8885c07100f4ead9dc598,ef3f0c89d96ab326ed5c33340210b37033e47b033e9f124811cce7c80ef83b87,False,ok
figure3-wide-r4-20260716T140249Z-99bbe7a-5418d4c3ceae,figure3e,holdout_figure1c,3000,596,2,6,figure3-wide-r4-e-z03-a02,,,0.49155754774001204,5.0,5,546,100,44,0.44,0.34672026630160796,0.5377189534832302,0.19866666666666666,post_freeze_wide_round_4,transition,True,figure1bc|114514|holdout_figure1c|3000|596,bf8db7d70d1b615396a1c599b0cd3d6df167f6c222d8f383df81107734ea9fe6,5bfc30b432bbaebada89642bf10d06707c56962dd932bb43ce84f3cd87f356ed,ef3f0c89d96ab326ed5c33340210b37033e47b033e9f124811cce7c80ef83b87,False,ok
figure3-wide-r4-20260716T140249Z-99bbe7a-5418d4c3ceae,figure3e,holdout_figure1c,3000,596,2,6,figure3-wide-r4-e-z03-a03,,,0.7243668166820519,5.0,5,569,100,94,0.94,0.8752318455410406,0.9722138760368118,0.19866666666666666,post_freeze_wide_round_4,transition,True,figure1bc|114514|holdout_figure1c|3000|596,bf8db7d70d1b615396a1c599b0cd3d6df167f6c222d8f383df81107734ea9fe6,0fcb592b62fd25049a51666090bfbdc7547d2198df12e607dca16a6d84f426a2,ef3f0c89d96ab326ed5c33340210b37033e47b033e9f124811cce7c80ef83b87,False,ok
figure3-wide-r4-20260716T140249Z-99bbe7a-5418d4c3ceae,figure3e,holdout_figure1c,3000,596,2,6,figure3-wide-r4-e-z03-a04,,,0.8772052760707243,5.0,5,584,100,74,0.74,0.6462901055081282,0.8159530153525186,0.19866666666666666,post_freeze_wide_round_4,transition,True,figure1bc|114514|holdout_figure1c|3000|596,bf8db7d70d1b615396a1c599b0cd3d6df167f6c222d8f383df81107734ea9fe6,9fe10ec7e39adf658db5572e6f93b172149850e9953065ff04e19415ee9c43c8,ef3f0c89d96ab326ed5c33340210b37033e47b033e9f124811cce7c80ef83b87,False,ok
figure3-wide-r4-20260716T140249Z-99bbe7a-5418d4c3ceae,figure3e,holdout_figure1c,3000,596,2,6,figure3-wide-r4-e-z03-a05,,,0.9510248413914085,5.0,5,592,100,50,0.5,0.4038315303659956,0.5961684696340044,0.19866666666666666,post_freeze_wide_round_4,transition,True,figure1bc|114514|holdout_figure1c|3000|596,bf8db7d70d1b615396a1c599b0cd3d6df167f6c222d8f383df81107734ea9fe6,88ac95b07b692a178f1d2484981343d709c5c575b94024a392c8c0bf50dbd0de,ef3f0c89d96ab326ed5c33340210b37033e47b033e9f124811cce7c80ef83b87,False,ok
figure3-wide-r4-20260716T140249Z-99bbe7a-5418d4c3ceae,figure3e,holdout_figure1c,3000,596,2,6,figure3-wide-r4-e-z03-a06,,,0.9814074541817858,5.0,5,595,100,36,0.36,0.2727122040140433,0.4576459754839126,0.19866666666666666,post_freeze_wide_round_4,transition,True,figure1bc|114514|holdout_figure1c|3000|596,bf8db7d70d1b615396a1c599b0cd3d6df167f6c222d8f383df81107734ea9fe6,05358d0b6d133a9f64e320abb5be03ad2a1ba14de8fb711810f13057d6760e1e,ef3f0c89d96ab326ed5c33340210b37033e47b033e9f124811cce7c80ef83b87,False,ok
figure3-wide-r4-20260716T140249Z-99bbe7a-5418d4c3ceae,figure3e,holdout_figure1c,3000,596,2,6,figure3-wide-r4-e-z04-a00,,,0.11570232443340224,8.0,8,538,100,1,0.01,0.0017674320641406505,0.054486196178705315,0.19866666666666666,post_freeze_wide_round_4,transition,True,figure1bc|114514|holdout_figure1c|3000|596,bf8db7d70d1b615396a1c599b0cd3d6df167f6c222d8f383df81107734ea9fe6,482ebd5b88ae61f2b7c67446cdd2be4f46fc9d65ebd1e3e0fa85e12293052933,ef3f0c89d96ab326ed5c33340210b37033e47b033e9f124811cce7c80ef83b87,False,ok
figure3-wide-r4-20260716T140249Z-99bbe7a-5418d4c3ceae,figure3e,holdout_figure1c,3000,596,2,6,figure3-wide-r4-e-z04-a01,,,0.262353279906528,8.0,8,548,100,3,0.03,0.010254524024038925,0.0845193642905276,0.19866666666666666,post_freeze_wide_round_4,transition,True,figure1bc|114514|holdout_figure1c|3000|596,bf8db7d70d1b615396a1c599b0cd3d6df167f6c222d8f383df81107734ea9fe6,720ed957966005e2913b14487659bfedaa0333f5291c71ab2e930590f8193bed,ef3f0c89d96ab326ed5c33340210b37033e47b033e9f124811cce7c80ef83b87,False,ok
figure3-wide-r4-20260716T140249Z-99bbe7a-5418d4c3ceae,figure3e,holdout_figure1c,3000,596,2,6,figure3-wide-r4-e-z04-a02,,,0.49155754774001204,8.0,8,563,100,25,0.25,0.17545211362287672,0.34304463548061603,0.19866666666666666,post_freeze_wide_round_4,transition,True,figure1bc|114514|holdout_figure1c|3000|596,bf8db7d70d1b615396a1c599b0cd3d6df167f6c222d8f383df81107734ea9fe6,78751b35c2d268282ffca2bde3a210a1190563882fd711745d0418e7710a27aa,ef3f0c89d96ab326ed5c33340210b37033e47b033e9f124811cce7c80ef83b87,False,ok
figure3-wide-r4-20260716T140249Z-99bbe7a-5418d4c3ceae,figure3e,holdout_figure1c,3000,596,2,6,figure3-wide-r4-e-z04-a03,,,0.7243668166820519,8.0,8,578,100,64,0.64,0.5423540245160874,0.7272877959859567,0.19866666666666666,post_freeze_wide_round_4,transition,True,figure1bc|114514|holdout_figure1c|3000|596,bf8db7d70d1b615396a1c599b0cd3d6df167f6c222d8f383df81107734ea9fe6,102b527ceeb423fec9b02632b0c4de23174ab275c64802b8463be3f47bc69dbe,ef3f0c89d96ab326ed5c33340210b37033e47b033e9f124811cce7c80ef83b87,False,ok
figure3-wide-r4-20260716T140249Z-99bbe7a-5418d4c3ceae,figure3e,holdout_figure1c,3000,596,2,6,figure3-wide-r4-e-z04-a04,,,0.8772052760707243,8.0,8,588,100,68,0.68,0.5833738138954762,0.7633085267500092,0.19866666666666666,post_freeze_wide_round_4,transition,True,figure1bc|114514|holdout_figure1c|3000|596,bf8db7d70d1b615396a1c599b0cd3d6df167f6c222d8f383df81107734ea9fe6,ba48adf2ee20b3d7013921df8df2c100781bbcd422cc053a4f0839ef8f4d1c72,ef3f0c89d96ab326ed5c33340210b37033e47b033e9f124811cce7c80ef83b87,False,ok
figure3-wide-r4-20260716T140249Z-99bbe7a-5418d4c3ceae,figure3e,holdout_figure1c,3000,596,2,6,figure3-wide-r4-e-z04-a05,,,0.9510248413914085,8.0,8,593,100,66,0.66,0.5627772885472462,0.7453847920265184,0.19866666666666666,post_freeze_wide_round_4,transition,True,figure1bc|114514|holdout_figure1c|3000|596,bf8db7d70d1b615396a1c599b0cd3d6df167f6c222d8f383df81107734ea9fe6,bad0c6cf1da9b9309f2bbd199b5cdadd7fdb60f0f409444d00e6ccb75001dd4f,ef3f0c89d96ab326ed5c33340210b37033e47b033e9f124811cce7c80ef83b87,False,ok
figure3-wide-r4-20260716T140249Z-99bbe7a-5418d4c3ceae,figure3e,holdout_figure1c,3000,596,2,6,figure3-wide-r4-e-z04-a06,,,0.9814074541817858,8.0,8,595,100,64,0.64,0.5423540245160874,0.7272877959859567,0.19866666666666666,post_freeze_wide_round_4,transition,True,figure1bc|114514|holdout_figure1c|3000|596,bf8db7d70d1b615396a1c599b0cd3d6df167f6c222d8f383df81107734ea9fe6,be48b24bdd4645dc7c5e5a3dc294a853ecf683d3090fd7f2c8f5fff6f920c492,ef3f0c89d96ab326ed5c33340210b37033e47b033e9f124811cce7c80ef83b87,False,ok
figure3-wide-r4-20260716T140249Z-99bbe7a-5418d4c3ceae,figure3e,holdout_figure1c,3000,596,2,6,figure3-wide-r4-e-z05-a00,,,0.11570232443340224,12.0,12,557,100,0,0.0,0.0,0.03699349820698568,0.19866666666666666,post_freeze_wide_round_4,transition,True,figure1bc|114514|holdout_figure1c|3000|596,bf8db7d70d1b615396a1c599b0cd3d6df167f6c222d8f383df81107734ea9fe6,62fa4de0e53324be68d46b0bb183ecf302d668a796c56837af3798297859c795,ef3f0c89d96ab326ed5c33340210b37033e47b033e9f124811cce7c80ef83b87,False,ok
figure3-wide-r4-20260716T140249Z-99bbe7a-5418d4c3ceae,figure3e,holdout_figure1c,3000,596,2,6,figure3-wide-r4-e-z05-a01,,,0.262353279906528,12.0,12,563,100,2,0.02,0.00550196755016235,0.07001179072854388,0.19866666666666666,post_freeze_wide_round_4,transition,True,figure1bc|114514|holdout_figure1c|3000|596,bf8db7d70d1b615396a1c599b0cd3d6df167f6c222d8f383df81107734ea9fe6,658b1cc6523545ffa6615a3282c9e3914a59096e039e4d02d6490f0688333831,ef3f0c89d96ab326ed5c33340210b37033e47b033e9f124811cce7c80ef83b87,False,ok
figure3-wide-r4-20260716T140249Z-99bbe7a-5418d4c3ceae,figure3e,holdout_figure1c,3000,596,2,6,figure3-wide-r4-e-z05-a02,,,0.49155754774001204,12.0,12,574,100,4,0.04,0.01566330399154762,0.0983707143588792,0.19866666666666666,post_freeze_wide_round_4,transition,True,figure1bc|114514|holdout_figure1c|3000|596,bf8db7d70d1b615396a1c599b0cd3d6df167f6c222d8f383df81107734ea9fe6,afe172f7fb81ec3e7670fd310fb701fb6582bd30af0b9109e6c21a511cfd66a8,ef3f0c89d96ab326ed5c33340210b37033e47b033e9f124811cce7c80ef83b87,False,ok
figure3-wide-r4-20260716T140249Z-99bbe7a-5418d4c3ceae,figure3e,holdout_figure1c,3000,596,2,6,figure3-wide-r4-e-z05-a03,,,0.7243668166820519,12.0,12,584,100,30,0.3,0.2189488529493276,0.3958485463334666,0.19866666666666666,post_freeze_wide_round_4,transition,True,figure1bc|114514|holdout_figure1c|3000|596,bf8db7d70d1b615396a1c599b0cd3d6df167f6c222d8f383df81107734ea9fe6,4f5874d58deba7b702bdff209a1d75f8b5b7430f5c2d6dbb799ee00f5511bdf1,ef3f0c89d96ab326ed5c33340210b37033e47b033e9f124811cce7c80ef83b87,False,ok
figure3-wide-r4-20260716T140249Z-99bbe7a-5418d4c3ceae,figure3e,holdout_figure1c,3000,596,2,6,figure3-wide-r4-e-z05-a04,,,0.8772052760707243,12.0,12,591,100,39,0.39,0.3001687400639441,0.4879698295415926,0.19866666666666666,post_freeze_wide_round_4,transition,True,figure1bc|114514|holdout_figure1c|3000|596,bf8db7d70d1b615396a1c599b0cd3d6df167f6c222d8f383df81107734ea9fe6,4d1a648c3528937c207919e7b7419ea56813b00de1126a3834cb8c1ed43e944b,ef3f0c89d96ab326ed5c33340210b37033e47b033e9f124811cce7c80ef83b87,False,ok
figure3-wide-r4-20260716T140249Z-99bbe7a-5418d4c3ceae,figure3e,holdout_figure1c,3000,596,2,6,figure3-wide-r4-e-z05-a05,,,0.9510248413914085,12.0,12,594,100,38,0.38,0.29097599252478734,0.47790244704488916,0.19866666666666666,post_freeze_wide_round_4,transition,True,figure1bc|114514|holdout_figure1c|3000|596,bf8db7d70d1b615396a1c599b0cd3d6df167f6c222d8f383df81107734ea9fe6,b1a46f767be442af1ed6a7da1d460d0c4307e6b370f8f3318df131873c55dd0e,ef3f0c89d96ab326ed5c33340210b37033e47b033e9f124811cce7c80ef83b87,False,ok
figure3-wide-r4-20260716T140249Z-99bbe7a-5418d4c3ceae,figure3e,holdout_figure1c,3000,596,2,6,figure3-wide-r4-e-z05-a06,,,0.9814074541817858,12.0,12,596,100,47,0.47,0.3751081795934127,0.5671114302990063,0.19866666666666666,post_freeze_wide_round_4,transition,True,figure1bc|114514|holdout_figure1c|3000|596,bf8db7d70d1b615396a1c599b0cd3d6df167f6c222d8f383df81107734ea9fe6,c5cb944e96bcf93288717e5f1d29dbf69c7e6281b4c7c5ef5555257281d1be0d,ef3f0c89d96ab326ed5c33340210b37033e47b033e9f124811cce7c80ef83b87,False,ok
figure3-wide-r4-20260716T140249Z-99bbe7a-5418d4c3ceae,figure3e,holdout_figure1c,3000,596,2,6,figure3-wide-r4-e-z06-a00,,,0.11570232443340224,18.0,18,569,100,0,0.0,0.0,0.03699349820698568,0.19866666666666666,post_freeze_wide_round_4,transition,True,figure1bc|114514|holdout_figure1c|3000|596,bf8db7d70d1b615396a1c599b0cd3d6df167f6c222d8f383df81107734ea9fe6,a984aeb4e3bb88ce8eb0fe83ae7a65a1dd0b3da7195e9fb87c5c1d80c3f7fee5,ef3f0c89d96ab326ed5c33340210b37033e47b033e9f124811cce7c80ef83b87,False,ok
figure3-wide-r4-20260716T140249Z-99bbe7a-5418d4c3ceae,figure3e,holdout_figure1c,3000,596,2,6,figure3-wide-r4-e-z06-a01,,,0.262353279906528,18.0,18,574,100,0,0.0,0.0,0.03699349820698568,0.19866666666666666,post_freeze_wide_round_4,transition,True,figure1bc|114514|holdout_figure1c|3000|596,bf8db7d70d1b615396a1c599b0cd3d6df167f6c222d8f383df81107734ea9fe6,fa44613207c0eb4da5dd853d6c2fdbee83879ef0ffa0f85f9169b8a853174db8,ef3f0c89d96ab326ed5c33340210b37033e47b033e9f124811cce7c80ef83b87,False,ok
figure3-wide-r4-20260716T140249Z-99bbe7a-5418d4c3ceae,figure3e,holdout_figure1c,3000,596,2,6,figure3-wide-r4-e-z06-a02,,,0.49155754774001204,18.0,18,581,100,1,0.01,0.0017674320641406505,0.054486196178705315,0.19866666666666666,post_freeze_wide_round_4,transition,True,figure1bc|114514|holdout_figure1c|3000|596,bf8db7d70d1b615396a1c599b0cd3d6df167f6c222d8f383df81107734ea9fe6,f8cb3711ea402c5b5eba5e4040232b472d8f6ebb9fb119d3a8b080e5fb4fd28e,ef3f0c89d96ab326ed5c33340210b37033e47b033e9f124811cce7c80ef83b87,False,ok
figure3-wide-r4-20260716T140249Z-99bbe7a-5418d4c3ceae,figure3e,holdout_figure1c,3000,596,2,6,figure3-wide-r4-e-z06-a03,,,0.7243668166820519,18.0,18,588,100,0,0.0,0.0,0.03699349820698568,0.19866666666666666,post_freeze_wide_round_4,transition,True,figure1bc|114514|holdout_figure1c|3000|596,bf8db7d70d1b615396a1c599b0cd3d6df167f6c222d8f383df81107734ea9fe6,8495f7d25540d47e0b415a06d01d33ab55d6f366a5d0eec18845d8f31b6b91a2,ef3f0c89d96ab326ed5c33340210b37033e47b033e9f124811cce7c80ef83b87,False,ok
figure3-wide-r4-20260716T140249Z-99bbe7a-5418d4c3ceae,figure3e,holdout_figure1c,3000,596,2,6,figure3-wide-r4-e-z06-a04,,,0.8772052760707243,18.0,18,593,100,1,0.01,0.0017674320641406505,0.054486196178705315,0.19866666666666666,post_freeze_wide_round_4,transition,True,figure1bc|114514|holdout_figure1c|3000|596,bf8db7d70d1b615396a1c599b0cd3d6df167f6c222d8f383df81107734ea9fe6,bc5e4d75ab49356d54fd7398a5f72d1da750a6b9824dd54c18bed3f5e7dc1b60,ef3f0c89d96ab326ed5c33340210b37033e47b033e9f124811cce7c80ef83b87,False,ok
figure3-wide-r4-20260716T140249Z-99bbe7a-5418d4c3ceae,figure3e,holdout_figure1c,3000,596,2,6,figure3-wide-r4-e-z06-a05,,,0.9510248413914085,18.0,18,595,100,5,0.05,0.02154367915436796,0.11175046923191913,0.19866666666666666,post_freeze_wide_round_4,transition,True,figure1bc|114514|holdout_figure1c|3000|596,bf8db7d70d1b615396a1c599b0cd3d6df167f6c222d8f383df81107734ea9fe6,2480fab8b0a27cca223fd307cb65757aa91093ec816b0fa19be6756b49464ec7,ef3f0c89d96ab326ed5c33340210b37033e47b033e9f124811cce7c80ef83b87,False,ok
figure3-wide-r4-20260716T140249Z-99bbe7a-5418d4c3ceae,figure3e,holdout_figure1c,3000,596,2,6,figure3-wide-r4-e-z06-a06,,,0.9814074541817858,18.0,18,596,100,6,0.06,0.027786123963188192,0.1247681544589592,0.19866666666666666,post_freeze_wide_round_4,transition,True,figure1bc|114514|holdout_figure1c|3000|596,bf8db7d70d1b615396a1c599b0cd3d6df167f6c222d8f383df81107734ea9fe6,dc739a890efa00c5f81a615bd932edf7d0e006fe9e7d2ac597ec25f7d9fba6f9,ef3f0c89d96ab326ed5c33340210b37033e47b033e9f124811cce7c80ef83b87,False,ok
figure3-wide-r4-20260716T140249Z-99bbe7a-5418d4c3ceae,figure3e,holdout_figure1c,3000,596,2,6,frozen-prediction,0.875,0.9,0.7243668166820519,3.2078367850904863,3,555,100,97,0.97,0.9154806357094724,0.9897454759759611,0.19866666666666666,post_freeze_wide_round_4,transition,True,figure1bc|114514|holdout_figure1c|3000|596,bf8db7d70d1b615396a1c599b0cd3d6df167f6c222d8f383df81107734ea9fe6,b2979fca2e5aac4fdaba9332a8246f242a9d62a59b55ee56286be3778ae30f1e,ef3f0c89d96ab326ed5c33340210b37033e47b033e9f124811cce7c80ef83b87,True,ok
figure3-wide-r4-20260716T140249Z-99bbe7a-5418d4c3ceae,figure3f,holdout_figure1b,3000,621,2,6,figure3-wide-r4-f-z00-a00,,,0.11570232443340224,0.0,0,72,100,90,0.9,0.8256343384950865,0.9447708629393249,0.207,post_freeze_wide_round_4,transition,True,figure1bc|114514|holdout_figure1b|3000|621,d81a7a17dec88fd3c31e381ec7a0699e08acd8a24db1cb3fea282c028a7fcddb,35e7ab57d654ac152eef4924dcc079f65b6ced593ed8a083696dc91b0766fcdf,ef3f0c89d96ab326ed5c33340210b37033e47b033e9f124811cce7c80ef83b87,False,ok
figure3-wide-r4-20260716T140249Z-99bbe7a-5418d4c3ceae,figure3f,holdout_figure1b,3000,621,2,6,figure3-wide-r4-f-z00-a01,,,0.262353279906528,0.0,0,163,100,89,0.89,0.8136870349691969,0.9374580364293543,0.207,post_freeze_wide_round_4,transition,True,figure1bc|114514|holdout_figure1b|3000|621,d81a7a17dec88fd3c31e381ec7a0699e08acd8a24db1cb3fea282c028a7fcddb,48306638aa7af8b154ebaa6b0dd9b3f2bcad05f369acf4cd12de7fb8fbde3c6c,ef3f0c89d96ab326ed5c33340210b37033e47b033e9f124811cce7c80ef83b87,False,ok
figure3-wide-r4-20260716T140249Z-99bbe7a-5418d4c3ceae,figure3f,holdout_figure1b,3000,621,2,6,figure3-wide-r4-f-z00-a02,,,0.49155754774001204,0.0,0,306,100,96,0.96,0.9016292856411208,0.9843366960084523,0.207,post_freeze_wide_round_4,transition,True,figure1bc|114514|holdout_figure1b|3000|621,d81a7a17dec88fd3c31e381ec7a0699e08acd8a24db1cb3fea282c028a7fcddb,7408c79f45f7c345ef1dffa89a244759b8e7a8a58487f1826c9377782b24197c,ef3f0c89d96ab326ed5c33340210b37033e47b033e9f124811cce7c80ef83b87,False,ok
figure3-wide-r4-20260716T140249Z-99bbe7a-5418d4c3ceae,figure3f,holdout_figure1b,3000,621,2,6,figure3-wide-r4-f-z00-a03,,,0.7243668166820519,0.0,0,450,100,92,0.92,0.8500189229905127,0.9589065385156194,0.207,post_freeze_wide_round_4,transition,True,figure1bc|114514|holdout_figure1b|3000|621,d81a7a17dec88fd3c31e381ec7a0699e08acd8a24db1cb3fea282c028a7fcddb,8a43a56024cf4046123f3e8ceba38e2aa21368a243d36e2cc56429b79454a4ad,ef3f0c89d96ab326ed5c33340210b37033e47b033e9f124811cce7c80ef83b87,False,ok
figure3-wide-r4-20260716T140249Z-99bbe7a-5418d4c3ceae,figure3f,holdout_figure1b,3000,621,2,6,figure3-wide-r4-f-z00-a04,,,0.8772052760707243,0.0,0,545,100,87,0.87,0.7901964855992357,0.9224283257275948,0.207,post_freeze_wide_round_4,transition,True,figure1bc|114514|holdout_figure1b|3000|621,d81a7a17dec88fd3c31e381ec7a0699e08acd8a24db1cb3fea282c028a7fcddb,0c958eb8361555d353722b4ddfdc1b6e14061355f91ce8458fb9185af2f147e2,ef3f0c89d96ab326ed5c33340210b37033e47b033e9f124811cce7c80ef83b87,False,ok
figure3-wide-r4-20260716T140249Z-99bbe7a-5418d4c3ceae,figure3f,holdout_figure1b,3000,621,2,6,figure3-wide-r4-f-z00-a05,,,0.9510248413914085,0.0,0,591,100,85,0.85,0.7671644040916763,0.9069401471634337,0.207,post_freeze_wide_round_4,transition,True,figure1bc|114514|holdout_figure1b|3000|621,d81a7a17dec88fd3c31e381ec7a0699e08acd8a24db1cb3fea282c028a7fcddb,94d3fc2d149dd233032538942c8d13218c778d95c02307c3ed6812fb092e1e33,ef3f0c89d96ab326ed5c33340210b37033e47b033e9f124811cce7c80ef83b87,False,ok
figure3-wide-r4-20260716T140249Z-99bbe7a-5418d4c3ceae,figure3f,holdout_figure1b,3000,621,2,6,figure3-wide-r4-f-z00-a06,,,0.9814074541817858,0.0,0,610,100,94,0.94,0.8752318455410406,0.9722138760368118,0.207,post_freeze_wide_round_4,transition,True,figure1bc|114514|holdout_figure1b|3000|621,d81a7a17dec88fd3c31e381ec7a0699e08acd8a24db1cb3fea282c028a7fcddb,93a51c8a1048a676be7694c0484d0690301ebb88bf87b87d6a0a14bda53627b3,ef3f0c89d96ab326ed5c33340210b37033e47b033e9f124811cce7c80ef83b87,False,ok
figure3-wide-r4-20260716T140249Z-99bbe7a-5418d4c3ceae,figure3f,holdout_figure1b,3000,621,2,6,figure3-wide-r4-f-z01-a00,,,0.11570232443340224,2.0,2,438,100,0,0.0,0.0,0.03699349820698568,0.207,post_freeze_wide_round_4,transition,True,figure1bc|114514|holdout_figure1b|3000|621,d81a7a17dec88fd3c31e381ec7a0699e08acd8a24db1cb3fea282c028a7fcddb,0024e700075dbd706049768973f147d2265e1108d0acfba3e8c13c193a384872,ef3f0c89d96ab326ed5c33340210b37033e47b033e9f124811cce7c80ef83b87,False,ok
figure3-wide-r4-20260716T140249Z-99bbe7a-5418d4c3ceae,figure3f,holdout_figure1b,3000,621,2,6,figure3-wide-r4-f-z01-a01,,,0.262353279906528,2.0,2,469,100,0,0.0,0.0,0.03699349820698568,0.207,post_freeze_wide_round_4,transition,True,figure1bc|114514|holdout_figure1b|3000|621,d81a7a17dec88fd3c31e381ec7a0699e08acd8a24db1cb3fea282c028a7fcddb,e6b02470099cc5679d5e617a505696e094622d555b54735410d5cee32e18417b,ef3f0c89d96ab326ed5c33340210b37033e47b033e9f124811cce7c80ef83b87,False,ok
figure3-wide-r4-20260716T140249Z-99bbe7a-5418d4c3ceae,figure3f,holdout_figure1b,3000,621,2,6,figure3-wide-r4-f-z01-a02,,,0.49155754774001204,2.0,2,516,100,95,0.95,0.8882495307680808,0.9784563208456319,0.207,post_freeze_wide_round_4,transition,True,figure1bc|114514|holdout_figure1b|3000|621,d81a7a17dec88fd3c31e381ec7a0699e08acd8a24db1cb3fea282c028a7fcddb,178241bac435c0a8563b363508bb36d860810415d99c231837c7c957a8e8f98a,ef3f0c89d96ab326ed5c33340210b37033e47b033e9f124811cce7c80ef83b87,False,ok
figure3-wide-r4-20260716T140249Z-99bbe7a-5418d4c3ceae,figure3f,holdout_figure1b,3000,621,2,6,figure3-wide-r4-f-z01-a03,,,0.7243668166820519,2.0,2,564,100,100,1.0,0.9630065017930143,1.0,0.207,post_freeze_wide_round_4,transition,True,figure1bc|114514|holdout_figure1b|3000|621,d81a7a17dec88fd3c31e381ec7a0699e08acd8a24db1cb3fea282c028a7fcddb,8ed31aad6aad65506a75a4122ba20e86494c507431345b2715125d2e40bd9090,ef3f0c89d96ab326ed5c33340210b37033e47b033e9f124811cce7c80ef83b87,False,ok
figure3-wide-r4-20260716T140249Z-99bbe7a-5418d4c3ceae,figure3f,holdout_figure1b,3000,621,2,6,figure3-wide-r4-f-z01-a04,,,0.8772052760707243,2.0,2,596,100,98,0.98,0.929988209271456,0.9944980324498376,0.207,post_freeze_wide_round_4,transition,True,figure1bc|114514|holdout_figure1b|3000|621,d81a7a17dec88fd3c31e381ec7a0699e08acd8a24db1cb3fea282c028a7fcddb,041e6e96e3a7535d7a50be19d8e33661599cc8d2ae4903a712423c2515526d39,ef3f0c89d96ab326ed5c33340210b37033e47b033e9f124811cce7c80ef83b87,False,ok
figure3-wide-r4-20260716T140249Z-99bbe7a-5418d4c3ceae,figure3f,holdout_figure1b,3000,621,2,6,figure3-wide-r4-f-z01-a05,,,0.9510248413914085,2.0,2,611,100,95,0.95,0.8882495307680808,0.9784563208456319,0.207,post_freeze_wide_round_4,transition,True,figure1bc|114514|holdout_figure1b|3000|621,d81a7a17dec88fd3c31e381ec7a0699e08acd8a24db1cb3fea282c028a7fcddb,38b4b2493a7a1a39c65f7e0120953ad6b4ae06ed8a6015e8eca41cf02bcbaf4b,ef3f0c89d96ab326ed5c33340210b37033e47b033e9f124811cce7c80ef83b87,False,ok
figure3-wide-r4-20260716T140249Z-99bbe7a-5418d4c3ceae,figure3f,holdout_figure1b,3000,621,2,6,figure3-wide-r4-f-z01-a06,,,0.9814074541817858,2.0,2,618,100,93,0.93,0.8625048526092651,0.9656807389327273,0.207,post_freeze_wide_round_4,transition,True,figure1bc|114514|holdout_figure1b|3000|621,d81a7a17dec88fd3c31e381ec7a0699e08acd8a24db1cb3fea282c028a7fcddb,e5b1a4e1601204a15a5472ca8b1471d909df18accbef047934b593434d07c59f,ef3f0c89d96ab326ed5c33340210b37033e47b033e9f124811cce7c80ef83b87,False,ok
figure3-wide-r4-20260716T140249Z-99bbe7a-5418d4c3ceae,figure3f,holdout_figure1b,3000,621,2,6,figure3-wide-r4-f-z02-a00,,,0.11570232443340224,3.0,3,484,100,0,0.0,0.0,0.03699349820698568,0.207,post_freeze_wide_round_4,transition,True,figure1bc|114514|holdout_figure1b|3000|621,d81a7a17dec88fd3c31e381ec7a0699e08acd8a24db1cb3fea282c028a7fcddb,7638b57d0a689f2134076bfc1c7ec602966897ea0c9046e46cb4a742142b0bcb,ef3f0c89d96ab326ed5c33340210b37033e47b033e9f124811cce7c80ef83b87,False,ok
figure3-wide-r4-20260716T140249Z-99bbe7a-5418d4c3ceae,figure3f,holdout_figure1b,3000,621,2,6,figure3-wide-r4-f-z02-a01,,,0.262353279906528,3.0,3,507,100,3,0.03,0.010254524024038925,0.0845193642905276,0.207,post_freeze_wide_round_4,transition,True,figure1bc|114514|holdout_figure1b|3000|621,d81a7a17dec88fd3c31e381ec7a0699e08acd8a24db1cb3fea282c028a7fcddb,33a905bdb771ed0f117a084dde4899afba4e26596a9f50374c9c70b6bffba8f7,ef3f0c89d96ab326ed5c33340210b37033e47b033e9f124811cce7c80ef83b87,False,ok
figure3-wide-r4-20260716T140249Z-99bbe7a-5418d4c3ceae,figure3f,holdout_figure1b,3000,621,2,6,figure3-wide-r4-f-z02-a02,,,0.49155754774001204,3.0,3,543,100,94,0.94,0.8752318455410406,0.9722138760368118,0.207,post_freeze_wide_round_4,transition,True,figure1bc|114514|holdout_figure1b|3000|621,d81a7a17dec88fd3c31e381ec7a0699e08acd8a24db1cb3fea282c028a7fcddb,f7af4ea93ae1078a45a3066bc9dd49114ac422f9c7176e634a43ff6e68e9134d,ef3f0c89d96ab326ed5c33340210b37033e47b033e9f124811cce7c80ef83b87,False,ok
figure3-wide-r4-20260716T140249Z-99bbe7a-5418d4c3ceae,figure3f,holdout_figure1b,3000,621,2,6,figure3-wide-r4-f-z02-a04,,,0.8772052760707243,3.0,3,602,100,100,1.0,0.9630065017930143,1.0,0.207,post_freeze_wide_round_4,transition,True,figure1bc|114514|holdout_figure1b|3000|621,d81a7a17dec88fd3c31e381ec7a0699e08acd8a24db1cb3fea282c028a7fcddb,6780576db1f8e71d81772ed0730b64532ce4a6ce6893ad194637765fea233449,ef3f0c89d96ab326ed5c33340210b37033e47b033e9f124811cce7c80ef83b87,False,ok
figure3-wide-r4-20260716T140249Z-99bbe7a-5418d4c3ceae,figure3f,holdout_figure1b,3000,621,2,6,figure3-wide-r4-f-z02-a05,,,0.9510248413914085,3.0,3,614,100,97,0.97,0.9154806357094724,0.9897454759759611,0.207,post_freeze_wide_round_4,transition,True,figure1bc|114514|holdout_figure1b|3000|621,d81a7a17dec88fd3c31e381ec7a0699e08acd8a24db1cb3fea282c028a7fcddb,0bcdc379d7b7a07547c1eb7037083cb183549166d4d6d67e11f1991abc73c4f1,ef3f0c89d96ab326ed5c33340210b37033e47b033e9f124811cce7c80ef83b87,False,ok
figure3-wide-r4-20260716T140249Z-99bbe7a-5418d4c3ceae,figure3f,holdout_figure1b,3000,621,2,6,figure3-wide-r4-f-z02-a06,,,0.9814074541817858,3.0,3,619,100,99,0.99,0.9455138038212946,0.9982325679358593,0.207,post_freeze_wide_round_4,transition,True,figure1bc|114514|holdout_figure1b|3000|621,d81a7a17dec88fd3c31e381ec7a0699e08acd8a24db1cb3fea282c028a7fcddb,1405d0601ddea43d06efed8f3b73effcc5ce5514b06125d9dc75448d9bd137c8,ef3f0c89d96ab326ed5c33340210b37033e47b033e9f124811cce7c80ef83b87,False,ok
figure3-wide-r4-20260716T140249Z-99bbe7a-5418d4c3ceae,figure3f,holdout_figure1b,3000,621,2,6,figure3-wide-r4-f-z03-a00,,,0.11570232443340224,5.0,5,530,100,4,0.04,0.01566330399154762,0.0983707143588792,0.207,post_freeze_wide_round_4,transition,True,figure1bc|114514|holdout_figure1b|3000|621,d81a7a17dec88fd3c31e381ec7a0699e08acd8a24db1cb3fea282c028a7fcddb,d1e6dccbe6055877edefa107cc87807acbe1c5cdbcf72b2189cb831c7adc1d17,ef3f0c89d96ab326ed5c33340210b37033e47b033e9f124811cce7c80ef83b87,False,ok
figure3-wide-r4-20260716T140249Z-99bbe7a-5418d4c3ceae,figure3f,holdout_figure1b,3000,621,2,6,figure3-wide-r4-f-z03-a01,,,0.262353279906528,5.0,5,546,100,50,0.5,0.4038315303659956,0.5961684696340044,0.207,post_freeze_wide_round_4,transition,True,figure1bc|114514|holdout_figure1b|3000|621,d81a7a17dec88fd3c31e381ec7a0699e08acd8a24db1cb3fea282c028a7fcddb,79fd2ac79c902f467400bfe46c16372cc4a88e7c6407c4819ae4fc3a9c25cedc,ef3f0c89d96ab326ed5c33340210b37033e47b033e9f124811cce7c80ef83b87,False,ok
figure3-wide-r4-20260716T140249Z-99bbe7a-5418d4c3ceae,figure3f,holdout_figure1b,3000,621,2,6,figure3-wide-r4-f-z03-a02,,,0.49155754774001204,5.0,5,569,100,96,0.96,0.9016292856411208,0.9843366960084523,0.207,post_freeze_wide_round_4,transition,True,figure1bc|114514|holdout_figure1b|3000|621,d81a7a17dec88fd3c31e381ec7a0699e08acd8a24db1cb3fea282c028a7fcddb,ec9744162bacfd907c4e3f1115787ef874dfdcd203bc8b1382873dad2bf9a64a,ef3f0c89d96ab326ed5c33340210b37033e47b033e9f124811cce7c80ef83b87,False,ok
figure3-wide-r4-20260716T140249Z-99bbe7a-5418d4c3ceae,figure3f,holdout_figure1b,3000,621,2,6,figure3-wide-r4-f-z03-a03,,,0.7243668166820519,5.0,5,593,100,100,1.0,0.9630065017930143,1.0,0.207,post_freeze_wide_round_4,transition,True,figure1bc|114514|holdout_figure1b|3000|621,d81a7a17dec88fd3c31e381ec7a0699e08acd8a24db1cb3fea282c028a7fcddb,013177b370baf25568f4e8ddcd1510eb6469bffc0ac0152004074cc5fae23f44,ef3f0c89d96ab326ed5c33340210b37033e47b033e9f124811cce7c80ef83b87,False,ok
figure3-wide-r4-20260716T140249Z-99bbe7a-5418d4c3ceae,figure3f,holdout_figure1b,3000,621,2,6,figure3-wide-r4-f-z03-a04,,,0.8772052760707243,5.0,5,609,100,100,1.0,0.9630065017930143,1.0,0.207,post_freeze_wide_round_4,transition,True,figure1bc|114514|holdout_figure1b|3000|621,d81a7a17dec88fd3c31e381ec7a0699e08acd8a24db1cb3fea282c028a7fcddb,fd48f19f5ae1de525716dba32705fbd5104a0b64c3abbcc333bbb1dbac22fedc,ef3f0c89d96ab326ed5c33340210b37033e47b033e9f124811cce7c80ef83b87,False,ok
figure3-wide-r4-20260716T140249Z-99bbe7a-5418d4c3ceae,figure3f,holdout_figure1b,3000,621,2,6,figure3-wide-r4-f-z03-a05,,,0.9510248413914085,5.0,5,616,100,100,1.0,0.9630065017930143,1.0,0.207,post_freeze_wide_round_4,transition,True,figure1bc|114514|holdout_figure1b|3000|621,d81a7a17dec88fd3c31e381ec7a0699e08acd8a24db1cb3fea282c028a7fcddb,86ad370261bfbc5edd97c8827763d7c1cb93aa86e93fbba2c163fda8d80895eb,ef3f0c89d96ab326ed5c33340210b37033e47b033e9f124811cce7c80ef83b87,False,ok
figure3-wide-r4-20260716T140249Z-99bbe7a-5418d4c3ceae,figure3f,holdout_figure1b,3000,621,2,6,figure3-wide-r4-f-z03-a06,,,0.9814074541817858,5.0,5,620,100,100,1.0,0.9630065017930143,1.0,0.207,post_freeze_wide_round_4,transition,True,figure1bc|114514|holdout_figure1b|3000|621,d81a7a17dec88fd3c31e381ec7a0699e08acd8a24db1cb3fea282c028a7fcddb,94cbb8068f8dc35e35da381dd4d2a92c99552958108d0d791787bb9f05e25f4b,ef3f0c89d96ab326ed5c33340210b37033e47b033e9f124811cce7c80ef83b87,False,ok
figure3-wide-r4-20260716T140249Z-99bbe7a-5418d4c3ceae,figure3f,holdout_figure1b,3000,621,2,6,figure3-wide-r4-f-z04-a00,,,0.11570232443340224,8.0,8,560,100,30,0.3,0.2189488529493276,0.3958485463334666,0.207,post_freeze_wide_round_4,transition,True,figure1bc|114514|holdout_figure1b|3000|621,d81a7a17dec88fd3c31e381ec7a0699e08acd8a24db1cb3fea282c028a7fcddb,b5d8537c686153b8e508c27e66a8e61b91cf763d09e99246b89ad93f511faab5,ef3f0c89d96ab326ed5c33340210b37033e47b033e9f124811cce7c80ef83b87,False,ok
figure3-wide-r4-20260716T140249Z-99bbe7a-5418d4c3ceae,figure3f,holdout_figure1b,3000,621,2,6,figure3-wide-r4-f-z04-a01,,,0.262353279906528,8.0,8,571,100,60,0.6,0.5020025867910618,0.6905987135675411,0.207,post_freeze_wide_round_4,transition,True,figure1bc|114514|holdout_figure1b|3000|621,d81a7a17dec88fd3c31e381ec7a0699e08acd8a24db1cb3fea282c028a7fcddb,3d88912fee57842dc5406bc7414ba38358537439557ba4a515a931a5b155d60a,ef3f0c89d96ab326ed5c33340210b37033e47b033e9f124811cce7c80ef83b87,False,ok
figure3-wide-r4-20260716T140249Z-99bbe7a-5418d4c3ceae,figure3f,holdout_figure1b,3000,621,2,6,figure3-wide-r4-f-z04-a02,,,0.49155754774001204,8.0,8,586,100,88,0.88,0.8018790057328857,0.9300059356298052,0.207,post_freeze_wide_round_4,transition,True,figure1bc|114514|holdout_figure1b|3000|621,d81a7a17dec88fd3c31e381ec7a0699e08acd8a24db1cb3fea282c028a7fcddb,081a1f18ab34e76b99ba4757fdc57410824acc45e4a58a6f71adfd4f1a7ec7b1,ef3f0c89d96ab326ed5c33340210b37033e47b033e9f124811cce7c80ef83b87,False,ok
figure3-wide-r4-20260716T140249Z-99bbe7a-5418d4c3ceae,figure3f,holdout_figure1b,3000,621,2,6,figure3-wide-r4-f-z04-a03,,,0.7243668166820519,8.0,8,602,100,99,0.99,0.9455138038212946,0.9982325679358593,0.207,post_freeze_wide_round_4,transition,True,figure1bc|114514|holdout_figure1b|3000|621,d81a7a17dec88fd3c31e381ec7a0699e08acd8a24db1cb3fea282c028a7fcddb,06a9ba283e243bc6f54fa7ccc2a95a57cb8168b6318557f94056afe80f3da95e,ef3f0c89d96ab326ed5c33340210b37033e47b033e9f124811cce7c80ef83b87,False,ok
figure3-wide-r4-20260716T140249Z-99bbe7a-5418d4c3ceae,figure3f,holdout_figure1b,3000,621,2,6,figure3-wide-r4-f-z04-a04,,,0.8772052760707243,8.0,8,613,100,99,0.99,0.9455138038212946,0.9982325679358593,0.207,post_freeze_wide_round_4,transition,True,figure1bc|114514|holdout_figure1b|3000|621,d81a7a17dec88fd3c31e381ec7a0699e08acd8a24db1cb3fea282c028a7fcddb,1306bec9a9920b5fbaa76fa9aa8e599d234d87214f788cc9351bb5d81bada474,ef3f0c89d96ab326ed5c33340210b37033e47b033e9f124811cce7c80ef83b87,False,ok
figure3-wide-r4-20260716T140249Z-99bbe7a-5418d4c3ceae,figure3f,holdout_figure1b,3000,621,2,6,figure3-wide-r4-f-z04-a05,,,0.9510248413914085,8.0,8,618,100,100,1.0,0.9630065017930143,1.0,0.207,post_freeze_wide_round_4,transition,True,figure1bc|114514|holdout_figure1b|3000|621,d81a7a17dec88fd3c31e381ec7a0699e08acd8a24db1cb3fea282c028a7fcddb,f5d5f3637f1c58c13aa0993695c83455389a0df050b9a5d6d1f0e90db2282aeb,ef3f0c89d96ab326ed5c33340210b37033e47b033e9f124811cce7c80ef83b87,False,ok
figure3-wide-r4-20260716T140249Z-99bbe7a-5418d4c3ceae,figure3f,holdout_figure1b,3000,621,2,6,figure3-wide-r4-f-z04-a06,,,0.9814074541817858,8.0,8,620,100,100,1.0,0.9630065017930143,1.0,0.207,post_freeze_wide_round_4,transition,True,figure1bc|114514|holdout_figure1b|3000|621,d81a7a17dec88fd3c31e381ec7a0699e08acd8a24db1cb3fea282c028a7fcddb,680230757747f5066b2fa0c3f9e3df5f786cc29bb89aefd5c70c0d055a96df18,ef3f0c89d96ab326ed5c33340210b37033e47b033e9f124811cce7c80ef83b87,False,ok
figure3-wide-r4-20260716T140249Z-99bbe7a-5418d4c3ceae,figure3f,holdout_figure1b,3000,621,2,6,figure3-wide-r4-f-z05-a00,,,0.11570232443340224,12.0,12,580,100,25,0.25,0.17545211362287672,0.34304463548061603,0.207,post_freeze_wide_round_4,transition,True,figure1bc|114514|holdout_figure1b|3000|621,d81a7a17dec88fd3c31e381ec7a0699e08acd8a24db1cb3fea282c028a7fcddb,534dba97dcae3be84af4eb1d46afe43367607928cf93f63d66016cfc74171c85,ef3f0c89d96ab326ed5c33340210b37033e47b033e9f124811cce7c80ef83b87,False,ok
figure3-wide-r4-20260716T140249Z-99bbe7a-5418d4c3ceae,figure3f,holdout_figure1b,3000,621,2,6,figure3-wide-r4-f-z05-a01,,,0.262353279906528,12.0,12,587,100,39,0.39,0.3001687400639441,0.4879698295415926,0.207,post_freeze_wide_round_4,transition,True,figure1bc|114514|holdout_figure1b|3000|621,d81a7a17dec88fd3c31e381ec7a0699e08acd8a24db1cb3fea282c028a7fcddb,50d26c2939bbfa7f23e1e54e8387c813f72b61eede9817ea142ea122175180d3,ef3f0c89d96ab326ed5c33340210b37033e47b033e9f124811cce7c80ef83b87,False,ok
figure3-wide-r4-20260716T140249Z-99bbe7a-5418d4c3ceae,figure3f,holdout_figure1b,3000,621,2,6,figure3-wide-r4-f-z05-a02,,,0.49155754774001204,12.0,12,598,100,82,0.82,0.7333264161369926,0.8829977450105364,0.207,post_freeze_wide_round_4,transition,True,figure1bc|114514|holdout_figure1b|3000|621,d81a7a17dec88fd3c31e381ec7a0699e08acd8a24db1cb3fea282c028a7fcddb,ff1ca6c177f9f83b1d91e9d6b1e34dab966016888b5f407f5170da529d61f318,ef3f0c89d96ab326ed5c33340210b37033e47b033e9f124811cce7c80ef83b87,False,ok
figure3-wide-r4-20260716T140249Z-99bbe7a-5418d4c3ceae,figure3f,holdout_figure1b,3000,621,2,6,figure3-wide-r4-f-z05-a03,,,0.7243668166820519,12.0,12,609,100,89,0.89,0.8136870349691969,0.9374580364293543,0.207,post_freeze_wide_round_4,transition,True,figure1bc|114514|holdout_figure1b|3000|621,d81a7a17dec88fd3c31e381ec7a0699e08acd8a24db1cb3fea282c028a7fcddb,a46b8c8b944aa3029e0431b166e4c6a55edc84385dfbe2443b0998911e9a7005,ef3f0c89d96ab326ed5c33340210b37033e47b033e9f124811cce7c80ef83b87,False,ok
figure3-wide-r4-20260716T140249Z-99bbe7a-5418d4c3ceae,figure3f,holdout_figure1b,3000,621,2,6,figure3-wide-r4-f-z05-a04,,,0.8772052760707243,12.0,12,616,100,92,0.92,0.8500189229905127,0.9589065385156194,0.207,post_freeze_wide_round_4,transition,True,figure1bc|114514|holdout_figure1b|3000|621,d81a7a17dec88fd3c31e381ec7a0699e08acd8a24db1cb3fea282c028a7fcddb,fd3e628bcf9c69faf7890236ff14e457c93f41002abda55ebf0037440f0d9878,ef3f0c89d96ab326ed5c33340210b37033e47b033e9f124811cce7c80ef83b87,False,ok
figure3-wide-r4-20260716T140249Z-99bbe7a-5418d4c3ceae,figure3f,holdout_figure1b,3000,621,2,6,figure3-wide-r4-f-z05-a05,,,0.9510248413914085,12.0,12,619,100,95,0.95,0.8882495307680808,0.9784563208456319,0.207,post_freeze_wide_round_4,transition,True,figure1bc|114514|holdout_figure1b|3000|621,d81a7a17dec88fd3c31e381ec7a0699e08acd8a24db1cb3fea282c028a7fcddb,c3a422fd1afdac351e40f20aca2d24085b26069b4b541b9e27b4ec63f167d2b3,ef3f0c89d96ab326ed5c33340210b37033e47b033e9f124811cce7c80ef83b87,False,ok
figure3-wide-r4-20260716T140249Z-99bbe7a-5418d4c3ceae,figure3f,holdout_figure1b,3000,621,2,6,figure3-wide-r4-f-z05-a06,,,0.9814074541817858,12.0,12,621,100,96,0.96,0.9016292856411208,0.9843366960084523,0.207,post_freeze_wide_round_4,transition,True,figure1bc|114514|holdout_figure1b|3000|621,d81a7a17dec88fd3c31e381ec7a0699e08acd8a24db1cb3fea282c028a7fcddb,2737cad60ee7e9cdf111c17e0ae68a67c576fcac5cd2054ea96eb0fa43a7cd22,ef3f0c89d96ab326ed5c33340210b37033e47b033e9f124811cce7c80ef83b87,False,ok
figure3-wide-r4-20260716T140249Z-99bbe7a-5418d4c3ceae,figure3f,holdout_figure1b,3000,621,2,6,figure3-wide-r4-f-z06-a00,,,0.11570232443340224,18.0,18,593,100,9,0.09,0.04807254000256516,0.1622621285271631,0.207,post_freeze_wide_round_4,transition,True,figure1bc|114514|holdout_figure1b|3000|621,d81a7a17dec88fd3c31e381ec7a0699e08acd8a24db1cb3fea282c028a7fcddb,bcde18d9a080b524e2f6b33f52fbe7933bba8f4e8502a3da24f9141716ebdf9d,ef3f0c89d96ab326ed5c33340210b37033e47b033e9f124811cce7c80ef83b87,False,ok
figure3-wide-r4-20260716T140249Z-99bbe7a-5418d4c3ceae,figure3f,holdout_figure1b,3000,621,2,6,figure3-wide-r4-f-z06-a01,,,0.262353279906528,18.0,18,598,100,13,0.13,0.07757167427240512,0.20980351440076428,0.207,post_freeze_wide_round_4,transition,True,figure1bc|114514|holdout_figure1b|3000|621,d81a7a17dec88fd3c31e381ec7a0699e08acd8a24db1cb3fea282c028a7fcddb,b50fc4b7a9c04b3a8758c19152e402f47e0fe3600f336a41eb3f49b09e49e8b2,ef3f0c89d96ab326ed5c33340210b37033e47b033e9f124811cce7c80ef83b87,False,ok
figure3-wide-r4-20260716T140249Z-99bbe7a-5418d4c3ceae,figure3f,holdout_figure1b,3000,621,2,6,figure3-wide-r4-f-z06-a02,,,0.49155754774001204,18.0,18,605,100,28,0.28,0.20139685211186212,0.3748802870992116,0.207,post_freeze_wide_round_4,transition,True,figure1bc|114514|holdout_figure1b|3000|621,d81a7a17dec88fd3c31e381ec7a0699e08acd8a24db1cb3fea282c028a7fcddb,acb4c5685c2d3f1e935ba4a226a307a7acc96c57104b9177ca6457e088550f8f,ef3f0c89d96ab326ed5c33340210b37033e47b033e9f124811cce7c80ef83b87,False,ok
figure3-wide-r4-20260716T140249Z-99bbe7a-5418d4c3ceae,figure3f,holdout_figure1b,3000,621,2,6,figure3-wide-r4-f-z06-a03,,,0.7243668166820519,18.0,18,613,100,56,0.56,0.4622810465167699,0.6532797336983921,0.207,post_freeze_wide_round_4,transition,True,figure1bc|114514|holdout_figure1b|3000|621,d81a7a17dec88fd3c31e381ec7a0699e08acd8a24db1cb3fea282c028a7fcddb,40118a879180c42de2456c3e20cf863378edd12c5ba4602ab0679f2e0eb8c844,ef3f0c89d96ab326ed5c33340210b37033e47b033e9f124811cce7c80ef83b87,False,ok
figure3-wide-r4-20260716T140249Z-99bbe7a-5418d4c3ceae,figure3f,holdout_figure1b,3000,621,2,6,figure3-wide-r4-f-z06-a04,,,0.8772052760707243,18.0,18,618,100,66,0.66,0.5627772885472462,0.7453847920265184,0.207,post_freeze_wide_round_4,transition,True,figure1bc|114514|holdout_figure1b|3000|621,d81a7a17dec88fd3c31e381ec7a0699e08acd8a24db1cb3fea282c028a7fcddb,e24b9627632d1553343fd9e337dfcb4ba590685ec31943230f47b47c57556101,ef3f0c89d96ab326ed5c33340210b37033e47b033e9f124811cce7c80ef83b87,False,ok
figure3-wide-r4-20260716T140249Z-99bbe7a-5418d4c3ceae,figure3f,holdout_figure1b,3000,621,2,6,figure3-wide-r4-f-z06-a05,,,0.9510248413914085,18.0,18,620,100,63,0.63,0.5322052958094291,0.7181763946567546,0.207,post_freeze_wide_round_4,transition,True,figure1bc|114514|holdout_figure1b|3000|621,d81a7a17dec88fd3c31e381ec7a0699e08acd8a24db1cb3fea282c028a7fcddb,033a562fc7c6b217d8c18cec843d844538f61d649af418698fb001b2a1e71a6e,ef3f0c89d96ab326ed5c33340210b37033e47b033e9f124811cce7c80ef83b87,False,ok
figure3-wide-r4-20260716T140249Z-99bbe7a-5418d4c3ceae,figure3f,holdout_figure1b,3000,621,2,6,figure3-wide-r4-f-z06-a06,,,0.9814074541817858,18.0,18,621,100,57,0.57,0.47215389549212305,0.6626670147588988,0.207,post_freeze_wide_round_4,transition,True,figure1bc|114514|holdout_figure1b|3000|621,d81a7a17dec88fd3c31e381ec7a0699e08acd8a24db1cb3fea282c028a7fcddb,37f2a7084d58f013275e6ad7f4e48a4dcdcfe2d3ba451ee88a39c7b1d606eaa3,ef3f0c89d96ab326ed5c33340210b37033e47b033e9f124811cce7c80ef83b87,False,ok
figure3-wide-r4-20260716T140249Z-99bbe7a-5418d4c3ceae,figure3f,holdout_figure1b,3000,621,2,6,frozen-prediction,0.875,0.9,0.7243668166820519,3.252076177414614,3,579,100,100,1.0,0.9630065017930143,1.0,0.207,post_freeze_wide_round_4,transition,True,figure1bc|114514|holdout_figure1b|3000|621,d81a7a17dec88fd3c31e381ec7a0699e08acd8a24db1cb3fea282c028a7fcddb,839aa6b29b53cc502fef26a30e0a070de898ee129469d2d4c121f74787a233b2,ef3f0c89d96ab326ed5c33340210b37033e47b033e9f124811cce7c80ef83b87,True,ok
figure3-wide-r4-20260716T140249Z-99bbe7a-5418d4c3ceae,figure3g,holdout_figure1b,10000,1948,2,6,figure3-wide-r4-g-z00-a00,,,0.11570232443340224,0.0,0,226,100,0,0.0,0.0,0.03699349820698568,0.1948,post_freeze_wide_round_4,transition,True,figure1bc|114514|holdout_figure1b|10000|1948,763e2724b2d1776e3bdb26712d3a2982a210e4c56e46cb75413f409d8f8b2091,d287d1e32766d8e528e16ababca1e1f4b35da6820676ee9df560f43f1e156499,ef3f0c89d96ab326ed5c33340210b37033e47b033e9f124811cce7c80ef83b87,False,ok
figure3-wide-r4-20260716T140249Z-99bbe7a-5418d4c3ceae,figure3g,holdout_figure1b,10000,1948,2,6,figure3-wide-r4-g-z00-a01,,,0.262353279906528,0.0,0,512,100,0,0.0,0.0,0.03699349820698568,0.1948,post_freeze_wide_round_4,transition,True,figure1bc|114514|holdout_figure1b|10000|1948,763e2724b2d1776e3bdb26712d3a2982a210e4c56e46cb75413f409d8f8b2091,d144e268e8c4dc6ad93a632d52d5ea9f15e1e898fe54a28cdb6150672691a5cb,ef3f0c89d96ab326ed5c33340210b37033e47b033e9f124811cce7c80ef83b87,False,ok
figure3-wide-r4-20260716T140249Z-99bbe7a-5418d4c3ceae,figure3g,holdout_figure1b,10000,1948,2,6,figure3-wide-r4-g-z00-a02,,,0.49155754774001204,0.0,0,958,100,0,0.0,0.0,0.03699349820698568,0.1948,post_freeze_wide_round_4,transition,True,figure1bc|114514|holdout_figure1b|10000|1948,763e2724b2d1776e3bdb26712d3a2982a210e4c56e46cb75413f409d8f8b2091,a72424c3c9e11e494b0ce98cfbafe83bca9ec0dff7336ef88893e26dd855c7b8,ef3f0c89d96ab326ed5c33340210b37033e47b033e9f124811cce7c80ef83b87,False,ok
figure3-wide-r4-20260716T140249Z-99bbe7a-5418d4c3ceae,figure3g,holdout_figure1b,10000,1948,2,6,figure3-wide-r4-g-z00-a03,,,0.7243668166820519,0.0,0,1412,100,0,0.0,0.0,0.03699349820698568,0.1948,post_freeze_wide_round_4,transition,True,figure1bc|114514|holdout_figure1b|10000|1948,763e2724b2d1776e3bdb26712d3a2982a210e4c56e46cb75413f409d8f8b2091,6b4e092d1d94b9e0465c5d72758dceff5cf2b59364b93ace3cd71fc85300a537,ef3f0c89d96ab326ed5c33340210b37033e47b033e9f124811cce7c80ef83b87,False,ok
figure3-wide-r4-20260716T140249Z-99bbe7a-5418d4c3ceae,figure3g,holdout_figure1b,10000,1948,2,6,figure3-wide-r4-g-z00-a04,,,0.8772052760707243,0.0,0,1709,100,0,0.0,0.0,0.03699349820698568,0.1948,post_freeze_wide_round_4,transition,True,figure1bc|114514|holdout_figure1b|10000|1948,763e2724b2d1776e3bdb26712d3a2982a210e4c56e46cb75413f409d8f8b2091,b3aafc58a2833feab0b5bcd15c30932bcefa4aea27f584033c5965d25ec8be1b,ef3f0c89d96ab326ed5c33340210b37033e47b033e9f124811cce7c80ef83b87,False,ok
figure3-wide-r4-20260716T140249Z-99bbe7a-5418d4c3ceae,figure3g,holdout_figure1b,10000,1948,2,6,figure3-wide-r4-g-z00-a05,,,0.9510248413914085,0.0,0,1853,100,0,0.0,0.0,0.03699349820698568,0.1948,post_freeze_wide_round_4,transition,True,figure1bc|114514|holdout_figure1b|10000|1948,763e2724b2d1776e3bdb26712d3a2982a210e4c56e46cb75413f409d8f8b2091,c41ff924c95bfb9d4db61158933887c38fd500b536035bcd9c0c1f82e39dd458,ef3f0c89d96ab326ed5c33340210b37033e47b033e9f124811cce7c80ef83b87,False,ok
figure3-wide-r4-20260716T140249Z-99bbe7a-5418d4c3ceae,figure3g,holdout_figure1b,10000,1948,2,6,figure3-wide-r4-g-z00-a06,,,0.9814074541817858,0.0,0,1912,100,0,0.0,0.0,0.03699349820698568,0.1948,post_freeze_wide_round_4,transition,True,figure1bc|114514|holdout_figure1b|10000|1948,763e2724b2d1776e3bdb26712d3a2982a210e4c56e46cb75413f409d8f8b2091,13a12f16ab1e456156f8444a2d398528f250db751b7030b27e806abdee19faeb,ef3f0c89d96ab326ed5c33340210b37033e47b033e9f124811cce7c80ef83b87,False,ok
figure3-wide-r4-20260716T140249Z-99bbe7a-5418d4c3ceae,figure3g,holdout_figure1b,10000,1948,2,6,figure3-wide-r4-g-z01-a00,,,0.11570232443340224,3.0,3,1518,100,0,0.0,0.0,0.03699349820698568,0.1948,post_freeze_wide_round_4,transition,True,figure1bc|114514|holdout_figure1b|10000|1948,763e2724b2d1776e3bdb26712d3a2982a210e4c56e46cb75413f409d8f8b2091,c61101c7c628504c46e40de65f7b6f0156541a99ed7329e6715bbf7242c6cf04,ef3f0c89d96ab326ed5c33340210b37033e47b033e9f124811cce7c80ef83b87,False,ok
figure3-wide-r4-20260716T140249Z-99bbe7a-5418d4c3ceae,figure3g,holdout_figure1b,10000,1948,2,6,figure3-wide-r4-g-z01-a01,,,0.262353279906528,3.0,3,1589,100,0,0.0,0.0,0.03699349820698568,0.1948,post_freeze_wide_round_4,transition,True,figure1bc|114514|holdout_figure1b|10000|1948,763e2724b2d1776e3bdb26712d3a2982a210e4c56e46cb75413f409d8f8b2091,869d8eedd3b6ea05645c786da1624ea3bfae624e31477bae27d19188e029b5a5,ef3f0c89d96ab326ed5c33340210b37033e47b033e9f124811cce7c80ef83b87,False,ok
figure3-wide-r4-20260716T140249Z-99bbe7a-5418d4c3ceae,figure3g,holdout_figure1b,10000,1948,2,6,figure3-wide-r4-g-z01-a02,,,0.49155754774001204,3.0,3,1701,100,27,0.27,0.1926958414957634,0.36432116767944994,0.1948,post_freeze_wide_round_4,transition,True,figure1bc|114514|holdout_figure1b|10000|1948,763e2724b2d1776e3bdb26712d3a2982a210e4c56e46cb75413f409d8f8b2091,152a66b2e2f7a0449389d4fcac457f5a1eeda444456ccc245f6dc22e6d876e3b,ef3f0c89d96ab326ed5c33340210b37033e47b033e9f124811cce7c80ef83b87,False,ok
figure3-wide-r4-20260716T140249Z-99bbe7a-5418d4c3ceae,figure3g,holdout_figure1b,10000,1948,2,6,figure3-wide-r4-g-z01-a03,,,0.7243668166820519,3.0,3,1814,100,100,1.0,0.9630065017930143,1.0,0.1948,post_freeze_wide_round_4,transition,True,figure1bc|114514|holdout_figure1b|10000|1948,763e2724b2d1776e3bdb26712d3a2982a210e4c56e46cb75413f409d8f8b2091,74db086eb065b6d6498581cf1658431763331fdef99d1b9bbf78f4be4e433281,ef3f0c89d96ab326ed5c33340210b37033e47b033e9f124811cce7c80ef83b87,False,ok
figure3-wide-r4-20260716T140249Z-99bbe7a-5418d4c3ceae,figure3g,holdout_figure1b,10000,1948,2,6,figure3-wide-r4-g-z01-a04,,,0.8772052760707243,3.0,3,1889,100,10,0.1,0.0552291370606751,0.17436566150491345,0.1948,post_freeze_wide_round_4,transition,True,figure1bc|114514|holdout_figure1b|10000|1948,763e2724b2d1776e3bdb26712d3a2982a210e4c56e46cb75413f409d8f8b2091,8eefcca63657e403b9471fc0eabb318f753c38a31d304840dc54a57ef1e9fb93,ef3f0c89d96ab326ed5c33340210b37033e47b033e9f124811cce7c80ef83b87,False,ok
figure3-wide-r4-20260716T140249Z-99bbe7a-5418d4c3ceae,figure3g,holdout_figure1b,10000,1948,2,6,figure3-wide-r4-g-z01-a05,,,0.9510248413914085,3.0,3,1925,100,0,0.0,0.0,0.03699349820698568,0.1948,post_freeze_wide_round_4,transition,True,figure1bc|114514|holdout_figure1b|10000|1948,763e2724b2d1776e3bdb26712d3a2982a210e4c56e46cb75413f409d8f8b2091,00887d9d1631d7eec706bda205bb9f6879601571d34096be1a13ec476aa2d3f3,ef3f0c89d96ab326ed5c33340210b37033e47b033e9f124811cce7c80ef83b87,False,ok
figure3-wide-r4-20260716T140249Z-99bbe7a-5418d4c3ceae,figure3g,holdout_figure1b,10000,1948,2,6,figure3-wide-r4-g-z01-a06,,,0.9814074541817858,3.0,3,1939,100,0,0.0,0.0,0.03699349820698568,0.1948,post_freeze_wide_round_4,transition,True,figure1bc|114514|holdout_figure1b|10000|1948,763e2724b2d1776e3bdb26712d3a2982a210e4c56e46cb75413f409d8f8b2091,1b20640f3e1870605aaaef81c8eaffd06f8c8e6ba31689566a54d47285386b7c,ef3f0c89d96ab326ed5c33340210b37033e47b033e9f124811cce7c80ef83b87,False,ok
figure3-wide-r4-20260716T140249Z-99bbe7a-5418d4c3ceae,figure3g,holdout_figure1b,10000,1948,2,6,figure3-wide-r4-g-z02-a00,,,0.11570232443340224,5.0,5,1662,100,0,0.0,0.0,0.03699349820698568,0.1948,post_freeze_wide_round_4,transition,True,figure1bc|114514|holdout_figure1b|10000|1948,763e2724b2d1776e3bdb26712d3a2982a210e4c56e46cb75413f409d8f8b2091,1c68866cfa3715be627e679643a98daea56ab0e2a73cec69e3bba92a70c09c45,ef3f0c89d96ab326ed5c33340210b37033e47b033e9f124811cce7c80ef83b87,False,ok
figure3-wide-r4-20260716T140249Z-99bbe7a-5418d4c3ceae,figure3g,holdout_figure1b,10000,1948,2,6,figure3-wide-r4-g-z02-a01,,,0.262353279906528,5.0,5,1710,100,0,0.0,0.0,0.03699349820698568,0.1948,post_freeze_wide_round_4,transition,True,figure1bc|114514|holdout_figure1b|10000|1948,763e2724b2d1776e3bdb26712d3a2982a210e4c56e46cb75413f409d8f8b2091,f13591b2cc0bd71ae52c289e15a2a9fea8dbf009744459ee7a9a55ccb9684305,ef3f0c89d96ab326ed5c33340210b37033e47b033e9f124811cce7c80ef83b87,False,ok
figure3-wide-r4-20260716T140249Z-99bbe7a-5418d4c3ceae,figure3g,holdout_figure1b,10000,1948,2,6,figure3-wide-r4-g-z02-a02,,,0.49155754774001204,5.0,5,1784,100,94,0.94,0.8752318455410406,0.9722138760368118,0.1948,post_freeze_wide_round_4,transition,True,figure1bc|114514|holdout_figure1b|10000|1948,763e2724b2d1776e3bdb26712d3a2982a210e4c56e46cb75413f409d8f8b2091,0c79ecc736a627d19639129ec801110577787508723f90994b390087cb71e103,ef3f0c89d96ab326ed5c33340210b37033e47b033e9f124811cce7c80ef83b87,False,ok
figure3-wide-r4-20260716T140249Z-99bbe7a-5418d4c3ceae,figure3g,holdout_figure1b,10000,1948,2,6,figure3-wide-r4-g-z02-a04,,,0.8772052760707243,5.0,5,1909,100,33,0.33,0.24563122734128034,0.4269465620490947,0.1948,post_freeze_wide_round_4,transition,True,figure1bc|114514|holdout_figure1b|10000|1948,763e2724b2d1776e3bdb26712d3a2982a210e4c56e46cb75413f409d8f8b2091,ca156e7f392942cb6e357a00ce1fb2e306262c24abaa65d95e707719a152b5cb,ef3f0c89d96ab326ed5c33340210b37033e47b033e9f124811cce7c80ef83b87,False,ok
figure3-wide-r4-20260716T140249Z-99bbe7a-5418d4c3ceae,figure3g,holdout_figure1b,10000,1948,2,6,figure3-wide-r4-g-z02-a05,,,0.9510248413914085,5.0,5,1933,100,2,0.02,0.00550196755016235,0.07001179072854388,0.1948,post_freeze_wide_round_4,transition,True,figure1bc|114514|holdout_figure1b|10000|1948,763e2724b2d1776e3bdb26712d3a2982a210e4c56e46cb75413f409d8f8b2091,8dcddecb97a9f4a8fb7c1685f5960eed475104881a36fb9c1cf15b762a7fc0b5,ef3f0c89d96ab326ed5c33340210b37033e47b033e9f124811cce7c80ef83b87,False,ok
figure3-wide-r4-20260716T140249Z-99bbe7a-5418d4c3ceae,figure3g,holdout_figure1b,10000,1948,2,6,figure3-wide-r4-g-z02-a06,,,0.9814074541817858,5.0,5,1942,100,0,0.0,0.0,0.03699349820698568,0.1948,post_freeze_wide_round_4,transition,True,figure1bc|114514|holdout_figure1b|10000|1948,763e2724b2d1776e3bdb26712d3a2982a210e4c56e46cb75413f409d8f8b2091,80e49b407ff364d81b1328f11469fda75e6e1a4c90b6b94fb3fb1918762496ea,ef3f0c89d96ab326ed5c33340210b37033e47b033e9f124811cce7c80ef83b87,False,ok
figure3-wide-r4-20260716T140249Z-99bbe7a-5418d4c3ceae,figure3g,holdout_figure1b,10000,1948,2,6,figure3-wide-r4-g-z03-a00,,,0.11570232443340224,8.0,8,1757,100,0,0.0,0.0,0.03699349820698568,0.1948,post_freeze_wide_round_4,transition,True,figure1bc|114514|holdout_figure1b|10000|1948,763e2724b2d1776e3bdb26712d3a2982a210e4c56e46cb75413f409d8f8b2091,d80cccc0e12966b30563d5f91b2d9805f65d9c2b44b501d9814a2d29d8c457de,ef3f0c89d96ab326ed5c33340210b37033e47b033e9f124811cce7c80ef83b87,False,ok
figure3-wide-r4-20260716T140249Z-99bbe7a-5418d4c3ceae,figure3g,holdout_figure1b,10000,1948,2,6,figure3-wide-r4-g-z03-a01,,,0.262353279906528,8.0,8,1789,100,14,0.14,0.08526343659939134,0.22137188210963837,0.1948,post_freeze_wide_round_4,transition,True,figure1bc|114514|holdout_figure1b|10000|1948,763e2724b2d1776e3bdb26712d3a2982a210e4c56e46cb75413f409d8f8b2091,fa75f3f4378e59bc13060df3e8d33d0aafe13052c5dcef454c27dffc383cc162,ef3f0c89d96ab326ed5c33340210b37033e47b033e9f124811cce7c80ef83b87,False,ok
figure3-wide-r4-20260716T140249Z-99bbe7a-5418d4c3ceae,figure3g,holdout_figure1b,10000,1948,2,6,figure3-wide-r4-g-z03-a02,,,0.49155754774001204,8.0,8,1839,100,90,0.9,0.8256343384950865,0.9447708629393249,0.1948,post_freeze_wide_round_4,transition,True,figure1bc|114514|holdout_figure1b|10000|1948,763e2724b2d1776e3bdb26712d3a2982a210e4c56e46cb75413f409d8f8b2091,481b5c055f7afa5523a79875d7df1ba6288349f0e45b5e638aea1dd68e205bd7,ef3f0c89d96ab326ed5c33340210b37033e47b033e9f124811cce7c80ef83b87,False,ok
figure3-wide-r4-20260716T140249Z-99bbe7a-5418d4c3ceae,figure3g,holdout_figure1b,10000,1948,2,6,figure3-wide-r4-g-z03-a03,,,0.7243668166820519,8.0,8,1889,100,100,1.0,0.9630065017930143,1.0,0.1948,post_freeze_wide_round_4,transition,True,figure1bc|114514|holdout_figure1b|10000|1948,763e2724b2d1776e3bdb26712d3a2982a210e4c56e46cb75413f409d8f8b2091,0eb15b23e77d634d5be0177850139b20f49234f7b9a89aaff1bbfbd25e9e7a72,ef3f0c89d96ab326ed5c33340210b37033e47b033e9f124811cce7c80ef83b87,False,ok
figure3-wide-r4-20260716T140249Z-99bbe7a-5418d4c3ceae,figure3g,holdout_figure1b,10000,1948,2,6,figure3-wide-r4-g-z03-a04,,,0.8772052760707243,8.0,8,1922,100,51,0.51,0.4134801193402717,0.6057800106955886,0.1948,post_freeze_wide_round_4,transition,True,figure1bc|114514|holdout_figure1b|10000|1948,763e2724b2d1776e3bdb26712d3a2982a210e4c56e46cb75413f409d8f8b2091,285a932927e5429ad10370449396a57a6778d0a3a969cd4582f60f855dab6470,ef3f0c89d96ab326ed5c33340210b37033e47b033e9f124811cce7c80ef83b87,False,ok
figure3-wide-r4-20260716T140249Z-99bbe7a-5418d4c3ceae,figure3g,holdout_figure1b,10000,1948,2,6,figure3-wide-r4-g-z03-a05,,,0.9510248413914085,8.0,8,1938,100,4,0.04,0.01566330399154762,0.0983707143588792,0.1948,post_freeze_wide_round_4,transition,True,figure1bc|114514|holdout_figure1b|10000|1948,763e2724b2d1776e3bdb26712d3a2982a210e4c56e46cb75413f409d8f8b2091,14d8b32288466f0541612a3f6d94960eee367018c9f9d93fb6ef451b0d5b92af,ef3f0c89d96ab326ed5c33340210b37033e47b033e9f124811cce7c80ef83b87,False,ok
figure3-wide-r4-20260716T140249Z-99bbe7a-5418d4c3ceae,figure3g,holdout_figure1b,10000,1948,2,6,figure3-wide-r4-g-z03-a06,,,0.9814074541817858,8.0,8,1944,100,2,0.02,0.00550196755016235,0.07001179072854388,0.1948,post_freeze_wide_round_4,transition,True,figure1bc|114514|holdout_figure1b|10000|1948,763e2724b2d1776e3bdb26712d3a2982a210e4c56e46cb75413f409d8f8b2091,dc1c3157742b49df002c0413f70cac7d625a5ca355b881e76a781354d79d3bd0,ef3f0c89d96ab326ed5c33340210b37033e47b033e9f124811cce7c80ef83b87,False,ok
figure3-wide-r4-20260716T140249Z-99bbe7a-5418d4c3ceae,figure3g,holdout_figure1b,10000,1948,2,6,figure3-wide-r4-g-z04-a00,,,0.11570232443340224,13.0,13,1826,100,8,0.08,0.041093461484380624,0.14998107700948735,0.1948,post_freeze_wide_round_4,transition,True,figure1bc|114514|holdout_figure1b|10000|1948,763e2724b2d1776e3bdb26712d3a2982a210e4c56e46cb75413f409d8f8b2091,174f3156ea7c0953219fc8d7a5fdfa40ee627b2c256db52e028b6fdbf3f6f185,ef3f0c89d96ab326ed5c33340210b37033e47b033e9f124811cce7c80ef83b87,False,ok
figure3-wide-r4-20260716T140249Z-99bbe7a-5418d4c3ceae,figure3g,holdout_figure1b,10000,1948,2,6,figure3-wide-r4-g-z04-a01,,,0.262353279906528,13.0,13,1846,100,25,0.25,0.17545211362287672,0.34304463548061603,0.1948,post_freeze_wide_round_4,transition,True,figure1bc|114514|holdout_figure1b|10000|1948,763e2724b2d1776e3bdb26712d3a2982a210e4c56e46cb75413f409d8f8b2091,375a89644017de944976ab40f9c4c0c2a4fe80e44895ae1e6a9bbfaa74484533,ef3f0c89d96ab326ed5c33340210b37033e47b033e9f124811cce7c80ef83b87,False,ok
figure3-wide-r4-20260716T140249Z-99bbe7a-5418d4c3ceae,figure3g,holdout_figure1b,10000,1948,2,6,figure3-wide-r4-g-z04-a02,,,0.49155754774001204,13.0,13,1878,100,68,0.68,0.5833738138954762,0.7633085267500092,0.1948,post_freeze_wide_round_4,transition,True,figure1bc|114514|holdout_figure1b|10000|1948,763e2724b2d1776e3bdb26712d3a2982a210e4c56e46cb75413f409d8f8b2091,77fc310159772af65f538f71a5a94806a675ac3a7d0a7d514acff21868d8c386,ef3f0c89d96ab326ed5c33340210b37033e47b033e9f124811cce7c80ef83b87,False,ok
figure3-wide-r4-20260716T140249Z-99bbe7a-5418d4c3ceae,figure3g,holdout_figure1b,10000,1948,2,6,figure3-wide-r4-g-z04-a03,,,0.7243668166820519,13.0,13,1910,100,91,0.91,0.837737871472837,0.9519274599974348,0.1948,post_freeze_wide_round_4,transition,True,figure1bc|114514|holdout_figure1b|10000|1948,763e2724b2d1776e3bdb26712d3a2982a210e4c56e46cb75413f409d8f8b2091,00aca21de1693061d8bb1004937a10153284c69680f5d8f0e5d49d796e547246,ef3f0c89d96ab326ed5c33340210b37033e47b033e9f124811cce7c80ef83b87,False,ok
figure3-wide-r4-20260716T140249Z-99bbe7a-5418d4c3ceae,figure3g,holdout_figure1b,10000,1948,2,6,figure3-wide-r4-g-z04-a04,,,0.8772052760707243,13.0,13,1931,100,59,0.59,0.4920143005341078,0.6813268697886348,0.1948,post_freeze_wide_round_4,transition,True,figure1bc|114514|holdout_figure1b|10000|1948,763e2724b2d1776e3bdb26712d3a2982a210e4c56e46cb75413f409d8f8b2091,401939d4dee87e1768c7f983109260e629fbba180329776ae109f9814a371d1d,ef3f0c89d96ab326ed5c33340210b37033e47b033e9f124811cce7c80ef83b87,False,ok
figure3-wide-r4-20260716T140249Z-99bbe7a-5418d4c3ceae,figure3g,holdout_figure1b,10000,1948,2,6,figure3-wide-r4-g-z04-a05,,,0.9510248413914085,13.0,13,1942,100,18,0.18,0.1170022549894635,0.2666735838630073,0.1948,post_freeze_wide_round_4,transition,True,figure1bc|114514|holdout_figure1b|10000|1948,763e2724b2d1776e3bdb26712d3a2982a210e4c56e46cb75413f409d8f8b2091,6ea292e6b79b2160ead0b680577d10673c7a010d2be4b7d826ea117d95d8494b,ef3f0c89d96ab326ed5c33340210b37033e47b033e9f124811cce7c80ef83b87,False,ok
figure3-wide-r4-20260716T140249Z-99bbe7a-5418d4c3ceae,figure3g,holdout_figure1b,10000,1948,2,6,figure3-wide-r4-g-z04-a06,,,0.9814074541817858,13.0,13,1946,100,23,0.23,0.15843265880303448,0.3215438302287378,0.1948,post_freeze_wide_round_4,transition,True,figure1bc|114514|holdout_figure1b|10000|1948,763e2724b2d1776e3bdb26712d3a2982a210e4c56e46cb75413f409d8f8b2091,1178b75df28cc99e48b8bf8fa1c9025ccbc5763e06a284ddd72a7d8d82ed5bb3,ef3f0c89d96ab326ed5c33340210b37033e47b033e9f124811cce7c80ef83b87,False,ok
figure3-wide-r4-20260716T140249Z-99bbe7a-5418d4c3ceae,figure3g,holdout_figure1b,10000,1948,2,6,figure3-wide-r4-g-z05-a00,,,0.11570232443340224,20.0,20,1867,100,3,0.03,0.010254524024038925,0.0845193642905276,0.1948,post_freeze_wide_round_4,transition,True,figure1bc|114514|holdout_figure1b|10000|1948,763e2724b2d1776e3bdb26712d3a2982a210e4c56e46cb75413f409d8f8b2091,70cc54e5ee142b805bc0851e1a970079b924b771bba088f4062164fae1c5ff57,ef3f0c89d96ab326ed5c33340210b37033e47b033e9f124811cce7c80ef83b87,False,ok
figure3-wide-r4-20260716T140249Z-99bbe7a-5418d4c3ceae,figure3g,holdout_figure1b,10000,1948,2,6,figure3-wide-r4-g-z05-a01,,,0.262353279906528,20.0,20,1881,100,9,0.09,0.04807254000256516,0.1622621285271631,0.1948,post_freeze_wide_round_4,transition,True,figure1bc|114514|holdout_figure1b|10000|1948,763e2724b2d1776e3bdb26712d3a2982a210e4c56e46cb75413f409d8f8b2091,fd3d37d764db0f8ca945049d02109f31619b1ed470816b36a0d0cb73140ffd05,ef3f0c89d96ab326ed5c33340210b37033e47b033e9f124811cce7c80ef83b87,False,ok
figure3-wide-r4-20260716T140249Z-99bbe7a-5418d4c3ceae,figure3g,holdout_figure1b,10000,1948,2,6,figure3-wide-r4-g-z05-a02,,,0.49155754774001204,20.0,20,1902,100,23,0.23,0.15843265880303448,0.3215438302287378,0.1948,post_freeze_wide_round_4,transition,True,figure1bc|114514|holdout_figure1b|10000|1948,763e2724b2d1776e3bdb26712d3a2982a210e4c56e46cb75413f409d8f8b2091,5a34ad2ca68f0a20f1c50339216c2718d8e89ba812179240b36dfd68ea1a1062,ef3f0c89d96ab326ed5c33340210b37033e47b033e9f124811cce7c80ef83b87,False,ok
figure3-wide-r4-20260716T140249Z-99bbe7a-5418d4c3ceae,figure3g,holdout_figure1b,10000,1948,2,6,figure3-wide-r4-g-z05-a03,,,0.7243668166820519,20.0,20,1923,100,47,0.47,0.3751081795934127,0.5671114302990063,0.1948,post_freeze_wide_round_4,transition,True,figure1bc|114514|holdout_figure1b|10000|1948,763e2724b2d1776e3bdb26712d3a2982a210e4c56e46cb75413f409d8f8b2091,82f5b09a11adb12d379f184675b679c422e0a41dcec98797976a4c19910320ad,ef3f0c89d96ab326ed5c33340210b37033e47b033e9f124811cce7c80ef83b87,False,ok
figure3-wide-r4-20260716T140249Z-99bbe7a-5418d4c3ceae,figure3g,holdout_figure1b,10000,1948,2,6,figure3-wide-r4-g-z05-a04,,,0.8772052760707243,20.0,20,1937,100,34,0.34,0.25461520797348164,0.43722271145275377,0.1948,post_freeze_wide_round_4,transition,True,figure1bc|114514|holdout_figure1b|10000|1948,763e2724b2d1776e3bdb26712d3a2982a210e4c56e46cb75413f409d8f8b2091,0e466d97c888dda9f66fda04235820b481c2e4fa8f5003f621ee2f793b7fb02e,ef3f0c89d96ab326ed5c33340210b37033e47b033e9f124811cce7c80ef83b87,False,ok
figure3-wide-r4-20260716T140249Z-99bbe7a-5418d4c3ceae,figure3g,holdout_figure1b,10000,1948,2,6,figure3-wide-r4-g-z05-a05,,,0.9510248413914085,20.0,20,1944,100,38,0.38,0.29097599252478734,0.47790244704488916,0.1948,post_freeze_wide_round_4,transition,True,figure1bc|114514|holdout_figure1b|10000|1948,763e2724b2d1776e3bdb26712d3a2982a210e4c56e46cb75413f409d8f8b2091,016eac1742e94f04259a53e49616bfe6022d7a930edff749630c92f524b1e1f4,ef3f0c89d96ab326ed5c33340210b37033e47b033e9f124811cce7c80ef83b87,False,ok
figure3-wide-r4-20260716T140249Z-99bbe7a-5418d4c3ceae,figure3g,holdout_figure1b,10000,1948,2,6,figure3-wide-r4-g-z05-a06,,,0.9814074541817858,20.0,20,1947,100,26,0.26,0.18404698464748132,0.3537098944918718,0.1948,post_freeze_wide_round_4,transition,True,figure1bc|114514|holdout_figure1b|10000|1948,763e2724b2d1776e3bdb26712d3a2982a210e4c56e46cb75413f409d8f8b2091,1bbef197e2013925dd870cdf7dd9ed8d628651bff01f863d3fa3b07166bc065a,ef3f0c89d96ab326ed5c33340210b37033e47b033e9f124811cce7c80ef83b87,False,ok
figure3-wide-r4-20260716T140249Z-99bbe7a-5418d4c3ceae,figure3g,holdout_figure1b,10000,1948,2,6,figure3-wide-r4-g-z06-a00,,,0.11570232443340224,30.0,30,1894,100,1,0.01,0.0017674320641406505,0.054486196178705315,0.1948,post_freeze_wide_round_4,transition,True,figure1bc|114514|holdout_figure1b|10000|1948,763e2724b2d1776e3bdb26712d3a2982a210e4c56e46cb75413f409d8f8b2091,186db4ecd9e762977b33597a5ac4e2eab25e1595c662aed4a3963b725573d81a,ef3f0c89d96ab326ed5c33340210b37033e47b033e9f124811cce7c80ef83b87,False,ok
figure3-wide-r4-20260716T140249Z-99bbe7a-5418d4c3ceae,figure3g,holdout_figure1b,10000,1948,2,6,figure3-wide-r4-g-z06-a01,,,0.262353279906528,30.0,30,1903,100,0,0.0,0.0,0.03699349820698568,0.1948,post_freeze_wide_round_4,transition,True,figure1bc|114514|holdout_figure1b|10000|1948,763e2724b2d1776e3bdb26712d3a2982a210e4c56e46cb75413f409d8f8b2091,015fb74436baa8cf9fbc7e6550f1a20f4e60809c9eb89e6af2a5d86ec9926f8b,ef3f0c89d96ab326ed5c33340210b37033e47b033e9f124811cce7c80ef83b87,False,ok
figure3-wide-r4-20260716T140249Z-99bbe7a-5418d4c3ceae,figure3g,holdout_figure1b,10000,1948,2,6,figure3-wide-r4-g-z06-a02,,,0.49155754774001204,30.0,30,1917,100,0,0.0,0.0,0.03699349820698568,0.1948,post_freeze_wide_round_4,transition,True,figure1bc|114514|holdout_figure1b|10000|1948,763e2724b2d1776e3bdb26712d3a2982a210e4c56e46cb75413f409d8f8b2091,26cb123d4ec3cc37d3df60db870fb5b5dd1888ba7a5c1233893ad50b2b884198,ef3f0c89d96ab326ed5c33340210b37033e47b033e9f124811cce7c80ef83b87,False,ok
figure3-wide-r4-20260716T140249Z-99bbe7a-5418d4c3ceae,figure3g,holdout_figure1b,10000,1948,2,6,figure3-wide-r4-g-z06-a03,,,0.7243668166820519,30.0,30,1931,100,5,0.05,0.02154367915436796,0.11175046923191913,0.1948,post_freeze_wide_round_4,transition,True,figure1bc|114514|holdout_figure1b|10000|1948,763e2724b2d1776e3bdb26712d3a2982a210e4c56e46cb75413f409d8f8b2091,9459dd51697c440bf14f4356aaf129204e83ab0e7f21f2779323b1e0ae1b7a56,ef3f0c89d96ab326ed5c33340210b37033e47b033e9f124811cce7c80ef83b87,False,ok
figure3-wide-r4-20260716T140249Z-99bbe7a-5418d4c3ceae,figure3g,holdout_figure1b,10000,1948,2,6,figure3-wide-r4-g-z06-a04,,,0.8772052760707243,30.0,30,1941,100,8,0.08,0.041093461484380624,0.14998107700948735,0.1948,post_freeze_wide_round_4,transition,True,figure1bc|114514|holdout_figure1b|10000|1948,763e2724b2d1776e3bdb26712d3a2982a210e4c56e46cb75413f409d8f8b2091,7b53e32dd8e51f27b35fcbe811f318b794664bbdfe259b1e463f7e58e95f19be,ef3f0c89d96ab326ed5c33340210b37033e47b033e9f124811cce7c80ef83b87,False,ok
figure3-wide-r4-20260716T140249Z-99bbe7a-5418d4c3ceae,figure3g,holdout_figure1b,10000,1948,2,6,figure3-wide-r4-g-z06-a05,,,0.9510248413914085,30.0,30,1945,100,3,0.03,0.010254524024038925,0.0845193642905276,0.1948,post_freeze_wide_round_4,transition,True,figure1bc|114514|holdout_figure1b|10000|1948,763e2724b2d1776e3bdb26712d3a2982a210e4c56e46cb75413f409d8f8b2091,3cd13163bbff059e5373c1666dae76b9b028654d488b6595dd573e06acf4fa61,ef3f0c89d96ab326ed5c33340210b37033e47b033e9f124811cce7c80ef83b87,False,ok
figure3-wide-r4-20260716T140249Z-99bbe7a-5418d4c3ceae,figure3g,holdout_figure1b,10000,1948,2,6,figure3-wide-r4-g-z06-a06,,,0.9814074541817858,30.0,30,1947,100,2,0.02,0.00550196755016235,0.07001179072854388,0.1948,post_freeze_wide_round_4,transition,True,figure1bc|114514|holdout_figure1b|10000|1948,763e2724b2d1776e3bdb26712d3a2982a210e4c56e46cb75413f409d8f8b2091,46d983a31ba8a129bef6fbc268c7a664ff340ce462ee6776569f0f0b1bca7f35,ef3f0c89d96ab326ed5c33340210b37033e47b033e9f124811cce7c80ef83b87,False,ok
figure3-wide-r4-20260716T140249Z-99bbe7a-5418d4c3ceae,figure3g,holdout_figure1b,10000,1948,2,6,frozen-prediction,0.875,0.9,0.7243668166820519,4.760579559155621,5,1859,100,100,1.0,0.9630065017930143,1.0,0.1948,post_freeze_wide_round_4,transition,True,figure1bc|114514|holdout_figure1b|10000|1948,763e2724b2d1776e3bdb26712d3a2982a210e4c56e46cb75413f409d8f8b2091,7c5a598de8ba513c2281dd6c36c845420c17cfc8b1634ceb9980ca707573447b,ef3f0c89d96ab326ed5c33340210b37033e47b033e9f124811cce7c80ef83b87,True,ok
figure3-wide-r4-20260716T140249Z-99bbe7a-5418d4c3ceae,figure3h,holdout_figure1b,10000,2036,2,6,figure3-wide-r4-h-z00-a00,,,0.11570232443340224,0.0,0,236,100,67,0.67,0.5730534379509052,0.7543687726587197,0.2036,post_freeze_wide_round_4,transition,True,figure1bc|114514|holdout_figure1b|10000|2036,cb985cbeabd16d6310f98ee1ba823dfaf41a5d9a68c25d058546cd59159c986b,7b79e23318a6f3d5f91bafab981fa7e9d85a7948552d014204f343b590b5e5d5,ef3f0c89d96ab326ed5c33340210b37033e47b033e9f124811cce7c80ef83b87,False,ok
figure3-wide-r4-20260716T140249Z-99bbe7a-5418d4c3ceae,figure3h,holdout_figure1b,10000,2036,2,6,figure3-wide-r4-h-z00-a01,,,0.262353279906528,0.0,0,535,100,65,0.65,0.5525444329688796,0.7363575175690247,0.2036,post_freeze_wide_round_4,transition,True,figure1bc|114514|holdout_figure1b|10000|2036,cb985cbeabd16d6310f98ee1ba823dfaf41a5d9a68c25d058546cd59159c986b,a42e89975de52f417325b2a4ab6b25ae8c0fbef7f1b56f401e44942bc69b6e3e,ef3f0c89d96ab326ed5c33340210b37033e47b033e9f124811cce7c80ef83b87,False,ok
figure3-wide-r4-20260716T140249Z-99bbe7a-5418d4c3ceae,figure3h,holdout_figure1b,10000,2036,2,6,figure3-wide-r4-h-z00-a02,,,0.49155754774001204,0.0,0,1001,100,70,0.7,0.6041514536665332,0.7810511470506724,0.2036,post_freeze_wide_round_4,transition,True,figure1bc|114514|holdout_figure1b|10000|2036,cb985cbeabd16d6310f98ee1ba823dfaf41a5d9a68c25d058546cd59159c986b,eaacf33ab067fd36916b6d5b8cc1a55a8813ec5c869319fd0dd8cbcf6cdc8c27,ef3f0c89d96ab326ed5c33340210b37033e47b033e9f124811cce7c80ef83b87,False,ok
figure3-wide-r4-20260716T140249Z-99bbe7a-5418d4c3ceae,figure3h,holdout_figure1b,10000,2036,2,6,figure3-wide-r4-h-z00-a03,,,0.7243668166820519,0.0,0,1475,100,72,0.72,0.6251197129007884,0.7986031478881379,0.2036,post_freeze_wide_round_4,transition,True,figure1bc|114514|holdout_figure1b|10000|2036,cb985cbeabd16d6310f98ee1ba823dfaf41a5d9a68c25d058546cd59159c986b,892ee9404e7c1b4c8aa290494de5225681d618749d347494d51cf08de1a2e531,ef3f0c89d96ab326ed5c33340210b37033e47b033e9f124811cce7c80ef83b87,False,ok
figure3-wide-r4-20260716T140249Z-99bbe7a-5418d4c3ceae,figure3h,holdout_figure1b,10000,2036,2,6,figure3-wide-r4-h-z00-a04,,,0.8772052760707243,0.0,0,1786,100,56,0.56,0.4622810465167699,0.6532797336983921,0.2036,post_freeze_wide_round_4,transition,True,figure1bc|114514|holdout_figure1b|10000|2036,cb985cbeabd16d6310f98ee1ba823dfaf41a5d9a68c25d058546cd59159c986b,6590347ce2c384e7f753a012aa189dd92f2ada3291e04cff2db27c4db0d342e0,ef3f0c89d96ab326ed5c33340210b37033e47b033e9f124811cce7c80ef83b87,False,ok
figure3-wide-r4-20260716T140249Z-99bbe7a-5418d4c3ceae,figure3h,holdout_figure1b,10000,2036,2,6,figure3-wide-r4-h-z00-a05,,,0.9510248413914085,0.0,0,1937,100,62,0.62,0.5220975529551107,0.7090240074752127,0.2036,post_freeze_wide_round_4,transition,True,figure1bc|114514|holdout_figure1b|10000|2036,cb985cbeabd16d6310f98ee1ba823dfaf41a5d9a68c25d058546cd59159c986b,fbbf392c9e484a0d93cf1f6e0a1a1540f0207d748074d0371c546e08c059bf41,ef3f0c89d96ab326ed5c33340210b37033e47b033e9f124811cce7c80ef83b87,False,ok
figure3-wide-r4-20260716T140249Z-99bbe7a-5418d4c3ceae,figure3h,holdout_figure1b,10000,2036,2,6,figure3-wide-r4-h-z00-a06,,,0.9814074541817858,0.0,0,1999,100,69,0.69,0.5937394428051057,0.7722030278762395,0.2036,post_freeze_wide_round_4,transition,True,figure1bc|114514|holdout_figure1b|10000|2036,cb985cbeabd16d6310f98ee1ba823dfaf41a5d9a68c25d058546cd59159c986b,19e1daf140bd610546a444413d47a534ef0032ef7f1daed418f00924c0c20b81,ef3f0c89d96ab326ed5c33340210b37033e47b033e9f124811cce7c80ef83b87,False,ok
figure3-wide-r4-20260716T140249Z-99bbe7a-5418d4c3ceae,figure3h,holdout_figure1b,10000,2036,2,6,figure3-wide-r4-h-z01-a00,,,0.11570232443340224,3.0,3,1586,100,0,0.0,0.0,0.03699349820698568,0.2036,post_freeze_wide_round_4,transition,True,figure1bc|114514|holdout_figure1b|10000|2036,cb985cbeabd16d6310f98ee1ba823dfaf41a5d9a68c25d058546cd59159c986b,66617d907cdd72539edf1cbfb35410eb047401d4a4fe6627c6dd50583a42308f,ef3f0c89d96ab326ed5c33340210b37033e47b033e9f124811cce7c80ef83b87,False,ok
figure3-wide-r4-20260716T140249Z-99bbe7a-5418d4c3ceae,figure3h,holdout_figure1b,10000,2036,2,6,figure3-wide-r4-h-z01-a01,,,0.262353279906528,3.0,3,1661,100,1,0.01,0.0017674320641406505,0.054486196178705315,0.2036,post_freeze_wide_round_4,transition,True,figure1bc|114514|holdout_figure1b|10000|2036,cb985cbeabd16d6310f98ee1ba823dfaf41a5d9a68c25d058546cd59159c986b,daa1d13f2af14e068bf76cdc39166b32c0431188110b6d4b311f2a7a443cea27,ef3f0c89d96ab326ed5c33340210b37033e47b033e9f124811cce7c80ef83b87,False,ok
figure3-wide-r4-20260716T140249Z-99bbe7a-5418d4c3ceae,figure3h,holdout_figure1b,10000,2036,2,6,figure3-wide-r4-h-z01-a02,,,0.49155754774001204,3.0,3,1778,100,100,1.0,0.9630065017930143,1.0,0.2036,post_freeze_wide_round_4,transition,True,figure1bc|114514|holdout_figure1b|10000|2036,cb985cbeabd16d6310f98ee1ba823dfaf41a5d9a68c25d058546cd59159c986b,bb4edaef539494e53b38a4f18d916d4dced91994a064500845388b202dbcac0f,ef3f0c89d96ab326ed5c33340210b37033e47b033e9f124811cce7c80ef83b87,False,ok
figure3-wide-r4-20260716T140249Z-99bbe7a-5418d4c3ceae,figure3h,holdout_figure1b,10000,2036,2,6,figure3-wide-r4-h-z01-a03,,,0.7243668166820519,3.0,3,1896,100,100,1.0,0.9630065017930143,1.0,0.2036,post_freeze_wide_round_4,transition,True,figure1bc|114514|holdout_figure1b|10000|2036,cb985cbeabd16d6310f98ee1ba823dfaf41a5d9a68c25d058546cd59159c986b,81debfcbb69287b54804eeda7109bc23f6f7f4c13fd630c1ba53f9c48de123df,ef3f0c89d96ab326ed5c33340210b37033e47b033e9f124811cce7c80ef83b87,False,ok
figure3-wide-r4-20260716T140249Z-99bbe7a-5418d4c3ceae,figure3h,holdout_figure1b,10000,2036,2,6,figure3-wide-r4-h-z01-a04,,,0.8772052760707243,3.0,3,1974,100,100,1.0,0.9630065017930143,1.0,0.2036,post_freeze_wide_round_4,transition,True,figure1bc|114514|holdout_figure1b|10000|2036,cb985cbeabd16d6310f98ee1ba823dfaf41a5d9a68c25d058546cd59159c986b,41266fc17ab6ec8f882b339a282dc516e4d4302f86c41d117a0cd0739368829f,ef3f0c89d96ab326ed5c33340210b37033e47b033e9f124811cce7c80ef83b87,False,ok
figure3-wide-r4-20260716T140249Z-99bbe7a-5418d4c3ceae,figure3h,holdout_figure1b,10000,2036,2,6,figure3-wide-r4-h-z01-a05,,,0.9510248413914085,3.0,3,2012,100,93,0.93,0.8625048526092651,0.9656807389327273,0.2036,post_freeze_wide_round_4,transition,True,figure1bc|114514|holdout_figure1b|10000|2036,cb985cbeabd16d6310f98ee1ba823dfaf41a5d9a68c25d058546cd59159c986b,7b2484bf85acedbf81e50284553b96291a000dc7ee7dcf977f814fdf02cb584c,ef3f0c89d96ab326ed5c33340210b37033e47b033e9f124811cce7c80ef83b87,False,ok
figure3-wide-r4-20260716T140249Z-99bbe7a-5418d4c3ceae,figure3h,holdout_figure1b,10000,2036,2,6,figure3-wide-r4-h-z01-a06,,,0.9814074541817858,3.0,3,2027,100,80,0.8,0.7111708344068411,0.8666330666689676,0.2036,post_freeze_wide_round_4,transition,True,figure1bc|114514|holdout_figure1b|10000|2036,cb985cbeabd16d6310f98ee1ba823dfaf41a5d9a68c25d058546cd59159c986b,c3633ba4c3835ec099ff487d6e128a186b59dc740dfdf2b2dd4bea7db7692fdc,ef3f0c89d96ab326ed5c33340210b37033e47b033e9f124811cce7c80ef83b87,False,ok
figure3-wide-r4-20260716T140249Z-99bbe7a-5418d4c3ceae,figure3h,holdout_figure1b,10000,2036,2,6,figure3-wide-r4-h-z02-a00,,,0.11570232443340224,5.0,5,1737,100,12,0.12,0.06999406437019488,0.19812099426711421,0.2036,post_freeze_wide_round_4,transition,True,figure1bc|114514|holdout_figure1b|10000|2036,cb985cbeabd16d6310f98ee1ba823dfaf41a5d9a68c25d058546cd59159c986b,7da42069070edd3a916b2e2b969f7a3602a43c6ea986d856edb419a804f65393,ef3f0c89d96ab326ed5c33340210b37033e47b033e9f124811cce7c80ef83b87,False,ok
figure3-wide-r4-20260716T140249Z-99bbe7a-5418d4c3ceae,figure3h,holdout_figure1b,10000,2036,2,6,figure3-wide-r4-h-z02-a01,,,0.262353279906528,5.0,5,1786,100,91,0.91,0.837737871472837,0.9519274599974348,0.2036,post_freeze_wide_round_4,transition,True,figure1bc|114514|holdout_figure1b|10000|2036,cb985cbeabd16d6310f98ee1ba823dfaf41a5d9a68c25d058546cd59159c986b,17c1597ace07b588c8f374de7cd2b74f3957bae604e7610f8f2dbe16e7a0147a,ef3f0c89d96ab326ed5c33340210b37033e47b033e9f124811cce7c80ef83b87,False,ok
figure3-wide-r4-20260716T140249Z-99bbe7a-5418d4c3ceae,figure3h,holdout_figure1b,10000,2036,2,6,figure3-wide-r4-h-z02-a02,,,0.49155754774001204,5.0,5,1864,100,100,1.0,0.9630065017930143,1.0,0.2036,post_freeze_wide_round_4,transition,True,figure1bc|114514|holdout_figure1b|10000|2036,cb985cbeabd16d6310f98ee1ba823dfaf41a5d9a68c25d058546cd59159c986b,d1af93ea4f09d681a7d5eb88d1594f33c788d8e73957f63b02a6ea3c3d61e92c,ef3f0c89d96ab326ed5c33340210b37033e47b033e9f124811cce7c80ef83b87,False,ok
figure3-wide-r4-20260716T140249Z-99bbe7a-5418d4c3ceae,figure3h,holdout_figure1b,10000,2036,2,6,figure3-wide-r4-h-z02-a04,,,0.8772052760707243,5.0,5,1995,100,100,1.0,0.9630065017930143,1.0,0.2036,post_freeze_wide_round_4,transition,True,figure1bc|114514|holdout_figure1b|10000|2036,cb985cbeabd16d6310f98ee1ba823dfaf41a5d9a68c25d058546cd59159c986b,376e26009a3f512840bca11a4d074b574770543ccd620de1a6c8d3c1cb0ddd2d,ef3f0c89d96ab326ed5c33340210b37033e47b033e9f124811cce7c80ef83b87,False,ok
figure3-wide-r4-20260716T140249Z-99bbe7a-5418d4c3ceae,figure3h,holdout_figure1b,10000,2036,2,6,figure3-wide-r4-h-z02-a05,,,0.9510248413914085,5.0,5,2020,100,95,0.95,0.8882495307680808,0.9784563208456319,0.2036,post_freeze_wide_round_4,transition,True,figure1bc|114514|holdout_figure1b|10000|2036,cb985cbeabd16d6310f98ee1ba823dfaf41a5d9a68c25d058546cd59159c986b,687ebdd5f83da4576d2cffc9545473a85ab41a2a295125d1c537d725eef86c38,ef3f0c89d96ab326ed5c33340210b37033e47b033e9f124811cce7c80ef83b87,False,ok
figure3-wide-r4-20260716T140249Z-99bbe7a-5418d4c3ceae,figure3h,holdout_figure1b,10000,2036,2,6,figure3-wide-r4-h-z02-a06,,,0.9814074541817858,5.0,5,2030,100,94,0.94,0.8752318455410406,0.9722138760368118,0.2036,post_freeze_wide_round_4,transition,True,figure1bc|114514|holdout_figure1b|10000|2036,cb985cbeabd16d6310f98ee1ba823dfaf41a5d9a68c25d058546cd59159c986b,26f1ebb05e5a8b26888db862445b68c34ad8fb7134103efa79ed7e65cdae2268,ef3f0c89d96ab326ed5c33340210b37033e47b033e9f124811cce7c80ef83b87,False,ok
figure3-wide-r4-20260716T140249Z-99bbe7a-5418d4c3ceae,figure3h,holdout_figure1b,10000,2036,2,6,figure3-wide-r4-h-z03-a00,,,0.11570232443340224,8.0,8,1837,100,95,0.95,0.8882495307680808,0.9784563208456319,0.2036,post_freeze_wide_round_4,transition,True,figure1bc|114514|holdout_figure1b|10000|2036,cb985cbeabd16d6310f98ee1ba823dfaf41a5d9a68c25d058546cd59159c986b,cc4c8a4b56379228fa0b3108021fc7f03d02a054f7915fec8fdf3d277169836a,ef3f0c89d96ab326ed5c33340210b37033e47b033e9f124811cce7c80ef83b87,False,ok
figure3-wide-r4-20260716T140249Z-99bbe7a-5418d4c3ceae,figure3h,holdout_figure1b,10000,2036,2,6,figure3-wide-r4-h-z03-a01,,,0.262353279906528,8.0,8,1870,100,100,1.0,0.9630065017930143,1.0,0.2036,post_freeze_wide_round_4,transition,True,figure1bc|114514|holdout_figure1b|10000|2036,cb985cbeabd16d6310f98ee1ba823dfaf41a5d9a68c25d058546cd59159c986b,50cb90f752f9707a6c526de8654a8bd5c0dd681cf2e479a690c8ff1b0547a61f,ef3f0c89d96ab326ed5c33340210b37033e47b033e9f124811cce7c80ef83b87,False,ok
figure3-wide-r4-20260716T140249Z-99bbe7a-5418d4c3ceae,figure3h,holdout_figure1b,10000,2036,2,6,figure3-wide-r4-h-z03-a02,,,0.49155754774001204,8.0,8,1922,100,100,1.0,0.9630065017930143,1.0,0.2036,post_freeze_wide_round_4,transition,True,figure1bc|114514|holdout_figure1b|10000|2036,cb985cbeabd16d6310f98ee1ba823dfaf41a5d9a68c25d058546cd59159c986b,b5d137667a221a114cc69902e57e7f766c0ac49bd8cac2d93ae713edd84162a4,ef3f0c89d96ab326ed5c33340210b37033e47b033e9f124811cce7c80ef83b87,False,ok
figure3-wide-r4-20260716T140249Z-99bbe7a-5418d4c3ceae,figure3h,holdout_figure1b,10000,2036,2,6,figure3-wide-r4-h-z03-a03,,,0.7243668166820519,8.0,8,1974,100,100,1.0,0.9630065017930143,1.0,0.2036,post_freeze_wide_round_4,transition,True,figure1bc|114514|holdout_figure1b|10000|2036,cb985cbeabd16d6310f98ee1ba823dfaf41a5d9a68c25d058546cd59159c986b,4e6acb1508e7e537204c23d6337d738cfec35fc35ff65cb8c2efe1e06d0b900e,ef3f0c89d96ab326ed5c33340210b37033e47b033e9f124811cce7c80ef83b87,False,ok
figure3-wide-r4-20260716T140249Z-99bbe7a-5418d4c3ceae,figure3h,holdout_figure1b,10000,2036,2,6,figure3-wide-r4-h-z03-a04,,,0.8772052760707243,8.0,8,2009,100,99,0.99,0.9455138038212946,0.9982325679358593,0.2036,post_freeze_wide_round_4,transition,True,figure1bc|114514|holdout_figure1b|10000|2036,cb985cbeabd16d6310f98ee1ba823dfaf41a5d9a68c25d058546cd59159c986b,dffc1404562f79d209f23f55dcb4c7d15442ca2fa45d716114e91aab56c09551,ef3f0c89d96ab326ed5c33340210b37033e47b033e9f124811cce7c80ef83b87,False,ok
figure3-wide-r4-20260716T140249Z-99bbe7a-5418d4c3ceae,figure3h,holdout_figure1b,10000,2036,2,6,figure3-wide-r4-h-z03-a05,,,0.9510248413914085,8.0,8,2025,100,99,0.99,0.9455138038212946,0.9982325679358593,0.2036,post_freeze_wide_round_4,transition,True,figure1bc|114514|holdout_figure1b|10000|2036,cb985cbeabd16d6310f98ee1ba823dfaf41a5d9a68c25d058546cd59159c986b,f4e9aed36759e5c8ae7b6840520a254e27e115d1d793e1396aa4bc6ad4ea759f,ef3f0c89d96ab326ed5c33340210b37033e47b033e9f124811cce7c80ef83b87,False,ok
figure3-wide-r4-20260716T140249Z-99bbe7a-5418d4c3ceae,figure3h,holdout_figure1b,10000,2036,2,6,figure3-wide-r4-h-z03-a06,,,0.9814074541817858,8.0,8,2032,100,96,0.96,0.9016292856411208,0.9843366960084523,0.2036,post_freeze_wide_round_4,transition,True,figure1bc|114514|holdout_figure1b|10000|2036,cb985cbeabd16d6310f98ee1ba823dfaf41a5d9a68c25d058546cd59159c986b,564b3842d19d5028cade4a7b98fbd17d71a84b980dcb8551fb91bf65e3e8583e,ef3f0c89d96ab326ed5c33340210b37033e47b033e9f124811cce7c80ef83b87,False,ok
figure3-wide-r4-20260716T140249Z-99bbe7a-5418d4c3ceae,figure3h,holdout_figure1b,10000,2036,2,6,figure3-wide-r4-h-z04-a00,,,0.11570232443340224,13.0,13,1908,100,94,0.94,0.8752318455410406,0.9722138760368118,0.2036,post_freeze_wide_round_4,transition,True,figure1bc|114514|holdout_figure1b|10000|2036,cb985cbeabd16d6310f98ee1ba823dfaf41a5d9a68c25d058546cd59159c986b,18df74235eb48f79cd163e34758c11c453158151f1a4338ef351cadde68a0649,ef3f0c89d96ab326ed5c33340210b37033e47b033e9f124811cce7c80ef83b87,False,ok
figure3-wide-r4-20260716T140249Z-99bbe7a-5418d4c3ceae,figure3h,holdout_figure1b,10000,2036,2,6,figure3-wide-r4-h-z04-a01,,,0.262353279906528,13.0,13,1930,100,98,0.98,0.929988209271456,0.9944980324498376,0.2036,post_freeze_wide_round_4,transition,True,figure1bc|114514|holdout_figure1b|10000|2036,cb985cbeabd16d6310f98ee1ba823dfaf41a5d9a68c25d058546cd59159c986b,b4d6297cfabfc63773bbc806c58fdad54f624c7e9ca6c2ebc4c5c1c25b8c8c85,ef3f0c89d96ab326ed5c33340210b37033e47b033e9f124811cce7c80ef83b87,False,ok
figure3-wide-r4-20260716T140249Z-99bbe7a-5418d4c3ceae,figure3h,holdout_figure1b,10000,2036,2,6,figure3-wide-r4-h-z04-a02,,,0.49155754774001204,13.0,13,1963,100,100,1.0,0.9630065017930143,1.0,0.2036,post_freeze_wide_round_4,transition,True,figure1bc|114514|holdout_figure1b|10000|2036,cb985cbeabd16d6310f98ee1ba823dfaf41a5d9a68c25d058546cd59159c986b,21b03349d7b8d9db085744c879bcbc048e61d5b2d40cb9db72ebe020ee8177a9,ef3f0c89d96ab326ed5c33340210b37033e47b033e9f124811cce7c80ef83b87,False,ok
figure3-wide-r4-20260716T140249Z-99bbe7a-5418d4c3ceae,figure3h,holdout_figure1b,10000,2036,2,6,figure3-wide-r4-h-z04-a03,,,0.7243668166820519,13.0,13,1997,100,100,1.0,0.9630065017930143,1.0,0.2036,post_freeze_wide_round_4,transition,True,figure1bc|114514|holdout_figure1b|10000|2036,cb985cbeabd16d6310f98ee1ba823dfaf41a5d9a68c25d058546cd59159c986b,37fb790688a71807294294ff7a2ec037ed697d8adbe8e88957abf35937d1eac8,ef3f0c89d96ab326ed5c33340210b37033e47b033e9f124811cce7c80ef83b87,False,ok
figure3-wide-r4-20260716T140249Z-99bbe7a-5418d4c3ceae,figure3h,holdout_figure1b,10000,2036,2,6,figure3-wide-r4-h-z04-a04,,,0.8772052760707243,13.0,13,2019,100,100,1.0,0.9630065017930143,1.0,0.2036,post_freeze_wide_round_4,transition,True,figure1bc|114514|holdout_figure1b|10000|2036,cb985cbeabd16d6310f98ee1ba823dfaf41a5d9a68c25d058546cd59159c986b,b5a009b693b5b3da84d8a93a9c4e216ced13560bdf1e0d4da6d8ab5dd9e5faaf,ef3f0c89d96ab326ed5c33340210b37033e47b033e9f124811cce7c80ef83b87,False,ok
figure3-wide-r4-20260716T140249Z-99bbe7a-5418d4c3ceae,figure3h,holdout_figure1b,10000,2036,2,6,figure3-wide-r4-h-z04-a05,,,0.9510248413914085,13.0,13,2029,100,99,0.99,0.9455138038212946,0.9982325679358593,0.2036,post_freeze_wide_round_4,transition,True,figure1bc|114514|holdout_figure1b|10000|2036,cb985cbeabd16d6310f98ee1ba823dfaf41a5d9a68c25d058546cd59159c986b,d40f964407532f2963bc52f0b0b611d2c4446bfc8996ecdba54a12dca0b230ff,ef3f0c89d96ab326ed5c33340210b37033e47b033e9f124811cce7c80ef83b87,False,ok
figure3-wide-r4-20260716T140249Z-99bbe7a-5418d4c3ceae,figure3h,holdout_figure1b,10000,2036,2,6,figure3-wide-r4-h-z04-a06,,,0.9814074541817858,13.0,13,2034,100,100,1.0,0.9630065017930143,1.0,0.2036,post_freeze_wide_round_4,transition,True,figure1bc|114514|holdout_figure1b|10000|2036,cb985cbeabd16d6310f98ee1ba823dfaf41a5d9a68c25d058546cd59159c986b,5cf97c961f558ef21b3def5181a56b80cbb06df4749c07f31018e74e1b17fa88,ef3f0c89d96ab326ed5c33340210b37033e47b033e9f124811cce7c80ef83b87,False,ok
figure3-wide-r4-20260716T140249Z-99bbe7a-5418d4c3ceae,figure3h,holdout_figure1b,10000,2036,2,6,figure3-wide-r4-h-z05-a00,,,0.11570232443340224,20.0,20,1952,100,86,0.86,0.7786281178903616,0.9147365634006086,0.2036,post_freeze_wide_round_4,transition,True,figure1bc|114514|holdout_figure1b|10000|2036,cb985cbeabd16d6310f98ee1ba823dfaf41a5d9a68c25d058546cd59159c986b,0baee9af857ece76ea0d1f1697a29bb632440f4eef13707c55fecc808beafcaa,ef3f0c89d96ab326ed5c33340210b37033e47b033e9f124811cce7c80ef83b87,False,ok
figure3-wide-r4-20260716T140249Z-99bbe7a-5418d4c3ceae,figure3h,holdout_figure1b,10000,2036,2,6,figure3-wide-r4-h-z05-a01,,,0.262353279906528,20.0,20,1966,100,91,0.91,0.837737871472837,0.9519274599974348,0.2036,post_freeze_wide_round_4,transition,True,figure1bc|114514|holdout_figure1b|10000|2036,cb985cbeabd16d6310f98ee1ba823dfaf41a5d9a68c25d058546cd59159c986b,47f50d6d4b0df81b1f072c77c3e6085316d8b7e9fd8b2b24df3b060f3cc8715e,ef3f0c89d96ab326ed5c33340210b37033e47b033e9f124811cce7c80ef83b87,False,ok
figure3-wide-r4-20260716T140249Z-99bbe7a-5418d4c3ceae,figure3h,holdout_figure1b,10000,2036,2,6,figure3-wide-r4-h-z05-a02,,,0.49155754774001204,20.0,20,1988,100,99,0.99,0.9455138038212946,0.9982325679358593,0.2036,post_freeze_wide_round_4,transition,True,figure1bc|114514|holdout_figure1b|10000|2036,cb985cbeabd16d6310f98ee1ba823dfaf41a5d9a68c25d058546cd59159c986b,2c7a1ab958abea6d96681a4185824ed58abb41e9b9e4e87dfd26445973c8ffc8,ef3f0c89d96ab326ed5c33340210b37033e47b033e9f124811cce7c80ef83b87,False,ok
figure3-wide-r4-20260716T140249Z-99bbe7a-5418d4c3ceae,figure3h,holdout_figure1b,10000,2036,2,6,figure3-wide-r4-h-z05-a03,,,0.7243668166820519,20.0,20,2010,100,100,1.0,0.9630065017930143,1.0,0.2036,post_freeze_wide_round_4,transition,True,figure1bc|114514|holdout_figure1b|10000|2036,cb985cbeabd16d6310f98ee1ba823dfaf41a5d9a68c25d058546cd59159c986b,b08839b8a093f6c81fa58975bd96462490cbb8cb0985a66f20721022c7a75ac1,ef3f0c89d96ab326ed5c33340210b37033e47b033e9f124811cce7c80ef83b87,False,ok
figure3-wide-r4-20260716T140249Z-99bbe7a-5418d4c3ceae,figure3h,holdout_figure1b,10000,2036,2,6,figure3-wide-r4-h-z05-a04,,,0.8772052760707243,20.0,20,2025,100,100,1.0,0.9630065017930143,1.0,0.2036,post_freeze_wide_round_4,transition,True,figure1bc|114514|holdout_figure1b|10000|2036,cb985cbeabd16d6310f98ee1ba823dfaf41a5d9a68c25d058546cd59159c986b,84bee107e77ee114baa924c97f0ae155771dee7dbe7cfb93e3876ff475535f76,ef3f0c89d96ab326ed5c33340210b37033e47b033e9f124811cce7c80ef83b87,False,ok
figure3-wide-r4-20260716T140249Z-99bbe7a-5418d4c3ceae,figure3h,holdout_figure1b,10000,2036,2,6,figure3-wide-r4-h-z05-a05,,,0.9510248413914085,20.0,20,2032,100,100,1.0,0.9630065017930143,1.0,0.2036,post_freeze_wide_round_4,transition,True,figure1bc|114514|holdout_figure1b|10000|2036,cb985cbeabd16d6310f98ee1ba823dfaf41a5d9a68c25d058546cd59159c986b,dc7d534ee3100059323a946910a13733ec766bfd3cb898ac0ce9975a0cb06950,ef3f0c89d96ab326ed5c33340210b37033e47b033e9f124811cce7c80ef83b87,False,ok
figure3-wide-r4-20260716T140249Z-99bbe7a-5418d4c3ceae,figure3h,holdout_figure1b,10000,2036,2,6,figure3-wide-r4-h-z05-a06,,,0.9814074541817858,20.0,20,2035,100,100,1.0,0.9630065017930143,1.0,0.2036,post_freeze_wide_round_4,transition,True,figure1bc|114514|holdout_figure1b|10000|2036,cb985cbeabd16d6310f98ee1ba823dfaf41a5d9a68c25d058546cd59159c986b,60cd43966c305e8f1435a703a729bfe2c6ce337cd7fef60913e77af508fe3f80,ef3f0c89d96ab326ed5c33340210b37033e47b033e9f124811cce7c80ef83b87,False,ok
figure3-wide-r4-20260716T140249Z-99bbe7a-5418d4c3ceae,figure3h,holdout_figure1b,10000,2036,2,6,figure3-wide-r4-h-z06-a00,,,0.11570232443340224,30.0,30,1979,100,51,0.51,0.4134801193402717,0.6057800106955886,0.2036,post_freeze_wide_round_4,transition,True,figure1bc|114514|holdout_figure1b|10000|2036,cb985cbeabd16d6310f98ee1ba823dfaf41a5d9a68c25d058546cd59159c986b,796dfd7639bb5f0ad22f3a3c06d7e579928de24293f6e1f2280a7a4f375798e9,ef3f0c89d96ab326ed5c33340210b37033e47b033e9f124811cce7c80ef83b87,False,ok
figure3-wide-r4-20260716T140249Z-99bbe7a-5418d4c3ceae,figure3h,holdout_figure1b,10000,2036,2,6,figure3-wide-r4-h-z06-a01,,,0.262353279906528,30.0,30,1989,100,71,0.71,0.6146110882442888,0.7898516425087772,0.2036,post_freeze_wide_round_4,transition,True,figure1bc|114514|holdout_figure1b|10000|2036,cb985cbeabd16d6310f98ee1ba823dfaf41a5d9a68c25d058546cd59159c986b,291788842ba0ddd3517f2be100a98b2b4f9241ceeda8d23812d111db0274a8b1,ef3f0c89d96ab326ed5c33340210b37033e47b033e9f124811cce7c80ef83b87,False,ok
figure3-wide-r4-20260716T140249Z-99bbe7a-5418d4c3ceae,figure3h,holdout_figure1b,10000,2036,2,6,figure3-wide-r4-h-z06-a02,,,0.49155754774001204,30.0,30,2003,100,81,0.81,0.7222115462093562,0.8748524849023126,0.2036,post_freeze_wide_round_4,transition,True,figure1bc|114514|holdout_figure1b|10000|2036,cb985cbeabd16d6310f98ee1ba823dfaf41a5d9a68c25d058546cd59159c986b,228a3806d4ff338b030f29e1da9a0f856f1e4ecba654fddefbf3b0cf08b1d2a9,ef3f0c89d96ab326ed5c33340210b37033e47b033e9f124811cce7c80ef83b87,False,ok
figure3-wide-r4-20260716T140249Z-99bbe7a-5418d4c3ceae,figure3h,holdout_figure1b,10000,2036,2,6,figure3-wide-r4-h-z06-a03,,,0.7243668166820519,30.0,30,2019,100,92,0.92,0.8500189229905127,0.9589065385156194,0.2036,post_freeze_wide_round_4,transition,True,figure1bc|114514|holdout_figure1b|10000|2036,cb985cbeabd16d6310f98ee1ba823dfaf41a5d9a68c25d058546cd59159c986b,45a34161ebba3103053fbac0845a93c14187de28762c68409192e6dbc4ac40b4,ef3f0c89d96ab326ed5c33340210b37033e47b033e9f124811cce7c80ef83b87,False,ok
figure3-wide-r4-20260716T140249Z-99bbe7a-5418d4c3ceae,figure3h,holdout_figure1b,10000,2036,2,6,figure3-wide-r4-h-z06-a04,,,0.8772052760707243,30.0,30,2029,100,87,0.87,0.7901964855992357,0.9224283257275948,0.2036,post_freeze_wide_round_4,transition,True,figure1bc|114514|holdout_figure1b|10000|2036,cb985cbeabd16d6310f98ee1ba823dfaf41a5d9a68c25d058546cd59159c986b,a92cc4d9f6de504fdc3160e3fc2599fbaa57f7e1b200555fbc879391c8484b92,ef3f0c89d96ab326ed5c33340210b37033e47b033e9f124811cce7c80ef83b87,False,ok
figure3-wide-r4-20260716T140249Z-99bbe7a-5418d4c3ceae,figure3h,holdout_figure1b,10000,2036,2,6,figure3-wide-r4-h-z06-a05,,,0.9510248413914085,30.0,30,2033,100,90,0.9,0.8256343384950865,0.9447708629393249,0.2036,post_freeze_wide_round_4,transition,True,figure1bc|114514|holdout_figure1b|10000|2036,cb985cbeabd16d6310f98ee1ba823dfaf41a5d9a68c25d058546cd59159c986b,a417467591f0597cd7960cf5e02bd8e76172887420efa49cdcf879dbd5d3c2cc,ef3f0c89d96ab326ed5c33340210b37033e47b033e9f124811cce7c80ef83b87,False,ok
figure3-wide-r4-20260716T140249Z-99bbe7a-5418d4c3ceae,figure3h,holdout_figure1b,10000,2036,2,6,figure3-wide-r4-h-z06-a06,,,0.9814074541817858,30.0,30,2035,100,94,0.94,0.8752318455410406,0.9722138760368118,0.2036,post_freeze_wide_round_4,transition,True,figure1bc|114514|holdout_figure1b|10000|2036,cb985cbeabd16d6310f98ee1ba823dfaf41a5d9a68c25d058546cd59159c986b,d9a819c9b0fc96d5e4450e97b4e907ec8cc8d87167ba9fd4155dc5b81d9ff025,ef3f0c89d96ab326ed5c33340210b37033e47b033e9f124811cce7c80ef83b87,False,ok
figure3-wide-r4-20260716T140249Z-99bbe7a-5418d4c3ceae,figure3h,holdout_figure1b,10000,2036,2,6,frozen-prediction,0.875,0.9,0.7243668166820519,4.831212065620817,5,1943,100,100,1.0,0.9630065017930143,1.0,0.2036,post_freeze_wide_round_4,transition,True,figure1bc|114514|holdout_figure1b|10000|2036,cb985cbeabd16d6310f98ee1ba823dfaf41a5d9a68c25d058546cd59159c986b,f28c942388befe1e5d718a0562827aacd032cb5d26c3df2b0f395107a3d03e2c,ef3f0c89d96ab326ed5c33340210b37033e47b033e9f124811cce7c80ef83b87,True,ok
figure3-wide-r4-20260716T140249Z-99bbe7a-5418d4c3ceae,figure3i,holdout_figure1b,100000,18155,2,6,figure3-wide-r4-i-z00-a00,,,0.11570232443340224,0.0,0,2101,100,0,0.0,0.0,0.03699349820698568,0.18155,post_freeze_wide_round_4,transition,True,figure1bc|114514|holdout_figure1b|100000|18155,3d56d929981c50f51337e1d705da14156e61cb2b15ab6b471c7bb18100a36265,8d889a50a81bf44374fb062f3827c46f21d593972a692cabba3db9b4bc235215,ef3f0c89d96ab326ed5c33340210b37033e47b033e9f124811cce7c80ef83b87,False,ok
figure3-wide-r4-20260716T140249Z-99bbe7a-5418d4c3ceae,figure3i,holdout_figure1b,100000,18155,2,6,figure3-wide-r4-i-z00-a01,,,0.262353279906528,0.0,0,4764,100,0,0.0,0.0,0.03699349820698568,0.18155,post_freeze_wide_round_4,transition,True,figure1bc|114514|holdout_figure1b|100000|18155,3d56d929981c50f51337e1d705da14156e61cb2b15ab6b471c7bb18100a36265,341cd62fc5944db85447293b3fa190418d761989fdd78473797e785f97b2ff43,ef3f0c89d96ab326ed5c33340210b37033e47b033e9f124811cce7c80ef83b87,False,ok
figure3-wide-r4-20260716T140249Z-99bbe7a-5418d4c3ceae,figure3i,holdout_figure1b,100000,18155,2,6,figure3-wide-r4-i-z00-a02,,,0.49155754774001204,0.0,0,8925,100,0,0.0,0.0,0.03699349820698568,0.18155,post_freeze_wide_round_4,transition,True,figure1bc|114514|holdout_figure1b|100000|18155,3d56d929981c50f51337e1d705da14156e61cb2b15ab6b471c7bb18100a36265,1a0f49534b90c3a98f0bff8790d9f51fb118f2ae32f1f7c5e17364ad9a348530,ef3f0c89d96ab326ed5c33340210b37033e47b033e9f124811cce7c80ef83b87,False,ok
figure3-wide-r4-20260716T140249Z-99bbe7a-5418d4c3ceae,figure3i,holdout_figure1b,100000,18155,2,6,figure3-wide-r4-i-z00-a03,,,0.7243668166820519,0.0,0,13151,100,0,0.0,0.0,0.03699349820698568,0.18155,post_freeze_wide_round_4,transition,True,figure1bc|114514|holdout_figure1b|100000|18155,3d56d929981c50f51337e1d705da14156e61cb2b15ab6b471c7bb18100a36265,abfd0acbb684fee07ee05ed91773de5d13968d23c8bb199a4128a4d22664ccd4,ef3f0c89d96ab326ed5c33340210b37033e47b033e9f124811cce7c80ef83b87,False,ok
figure3-wide-r4-20260716T140249Z-99bbe7a-5418d4c3ceae,figure3i,holdout_figure1b,100000,18155,2,6,figure3-wide-r4-i-z00-a04,,,0.8772052760707243,0.0,0,15926,100,0,0.0,0.0,0.03699349820698568,0.18155,post_freeze_wide_round_4,transition,True,figure1bc|114514|holdout_figure1b|100000|18155,3d56d929981c50f51337e1d705da14156e61cb2b15ab6b471c7bb18100a36265,05e80db88e70fbdaaf3ca5a2e02033b08f9bb090ff70195bd1f370847741ff7a,ef3f0c89d96ab326ed5c33340210b37033e47b033e9f124811cce7c80ef83b87,False,ok
figure3-wide-r4-20260716T140249Z-99bbe7a-5418d4c3ceae,figure3i,holdout_figure1b,100000,18155,2,6,figure3-wide-r4-i-z00-a05,,,0.9510248413914085,0.0,0,17266,100,0,0.0,0.0,0.03699349820698568,0.18155,post_freeze_wide_round_4,transition,True,figure1bc|114514|holdout_figure1b|100000|18155,3d56d929981c50f51337e1d705da14156e61cb2b15ab6b471c7bb18100a36265,9970c78292478ee15125462d91dd0ba2fc2268beedc8b03aa3f2ec42ca11ad04,ef3f0c89d96ab326ed5c33340210b37033e47b033e9f124811cce7c80ef83b87,False,ok
figure3-wide-r4-20260716T140249Z-99bbe7a-5418d4c3ceae,figure3i,holdout_figure1b,100000,18155,2,6,figure3-wide-r4-i-z00-a06,,,0.9814074541817858,0.0,0,17818,100,0,0.0,0.0,0.03699349820698568,0.18155,post_freeze_wide_round_4,transition,True,figure1bc|114514|holdout_figure1b|100000|18155,3d56d929981c50f51337e1d705da14156e61cb2b15ab6b471c7bb18100a36265,58020ac357e2691f3fef88f3187e1f349b5a785b1e89a5c0e28408c0aaf5d19f,ef3f0c89d96ab326ed5c33340210b37033e47b033e9f124811cce7c80ef83b87,False,ok
figure3-wide-r4-20260716T140249Z-99bbe7a-5418d4c3ceae,figure3i,holdout_figure1b,100000,18155,2,6,figure3-wide-r4-i-z01-a00,,,0.11570232443340224,5.0,5,15480,100,0,0.0,0.0,0.03699349820698568,0.18155,post_freeze_wide_round_4,transition,True,figure1bc|114514|holdout_figure1b|100000|18155,3d56d929981c50f51337e1d705da14156e61cb2b15ab6b471c7bb18100a36265,6fd7973ea3761055e531ed62fb3fb6badd4b107b5c786606ab1842880ec18a36,ef3f0c89d96ab326ed5c33340210b37033e47b033e9f124811cce7c80ef83b87,False,ok
figure3-wide-r4-20260716T140249Z-99bbe7a-5418d4c3ceae,figure3i,holdout_figure1b,100000,18155,2,6,figure3-wide-r4-i-z01-a01,,,0.262353279906528,5.0,5,15924,100,0,0.0,0.0,0.03699349820698568,0.18155,post_freeze_wide_round_4,transition,True,figure1bc|114514|holdout_figure1b|100000|18155,3d56d929981c50f51337e1d705da14156e61cb2b15ab6b471c7bb18100a36265,75b3437411788c91fb96eb7dd6d0af2df883d3964fd4d5050a137eef7c832662,ef3f0c89d96ab326ed5c33340210b37033e47b033e9f124811cce7c80ef83b87,False,ok
figure3-wide-r4-20260716T140249Z-99bbe7a-5418d4c3ceae,figure3i,holdout_figure1b,100000,18155,2,6,figure3-wide-r4-i-z01-a02,,,0.49155754774001204,5.0,5,16617,100,0,0.0,0.0,0.03699349820698568,0.18155,post_freeze_wide_round_4,transition,True,figure1bc|114514|holdout_figure1b|100000|18155,3d56d929981c50f51337e1d705da14156e61cb2b15ab6b471c7bb18100a36265,0453b942e8aa30f6aff6a35c66ea2d9647fb33e34097d61c7796a976d2ed303b,ef3f0c89d96ab326ed5c33340210b37033e47b033e9f124811cce7c80ef83b87,False,ok
figure3-wide-r4-20260716T140249Z-99bbe7a-5418d4c3ceae,figure3i,holdout_figure1b,100000,18155,2,6,figure3-wide-r4-i-z01-a03,,,0.7243668166820519,5.0,5,17322,100,88,0.88,0.8018790057328857,0.9300059356298052,0.18155,post_freeze_wide_round_4,transition,True,figure1bc|114514|holdout_figure1b|100000|18155,3d56d929981c50f51337e1d705da14156e61cb2b15ab6b471c7bb18100a36265,b641d78a588e43a633dd8481b8535998c406b5c9de95b7a2272fc8b4ad1deea8,ef3f0c89d96ab326ed5c33340210b37033e47b033e9f124811cce7c80ef83b87,False,ok
figure3-wide-r4-20260716T140249Z-99bbe7a-5418d4c3ceae,figure3i,holdout_figure1b,100000,18155,2,6,figure3-wide-r4-i-z01-a04,,,0.8772052760707243,5.0,5,17784,100,0,0.0,0.0,0.03699349820698568,0.18155,post_freeze_wide_round_4,transition,True,figure1bc|114514|holdout_figure1b|100000|18155,3d56d929981c50f51337e1d705da14156e61cb2b15ab6b471c7bb18100a36265,0c50a7b119c33ea32a07565639195df421827cba6799bb4d8b1ea72d9d5e64d9,ef3f0c89d96ab326ed5c33340210b37033e47b033e9f124811cce7c80ef83b87,False,ok
figure3-wide-r4-20260716T140249Z-99bbe7a-5418d4c3ceae,figure3i,holdout_figure1b,100000,18155,2,6,figure3-wide-r4-i-z01-a05,,,0.9510248413914085,5.0,5,18007,100,0,0.0,0.0,0.03699349820698568,0.18155,post_freeze_wide_round_4,transition,True,figure1bc|114514|holdout_figure1b|100000|18155,3d56d929981c50f51337e1d705da14156e61cb2b15ab6b471c7bb18100a36265,7351f4f75d9564f977a0141a21d24933b06678f595fde30c2dd3c1e2e4d7d4ac,ef3f0c89d96ab326ed5c33340210b37033e47b033e9f124811cce7c80ef83b87,False,ok
figure3-wide-r4-20260716T140249Z-99bbe7a-5418d4c3ceae,figure3i,holdout_figure1b,100000,18155,2,6,figure3-wide-r4-i-z01-a06,,,0.9814074541817858,5.0,5,18099,100,0,0.0,0.0,0.03699349820698568,0.18155,post_freeze_wide_round_4,transition,True,figure1bc|114514|holdout_figure1b|100000|18155,3d56d929981c50f51337e1d705da14156e61cb2b15ab6b471c7bb18100a36265,8a6e8e903cb8cb248e68ef67b2ed054246250c005dba82d655a003e84c1dbf46,ef3f0c89d96ab326ed5c33340210b37033e47b033e9f124811cce7c80ef83b87,False,ok
figure3-wide-r4-20260716T140249Z-99bbe7a-5418d4c3ceae,figure3i,holdout_figure1b,100000,18155,2,6,figure3-wide-r4-i-z02-a00,,,0.11570232443340224,10.0,10,16696,100,0,0.0,0.0,0.03699349820698568,0.18155,post_freeze_wide_round_4,transition,True,figure1bc|114514|holdout_figure1b|100000|18155,3d56d929981c50f51337e1d705da14156e61cb2b15ab6b471c7bb18100a36265,2b0aa38376f67cf73be385b01bcbead2d0a5e5f4c2c9c10e1331bb57c3f03500,ef3f0c89d96ab326ed5c33340210b37033e47b033e9f124811cce7c80ef83b87,False,ok
figure3-wide-r4-20260716T140249Z-99bbe7a-5418d4c3ceae,figure3i,holdout_figure1b,100000,18155,2,6,figure3-wide-r4-i-z02-a01,,,0.262353279906528,10.0,10,16938,100,0,0.0,0.0,0.03699349820698568,0.18155,post_freeze_wide_round_4,transition,True,figure1bc|114514|holdout_figure1b|100000|18155,3d56d929981c50f51337e1d705da14156e61cb2b15ab6b471c7bb18100a36265,fdf0c6d82f8b3120018ff2e7cad858bedcd3b9b2dd2d11cbbd548e265d9294ea,ef3f0c89d96ab326ed5c33340210b37033e47b033e9f124811cce7c80ef83b87,False,ok
figure3-wide-r4-20260716T140249Z-99bbe7a-5418d4c3ceae,figure3i,holdout_figure1b,100000,18155,2,6,figure3-wide-r4-i-z02-a02,,,0.49155754774001204,10.0,10,17317,100,62,0.62,0.5220975529551107,0.7090240074752127,0.18155,post_freeze_wide_round_4,transition,True,figure1bc|114514|holdout_figure1b|100000|18155,3d56d929981c50f51337e1d705da14156e61cb2b15ab6b471c7bb18100a36265,81531468c7b048c2d13f68244bfd049f782fbf4f8276ff4776dd0710f8037e0c,ef3f0c89d96ab326ed5c33340210b37033e47b033e9f124811cce7c80ef83b87,False,ok
figure3-wide-r4-20260716T140249Z-99bbe7a-5418d4c3ceae,figure3i,holdout_figure1b,100000,18155,2,6,figure3-wide-r4-i-z02-a04,,,0.8772052760707243,10.0,10,17953,100,0,0.0,0.0,0.03699349820698568,0.18155,post_freeze_wide_round_4,transition,True,figure1bc|114514|holdout_figure1b|100000|18155,3d56d929981c50f51337e1d705da14156e61cb2b15ab6b471c7bb18100a36265,66751870b6b1a851ba617d34a823c5e37345726eb3bd1c40121f35f6aeb9b46a,ef3f0c89d96ab326ed5c33340210b37033e47b033e9f124811cce7c80ef83b87,False,ok
figure3-wide-r4-20260716T140249Z-99bbe7a-5418d4c3ceae,figure3i,holdout_figure1b,100000,18155,2,6,figure3-wide-r4-i-z02-a05,,,0.9510248413914085,10.0,10,18075,100,0,0.0,0.0,0.03699349820698568,0.18155,post_freeze_wide_round_4,transition,True,figure1bc|114514|holdout_figure1b|100000|18155,3d56d929981c50f51337e1d705da14156e61cb2b15ab6b471c7bb18100a36265,56f0b979f27e135f7589957d9b7edbd2b1fa2dcae354dfc205b25316526b451a,ef3f0c89d96ab326ed5c33340210b37033e47b033e9f124811cce7c80ef83b87,False,ok
figure3-wide-r4-20260716T140249Z-99bbe7a-5418d4c3ceae,figure3i,holdout_figure1b,100000,18155,2,6,figure3-wide-r4-i-z02-a06,,,0.9814074541817858,10.0,10,18125,100,0,0.0,0.0,0.03699349820698568,0.18155,post_freeze_wide_round_4,transition,True,figure1bc|114514|holdout_figure1b|100000|18155,3d56d929981c50f51337e1d705da14156e61cb2b15ab6b471c7bb18100a36265,3d90aa96654d6a3d68d9d3668035573d20fb7ea21ad4d09812370547a43a44c3,ef3f0c89d96ab326ed5c33340210b37033e47b033e9f124811cce7c80ef83b87,False,ok
figure3-wide-r4-20260716T140249Z-99bbe7a-5418d4c3ceae,figure3i,holdout_figure1b,100000,18155,2,6,figure3-wide-r4-i-z03-a00,,,0.11570232443340224,15.0,15,17153,100,0,0.0,0.0,0.03699349820698568,0.18155,post_freeze_wide_round_4,transition,True,figure1bc|114514|holdout_figure1b|100000|18155,3d56d929981c50f51337e1d705da14156e61cb2b15ab6b471c7bb18100a36265,02c6027d42abdee32845a6bbcfcff85588b937f45ff61d9b2cc658707444549f,ef3f0c89d96ab326ed5c33340210b37033e47b033e9f124811cce7c80ef83b87,False,ok
figure3-wide-r4-20260716T140249Z-99bbe7a-5418d4c3ceae,figure3i,holdout_figure1b,100000,18155,2,6,figure3-wide-r4-i-z03-a01,,,0.262353279906528,15.0,15,17319,100,4,0.04,0.01566330399154762,0.0983707143588792,0.18155,post_freeze_wide_round_4,transition,True,figure1bc|114514|holdout_figure1b|100000|18155,3d56d929981c50f51337e1d705da14156e61cb2b15ab6b471c7bb18100a36265,da0361dc7c11428efac2624aea11d2aced4a8662bcc642116231ff8ea094aab5,ef3f0c89d96ab326ed5c33340210b37033e47b033e9f124811cce7c80ef83b87,False,ok
figure3-wide-r4-20260716T140249Z-99bbe7a-5418d4c3ceae,figure3i,holdout_figure1b,100000,18155,2,6,figure3-wide-r4-i-z03-a02,,,0.49155754774001204,15.0,15,17579,100,93,0.93,0.8625048526092651,0.9656807389327273,0.18155,post_freeze_wide_round_4,transition,True,figure1bc|114514|holdout_figure1b|100000|18155,3d56d929981c50f51337e1d705da14156e61cb2b15ab6b471c7bb18100a36265,2e9a220be0467314ca5cde10b63eef0ef720645374b0c48e31113303e780bb91,ef3f0c89d96ab326ed5c33340210b37033e47b033e9f124811cce7c80ef83b87,False,ok
figure3-wide-r4-20260716T140249Z-99bbe7a-5418d4c3ceae,figure3i,holdout_figure1b,100000,18155,2,6,figure3-wide-r4-i-z03-a03,,,0.7243668166820519,15.0,15,17843,100,99,0.99,0.9455138038212946,0.9982325679358593,0.18155,post_freeze_wide_round_4,transition,True,figure1bc|114514|holdout_figure1b|100000|18155,3d56d929981c50f51337e1d705da14156e61cb2b15ab6b471c7bb18100a36265,4b961697b0f7eaf4e3195ef537aaf5fa983c4ca546202be256c3b77372d3759f,ef3f0c89d96ab326ed5c33340210b37033e47b033e9f124811cce7c80ef83b87,False,ok
figure3-wide-r4-20260716T140249Z-99bbe7a-5418d4c3ceae,figure3i,holdout_figure1b,100000,18155,2,6,figure3-wide-r4-i-z03-a04,,,0.8772052760707243,15.0,15,18016,100,0,0.0,0.0,0.03699349820698568,0.18155,post_freeze_wide_round_4,transition,True,figure1bc|114514|holdout_figure1b|100000|18155,3d56d929981c50f51337e1d705da14156e61cb2b15ab6b471c7bb18100a36265,f6c8122379a285a0349a066deba1c6a2cbcf2645a6281dc284b7c0355834d151,ef3f0c89d96ab326ed5c33340210b37033e47b033e9f124811cce7c80ef83b87,False,ok
figure3-wide-r4-20260716T140249Z-99bbe7a-5418d4c3ceae,figure3i,holdout_figure1b,100000,18155,2,6,figure3-wide-r4-i-z03-a05,,,0.9510248413914085,15.0,15,18100,100,0,0.0,0.0,0.03699349820698568,0.18155,post_freeze_wide_round_4,transition,True,figure1bc|114514|holdout_figure1b|100000|18155,3d56d929981c50f51337e1d705da14156e61cb2b15ab6b471c7bb18100a36265,d48abc53ca4dab05401b0d0d9527b7354722eec8184387edcbbe73e3b8e0d5dc,ef3f0c89d96ab326ed5c33340210b37033e47b033e9f124811cce7c80ef83b87,False,ok
figure3-wide-r4-20260716T140249Z-99bbe7a-5418d4c3ceae,figure3i,holdout_figure1b,100000,18155,2,6,figure3-wide-r4-i-z03-a06,,,0.9814074541817858,15.0,15,18134,100,0,0.0,0.0,0.03699349820698568,0.18155,post_freeze_wide_round_4,transition,True,figure1bc|114514|holdout_figure1b|100000|18155,3d56d929981c50f51337e1d705da14156e61cb2b15ab6b471c7bb18100a36265,8a48c2a11e55191a25181a4ac017ef9a6bdabed93ba96d14c53000d413762baf,ef3f0c89d96ab326ed5c33340210b37033e47b033e9f124811cce7c80ef83b87,False,ok
figure3-wide-r4-20260716T140249Z-99bbe7a-5418d4c3ceae,figure3i,holdout_figure1b,100000,18155,2,6,figure3-wide-r4-i-z04-a00,,,0.11570232443340224,25.0,25,17538,100,0,0.0,0.0,0.03699349820698568,0.18155,post_freeze_wide_round_4,transition,True,figure1bc|114514|holdout_figure1b|100000|18155,3d56d929981c50f51337e1d705da14156e61cb2b15ab6b471c7bb18100a36265,88c4d633bdacbf425c43a2348f05d9ca41121968f83f99816d92ecebd174caea,ef3f0c89d96ab326ed5c33340210b37033e47b033e9f124811cce7c80ef83b87,False,ok
figure3-wide-r4-20260716T140249Z-99bbe7a-5418d4c3ceae,figure3i,holdout_figure1b,100000,18155,2,6,figure3-wide-r4-i-z04-a01,,,0.262353279906528,25.0,25,17641,100,11,0.11,0.06254196357064568,0.18631296503080313,0.18155,post_freeze_wide_round_4,transition,True,figure1bc|114514|holdout_figure1b|100000|18155,3d56d929981c50f51337e1d705da14156e61cb2b15ab6b471c7bb18100a36265,63397fbfc60b178b74a2dac207c1b92d129117b5129cd2e273ec31f8985c6cdb,ef3f0c89d96ab326ed5c33340210b37033e47b033e9f124811cce7c80ef83b87,False,ok
figure3-wide-r4-20260716T140249Z-99bbe7a-5418d4c3ceae,figure3i,holdout_figure1b,100000,18155,2,6,figure3-wide-r4-i-z04-a02,,,0.49155754774001204,25.0,25,17801,100,69,0.69,0.5937394428051057,0.7722030278762395,0.18155,post_freeze_wide_round_4,transition,True,figure1bc|114514|holdout_figure1b|100000|18155,3d56d929981c50f51337e1d705da14156e61cb2b15ab6b471c7bb18100a36265,9130467f1f449432aeba98ac0958b5ecc6faae3320a20cb2d7bf36987ffa2346,ef3f0c89d96ab326ed5c33340210b37033e47b033e9f124811cce7c80ef83b87,False,ok
figure3-wide-r4-20260716T140249Z-99bbe7a-5418d4c3ceae,figure3i,holdout_figure1b,100000,18155,2,6,figure3-wide-r4-i-z04-a03,,,0.7243668166820519,25.0,25,17963,100,93,0.93,0.8625048526092651,0.9656807389327273,0.18155,post_freeze_wide_round_4,transition,True,figure1bc|114514|holdout_figure1b|100000|18155,3d56d929981c50f51337e1d705da14156e61cb2b15ab6b471c7bb18100a36265,58b04d585cd5f2d74e04126d104f4f8299a683fe1576b562e15aff69072b034d,ef3f0c89d96ab326ed5c33340210b37033e47b033e9f124811cce7c80ef83b87,False,ok
figure3-wide-r4-20260716T140249Z-99bbe7a-5418d4c3ceae,figure3i,holdout_figure1b,100000,18155,2,6,figure3-wide-r4-i-z04-a04,,,0.8772052760707243,25.0,25,18070,100,0,0.0,0.0,0.03699349820698568,0.18155,post_freeze_wide_round_4,transition,True,figure1bc|114514|holdout_figure1b|100000|18155,3d56d929981c50f51337e1d705da14156e61cb2b15ab6b471c7bb18100a36265,4edcc36d6bc9dfe69196233afb87700dd6924c42697628b6c6ac6c215b486132,ef3f0c89d96ab326ed5c33340210b37033e47b033e9f124811cce7c80ef83b87,False,ok
figure3-wide-r4-20260716T140249Z-99bbe7a-5418d4c3ceae,figure3i,holdout_figure1b,100000,18155,2,6,figure3-wide-r4-i-z04-a05,,,0.9510248413914085,25.0,25,18121,100,0,0.0,0.0,0.03699349820698568,0.18155,post_freeze_wide_round_4,transition,True,figure1bc|114514|holdout_figure1b|100000|18155,3d56d929981c50f51337e1d705da14156e61cb2b15ab6b471c7bb18100a36265,ac5f02d71140e8645d2a5910f53a9ebe3f5aa17e4564d5e34d0eac8319f18dbb,ef3f0c89d96ab326ed5c33340210b37033e47b033e9f124811cce7c80ef83b87,False,ok
figure3-wide-r4-20260716T140249Z-99bbe7a-5418d4c3ceae,figure3i,holdout_figure1b,100000,18155,2,6,figure3-wide-r4-i-z04-a06,,,0.9814074541817858,25.0,25,18143,100,0,0.0,0.0,0.03699349820698568,0.18155,post_freeze_wide_round_4,transition,True,figure1bc|114514|holdout_figure1b|100000|18155,3d56d929981c50f51337e1d705da14156e61cb2b15ab6b471c7bb18100a36265,035047705551aa68ffe34f7f84e7c4d17b2d2ee796edd76ef1c1961b88a73215,ef3f0c89d96ab326ed5c33340210b37033e47b033e9f124811cce7c80ef83b87,False,ok
figure3-wide-r4-20260716T140249Z-99bbe7a-5418d4c3ceae,figure3i,holdout_figure1b,100000,18155,2,6,figure3-wide-r4-i-z05-a00,,,0.11570232443340224,40.0,40,17765,100,0,0.0,0.0,0.03699349820698568,0.18155,post_freeze_wide_round_4,transition,True,figure1bc|114514|holdout_figure1b|100000|18155,3d56d929981c50f51337e1d705da14156e61cb2b15ab6b471c7bb18100a36265,54598f387752265575dc129987feceae2607da4730dbbf9a73fec9ccef74bae1,ef3f0c89d96ab326ed5c33340210b37033e47b033e9f124811cce7c80ef83b87,False,ok
figure3-wide-r4-20260716T140249Z-99bbe7a-5418d4c3ceae,figure3i,holdout_figure1b,100000,18155,2,6,figure3-wide-r4-i-z05-a01,,,0.262353279906528,40.0,40,17829,100,2,0.02,0.00550196755016235,0.07001179072854388,0.18155,post_freeze_wide_round_4,transition,True,figure1bc|114514|holdout_figure1b|100000|18155,3d56d929981c50f51337e1d705da14156e61cb2b15ab6b471c7bb18100a36265,1b428eae8469f8325d3606757c20f330bf0d29911a2c169556630a0d1c4fa899,ef3f0c89d96ab326ed5c33340210b37033e47b033e9f124811cce7c80ef83b87,False,ok
figure3-wide-r4-20260716T140249Z-99bbe7a-5418d4c3ceae,figure3i,holdout_figure1b,100000,18155,2,6,figure3-wide-r4-i-z05-a02,,,0.49155754774001204,40.0,40,17931,100,4,0.04,0.01566330399154762,0.0983707143588792,0.18155,post_freeze_wide_round_4,transition,True,figure1bc|114514|holdout_figure1b|100000|18155,3d56d929981c50f51337e1d705da14156e61cb2b15ab6b471c7bb18100a36265,cb92685ee5d5828f79acac41b11b38c43ffad88ea28627d0bcdf601c7cb3d2b8,ef3f0c89d96ab326ed5c33340210b37033e47b033e9f124811cce7c80ef83b87,False,ok
figure3-wide-r4-20260716T140249Z-99bbe7a-5418d4c3ceae,figure3i,holdout_figure1b,100000,18155,2,6,figure3-wide-r4-i-z05-a03,,,0.7243668166820519,40.0,40,18034,100,25,0.25,0.17545211362287672,0.34304463548061603,0.18155,post_freeze_wide_round_4,transition,True,figure1bc|114514|holdout_figure1b|100000|18155,3d56d929981c50f51337e1d705da14156e61cb2b15ab6b471c7bb18100a36265,d07b45db159516ccd8c1ff1e0e137ac07fc793a8bd7b55075aeab94f562ae5fd,ef3f0c89d96ab326ed5c33340210b37033e47b033e9f124811cce7c80ef83b87,False,ok
figure3-wide-r4-20260716T140249Z-99bbe7a-5418d4c3ceae,figure3i,holdout_figure1b,100000,18155,2,6,figure3-wide-r4-i-z05-a04,,,0.8772052760707243,40.0,40,18101,100,0,0.0,0.0,0.03699349820698568,0.18155,post_freeze_wide_round_4,transition,True,figure1bc|114514|holdout_figure1b|100000|18155,3d56d929981c50f51337e1d705da14156e61cb2b15ab6b471c7bb18100a36265,60fa916bf0805f0f9b3af94df5328f98a30ed57af4c5b3b406fd99528689ada0,ef3f0c89d96ab326ed5c33340210b37033e47b033e9f124811cce7c80ef83b87,False,ok
figure3-wide-r4-20260716T140249Z-99bbe7a-5418d4c3ceae,figure3i,holdout_figure1b,100000,18155,2,6,figure3-wide-r4-i-z05-a05,,,0.9510248413914085,40.0,40,18134,100,0,0.0,0.0,0.03699349820698568,0.18155,post_freeze_wide_round_4,transition,True,figure1bc|114514|holdout_figure1b|100000|18155,3d56d929981c50f51337e1d705da14156e61cb2b15ab6b471c7bb18100a36265,ecca7fd752db2a72f49e5cf35d0b69ad1dff16518e7074e8e500eff47f50febc,ef3f0c89d96ab326ed5c33340210b37033e47b033e9f124811cce7c80ef83b87,False,ok
figure3-wide-r4-20260716T140249Z-99bbe7a-5418d4c3ceae,figure3i,holdout_figure1b,100000,18155,2,6,figure3-wide-r4-i-z05-a06,,,0.9814074541817858,40.0,40,18147,100,0,0.0,0.0,0.03699349820698568,0.18155,post_freeze_wide_round_4,transition,True,figure1bc|114514|holdout_figure1b|100000|18155,3d56d929981c50f51337e1d705da14156e61cb2b15ab6b471c7bb18100a36265,d0196bc06bf179bf619e188ce5593766ee927f3d7ed2162d9c81485dd2dbb199,ef3f0c89d96ab326ed5c33340210b37033e47b033e9f124811cce7c80ef83b87,False,ok
figure3-wide-r4-20260716T140249Z-99bbe7a-5418d4c3ceae,figure3i,holdout_figure1b,100000,18155,2,6,figure3-wide-r4-i-z06-a00,,,0.11570232443340224,60.0,60,17893,100,0,0.0,0.0,0.03699349820698568,0.18155,post_freeze_wide_round_4,transition,True,figure1bc|114514|holdout_figure1b|100000|18155,3d56d929981c50f51337e1d705da14156e61cb2b15ab6b471c7bb18100a36265,73f8b52e1f970f890c91e29f5b34b1fbf09cff95aa34d8e56e7d37604e8ee6a6,ef3f0c89d96ab326ed5c33340210b37033e47b033e9f124811cce7c80ef83b87,False,ok
figure3-wide-r4-20260716T140249Z-99bbe7a-5418d4c3ceae,figure3i,holdout_figure1b,100000,18155,2,6,figure3-wide-r4-i-z06-a01,,,0.262353279906528,60.0,60,17936,100,0,0.0,0.0,0.03699349820698568,0.18155,post_freeze_wide_round_4,transition,True,figure1bc|114514|holdout_figure1b|100000|18155,3d56d929981c50f51337e1d705da14156e61cb2b15ab6b471c7bb18100a36265,2ee011ba1861249ed2055772fbccc0901d9cf790f5141a2333145b58f7bcf06f,ef3f0c89d96ab326ed5c33340210b37033e47b033e9f124811cce7c80ef83b87,False,ok
figure3-wide-r4-20260716T140249Z-99bbe7a-5418d4c3ceae,figure3i,holdout_figure1b,100000,18155,2,6,figure3-wide-r4-i-z06-a02,,,0.49155754774001204,60.0,60,18004,100,0,0.0,0.0,0.03699349820698568,0.18155,post_freeze_wide_round_4,transition,True,figure1bc|114514|holdout_figure1b|100000|18155,3d56d929981c50f51337e1d705da14156e61cb2b15ab6b471c7bb18100a36265,c32bc84244478944fd0d31629f28ef3115f354367d9e068ad71aadb4c6ce48f7,ef3f0c89d96ab326ed5c33340210b37033e47b033e9f124811cce7c80ef83b87,False,ok
figure3-wide-r4-20260716T140249Z-99bbe7a-5418d4c3ceae,figure3i,holdout_figure1b,100000,18155,2,6,figure3-wide-r4-i-z06-a03,,,0.7243668166820519,60.0,60,18074,100,0,0.0,0.0,0.03699349820698568,0.18155,post_freeze_wide_round_4,transition,True,figure1bc|114514|holdout_figure1b|100000|18155,3d56d929981c50f51337e1d705da14156e61cb2b15ab6b471c7bb18100a36265,0ef983b997194e9280ef7623f9dd3f3605997134473350d27aa4ddd5c91c8750,ef3f0c89d96ab326ed5c33340210b37033e47b033e9f124811cce7c80ef83b87,False,ok
figure3-wide-r4-20260716T140249Z-99bbe7a-5418d4c3ceae,figure3i,holdout_figure1b,100000,18155,2,6,figure3-wide-r4-i-z06-a04,,,0.8772052760707243,60.0,60,18119,100,0,0.0,0.0,0.03699349820698568,0.18155,post_freeze_wide_round_4,transition,True,figure1bc|114514|holdout_figure1b|100000|18155,3d56d929981c50f51337e1d705da14156e61cb2b15ab6b471c7bb18100a36265,48a1dbb4919bf4553d88156bfe0e5a8ece3f7a02c72477962475597433e725f6,ef3f0c89d96ab326ed5c33340210b37033e47b033e9f124811cce7c80ef83b87,False,ok
figure3-wide-r4-20260716T140249Z-99bbe7a-5418d4c3ceae,figure3i,holdout_figure1b,100000,18155,2,6,figure3-wide-r4-i-z06-a05,,,0.9510248413914085,60.0,60,18141,100,0,0.0,0.0,0.03699349820698568,0.18155,post_freeze_wide_round_4,transition,True,figure1bc|114514|holdout_figure1b|100000|18155,3d56d929981c50f51337e1d705da14156e61cb2b15ab6b471c7bb18100a36265,e7bd3908062f630fa0f82a3a7f655beaaace86f091093b0d7c7a14c7211176f6,ef3f0c89d96ab326ed5c33340210b37033e47b033e9f124811cce7c80ef83b87,False,ok
figure3-wide-r4-20260716T140249Z-99bbe7a-5418d4c3ceae,figure3i,holdout_figure1b,100000,18155,2,6,figure3-wide-r4-i-z06-a06,,,0.9814074541817858,60.0,60,18150,100,0,0.0,0.0,0.03699349820698568,0.18155,post_freeze_wide_round_4,transition,True,figure1bc|114514|holdout_figure1b|100000|18155,3d56d929981c50f51337e1d705da14156e61cb2b15ab6b471c7bb18100a36265,d6bcd7ac3c7feeb91efcafc55fe2a96940f430abb10f8ae096bcf38c21179f6d,ef3f0c89d96ab326ed5c33340210b37033e47b033e9f124811cce7c80ef83b87,False,ok
figure3-wide-r4-20260716T140249Z-99bbe7a-5418d4c3ceae,figure3i,holdout_figure1b,100000,18155,2,6,frozen-prediction,0.875,0.9,0.7243668166820519,10.018336028423183,10,17701,100,100,1.0,0.9630065017930143,1.0,0.18155,post_freeze_wide_round_4,transition,True,figure1bc|114514|holdout_figure1b|100000|18155,3d56d929981c50f51337e1d705da14156e61cb2b15ab6b471c7bb18100a36265,90c20dba3e64ee0029f29b3f400e0297a493f85df2b29f761db25aa687889eca,ef3f0c89d96ab326ed5c33340210b37033e47b033e9f124811cce7c80ef83b87,True,ok
figure3-wide-r4-20260716T140249Z-99bbe7a-5418d4c3ceae,figure3j,holdout_figure1b,100000,18940,2,6,figure3-wide-r4-j-z00-a00,,,0.11570232443340224,0.0,0,2192,100,0,0.0,0.0,0.03699349820698568,0.1894,post_freeze_wide_round_4,transition,True,figure1bc|114514|holdout_figure1b|100000|18940,e3076a81629c1bb1bd10153bd093e471a59da641b11d517114d129160bc9b9ca,8e96cb7f8132e15c861605841594f6dd7941ac27a31b4789e0af5fb0c540342e,ef3f0c89d96ab326ed5c33340210b37033e47b033e9f124811cce7c80ef83b87,False,ok
figure3-wide-r4-20260716T140249Z-99bbe7a-5418d4c3ceae,figure3j,holdout_figure1b,100000,18940,2,6,figure3-wide-r4-j-z00-a01,,,0.262353279906528,0.0,0,4969,100,0,0.0,0.0,0.03699349820698568,0.1894,post_freeze_wide_round_4,transition,True,figure1bc|114514|holdout_figure1b|100000|18940,e3076a81629c1bb1bd10153bd093e471a59da641b11d517114d129160bc9b9ca,05ddc4f7aa245c149ea9528eb0f8065d1ae6a7ed58157640f6a73c487d32128f,ef3f0c89d96ab326ed5c33340210b37033e47b033e9f124811cce7c80ef83b87,False,ok
figure3-wide-r4-20260716T140249Z-99bbe7a-5418d4c3ceae,figure3j,holdout_figure1b,100000,18940,2,6,figure3-wide-r4-j-z00-a02,,,0.49155754774001204,0.0,0,9311,100,0,0.0,0.0,0.03699349820698568,0.1894,post_freeze_wide_round_4,transition,True,figure1bc|114514|holdout_figure1b|100000|18940,e3076a81629c1bb1bd10153bd093e471a59da641b11d517114d129160bc9b9ca,c88e4be5bb068b8e972198afaed0108115d3295fd84d22236b0c62c4bd855ba0,ef3f0c89d96ab326ed5c33340210b37033e47b033e9f124811cce7c80ef83b87,False,ok
figure3-wide-r4-20260716T140249Z-99bbe7a-5418d4c3ceae,figure3j,holdout_figure1b,100000,18940,2,6,figure3-wide-r4-j-z00-a03,,,0.7243668166820519,0.0,0,13720,100,0,0.0,0.0,0.03699349820698568,0.1894,post_freeze_wide_round_4,transition,True,figure1bc|114514|holdout_figure1b|100000|18940,e3076a81629c1bb1bd10153bd093e471a59da641b11d517114d129160bc9b9ca,010331bf425fd163dbf6def90fdceaf6ac5307fdcc1fafa4deb96ff657b6d014,ef3f0c89d96ab326ed5c33340210b37033e47b033e9f124811cce7c80ef83b87,False,ok
figure3-wide-r4-20260716T140249Z-99bbe7a-5418d4c3ceae,figure3j,holdout_figure1b,100000,18940,2,6,figure3-wide-r4-j-z00-a04,,,0.8772052760707243,0.0,0,16615,100,0,0.0,0.0,0.03699349820698568,0.1894,post_freeze_wide_round_4,transition,True,figure1bc|114514|holdout_figure1b|100000|18940,e3076a81629c1bb1bd10153bd093e471a59da641b11d517114d129160bc9b9ca,c68e49972e8efa172edbe541b0063f10d2f04dbb15949850b93da6396bf1fcd4,ef3f0c89d96ab326ed5c33340210b37033e47b033e9f124811cce7c80ef83b87,False,ok
figure3-wide-r4-20260716T140249Z-99bbe7a-5418d4c3ceae,figure3j,holdout_figure1b,100000,18940,2,6,figure3-wide-r4-j-z00-a05,,,0.9510248413914085,0.0,0,18013,100,0,0.0,0.0,0.03699349820698568,0.1894,post_freeze_wide_round_4,transition,True,figure1bc|114514|holdout_figure1b|100000|18940,e3076a81629c1bb1bd10153bd093e471a59da641b11d517114d129160bc9b9ca,02e58027785fab9a9a085316b555a4f794e5e580c63bce44196be854c3fcf4ba,ef3f0c89d96ab326ed5c33340210b37033e47b033e9f124811cce7c80ef83b87,False,ok
figure3-wide-r4-20260716T140249Z-99bbe7a-5418d4c3ceae,figure3j,holdout_figure1b,100000,18940,2,6,figure3-wide-r4-j-z00-a06,,,0.9814074541817858,0.0,0,18588,100,0,0.0,0.0,0.03699349820698568,0.1894,post_freeze_wide_round_4,transition,True,figure1bc|114514|holdout_figure1b|100000|18940,e3076a81629c1bb1bd10153bd093e471a59da641b11d517114d129160bc9b9ca,d743b1b692395ff6d14d2d1c62180484ffe7bd59b08e796de6ea0b1e8f9ce504,ef3f0c89d96ab326ed5c33340210b37033e47b033e9f124811cce7c80ef83b87,False,ok
figure3-wide-r4-20260716T140249Z-99bbe7a-5418d4c3ceae,figure3j,holdout_figure1b,100000,18940,2,6,figure3-wide-r4-j-z01-a00,,,0.11570232443340224,5.0,5,16150,100,0,0.0,0.0,0.03699349820698568,0.1894,post_freeze_wide_round_4,transition,True,figure1bc|114514|holdout_figure1b|100000|18940,e3076a81629c1bb1bd10153bd093e471a59da641b11d517114d129160bc9b9ca,d26a164adf338a96ad87ca4015cabdfde16504ac32521418ff2530f6e6b26ee7,ef3f0c89d96ab326ed5c33340210b37033e47b033e9f124811cce7c80ef83b87,False,ok
figure3-wide-r4-20260716T140249Z-99bbe7a-5418d4c3ceae,figure3j,holdout_figure1b,100000,18940,2,6,figure3-wide-r4-j-z01-a01,,,0.262353279906528,5.0,5,16612,100,0,0.0,0.0,0.03699349820698568,0.1894,post_freeze_wide_round_4,transition,True,figure1bc|114514|holdout_figure1b|100000|18940,e3076a81629c1bb1bd10153bd093e471a59da641b11d517114d129160bc9b9ca,e61b1e2390550d606c49e36ba9b2c63ac3d01f1c3867440e62cf3ba46e6db146,ef3f0c89d96ab326ed5c33340210b37033e47b033e9f124811cce7c80ef83b87,False,ok
figure3-wide-r4-20260716T140249Z-99bbe7a-5418d4c3ceae,figure3j,holdout_figure1b,100000,18940,2,6,figure3-wide-r4-j-z01-a02,,,0.49155754774001204,5.0,5,17336,100,100,1.0,0.9630065017930143,1.0,0.1894,post_freeze_wide_round_4,transition,True,figure1bc|114514|holdout_figure1b|100000|18940,e3076a81629c1bb1bd10153bd093e471a59da641b11d517114d129160bc9b9ca,ce4af61e75f3701da48f2c167db5d6ab3bd5ade443c3923e4212d2e74b14a2a0,ef3f0c89d96ab326ed5c33340210b37033e47b033e9f124811cce7c80ef83b87,False,ok
figure3-wide-r4-20260716T140249Z-99bbe7a-5418d4c3ceae,figure3j,holdout_figure1b,100000,18940,2,6,figure3-wide-r4-j-z01-a03,,,0.7243668166820519,5.0,5,18071,100,100,1.0,0.9630065017930143,1.0,0.1894,post_freeze_wide_round_4,transition,True,figure1bc|114514|holdout_figure1b|100000|18940,e3076a81629c1bb1bd10153bd093e471a59da641b11d517114d129160bc9b9ca,e5efcafff8c7722eb9dcf3ce9faff38378220bba265bbfbf271c4cdb7bd079d1,ef3f0c89d96ab326ed5c33340210b37033e47b033e9f124811cce7c80ef83b87,False,ok
figure3-wide-r4-20260716T140249Z-99bbe7a-5418d4c3ceae,figure3j,holdout_figure1b,100000,18940,2,6,figure3-wide-r4-j-z01-a04,,,0.8772052760707243,5.0,5,18553,100,0,0.0,0.0,0.03699349820698568,0.1894,post_freeze_wide_round_4,transition,True,figure1bc|114514|holdout_figure1b|100000|18940,e3076a81629c1bb1bd10153bd093e471a59da641b11d517114d129160bc9b9ca,e36150b424fac21e600a1047be5c9195b839207deca9773afba4c467fc612ba7,ef3f0c89d96ab326ed5c33340210b37033e47b033e9f124811cce7c80ef83b87,False,ok
figure3-wide-r4-20260716T140249Z-99bbe7a-5418d4c3ceae,figure3j,holdout_figure1b,100000,18940,2,6,figure3-wide-r4-j-z01-a05,,,0.9510248413914085,5.0,5,18786,100,0,0.0,0.0,0.03699349820698568,0.1894,post_freeze_wide_round_4,transition,True,figure1bc|114514|holdout_figure1b|100000|18940,e3076a81629c1bb1bd10153bd093e471a59da641b11d517114d129160bc9b9ca,3c5582e7bb5866dce1737a84ab45f2027321716635eed6abe0db7dcae0b2a8d1,ef3f0c89d96ab326ed5c33340210b37033e47b033e9f124811cce7c80ef83b87,False,ok
figure3-wide-r4-20260716T140249Z-99bbe7a-5418d4c3ceae,figure3j,holdout_figure1b,100000,18940,2,6,figure3-wide-r4-j-z01-a06,,,0.9814074541817858,5.0,5,18882,100,0,0.0,0.0,0.03699349820698568,0.1894,post_freeze_wide_round_4,transition,True,figure1bc|114514|holdout_figure1b|100000|18940,e3076a81629c1bb1bd10153bd093e471a59da641b11d517114d129160bc9b9ca,e3a993982ae1db8d0ff9cb8da010857a034614c9d92de57264a170404942048e,ef3f0c89d96ab326ed5c33340210b37033e47b033e9f124811cce7c80ef83b87,False,ok
figure3-wide-r4-20260716T140249Z-99bbe7a-5418d4c3ceae,figure3j,holdout_figure1b,100000,18940,2,6,figure3-wide-r4-j-z02-a00,,,0.11570232443340224,10.0,10,17419,100,97,0.97,0.9154806357094724,0.9897454759759611,0.1894,post_freeze_wide_round_4,transition,True,figure1bc|114514|holdout_figure1b|100000|18940,e3076a81629c1bb1bd10153bd093e471a59da641b11d517114d129160bc9b9ca,81b2c8d69f9e00e88efac5752e4b6d155382641f913f800f009bd0bbc36bbee6,ef3f0c89d96ab326ed5c33340210b37033e47b033e9f124811cce7c80ef83b87,False,ok
figure3-wide-r4-20260716T140249Z-99bbe7a-5418d4c3ceae,figure3j,holdout_figure1b,100000,18940,2,6,figure3-wide-r4-j-z02-a01,,,0.262353279906528,10.0,10,17671,100,100,1.0,0.9630065017930143,1.0,0.1894,post_freeze_wide_round_4,transition,True,figure1bc|114514|holdout_figure1b|100000|18940,e3076a81629c1bb1bd10153bd093e471a59da641b11d517114d129160bc9b9ca,27bf597603c486131dd37e91c5ebb9fa0f52c7fa3ca1135320097c063d654b1c,ef3f0c89d96ab326ed5c33340210b37033e47b033e9f124811cce7c80ef83b87,False,ok
figure3-wide-r4-20260716T140249Z-99bbe7a-5418d4c3ceae,figure3j,holdout_figure1b,100000,18940,2,6,figure3-wide-r4-j-z02-a02,,,0.49155754774001204,10.0,10,18065,100,100,1.0,0.9630065017930143,1.0,0.1894,post_freeze_wide_round_4,transition,True,figure1bc|114514|holdout_figure1b|100000|18940,e3076a81629c1bb1bd10153bd093e471a59da641b11d517114d129160bc9b9ca,fd45742edc307bbb8160f6891d9e65764c45dff73a21028a758b9be6016df2f9,ef3f0c89d96ab326ed5c33340210b37033e47b033e9f124811cce7c80ef83b87,False,ok
figure3-wide-r4-20260716T140249Z-99bbe7a-5418d4c3ceae,figure3j,holdout_figure1b,100000,18940,2,6,figure3-wide-r4-j-z02-a04,,,0.8772052760707243,10.0,10,18729,100,1,0.01,0.0017674320641406505,0.054486196178705315,0.1894,post_freeze_wide_round_4,transition,True,figure1bc|114514|holdout_figure1b|100000|18940,e3076a81629c1bb1bd10153bd093e471a59da641b11d517114d129160bc9b9ca,b242f66a2832d92a7ff2d2b508e2c55c582d226b3cc67894b57aadce4ba6025f,ef3f0c89d96ab326ed5c33340210b37033e47b033e9f124811cce7c80ef83b87,False,ok
figure3-wide-r4-20260716T140249Z-99bbe7a-5418d4c3ceae,figure3j,holdout_figure1b,100000,18940,2,6,figure3-wide-r4-j-z02-a05,,,0.9510248413914085,10.0,10,18856,100,0,0.0,0.0,0.03699349820698568,0.1894,post_freeze_wide_round_4,transition,True,figure1bc|114514|holdout_figure1b|100000|18940,e3076a81629c1bb1bd10153bd093e471a59da641b11d517114d129160bc9b9ca,a53750db839a4cf34f90796c686fcbc3c1b6871c365ea1f93af0edfe86b49689,ef3f0c89d96ab326ed5c33340210b37033e47b033e9f124811cce7c80ef83b87,False,ok
figure3-wide-r4-20260716T140249Z-99bbe7a-5418d4c3ceae,figure3j,holdout_figure1b,100000,18940,2,6,figure3-wide-r4-j-z02-a06,,,0.9814074541817858,10.0,10,18909,100,0,0.0,0.0,0.03699349820698568,0.1894,post_freeze_wide_round_4,transition,True,figure1bc|114514|holdout_figure1b|100000|18940,e3076a81629c1bb1bd10153bd093e471a59da641b11d517114d129160bc9b9ca,9795e63ce5a3ad32bd92da3efbd21e64217cf4f859cb93400bcdda809ee11bb8,ef3f0c89d96ab326ed5c33340210b37033e47b033e9f124811cce7c80ef83b87,False,ok
figure3-wide-r4-20260716T140249Z-99bbe7a-5418d4c3ceae,figure3j,holdout_figure1b,100000,18940,2,6,figure3-wide-r4-j-z03-a00,,,0.11570232443340224,15.0,15,17894,100,100,1.0,0.9630065017930143,1.0,0.1894,post_freeze_wide_round_4,transition,True,figure1bc|114514|holdout_figure1b|100000|18940,e3076a81629c1bb1bd10153bd093e471a59da641b11d517114d129160bc9b9ca,9afd5341df13fd78142c73ae279038c29c64ba7e019a3d4a789b11558f4f7690,ef3f0c89d96ab326ed5c33340210b37033e47b033e9f124811cce7c80ef83b87,False,ok
figure3-wide-r4-20260716T140249Z-99bbe7a-5418d4c3ceae,figure3j,holdout_figure1b,100000,18940,2,6,figure3-wide-r4-j-z03-a01,,,0.262353279906528,15.0,15,18068,100,100,1.0,0.9630065017930143,1.0,0.1894,post_freeze_wide_round_4,transition,True,figure1bc|114514|holdout_figure1b|100000|18940,e3076a81629c1bb1bd10153bd093e471a59da641b11d517114d129160bc9b9ca,f0b2cb6a5132af74fb63b6295aa85919541c1670f8448433388546e54c95c0cc,ef3f0c89d96ab326ed5c33340210b37033e47b033e9f124811cce7c80ef83b87,False,ok
figure3-wide-r4-20260716T140249Z-99bbe7a-5418d4c3ceae,figure3j,holdout_figure1b,100000,18940,2,6,figure3-wide-r4-j-z03-a02,,,0.49155754774001204,15.0,15,18339,100,100,1.0,0.9630065017930143,1.0,0.1894,post_freeze_wide_round_4,transition,True,figure1bc|114514|holdout_figure1b|100000|18940,e3076a81629c1bb1bd10153bd093e471a59da641b11d517114d129160bc9b9ca,b140e6949e370974cf42dbe1dd118748d9dbe336048140365fcdb24f09bcd3af,ef3f0c89d96ab326ed5c33340210b37033e47b033e9f124811cce7c80ef83b87,False,ok
figure3-wide-r4-20260716T140249Z-99bbe7a-5418d4c3ceae,figure3j,holdout_figure1b,100000,18940,2,6,figure3-wide-r4-j-z03-a03,,,0.7243668166820519,15.0,15,18614,100,100,1.0,0.9630065017930143,1.0,0.1894,post_freeze_wide_round_4,transition,True,figure1bc|114514|holdout_figure1b|100000|18940,e3076a81629c1bb1bd10153bd093e471a59da641b11d517114d129160bc9b9ca,7f591a941d579d33a2bc764ddfb0b7018b97dbc0534728513522f22e33929c2f,ef3f0c89d96ab326ed5c33340210b37033e47b033e9f124811cce7c80ef83b87,False,ok
figure3-wide-r4-20260716T140249Z-99bbe7a-5418d4c3ceae,figure3j,holdout_figure1b,100000,18940,2,6,figure3-wide-r4-j-z03-a04,,,0.8772052760707243,15.0,15,18795,100,6,0.06,0.027786123963188192,0.1247681544589592,0.1894,post_freeze_wide_round_4,transition,True,figure1bc|114514|holdout_figure1b|100000|18940,e3076a81629c1bb1bd10153bd093e471a59da641b11d517114d129160bc9b9ca,86f03567f9a51e676795c1bdc908f9f0cce7ebf165a1cd681f03c91a5254f559,ef3f0c89d96ab326ed5c33340210b37033e47b033e9f124811cce7c80ef83b87,False,ok
figure3-wide-r4-20260716T140249Z-99bbe7a-5418d4c3ceae,figure3j,holdout_figure1b,100000,18940,2,6,figure3-wide-r4-j-z03-a05,,,0.9510248413914085,15.0,15,18883,100,0,0.0,0.0,0.03699349820698568,0.1894,post_freeze_wide_round_4,transition,True,figure1bc|114514|holdout_figure1b|100000|18940,e3076a81629c1bb1bd10153bd093e471a59da641b11d517114d129160bc9b9ca,210a72265de10ba69999dace4f9e1aa823a7ffb3bbcafa98407fff92a8b7438e,ef3f0c89d96ab326ed5c33340210b37033e47b033e9f124811cce7c80ef83b87,False,ok
figure3-wide-r4-20260716T140249Z-99bbe7a-5418d4c3ceae,figure3j,holdout_figure1b,100000,18940,2,6,figure3-wide-r4-j-z03-a06,,,0.9814074541817858,15.0,15,18919,100,0,0.0,0.0,0.03699349820698568,0.1894,post_freeze_wide_round_4,transition,True,figure1bc|114514|holdout_figure1b|100000|18940,e3076a81629c1bb1bd10153bd093e471a59da641b11d517114d129160bc9b9ca,b2c1e1f748d013883b99b7622e992e5473b6eb556e4c44c418f8687dac186eb9,ef3f0c89d96ab326ed5c33340210b37033e47b033e9f124811cce7c80ef83b87,False,ok
figure3-wide-r4-20260716T140249Z-99bbe7a-5418d4c3ceae,figure3j,holdout_figure1b,100000,18940,2,6,figure3-wide-r4-j-z04-a00,,,0.11570232443340224,25.0,25,18297,100,100,1.0,0.9630065017930143,1.0,0.1894,post_freeze_wide_round_4,transition,True,figure1bc|114514|holdout_figure1b|100000|18940,e3076a81629c1bb1bd10153bd093e471a59da641b11d517114d129160bc9b9ca,68a334215ef38c32712387ea290295edc569a139cf830453bbde5f25d24eaab2,ef3f0c89d96ab326ed5c33340210b37033e47b033e9f124811cce7c80ef83b87,False,ok
figure3-wide-r4-20260716T140249Z-99bbe7a-5418d4c3ceae,figure3j,holdout_figure1b,100000,18940,2,6,figure3-wide-r4-j-z04-a01,,,0.262353279906528,25.0,25,18403,100,100,1.0,0.9630065017930143,1.0,0.1894,post_freeze_wide_round_4,transition,True,figure1bc|114514|holdout_figure1b|100000|18940,e3076a81629c1bb1bd10153bd093e471a59da641b11d517114d129160bc9b9ca,1fce54f89cd003101031ccf1e1c2c2673f517bc19dcc6b6989d17a39126462f6,ef3f0c89d96ab326ed5c33340210b37033e47b033e9f124811cce7c80ef83b87,False,ok
figure3-wide-r4-20260716T140249Z-99bbe7a-5418d4c3ceae,figure3j,holdout_figure1b,100000,18940,2,6,figure3-wide-r4-j-z04-a02,,,0.49155754774001204,25.0,25,18570,100,100,1.0,0.9630065017930143,1.0,0.1894,post_freeze_wide_round_4,transition,True,figure1bc|114514|holdout_figure1b|100000|18940,e3076a81629c1bb1bd10153bd093e471a59da641b11d517114d129160bc9b9ca,4e29c168b2cc624f5ac6ea53dadc5ed35a2ecda32abec5ace3524ad6ff1acb05,ef3f0c89d96ab326ed5c33340210b37033e47b033e9f124811cce7c80ef83b87,False,ok
figure3-wide-r4-20260716T140249Z-99bbe7a-5418d4c3ceae,figure3j,holdout_figure1b,100000,18940,2,6,figure3-wide-r4-j-z04-a03,,,0.7243668166820519,25.0,25,18740,100,100,1.0,0.9630065017930143,1.0,0.1894,post_freeze_wide_round_4,transition,True,figure1bc|114514|holdout_figure1b|100000|18940,e3076a81629c1bb1bd10153bd093e471a59da641b11d517114d129160bc9b9ca,187f30da32997e637d1d10e7a09d4578d938c0d2e0135ecf9393c09f4e57dea8,ef3f0c89d96ab326ed5c33340210b37033e47b033e9f124811cce7c80ef83b87,False,ok
figure3-wide-r4-20260716T140249Z-99bbe7a-5418d4c3ceae,figure3j,holdout_figure1b,100000,18940,2,6,figure3-wide-r4-j-z04-a04,,,0.8772052760707243,25.0,25,18851,100,10,0.1,0.0552291370606751,0.17436566150491345,0.1894,post_freeze_wide_round_4,transition,True,figure1bc|114514|holdout_figure1b|100000|18940,e3076a81629c1bb1bd10153bd093e471a59da641b11d517114d129160bc9b9ca,82e5341c4829c19631637105c24bc223fb08c977d2440a8d7646861e5ceb976d,ef3f0c89d96ab326ed5c33340210b37033e47b033e9f124811cce7c80ef83b87,False,ok
figure3-wide-r4-20260716T140249Z-99bbe7a-5418d4c3ceae,figure3j,holdout_figure1b,100000,18940,2,6,figure3-wide-r4-j-z04-a05,,,0.9510248413914085,25.0,25,18905,100,0,0.0,0.0,0.03699349820698568,0.1894,post_freeze_wide_round_4,transition,True,figure1bc|114514|holdout_figure1b|100000|18940,e3076a81629c1bb1bd10153bd093e471a59da641b11d517114d129160bc9b9ca,c1aa345a543ab1bcc264fe67f0f117124dba7975bc5f84d12a244cd33d503b7d,ef3f0c89d96ab326ed5c33340210b37033e47b033e9f124811cce7c80ef83b87,False,ok
figure3-wide-r4-20260716T140249Z-99bbe7a-5418d4c3ceae,figure3j,holdout_figure1b,100000,18940,2,6,figure3-wide-r4-j-z04-a06,,,0.9814074541817858,25.0,25,18927,100,0,0.0,0.0,0.03699349820698568,0.1894,post_freeze_wide_round_4,transition,True,figure1bc|114514|holdout_figure1b|100000|18940,e3076a81629c1bb1bd10153bd093e471a59da641b11d517114d129160bc9b9ca,45ef50b81a5b21acb312b871e256f1dda9bde71bc19685b578bb701dcd4a8efb,ef3f0c89d96ab326ed5c33340210b37033e47b033e9f124811cce7c80ef83b87,False,ok
figure3-wide-r4-20260716T140249Z-99bbe7a-5418d4c3ceae,figure3j,holdout_figure1b,100000,18940,2,6,figure3-wide-r4-j-z05-a00,,,0.11570232443340224,40.0,40,18533,100,100,1.0,0.9630065017930143,1.0,0.1894,post_freeze_wide_round_4,transition,True,figure1bc|114514|holdout_figure1b|100000|18940,e3076a81629c1bb1bd10153bd093e471a59da641b11d517114d129160bc9b9ca,10928deeec8a30ac8b67287bd0d61513bb69b60ac3cc0b53d0b24a37845dc1d7,ef3f0c89d96ab326ed5c33340210b37033e47b033e9f124811cce7c80ef83b87,False,ok
figure3-wide-r4-20260716T140249Z-99bbe7a-5418d4c3ceae,figure3j,holdout_figure1b,100000,18940,2,6,figure3-wide-r4-j-z05-a01,,,0.262353279906528,40.0,40,18600,100,100,1.0,0.9630065017930143,1.0,0.1894,post_freeze_wide_round_4,transition,True,figure1bc|114514|holdout_figure1b|100000|18940,e3076a81629c1bb1bd10153bd093e471a59da641b11d517114d129160bc9b9ca,98f6e2134affa7a4d00790f023ea9cc803f1f790da6fe2bce8d7e8586eed27bd,ef3f0c89d96ab326ed5c33340210b37033e47b033e9f124811cce7c80ef83b87,False,ok
figure3-wide-r4-20260716T140249Z-99bbe7a-5418d4c3ceae,figure3j,holdout_figure1b,100000,18940,2,6,figure3-wide-r4-j-z05-a02,,,0.49155754774001204,40.0,40,18706,100,100,1.0,0.9630065017930143,1.0,0.1894,post_freeze_wide_round_4,transition,True,figure1bc|114514|holdout_figure1b|100000|18940,e3076a81629c1bb1bd10153bd093e471a59da641b11d517114d129160bc9b9ca,b0436ab92fb61208c60c7348f8934986be25be5606b45b8116e76014e3439c00,ef3f0c89d96ab326ed5c33340210b37033e47b033e9f124811cce7c80ef83b87,False,ok
figure3-wide-r4-20260716T140249Z-99bbe7a-5418d4c3ceae,figure3j,holdout_figure1b,100000,18940,2,6,figure3-wide-r4-j-z05-a03,,,0.7243668166820519,40.0,40,18813,100,100,1.0,0.9630065017930143,1.0,0.1894,post_freeze_wide_round_4,transition,True,figure1bc|114514|holdout_figure1b|100000|18940,e3076a81629c1bb1bd10153bd093e471a59da641b11d517114d129160bc9b9ca,76e0008a8e2afe95d7b99b7a55eaff313e3703d37a6851457ee15afb442a71b4,ef3f0c89d96ab326ed5c33340210b37033e47b033e9f124811cce7c80ef83b87,False,ok
figure3-wide-r4-20260716T140249Z-99bbe7a-5418d4c3ceae,figure3j,holdout_figure1b,100000,18940,2,6,figure3-wide-r4-j-z05-a04,,,0.8772052760707243,40.0,40,18884,100,16,0.16,0.10095288488804782,0.24420269389270244,0.1894,post_freeze_wide_round_4,transition,True,figure1bc|114514|holdout_figure1b|100000|18940,e3076a81629c1bb1bd10153bd093e471a59da641b11d517114d129160bc9b9ca,d948731a1070eafadba047b89b6cdb7df180c01aa07c18b9f554c7e782a619ff,ef3f0c89d96ab326ed5c33340210b37033e47b033e9f124811cce7c80ef83b87,False,ok
figure3-wide-r4-20260716T140249Z-99bbe7a-5418d4c3ceae,figure3j,holdout_figure1b,100000,18940,2,6,figure3-wide-r4-j-z05-a05,,,0.9510248413914085,40.0,40,18918,100,0,0.0,0.0,0.03699349820698568,0.1894,post_freeze_wide_round_4,transition,True,figure1bc|114514|holdout_figure1b|100000|18940,e3076a81629c1bb1bd10153bd093e471a59da641b11d517114d129160bc9b9ca,ab00e8390d0757ac0c74203300072b02de8787a97c015959ba0da2f123cf8e53,ef3f0c89d96ab326ed5c33340210b37033e47b033e9f124811cce7c80ef83b87,False,ok
figure3-wide-r4-20260716T140249Z-99bbe7a-5418d4c3ceae,figure3j,holdout_figure1b,100000,18940,2,6,figure3-wide-r4-j-z05-a06,,,0.9814074541817858,40.0,40,18932,100,0,0.0,0.0,0.03699349820698568,0.1894,post_freeze_wide_round_4,transition,True,figure1bc|114514|holdout_figure1b|100000|18940,e3076a81629c1bb1bd10153bd093e471a59da641b11d517114d129160bc9b9ca,2d76fd53df34d88abd7ec5dca499c1827e384d2846bad1539088a87412739e3f,ef3f0c89d96ab326ed5c33340210b37033e47b033e9f124811cce7c80ef83b87,False,ok
figure3-wide-r4-20260716T140249Z-99bbe7a-5418d4c3ceae,figure3j,holdout_figure1b,100000,18940,2,6,figure3-wide-r4-j-z06-a00,,,0.11570232443340224,60.0,60,18666,100,86,0.86,0.7786281178903616,0.9147365634006086,0.1894,post_freeze_wide_round_4,transition,True,figure1bc|114514|holdout_figure1b|100000|18940,e3076a81629c1bb1bd10153bd093e471a59da641b11d517114d129160bc9b9ca,11bc36ab09495362f459c81945910407ff7292519a9e40803ea922f221ce3370,ef3f0c89d96ab326ed5c33340210b37033e47b033e9f124811cce7c80ef83b87,False,ok
figure3-wide-r4-20260716T140249Z-99bbe7a-5418d4c3ceae,figure3j,holdout_figure1b,100000,18940,2,6,figure3-wide-r4-j-z06-a01,,,0.262353279906528,60.0,60,18712,100,91,0.91,0.837737871472837,0.9519274599974348,0.1894,post_freeze_wide_round_4,transition,True,figure1bc|114514|holdout_figure1b|100000|18940,e3076a81629c1bb1bd10153bd093e471a59da641b11d517114d129160bc9b9ca,b99c3a700044c7ce91e8242d7adeedf0e38b19296ff51097ff36f2a73d0d2b30,ef3f0c89d96ab326ed5c33340210b37033e47b033e9f124811cce7c80ef83b87,False,ok
figure3-wide-r4-20260716T140249Z-99bbe7a-5418d4c3ceae,figure3j,holdout_figure1b,100000,18940,2,6,figure3-wide-r4-j-z06-a02,,,0.49155754774001204,60.0,60,18783,100,97,0.97,0.9154806357094724,0.9897454759759611,0.1894,post_freeze_wide_round_4,transition,True,figure1bc|114514|holdout_figure1b|100000|18940,e3076a81629c1bb1bd10153bd093e471a59da641b11d517114d129160bc9b9ca,c5b7e858cc90a3492909a615f4638a437cda5d54618655830389c8ce0689b051,ef3f0c89d96ab326ed5c33340210b37033e47b033e9f124811cce7c80ef83b87,False,ok
figure3-wide-r4-20260716T140249Z-99bbe7a-5418d4c3ceae,figure3j,holdout_figure1b,100000,18940,2,6,figure3-wide-r4-j-z06-a03,,,0.7243668166820519,60.0,60,18855,100,99,0.99,0.9455138038212946,0.9982325679358593,0.1894,post_freeze_wide_round_4,transition,True,figure1bc|114514|holdout_figure1b|100000|18940,e3076a81629c1bb1bd10153bd093e471a59da641b11d517114d129160bc9b9ca,cd31997975eb206e70d3fbaf8a230069e80d76c6b1c46ddca827fa7de2e82c12,ef3f0c89d96ab326ed5c33340210b37033e47b033e9f124811cce7c80ef83b87,False,ok
figure3-wide-r4-20260716T140249Z-99bbe7a-5418d4c3ceae,figure3j,holdout_figure1b,100000,18940,2,6,figure3-wide-r4-j-z06-a04,,,0.8772052760707243,60.0,60,18902,100,17,0.17,0.10893566114059931,0.25548004767601123,0.1894,post_freeze_wide_round_4,transition,True,figure1bc|114514|holdout_figure1b|100000|18940,e3076a81629c1bb1bd10153bd093e471a59da641b11d517114d129160bc9b9ca,f53411985fa4cdf9ee6b31fadd2323e1ca81cb9feae15c00428ad69d77d4320c,ef3f0c89d96ab326ed5c33340210b37033e47b033e9f124811cce7c80ef83b87,False,ok
figure3-wide-r4-20260716T140249Z-99bbe7a-5418d4c3ceae,figure3j,holdout_figure1b,100000,18940,2,6,figure3-wide-r4-j-z06-a05,,,0.9510248413914085,60.0,60,18925,100,0,0.0,0.0,0.03699349820698568,0.1894,post_freeze_wide_round_4,transition,True,figure1bc|114514|holdout_figure1b|100000|18940,e3076a81629c1bb1bd10153bd093e471a59da641b11d517114d129160bc9b9ca,664942ebc840f5c3a1d230ca91ea296c5f576bdb43f55bc1d9aeb2e249b9249b,ef3f0c89d96ab326ed5c33340210b37033e47b033e9f124811cce7c80ef83b87,False,ok
figure3-wide-r4-20260716T140249Z-99bbe7a-5418d4c3ceae,figure3j,holdout_figure1b,100000,18940,2,6,figure3-wide-r4-j-z06-a06,,,0.9814074541817858,60.0,60,18935,100,0,0.0,0.0,0.03699349820698568,0.1894,post_freeze_wide_round_4,transition,True,figure1bc|114514|holdout_figure1b|100000|18940,e3076a81629c1bb1bd10153bd093e471a59da641b11d517114d129160bc9b9ca,3a12667d5a29b18f951cd5d9276b3ce563c5658abbc6b9292a9e45c999f5ed04,ef3f0c89d96ab326ed5c33340210b37033e47b033e9f124811cce7c80ef83b87,False,ok
figure3-wide-r4-20260716T140249Z-99bbe7a-5418d4c3ceae,figure3j,holdout_figure1b,100000,18940,2,6,frozen-prediction,0.875,0.9,0.7243668166820519,10.16069702346925,10,18466,100,100,1.0,0.9630065017930143,1.0,0.1894,post_freeze_wide_round_4,transition,True,figure1bc|114514|holdout_figure1b|100000|18940,e3076a81629c1bb1bd10153bd093e471a59da641b11d517114d129160bc9b9ca,4c6902a61541babf64548a6cb8155b25a2390cfd1db2c05110adef1cf49e87a8,ef3f0c89d96ab326ed5c33340210b37033e47b033e9f124811cce7c80ef83b87,True,ok
figure3-wide-r4-20260716T140249Z-99bbe7a-5418d4c3ceae,figure3k,holdout_figure1b,1000000,178767,2,6,figure3-wide-r4-k-z00-a00,,,0.11570232443340224,0.0,0,20684,100,0,0.0,0.0,0.03699349820698568,0.178767,post_freeze_wide_round_4,transition,True,figure1bc|114514|holdout_figure1b|1000000|178767,57520cc1db84157419b1a62354ddc37857e0a10096c58b819290bdc8df742fa7,1ccd66607e401bf03211152f313ee55409983899154712960173d53445dbce9b,ef3f0c89d96ab326ed5c33340210b37033e47b033e9f124811cce7c80ef83b87,False,ok
figure3-wide-r4-20260716T140249Z-99bbe7a-5418d4c3ceae,figure3k,holdout_figure1b,1000000,178767,2,6,figure3-wide-r4-k-z00-a01,,,0.262353279906528,0.0,0,46901,100,0,0.0,0.0,0.03699349820698568,0.178767,post_freeze_wide_round_4,transition,True,figure1bc|114514|holdout_figure1b|1000000|178767,57520cc1db84157419b1a62354ddc37857e0a10096c58b819290bdc8df742fa7,a774bd80b9f3d871cdcab40a2d1fdc65b04c2cce3b10713d00b0ae2bfd312a61,ef3f0c89d96ab326ed5c33340210b37033e47b033e9f124811cce7c80ef83b87,False,ok
figure3-wide-r4-20260716T140249Z-99bbe7a-5418d4c3ceae,figure3k,holdout_figure1b,1000000,178767,2,6,figure3-wide-r4-k-z00-a02,,,0.49155754774001204,0.0,0,87875,100,0,0.0,0.0,0.03699349820698568,0.178767,post_freeze_wide_round_4,transition,True,figure1bc|114514|holdout_figure1b|1000000|178767,57520cc1db84157419b1a62354ddc37857e0a10096c58b819290bdc8df742fa7,cfdd53748ac71c2131ce9de38951510ba2c5e7a3bcf575e40737beeb9a8aa2c7,ef3f0c89d96ab326ed5c33340210b37033e47b033e9f124811cce7c80ef83b87,False,ok
figure3-wide-r4-20260716T140249Z-99bbe7a-5418d4c3ceae,figure3k,holdout_figure1b,1000000,178767,2,6,figure3-wide-r4-k-z00-a03,,,0.7243668166820519,0.0,0,129493,100,0,0.0,0.0,0.03699349820698568,0.178767,post_freeze_wide_round_4,transition,True,figure1bc|114514|holdout_figure1b|1000000|178767,57520cc1db84157419b1a62354ddc37857e0a10096c58b819290bdc8df742fa7,26f5ed381e2fcc8dc731273f0943e2b470d8988e825a5ac375368eb23ba90608,ef3f0c89d96ab326ed5c33340210b37033e47b033e9f124811cce7c80ef83b87,False,ok
figure3-wide-r4-20260716T140249Z-99bbe7a-5418d4c3ceae,figure3k,holdout_figure1b,1000000,178767,2,6,figure3-wide-r4-k-z00-a04,,,0.8772052760707243,0.0,0,156816,100,0,0.0,0.0,0.03699349820698568,0.178767,post_freeze_wide_round_4,transition,True,figure1bc|114514|holdout_figure1b|1000000|178767,57520cc1db84157419b1a62354ddc37857e0a10096c58b819290bdc8df742fa7,61aa438fc9abcec5097e3074b7d94290dd19fb8ddb52850d57cc260b24f82975,ef3f0c89d96ab326ed5c33340210b37033e47b033e9f124811cce7c80ef83b87,False,ok
figure3-wide-r4-20260716T140249Z-99bbe7a-5418d4c3ceae,figure3k,holdout_figure1b,1000000,178767,2,6,figure3-wide-r4-k-z00-a05,,,0.9510248413914085,0.0,0,170012,100,0,0.0,0.0,0.03699349820698568,0.178767,post_freeze_wide_round_4,transition,True,figure1bc|114514|holdout_figure1b|1000000|178767,57520cc1db84157419b1a62354ddc37857e0a10096c58b819290bdc8df742fa7,c82d94b16187e04ae153d33376c5ef683b5e535d76f8de45c19bf41704a8a19d,ef3f0c89d96ab326ed5c33340210b37033e47b033e9f124811cce7c80ef83b87,False,ok
figure3-wide-r4-20260716T140249Z-99bbe7a-5418d4c3ceae,figure3k,holdout_figure1b,1000000,178767,2,6,figure3-wide-r4-k-z00-a06,,,0.9814074541817858,0.0,0,175444,100,0,0.0,0.0,0.03699349820698568,0.178767,post_freeze_wide_round_4,transition,True,figure1bc|114514|holdout_figure1b|1000000|178767,57520cc1db84157419b1a62354ddc37857e0a10096c58b819290bdc8df742fa7,e627a8b8f8b5acf87044535ae78de8d435fc1454d77b979bb3d79ba40280fbf5,ef3f0c89d96ab326ed5c33340210b37033e47b033e9f124811cce7c80ef83b87,False,ok
figure3-wide-r4-20260716T140249Z-99bbe7a-5418d4c3ceae,figure3k,holdout_figure1b,1000000,178767,2,6,figure3-wide-r4-k-z01-a00,,,0.11570232443340224,11.0,11,165594,100,0,0.0,0.0,0.03699349820698568,0.178767,post_freeze_wide_round_4,transition,True,figure1bc|114514|holdout_figure1b|1000000|178767,57520cc1db84157419b1a62354ddc37857e0a10096c58b819290bdc8df742fa7,7efe2b502f4199f114383e93edecbf5e15f41a2690d10ab9a8d89c54fa2dc248,ef3f0c89d96ab326ed5c33340210b37033e47b033e9f124811cce7c80ef83b87,False,ok
figure3-wide-r4-20260716T140249Z-99bbe7a-5418d4c3ceae,figure3k,holdout_figure1b,1000000,178767,2,6,figure3-wide-r4-k-z01-a01,,,0.262353279906528,11.0,11,167779,100,0,0.0,0.0,0.03699349820698568,0.178767,post_freeze_wide_round_4,transition,True,figure1bc|114514|holdout_figure1b|1000000|178767,57520cc1db84157419b1a62354ddc37857e0a10096c58b819290bdc8df742fa7,c8d4f3117f323c4810e16d7caa591ae9e4f3035ae4291666b57107dab8dd5919,ef3f0c89d96ab326ed5c33340210b37033e47b033e9f124811cce7c80ef83b87,False,ok
figure3-wide-r4-20260716T140249Z-99bbe7a-5418d4c3ceae,figure3k,holdout_figure1b,1000000,178767,2,6,figure3-wide-r4-k-z01-a02,,,0.49155754774001204,11.0,11,171193,100,100,1.0,0.9630065017930143,1.0,0.178767,post_freeze_wide_round_4,transition,True,figure1bc|114514|holdout_figure1b|1000000|178767,57520cc1db84157419b1a62354ddc37857e0a10096c58b819290bdc8df742fa7,6c02e62aabff233cf2368b810cf526849c60e2e863ec38f64840dff2c01b135c,ef3f0c89d96ab326ed5c33340210b37033e47b033e9f124811cce7c80ef83b87,False,ok
figure3-wide-r4-20260716T140249Z-99bbe7a-5418d4c3ceae,figure3k,holdout_figure1b,1000000,178767,2,6,figure3-wide-r4-k-z01-a03,,,0.7243668166820519,11.0,11,174661,100,100,1.0,0.9630065017930143,1.0,0.178767,post_freeze_wide_round_4,transition,True,figure1bc|114514|holdout_figure1b|1000000|178767,57520cc1db84157419b1a62354ddc37857e0a10096c58b819290bdc8df742fa7,d211116c1babcc07fd883e8fa81ba5098b85326143f1ba15e883a90a63c1a526,ef3f0c89d96ab326ed5c33340210b37033e47b033e9f124811cce7c80ef83b87,False,ok
figure3-wide-r4-20260716T140249Z-99bbe7a-5418d4c3ceae,figure3k,holdout_figure1b,1000000,178767,2,6,figure3-wide-r4-k-z01-a04,,,0.8772052760707243,11.0,11,176938,100,0,0.0,0.0,0.03699349820698568,0.178767,post_freeze_wide_round_4,transition,True,figure1bc|114514|holdout_figure1b|1000000|178767,57520cc1db84157419b1a62354ddc37857e0a10096c58b819290bdc8df742fa7,6140ff9ecf5516aff98eddbc82b41281c488ba1d6717879a8bcbddc686cff87b,ef3f0c89d96ab326ed5c33340210b37033e47b033e9f124811cce7c80ef83b87,False,ok
figure3-wide-r4-20260716T140249Z-99bbe7a-5418d4c3ceae,figure3k,holdout_figure1b,1000000,178767,2,6,figure3-wide-r4-k-z01-a05,,,0.9510248413914085,11.0,11,178038,100,0,0.0,0.0,0.03699349820698568,0.178767,post_freeze_wide_round_4,transition,True,figure1bc|114514|holdout_figure1b|1000000|178767,57520cc1db84157419b1a62354ddc37857e0a10096c58b819290bdc8df742fa7,1ac8ad8f4286fb0095c2e6596c4283cfb906a0f806f2f847c0df7426e587475f,ef3f0c89d96ab326ed5c33340210b37033e47b033e9f124811cce7c80ef83b87,False,ok
figure3-wide-r4-20260716T140249Z-99bbe7a-5418d4c3ceae,figure3k,holdout_figure1b,1000000,178767,2,6,figure3-wide-r4-k-z01-a06,,,0.9814074541817858,11.0,11,178491,100,0,0.0,0.0,0.03699349820698568,0.178767,post_freeze_wide_round_4,transition,True,figure1bc|114514|holdout_figure1b|1000000|178767,57520cc1db84157419b1a62354ddc37857e0a10096c58b819290bdc8df742fa7,967c302a12da42734d5416a6dee9272aa3b3bc5929a50c12dfeb959f4492c0c5,ef3f0c89d96ab326ed5c33340210b37033e47b033e9f124811cce7c80ef83b87,False,ok
figure3-wide-r4-20260716T140249Z-99bbe7a-5418d4c3ceae,figure3k,holdout_figure1b,1000000,178767,2,6,figure3-wide-r4-k-z02-a00,,,0.11570232443340224,21.0,21,171583,100,99,0.99,0.9455138038212946,0.9982325679358593,0.178767,post_freeze_wide_round_4,transition,True,figure1bc|114514|holdout_figure1b|1000000|178767,57520cc1db84157419b1a62354ddc37857e0a10096c58b819290bdc8df742fa7,086508ccd433826b6cf5b665558df42928188cc8dc49a915d090002e49e7ba67,ef3f0c89d96ab326ed5c33340210b37033e47b033e9f124811cce7c80ef83b87,False,ok
figure3-wide-r4-20260716T140249Z-99bbe7a-5418d4c3ceae,figure3k,holdout_figure1b,1000000,178767,2,6,figure3-wide-r4-k-z02-a01,,,0.262353279906528,21.0,21,172774,100,100,1.0,0.9630065017930143,1.0,0.178767,post_freeze_wide_round_4,transition,True,figure1bc|114514|holdout_figure1b|1000000|178767,57520cc1db84157419b1a62354ddc37857e0a10096c58b819290bdc8df742fa7,bec2a22d959c8194e2e0ae086e376dcf5d1200466569a69f28774346223b59f7,ef3f0c89d96ab326ed5c33340210b37033e47b033e9f124811cce7c80ef83b87,False,ok
figure3-wide-r4-20260716T140249Z-99bbe7a-5418d4c3ceae,figure3k,holdout_figure1b,1000000,178767,2,6,figure3-wide-r4-k-z02-a02,,,0.49155754774001204,21.0,21,174636,100,100,1.0,0.9630065017930143,1.0,0.178767,post_freeze_wide_round_4,transition,True,figure1bc|114514|holdout_figure1b|1000000|178767,57520cc1db84157419b1a62354ddc37857e0a10096c58b819290bdc8df742fa7,bf101e5d5fb808adf9205abf6b9d9116ebab6a36f73bf4609375734130d98b3b,ef3f0c89d96ab326ed5c33340210b37033e47b033e9f124811cce7c80ef83b87,False,ok
figure3-wide-r4-20260716T140249Z-99bbe7a-5418d4c3ceae,figure3k,holdout_figure1b,1000000,178767,2,6,figure3-wide-r4-k-z02-a04,,,0.8772052760707243,21.0,21,177770,100,0,0.0,0.0,0.03699349820698568,0.178767,post_freeze_wide_round_4,transition,True,figure1bc|114514|holdout_figure1b|1000000|178767,57520cc1db84157419b1a62354ddc37857e0a10096c58b819290bdc8df742fa7,29f57891e8642f571d253d273c5aa1e76bc1dae36b89026cf055138dc85ed0ff,ef3f0c89d96ab326ed5c33340210b37033e47b033e9f124811cce7c80ef83b87,False,ok
figure3-wide-r4-20260716T140249Z-99bbe7a-5418d4c3ceae,figure3k,holdout_figure1b,1000000,178767,2,6,figure3-wide-r4-k-z02-a05,,,0.9510248413914085,21.0,21,178370,100,0,0.0,0.0,0.03699349820698568,0.178767,post_freeze_wide_round_4,transition,True,figure1bc|114514|holdout_figure1b|1000000|178767,57520cc1db84157419b1a62354ddc37857e0a10096c58b819290bdc8df742fa7,0ba9e8d4f69a0321693ee789c13ac42237924f719081e8a4aab87d41b6504a0f,ef3f0c89d96ab326ed5c33340210b37033e47b033e9f124811cce7c80ef83b87,False,ok
figure3-wide-r4-20260716T140249Z-99bbe7a-5418d4c3ceae,figure3k,holdout_figure1b,1000000,178767,2,6,figure3-wide-r4-k-z02-a06,,,0.9814074541817858,21.0,21,178616,100,0,0.0,0.0,0.03699349820698568,0.178767,post_freeze_wide_round_4,transition,True,figure1bc|114514|holdout_figure1b|1000000|178767,57520cc1db84157419b1a62354ddc37857e0a10096c58b819290bdc8df742fa7,eb4d813247f4259e089e71f76762ea7edc09524b840c340b3cc63af1c30e08fe,ef3f0c89d96ab326ed5c33340210b37033e47b033e9f124811cce7c80ef83b87,False,ok
figure3-wide-r4-20260716T140249Z-99bbe7a-5418d4c3ceae,figure3k,holdout_figure1b,1000000,178767,2,6,figure3-wide-r4-k-z03-a00,,,0.11570232443340224,32.0,32,173977,100,100,1.0,0.9630065017930143,1.0,0.178767,post_freeze_wide_round_4,transition,True,figure1bc|114514|holdout_figure1b|1000000|178767,57520cc1db84157419b1a62354ddc37857e0a10096c58b819290bdc8df742fa7,93ade7bb388e7a56cc9165e2067c8d2ac7f835650720e7539312a8dabd71c60d,ef3f0c89d96ab326ed5c33340210b37033e47b033e9f124811cce7c80ef83b87,False,ok
figure3-wide-r4-20260716T140249Z-99bbe7a-5418d4c3ceae,figure3k,holdout_figure1b,1000000,178767,2,6,figure3-wide-r4-k-z03-a01,,,0.262353279906528,32.0,32,174772,100,100,1.0,0.9630065017930143,1.0,0.178767,post_freeze_wide_round_4,transition,True,figure1bc|114514|holdout_figure1b|1000000|178767,57520cc1db84157419b1a62354ddc37857e0a10096c58b819290bdc8df742fa7,743c5c0bbc81e08ff90121aeae8f62d9fdf60aaedc1d429408a2c7b41dd4b2d1,ef3f0c89d96ab326ed5c33340210b37033e47b033e9f124811cce7c80ef83b87,False,ok
figure3-wide-r4-20260716T140249Z-99bbe7a-5418d4c3ceae,figure3k,holdout_figure1b,1000000,178767,2,6,figure3-wide-r4-k-z03-a02,,,0.49155754774001204,32.0,32,176013,100,100,1.0,0.9630065017930143,1.0,0.178767,post_freeze_wide_round_4,transition,True,figure1bc|114514|holdout_figure1b|1000000|178767,57520cc1db84157419b1a62354ddc37857e0a10096c58b819290bdc8df742fa7,8e227f7ecd54f7c1f922106cef0b244d254f54d6ab7a742c0976ca0d4709842b,ef3f0c89d96ab326ed5c33340210b37033e47b033e9f124811cce7c80ef83b87,False,ok
figure3-wide-r4-20260716T140249Z-99bbe7a-5418d4c3ceae,figure3k,holdout_figure1b,1000000,178767,2,6,figure3-wide-r4-k-z03-a03,,,0.7243668166820519,32.0,32,177274,100,100,1.0,0.9630065017930143,1.0,0.178767,post_freeze_wide_round_4,transition,True,figure1bc|114514|holdout_figure1b|1000000|178767,57520cc1db84157419b1a62354ddc37857e0a10096c58b819290bdc8df742fa7,f8bd7efd594097315dbf922a9b27a808551d66d9115f9da258122fd7533c18ef,ef3f0c89d96ab326ed5c33340210b37033e47b033e9f124811cce7c80ef83b87,False,ok
figure3-wide-r4-20260716T140249Z-99bbe7a-5418d4c3ceae,figure3k,holdout_figure1b,1000000,178767,2,6,figure3-wide-r4-k-z03-a04,,,0.8772052760707243,32.0,32,178102,100,0,0.0,0.0,0.03699349820698568,0.178767,post_freeze_wide_round_4,transition,True,figure1bc|114514|holdout_figure1b|1000000|178767,57520cc1db84157419b1a62354ddc37857e0a10096c58b819290bdc8df742fa7,25b4df2467b6beb939351adf2826eb5799ffc1df8f0395dd645b0a26190819e6,ef3f0c89d96ab326ed5c33340210b37033e47b033e9f124811cce7c80ef83b87,False,ok
figure3-wide-r4-20260716T140249Z-99bbe7a-5418d4c3ceae,figure3k,holdout_figure1b,1000000,178767,2,6,figure3-wide-r4-k-z03-a05,,,0.9510248413914085,32.0,32,178502,100,0,0.0,0.0,0.03699349820698568,0.178767,post_freeze_wide_round_4,transition,True,figure1bc|114514|holdout_figure1b|1000000|178767,57520cc1db84157419b1a62354ddc37857e0a10096c58b819290bdc8df742fa7,7b803213e53f128084719783260a0175b3ebf9150101dc36a1c53f19f22af55a,ef3f0c89d96ab326ed5c33340210b37033e47b033e9f124811cce7c80ef83b87,False,ok
figure3-wide-r4-20260716T140249Z-99bbe7a-5418d4c3ceae,figure3k,holdout_figure1b,1000000,178767,2,6,figure3-wide-r4-k-z03-a06,,,0.9814074541817858,32.0,32,178667,100,0,0.0,0.0,0.03699349820698568,0.178767,post_freeze_wide_round_4,transition,True,figure1bc|114514|holdout_figure1b|1000000|178767,57520cc1db84157419b1a62354ddc37857e0a10096c58b819290bdc8df742fa7,e62ddb5ba7105a38a72c9a138b720889be9d62726504c4d0cb78483707d65061,ef3f0c89d96ab326ed5c33340210b37033e47b033e9f124811cce7c80ef83b87,False,ok
figure3-wide-r4-20260716T140249Z-99bbe7a-5418d4c3ceae,figure3k,holdout_figure1b,1000000,178767,2,6,figure3-wide-r4-k-z04-a00,,,0.11570232443340224,53.0,53,175840,100,100,1.0,0.9630065017930143,1.0,0.178767,post_freeze_wide_round_4,transition,True,figure1bc|114514|holdout_figure1b|1000000|178767,57520cc1db84157419b1a62354ddc37857e0a10096c58b819290bdc8df742fa7,11e144931b3c9e8c7d8f9317958083bc2099419968b4cd8a1911c6c0f175d205,ef3f0c89d96ab326ed5c33340210b37033e47b033e9f124811cce7c80ef83b87,False,ok
figure3-wide-r4-20260716T140249Z-99bbe7a-5418d4c3ceae,figure3k,holdout_figure1b,1000000,178767,2,6,figure3-wide-r4-k-z04-a01,,,0.262353279906528,53.0,53,176326,100,100,1.0,0.9630065017930143,1.0,0.178767,post_freeze_wide_round_4,transition,True,figure1bc|114514|holdout_figure1b|1000000|178767,57520cc1db84157419b1a62354ddc37857e0a10096c58b819290bdc8df742fa7,c34de9884941e4b5f9b89b46236f328786ee7b443ba7ccfd72fd078b569c72fe,ef3f0c89d96ab326ed5c33340210b37033e47b033e9f124811cce7c80ef83b87,False,ok
figure3-wide-r4-20260716T140249Z-99bbe7a-5418d4c3ceae,figure3k,holdout_figure1b,1000000,178767,2,6,figure3-wide-r4-k-z04-a02,,,0.49155754774001204,53.0,53,177085,100,100,1.0,0.9630065017930143,1.0,0.178767,post_freeze_wide_round_4,transition,True,figure1bc|114514|holdout_figure1b|1000000|178767,57520cc1db84157419b1a62354ddc37857e0a10096c58b819290bdc8df742fa7,771f9d1a41de6a9a605e49f2e68ff419183ae0f4db06248bd27e236ad995664c,ef3f0c89d96ab326ed5c33340210b37033e47b033e9f124811cce7c80ef83b87,False,ok
figure3-wide-r4-20260716T140249Z-99bbe7a-5418d4c3ceae,figure3k,holdout_figure1b,1000000,178767,2,6,figure3-wide-r4-k-z04-a03,,,0.7243668166820519,53.0,53,177855,100,100,1.0,0.9630065017930143,1.0,0.178767,post_freeze_wide_round_4,transition,True,figure1bc|114514|holdout_figure1b|1000000|178767,57520cc1db84157419b1a62354ddc37857e0a10096c58b819290bdc8df742fa7,7847f3559c0c1e69878d9cf310810a7b0c9242396bae9e7f3919be04f5a5746a,ef3f0c89d96ab326ed5c33340210b37033e47b033e9f124811cce7c80ef83b87,False,ok
figure3-wide-r4-20260716T140249Z-99bbe7a-5418d4c3ceae,figure3k,holdout_figure1b,1000000,178767,2,6,figure3-wide-r4-k-z04-a04,,,0.8772052760707243,53.0,53,178361,100,0,0.0,0.0,0.03699349820698568,0.178767,post_freeze_wide_round_4,transition,True,figure1bc|114514|holdout_figure1b|1000000|178767,57520cc1db84157419b1a62354ddc37857e0a10096c58b819290bdc8df742fa7,20fbfb56af4229ba67656f93fe38418d4cae2ad4dbfc29adbbfb87eb392986fd,ef3f0c89d96ab326ed5c33340210b37033e47b033e9f124811cce7c80ef83b87,False,ok
figure3-wide-r4-20260716T140249Z-99bbe7a-5418d4c3ceae,figure3k,holdout_figure1b,1000000,178767,2,6,figure3-wide-r4-k-z04-a05,,,0.9510248413914085,53.0,53,178605,100,0,0.0,0.0,0.03699349820698568,0.178767,post_freeze_wide_round_4,transition,True,figure1bc|114514|holdout_figure1b|1000000|178767,57520cc1db84157419b1a62354ddc37857e0a10096c58b819290bdc8df742fa7,a7582acd475d5ea86b6d862c665da02e6ca402af9c3aadd9a86af58fa746d993,ef3f0c89d96ab326ed5c33340210b37033e47b033e9f124811cce7c80ef83b87,False,ok
figure3-wide-r4-20260716T140249Z-99bbe7a-5418d4c3ceae,figure3k,holdout_figure1b,1000000,178767,2,6,figure3-wide-r4-k-z04-a06,,,0.9814074541817858,53.0,53,178706,100,0,0.0,0.0,0.03699349820698568,0.178767,post_freeze_wide_round_4,transition,True,figure1bc|114514|holdout_figure1b|1000000|178767,57520cc1db84157419b1a62354ddc37857e0a10096c58b819290bdc8df742fa7,c182d3cf56a0f54cd8c560b7ed8fbc26a132df94bcf2f85e68ee6667b5744ee5,ef3f0c89d96ab326ed5c33340210b37033e47b033e9f124811cce7c80ef83b87,False,ok
figure3-wide-r4-20260716T140249Z-99bbe7a-5418d4c3ceae,figure3k,holdout_figure1b,1000000,178767,2,6,figure3-wide-r4-k-z05-a00,,,0.11570232443340224,84.0,84,176908,100,100,1.0,0.9630065017930143,1.0,0.178767,post_freeze_wide_round_4,transition,True,figure1bc|114514|holdout_figure1b|1000000|178767,57520cc1db84157419b1a62354ddc37857e0a10096c58b819290bdc8df742fa7,6c899cd62cfa47ebbfd7fbdedec7c15554b3d19067bc9707d259fa8377b3bdc5,ef3f0c89d96ab326ed5c33340210b37033e47b033e9f124811cce7c80ef83b87,False,ok
figure3-wide-r4-20260716T140249Z-99bbe7a-5418d4c3ceae,figure3k,holdout_figure1b,1000000,178767,2,6,figure3-wide-r4-k-z05-a01,,,0.262353279906528,84.0,84,177216,100,100,1.0,0.9630065017930143,1.0,0.178767,post_freeze_wide_round_4,transition,True,figure1bc|114514|holdout_figure1b|1000000|178767,57520cc1db84157419b1a62354ddc37857e0a10096c58b819290bdc8df742fa7,e1465da59c57a7fbddd9a3b5aedbd6d656b50807ec9bb259ae89933e09a79828,ef3f0c89d96ab326ed5c33340210b37033e47b033e9f124811cce7c80ef83b87,False,ok
figure3-wide-r4-20260716T140249Z-99bbe7a-5418d4c3ceae,figure3k,holdout_figure1b,1000000,178767,2,6,figure3-wide-r4-k-z05-a02,,,0.49155754774001204,84.0,84,177698,100,100,1.0,0.9630065017930143,1.0,0.178767,post_freeze_wide_round_4,transition,True,figure1bc|114514|holdout_figure1b|1000000|178767,57520cc1db84157419b1a62354ddc37857e0a10096c58b819290bdc8df742fa7,be1cb6e370270c4602c398b24b0712bfbe665ceb495e8a9cbfa276fd1b671f6d,ef3f0c89d96ab326ed5c33340210b37033e47b033e9f124811cce7c80ef83b87,False,ok
figure3-wide-r4-20260716T140249Z-99bbe7a-5418d4c3ceae,figure3k,holdout_figure1b,1000000,178767,2,6,figure3-wide-r4-k-z05-a03,,,0.7243668166820519,84.0,84,178188,100,100,1.0,0.9630065017930143,1.0,0.178767,post_freeze_wide_round_4,transition,True,figure1bc|114514|holdout_figure1b|1000000|178767,57520cc1db84157419b1a62354ddc37857e0a10096c58b819290bdc8df742fa7,1372550df87df3dc28951133b2adeafd2053057e8d0891b6e2121834de837c84,ef3f0c89d96ab326ed5c33340210b37033e47b033e9f124811cce7c80ef83b87,False,ok
figure3-wide-r4-20260716T140249Z-99bbe7a-5418d4c3ceae,figure3k,holdout_figure1b,1000000,178767,2,6,figure3-wide-r4-k-z05-a04,,,0.8772052760707243,84.0,84,178509,100,0,0.0,0.0,0.03699349820698568,0.178767,post_freeze_wide_round_4,transition,True,figure1bc|114514|holdout_figure1b|1000000|178767,57520cc1db84157419b1a62354ddc37857e0a10096c58b819290bdc8df742fa7,6ac4b3dc1fea807fb0d1a83372d1d8dc7d557d3b2d2126eea941224f81ff054e,ef3f0c89d96ab326ed5c33340210b37033e47b033e9f124811cce7c80ef83b87,False,ok
figure3-wide-r4-20260716T140249Z-99bbe7a-5418d4c3ceae,figure3k,holdout_figure1b,1000000,178767,2,6,figure3-wide-r4-k-z05-a05,,,0.9510248413914085,84.0,84,178665,100,0,0.0,0.0,0.03699349820698568,0.178767,post_freeze_wide_round_4,transition,True,figure1bc|114514|holdout_figure1b|1000000|178767,57520cc1db84157419b1a62354ddc37857e0a10096c58b819290bdc8df742fa7,800c70ee3285ba0c297431787af3b4cd90269624fa0aa4c8b19298ba5806e8d7,ef3f0c89d96ab326ed5c33340210b37033e47b033e9f124811cce7c80ef83b87,False,ok
figure3-wide-r4-20260716T140249Z-99bbe7a-5418d4c3ceae,figure3k,holdout_figure1b,1000000,178767,2,6,figure3-wide-r4-k-z05-a06,,,0.9814074541817858,84.0,84,178728,100,0,0.0,0.0,0.03699349820698568,0.178767,post_freeze_wide_round_4,transition,True,figure1bc|114514|holdout_figure1b|1000000|178767,57520cc1db84157419b1a62354ddc37857e0a10096c58b819290bdc8df742fa7,d7d5e79e6332e2c3f60780b84a00a778b1a95a85a13712d04502a317118c27cd,ef3f0c89d96ab326ed5c33340210b37033e47b033e9f124811cce7c80ef83b87,False,ok
figure3-wide-r4-20260716T140249Z-99bbe7a-5418d4c3ceae,figure3k,holdout_figure1b,1000000,178767,2,6,figure3-wide-r4-k-z06-a00,,,0.11570232443340224,126.0,126,177523,100,93,0.93,0.8625048526092651,0.9656807389327273,0.178767,post_freeze_wide_round_4,transition,True,figure1bc|114514|holdout_figure1b|1000000|178767,57520cc1db84157419b1a62354ddc37857e0a10096c58b819290bdc8df742fa7,2c59aca406157d46795f594004c4f6e5c4b01875c053e93f2d19a14384a6cdda,ef3f0c89d96ab326ed5c33340210b37033e47b033e9f124811cce7c80ef83b87,False,ok
figure3-wide-r4-20260716T140249Z-99bbe7a-5418d4c3ceae,figure3k,holdout_figure1b,1000000,178767,2,6,figure3-wide-r4-k-z06-a01,,,0.262353279906528,126.0,126,177730,100,98,0.98,0.929988209271456,0.9944980324498376,0.178767,post_freeze_wide_round_4,transition,True,figure1bc|114514|holdout_figure1b|1000000|178767,57520cc1db84157419b1a62354ddc37857e0a10096c58b819290bdc8df742fa7,0005147e601d69a0706fe13a19305c5871a84123c58ae5b20860b944eb3ead22,ef3f0c89d96ab326ed5c33340210b37033e47b033e9f124811cce7c80ef83b87,False,ok
figure3-wide-r4-20260716T140249Z-99bbe7a-5418d4c3ceae,figure3k,holdout_figure1b,1000000,178767,2,6,figure3-wide-r4-k-z06-a02,,,0.49155754774001204,126.0,126,178052,100,97,0.97,0.9154806357094724,0.9897454759759611,0.178767,post_freeze_wide_round_4,transition,True,figure1bc|114514|holdout_figure1b|1000000|178767,57520cc1db84157419b1a62354ddc37857e0a10096c58b819290bdc8df742fa7,5bc539ca71a19ac7a780db748957be1bdd22ad5604bf5645b294070a6f1d0502,ef3f0c89d96ab326ed5c33340210b37033e47b033e9f124811cce7c80ef83b87,False,ok
figure3-wide-r4-20260716T140249Z-99bbe7a-5418d4c3ceae,figure3k,holdout_figure1b,1000000,178767,2,6,figure3-wide-r4-k-z06-a03,,,0.7243668166820519,126.0,126,178380,100,99,0.99,0.9455138038212946,0.9982325679358593,0.178767,post_freeze_wide_round_4,transition,True,figure1bc|114514|holdout_figure1b|1000000|178767,57520cc1db84157419b1a62354ddc37857e0a10096c58b819290bdc8df742fa7,0ef5f2389fea5f54cc80d631a961f05a8d792c7e95147deaad278100f81c5dc1,ef3f0c89d96ab326ed5c33340210b37033e47b033e9f124811cce7c80ef83b87,False,ok
figure3-wide-r4-20260716T140249Z-99bbe7a-5418d4c3ceae,figure3k,holdout_figure1b,1000000,178767,2,6,figure3-wide-r4-k-z06-a04,,,0.8772052760707243,126.0,126,178595,100,0,0.0,0.0,0.03699349820698568,0.178767,post_freeze_wide_round_4,transition,True,figure1bc|114514|holdout_figure1b|1000000|178767,57520cc1db84157419b1a62354ddc37857e0a10096c58b819290bdc8df742fa7,ed5f307eee374813e9bbd55a3264f51f7dc0be5149b6a4bdb108137b2a6c17bd,ef3f0c89d96ab326ed5c33340210b37033e47b033e9f124811cce7c80ef83b87,False,ok
figure3-wide-r4-20260716T140249Z-99bbe7a-5418d4c3ceae,figure3k,holdout_figure1b,1000000,178767,2,6,figure3-wide-r4-k-z06-a05,,,0.9510248413914085,126.0,126,178699,100,0,0.0,0.0,0.03699349820698568,0.178767,post_freeze_wide_round_4,transition,True,figure1bc|114514|holdout_figure1b|1000000|178767,57520cc1db84157419b1a62354ddc37857e0a10096c58b819290bdc8df742fa7,2f1a81ab4fc268a0464797ee73b13667e5449515cd953437894fe998e2268a79,ef3f0c89d96ab326ed5c33340210b37033e47b033e9f124811cce7c80ef83b87,False,ok
figure3-wide-r4-20260716T140249Z-99bbe7a-5418d4c3ceae,figure3k,holdout_figure1b,1000000,178767,2,6,figure3-wide-r4-k-z06-a06,,,0.9814074541817858,126.0,126,178741,100,0,0.0,0.0,0.03699349820698568,0.178767,post_freeze_wide_round_4,transition,True,figure1bc|114514|holdout_figure1b|1000000|178767,57520cc1db84157419b1a62354ddc37857e0a10096c58b819290bdc8df742fa7,868bc26602aab43ede5ef1cc3ea17440767dbc1b3a965c883a777b312ccf36a2,ef3f0c89d96ab326ed5c33340210b37033e47b033e9f124811cce7c80ef83b87,False,ok
figure3-wide-r4-20260716T140249Z-99bbe7a-5418d4c3ceae,figure3k,holdout_figure1b,1000000,178767,2,6,frozen-prediction,0.875,0.9,0.7243668166820519,21.472995216117184,21,176528,100,100,1.0,0.9630065017930143,1.0,0.178767,post_freeze_wide_round_4,transition,True,figure1bc|114514|holdout_figure1b|1000000|178767,57520cc1db84157419b1a62354ddc37857e0a10096c58b819290bdc8df742fa7,bd1d58acf7ff0814ea13e23359506d96ef311e635775b52c697b8e88611a5a05,ef3f0c89d96ab326ed5c33340210b37033e47b033e9f124811cce7c80ef83b87,True,ok
figure3-wide-r4-20260716T140249Z-99bbe7a-5418d4c3ceae,figure3l,holdout_figure1b,1000000,183767,2,6,figure3-wide-r4-l-z00-a00,,,0.11570232443340224,0.0,0,21263,100,0,0.0,0.0,0.03699349820698568,0.183767,post_freeze_wide_round_4,transition,True,figure1bc|114514|holdout_figure1b|1000000|183767,2462c843689b1b33b809fe4e7ef7d0912e7c5e07ddd43c7e82dfd287a7be71f2,7cdb5bfb26d450aa0e73e3424a2ffccef3cd9ad12609609c1a79dd20e4b695ae,ef3f0c89d96ab326ed5c33340210b37033e47b033e9f124811cce7c80ef83b87,False,ok
figure3-wide-r4-20260716T140249Z-99bbe7a-5418d4c3ceae,figure3l,holdout_figure1b,1000000,183767,2,6,figure3-wide-r4-l-z00-a01,,,0.262353279906528,0.0,0,48212,100,0,0.0,0.0,0.03699349820698568,0.183767,post_freeze_wide_round_4,transition,True,figure1bc|114514|holdout_figure1b|1000000|183767,2462c843689b1b33b809fe4e7ef7d0912e7c5e07ddd43c7e82dfd287a7be71f2,dd278a08c8a917d07f260978cf9e3d4673c3ce0b63b5a57724f02293601db553,ef3f0c89d96ab326ed5c33340210b37033e47b033e9f124811cce7c80ef83b87,False,ok
figure3-wide-r4-20260716T140249Z-99bbe7a-5418d4c3ceae,figure3l,holdout_figure1b,1000000,183767,2,6,figure3-wide-r4-l-z00-a02,,,0.49155754774001204,0.0,0,90333,100,0,0.0,0.0,0.03699349820698568,0.183767,post_freeze_wide_round_4,transition,True,figure1bc|114514|holdout_figure1b|1000000|183767,2462c843689b1b33b809fe4e7ef7d0912e7c5e07ddd43c7e82dfd287a7be71f2,e8377a71870bf467b7307e1d4ff8779eb223e7b368d65ec2ddc6ca468125669c,ef3f0c89d96ab326ed5c33340210b37033e47b033e9f124811cce7c80ef83b87,False,ok
figure3-wide-r4-20260716T140249Z-99bbe7a-5418d4c3ceae,figure3l,holdout_figure1b,1000000,183767,2,6,figure3-wide-r4-l-z00-a03,,,0.7243668166820519,0.0,0,133115,100,0,0.0,0.0,0.03699349820698568,0.183767,post_freeze_wide_round_4,transition,True,figure1bc|114514|holdout_figure1b|1000000|183767,2462c843689b1b33b809fe4e7ef7d0912e7c5e07ddd43c7e82dfd287a7be71f2,69817e925021ea8cd44af7ee35a3574536723db0e7893c110697c55e606e3aad,ef3f0c89d96ab326ed5c33340210b37033e47b033e9f124811cce7c80ef83b87,False,ok
figure3-wide-r4-20260716T140249Z-99bbe7a-5418d4c3ceae,figure3l,holdout_figure1b,1000000,183767,2,6,figure3-wide-r4-l-z00-a04,,,0.8772052760707243,0.0,0,161202,100,0,0.0,0.0,0.03699349820698568,0.183767,post_freeze_wide_round_4,transition,True,figure1bc|114514|holdout_figure1b|1000000|183767,2462c843689b1b33b809fe4e7ef7d0912e7c5e07ddd43c7e82dfd287a7be71f2,1ef79009e1ec11372d380892585bfe156f292bdb40a71c15da4a79fa4aa5ded8,ef3f0c89d96ab326ed5c33340210b37033e47b033e9f124811cce7c80ef83b87,False,ok
figure3-wide-r4-20260716T140249Z-99bbe7a-5418d4c3ceae,figure3l,holdout_figure1b,1000000,183767,2,6,figure3-wide-r4-l-z00-a05,,,0.9510248413914085,0.0,0,174767,100,0,0.0,0.0,0.03699349820698568,0.183767,post_freeze_wide_round_4,transition,True,figure1bc|114514|holdout_figure1b|1000000|183767,2462c843689b1b33b809fe4e7ef7d0912e7c5e07ddd43c7e82dfd287a7be71f2,53e5c291c487568f1e024e7fb0e3805360bfe8044ceed99bd934e0cdd6a7183a,ef3f0c89d96ab326ed5c33340210b37033e47b033e9f124811cce7c80ef83b87,False,ok
figure3-wide-r4-20260716T140249Z-99bbe7a-5418d4c3ceae,figure3l,holdout_figure1b,1000000,183767,2,6,figure3-wide-r4-l-z00-a06,,,0.9814074541817858,0.0,0,180351,100,0,0.0,0.0,0.03699349820698568,0.183767,post_freeze_wide_round_4,transition,True,figure1bc|114514|holdout_figure1b|1000000|183767,2462c843689b1b33b809fe4e7ef7d0912e7c5e07ddd43c7e82dfd287a7be71f2,2a59d192cb80359fc197238ca78bfffacb1f5e4edf5f47ee95bad243d5a003d5,ef3f0c89d96ab326ed5c33340210b37033e47b033e9f124811cce7c80ef83b87,False,ok
figure3-wide-r4-20260716T140249Z-99bbe7a-5418d4c3ceae,figure3l,holdout_figure1b,1000000,183767,2,6,figure3-wide-r4-l-z01-a00,,,0.11570232443340224,11.0,11,170226,100,99,0.99,0.9455138038212946,0.9982325679358593,0.183767,post_freeze_wide_round_4,transition,True,figure1bc|114514|holdout_figure1b|1000000|183767,2462c843689b1b33b809fe4e7ef7d0912e7c5e07ddd43c7e82dfd287a7be71f2,9b9d507b5133245ca8b82bc4314ec4652837d97f1eec577a81f9dae959c55f31,ef3f0c89d96ab326ed5c33340210b37033e47b033e9f124811cce7c80ef83b87,False,ok
figure3-wide-r4-20260716T140249Z-99bbe7a-5418d4c3ceae,figure3l,holdout_figure1b,1000000,183767,2,6,figure3-wide-r4-l-z01-a01,,,0.262353279906528,11.0,11,172472,100,100,1.0,0.9630065017930143,1.0,0.183767,post_freeze_wide_round_4,transition,True,figure1bc|114514|holdout_figure1b|1000000|183767,2462c843689b1b33b809fe4e7ef7d0912e7c5e07ddd43c7e82dfd287a7be71f2,afb51cb9193fb31e8a326543f79aeb750abf9a3dfe367e60d8e481f979091499,ef3f0c89d96ab326ed5c33340210b37033e47b033e9f124811cce7c80ef83b87,False,ok
figure3-wide-r4-20260716T140249Z-99bbe7a-5418d4c3ceae,figure3l,holdout_figure1b,1000000,183767,2,6,figure3-wide-r4-l-z01-a02,,,0.49155754774001204,11.0,11,175982,100,100,1.0,0.9630065017930143,1.0,0.183767,post_freeze_wide_round_4,transition,True,figure1bc|114514|holdout_figure1b|1000000|183767,2462c843689b1b33b809fe4e7ef7d0912e7c5e07ddd43c7e82dfd287a7be71f2,47b0ae52072e950620329d6cb0f4920e2a6cc6a2159a2b3954883a6d1a06f0bb,ef3f0c89d96ab326ed5c33340210b37033e47b033e9f124811cce7c80ef83b87,False,ok
figure3-wide-r4-20260716T140249Z-99bbe7a-5418d4c3ceae,figure3l,holdout_figure1b,1000000,183767,2,6,figure3-wide-r4-l-z01-a03,,,0.7243668166820519,11.0,11,179547,100,100,1.0,0.9630065017930143,1.0,0.183767,post_freeze_wide_round_4,transition,True,figure1bc|114514|holdout_figure1b|1000000|183767,2462c843689b1b33b809fe4e7ef7d0912e7c5e07ddd43c7e82dfd287a7be71f2,6eaa842b774f29ffd0e6b77d2070514d787ee5db0f288de77dee4fe96194d028,ef3f0c89d96ab326ed5c33340210b37033e47b033e9f124811cce7c80ef83b87,False,ok
figure3-wide-r4-20260716T140249Z-99bbe7a-5418d4c3ceae,figure3l,holdout_figure1b,1000000,183767,2,6,figure3-wide-r4-l-z01-a04,,,0.8772052760707243,11.0,11,181887,100,0,0.0,0.0,0.03699349820698568,0.183767,post_freeze_wide_round_4,transition,True,figure1bc|114514|holdout_figure1b|1000000|183767,2462c843689b1b33b809fe4e7ef7d0912e7c5e07ddd43c7e82dfd287a7be71f2,1cc67771b91696f7104ea8c83b81002f033b83f737e79fc07109ff597cff415d,ef3f0c89d96ab326ed5c33340210b37033e47b033e9f124811cce7c80ef83b87,False,ok
figure3-wide-r4-20260716T140249Z-99bbe7a-5418d4c3ceae,figure3l,holdout_figure1b,1000000,183767,2,6,figure3-wide-r4-l-z01-a05,,,0.9510248413914085,11.0,11,183018,100,0,0.0,0.0,0.03699349820698568,0.183767,post_freeze_wide_round_4,transition,True,figure1bc|114514|holdout_figure1b|1000000|183767,2462c843689b1b33b809fe4e7ef7d0912e7c5e07ddd43c7e82dfd287a7be71f2,5ae2b8ba328127f3732503d6e73c6f999e3e50ad2b05489bd7923ad0ee789bb5,ef3f0c89d96ab326ed5c33340210b37033e47b033e9f124811cce7c80ef83b87,False,ok
figure3-wide-r4-20260716T140249Z-99bbe7a-5418d4c3ceae,figure3l,holdout_figure1b,1000000,183767,2,6,figure3-wide-r4-l-z01-a06,,,0.9814074541817858,11.0,11,183483,100,0,0.0,0.0,0.03699349820698568,0.183767,post_freeze_wide_round_4,transition,True,figure1bc|114514|holdout_figure1b|1000000|183767,2462c843689b1b33b809fe4e7ef7d0912e7c5e07ddd43c7e82dfd287a7be71f2,07d18fbc631459ce18e77a57e9ecc2fdd7dd9816945bbf72f76ff3aa4710e030,ef3f0c89d96ab326ed5c33340210b37033e47b033e9f124811cce7c80ef83b87,False,ok
figure3-wide-r4-20260716T140249Z-99bbe7a-5418d4c3ceae,figure3l,holdout_figure1b,1000000,183767,2,6,figure3-wide-r4-l-z02-a00,,,0.11570232443340224,22.0,22,176703,100,100,1.0,0.9630065017930143,1.0,0.183767,post_freeze_wide_round_4,transition,True,figure1bc|114514|holdout_figure1b|1000000|183767,2462c843689b1b33b809fe4e7ef7d0912e7c5e07ddd43c7e82dfd287a7be71f2,6fb7d221b12b3f2c31d08b5909b2a70d9088d9b6ad7183aa00a46cff64203976,ef3f0c89d96ab326ed5c33340210b37033e47b033e9f124811cce7c80ef83b87,False,ok
figure3-wide-r4-20260716T140249Z-99bbe7a-5418d4c3ceae,figure3l,holdout_figure1b,1000000,183767,2,6,figure3-wide-r4-l-z02-a01,,,0.262353279906528,22.0,22,177874,100,100,1.0,0.9630065017930143,1.0,0.183767,post_freeze_wide_round_4,transition,True,figure1bc|114514|holdout_figure1b|1000000|183767,2462c843689b1b33b809fe4e7ef7d0912e7c5e07ddd43c7e82dfd287a7be71f2,19fd43cf18b775b214d5043e79ddcd8ffd6cdc6b0b64e42f4434e4944e070ee5,ef3f0c89d96ab326ed5c33340210b37033e47b033e9f124811cce7c80ef83b87,False,ok
figure3-wide-r4-20260716T140249Z-99bbe7a-5418d4c3ceae,figure3l,holdout_figure1b,1000000,183767,2,6,figure3-wide-r4-l-z02-a02,,,0.49155754774001204,22.0,22,179706,100,100,1.0,0.9630065017930143,1.0,0.183767,post_freeze_wide_round_4,transition,True,figure1bc|114514|holdout_figure1b|1000000|183767,2462c843689b1b33b809fe4e7ef7d0912e7c5e07ddd43c7e82dfd287a7be71f2,ff0b1945dc5bc6262d2e7ddf4345580331ff0d6d2a6253ad330fca7f7c5b65c2,ef3f0c89d96ab326ed5c33340210b37033e47b033e9f124811cce7c80ef83b87,False,ok
figure3-wide-r4-20260716T140249Z-99bbe7a-5418d4c3ceae,figure3l,holdout_figure1b,1000000,183767,2,6,figure3-wide-r4-l-z02-a04,,,0.8772052760707243,22.0,22,182786,100,0,0.0,0.0,0.03699349820698568,0.183767,post_freeze_wide_round_4,transition,True,figure1bc|114514|holdout_figure1b|1000000|183767,2462c843689b1b33b809fe4e7ef7d0912e7c5e07ddd43c7e82dfd287a7be71f2,68bcbfaec5fe636e8999d5d596daa6480f752bfc693298ba7415c520296ea876,ef3f0c89d96ab326ed5c33340210b37033e47b033e9f124811cce7c80ef83b87,False,ok
figure3-wide-r4-20260716T140249Z-99bbe7a-5418d4c3ceae,figure3l,holdout_figure1b,1000000,183767,2,6,figure3-wide-r4-l-z02-a05,,,0.9510248413914085,22.0,22,183376,100,0,0.0,0.0,0.03699349820698568,0.183767,post_freeze_wide_round_4,transition,True,figure1bc|114514|holdout_figure1b|1000000|183767,2462c843689b1b33b809fe4e7ef7d0912e7c5e07ddd43c7e82dfd287a7be71f2,ff5309aa1b15d60b4e54fece44f29bfa293ae11cb262f624724aec30d8a1f6aa,ef3f0c89d96ab326ed5c33340210b37033e47b033e9f124811cce7c80ef83b87,False,ok
figure3-wide-r4-20260716T140249Z-99bbe7a-5418d4c3ceae,figure3l,holdout_figure1b,1000000,183767,2,6,figure3-wide-r4-l-z02-a06,,,0.9814074541817858,22.0,22,183619,100,0,0.0,0.0,0.03699349820698568,0.183767,post_freeze_wide_round_4,transition,True,figure1bc|114514|holdout_figure1b|1000000|183767,2462c843689b1b33b809fe4e7ef7d0912e7c5e07ddd43c7e82dfd287a7be71f2,33d8ee665fed70fbf98a6a5012d443e7f5c5b7a1b4cfa6987ffdcaeb8b76fd8e,ef3f0c89d96ab326ed5c33340210b37033e47b033e9f124811cce7c80ef83b87,False,ok
figure3-wide-r4-20260716T140249Z-99bbe7a-5418d4c3ceae,figure3l,holdout_figure1b,1000000,183767,2,6,figure3-wide-r4-l-z03-a00,,,0.11570232443340224,33.0,33,178989,100,100,1.0,0.9630065017930143,1.0,0.183767,post_freeze_wide_round_4,transition,True,figure1bc|114514|holdout_figure1b|1000000|183767,2462c843689b1b33b809fe4e7ef7d0912e7c5e07ddd43c7e82dfd287a7be71f2,35c748dbe61b20e96d007b93db3bd1a4ad7ce8960a85add3bed5c024ab3de7a0,ef3f0c89d96ab326ed5c33340210b37033e47b033e9f124811cce7c80ef83b87,False,ok
figure3-wide-r4-20260716T140249Z-99bbe7a-5418d4c3ceae,figure3l,holdout_figure1b,1000000,183767,2,6,figure3-wide-r4-l-z03-a01,,,0.262353279906528,33.0,33,179781,100,100,1.0,0.9630065017930143,1.0,0.183767,post_freeze_wide_round_4,transition,True,figure1bc|114514|holdout_figure1b|1000000|183767,2462c843689b1b33b809fe4e7ef7d0912e7c5e07ddd43c7e82dfd287a7be71f2,17f20d9306a2c2a3b128406ef6b4d38c6f5256051908a501db531650f1021516,ef3f0c89d96ab326ed5c33340210b37033e47b033e9f124811cce7c80ef83b87,False,ok
figure3-wide-r4-20260716T140249Z-99bbe7a-5418d4c3ceae,figure3l,holdout_figure1b,1000000,183767,2,6,figure3-wide-r4-l-z03-a02,,,0.49155754774001204,33.0,33,181020,100,100,1.0,0.9630065017930143,1.0,0.183767,post_freeze_wide_round_4,transition,True,figure1bc|114514|holdout_figure1b|1000000|183767,2462c843689b1b33b809fe4e7ef7d0912e7c5e07ddd43c7e82dfd287a7be71f2,47b756037bccb6c760d6aa2fe078317151ac6df58da0f1bf6979a20281eec09a,ef3f0c89d96ab326ed5c33340210b37033e47b033e9f124811cce7c80ef83b87,False,ok
figure3-wide-r4-20260716T140249Z-99bbe7a-5418d4c3ceae,figure3l,holdout_figure1b,1000000,183767,2,6,figure3-wide-r4-l-z03-a03,,,0.7243668166820519,33.0,33,182278,100,100,1.0,0.9630065017930143,1.0,0.183767,post_freeze_wide_round_4,transition,True,figure1bc|114514|holdout_figure1b|1000000|183767,2462c843689b1b33b809fe4e7ef7d0912e7c5e07ddd43c7e82dfd287a7be71f2,7c1020126961c7fc16b1da549a1c020307148f7cc698865d26be1713c553f28e,ef3f0c89d96ab326ed5c33340210b37033e47b033e9f124811cce7c80ef83b87,False,ok
figure3-wide-r4-20260716T140249Z-99bbe7a-5418d4c3ceae,figure3l,holdout_figure1b,1000000,183767,2,6,figure3-wide-r4-l-z03-a04,,,0.8772052760707243,33.0,33,183104,100,0,0.0,0.0,0.03699349820698568,0.183767,post_freeze_wide_round_4,transition,True,figure1bc|114514|holdout_figure1b|1000000|183767,2462c843689b1b33b809fe4e7ef7d0912e7c5e07ddd43c7e82dfd287a7be71f2,bba676768886284570779016ff6a2487471edffb599bdc3cca4921d65947987d,ef3f0c89d96ab326ed5c33340210b37033e47b033e9f124811cce7c80ef83b87,False,ok
figure3-wide-r4-20260716T140249Z-99bbe7a-5418d4c3ceae,figure3l,holdout_figure1b,1000000,183767,2,6,figure3-wide-r4-l-z03-a05,,,0.9510248413914085,33.0,33,183503,100,0,0.0,0.0,0.03699349820698568,0.183767,post_freeze_wide_round_4,transition,True,figure1bc|114514|holdout_figure1b|1000000|183767,2462c843689b1b33b809fe4e7ef7d0912e7c5e07ddd43c7e82dfd287a7be71f2,600b0f19cb4e018a6a55505c3d2a7831dce133bb0eabff2330bfa9c67e6b56ea,ef3f0c89d96ab326ed5c33340210b37033e47b033e9f124811cce7c80ef83b87,False,ok
figure3-wide-r4-20260716T140249Z-99bbe7a-5418d4c3ceae,figure3l,holdout_figure1b,1000000,183767,2,6,figure3-wide-r4-l-z03-a06,,,0.9814074541817858,33.0,33,183667,100,0,0.0,0.0,0.03699349820698568,0.183767,post_freeze_wide_round_4,transition,True,figure1bc|114514|holdout_figure1b|1000000|183767,2462c843689b1b33b809fe4e7ef7d0912e7c5e07ddd43c7e82dfd287a7be71f2,1fa701dcccf3d818f7420220e47814b1fe819540657dfc41fb675b8c2df6d655,ef3f0c89d96ab326ed5c33340210b37033e47b033e9f124811cce7c80ef83b87,False,ok
figure3-wide-r4-20260716T140249Z-99bbe7a-5418d4c3ceae,figure3l,holdout_figure1b,1000000,183767,2,6,figure3-wide-r4-l-z04-a00,,,0.11570232443340224,55.0,55,180866,100,100,1.0,0.9630065017930143,1.0,0.183767,post_freeze_wide_round_4,transition,True,figure1bc|114514|holdout_figure1b|1000000|183767,2462c843689b1b33b809fe4e7ef7d0912e7c5e07ddd43c7e82dfd287a7be71f2,2fc64510e858830e4b226c7f0526f6f58f1a812a1905a1b43819f90ec88191fb,ef3f0c89d96ab326ed5c33340210b37033e47b033e9f124811cce7c80ef83b87,False,ok
figure3-wide-r4-20260716T140249Z-99bbe7a-5418d4c3ceae,figure3l,holdout_figure1b,1000000,183767,2,6,figure3-wide-r4-l-z04-a01,,,0.262353279906528,55.0,55,181347,100,100,1.0,0.9630065017930143,1.0,0.183767,post_freeze_wide_round_4,transition,True,figure1bc|114514|holdout_figure1b|1000000|183767,2462c843689b1b33b809fe4e7ef7d0912e7c5e07ddd43c7e82dfd287a7be71f2,68eae4a4843a652e53b973bfef04af085ac4e3ded8b966b7c3c70f508b81efca,ef3f0c89d96ab326ed5c33340210b37033e47b033e9f124811cce7c80ef83b87,False,ok
figure3-wide-r4-20260716T140249Z-99bbe7a-5418d4c3ceae,figure3l,holdout_figure1b,1000000,183767,2,6,figure3-wide-r4-l-z04-a02,,,0.49155754774001204,55.0,55,182099,100,100,1.0,0.9630065017930143,1.0,0.183767,post_freeze_wide_round_4,transition,True,figure1bc|114514|holdout_figure1b|1000000|183767,2462c843689b1b33b809fe4e7ef7d0912e7c5e07ddd43c7e82dfd287a7be71f2,5450b6ca3b7745ab9a5654be63a02d008ac5eb43798d9c858e0d1aac51331a15,ef3f0c89d96ab326ed5c33340210b37033e47b033e9f124811cce7c80ef83b87,False,ok
figure3-wide-r4-20260716T140249Z-99bbe7a-5418d4c3ceae,figure3l,holdout_figure1b,1000000,183767,2,6,figure3-wide-r4-l-z04-a03,,,0.7243668166820519,55.0,55,182863,100,100,1.0,0.9630065017930143,1.0,0.183767,post_freeze_wide_round_4,transition,True,figure1bc|114514|holdout_figure1b|1000000|183767,2462c843689b1b33b809fe4e7ef7d0912e7c5e07ddd43c7e82dfd287a7be71f2,b48596c71482a3860d44f3f73ae01f1d3da63bb95eecda0fe8cf48bc09dc9f84,ef3f0c89d96ab326ed5c33340210b37033e47b033e9f124811cce7c80ef83b87,False,ok
figure3-wide-r4-20260716T140249Z-99bbe7a-5418d4c3ceae,figure3l,holdout_figure1b,1000000,183767,2,6,figure3-wide-r4-l-z04-a04,,,0.8772052760707243,55.0,55,183365,100,0,0.0,0.0,0.03699349820698568,0.183767,post_freeze_wide_round_4,transition,True,figure1bc|114514|holdout_figure1b|1000000|183767,2462c843689b1b33b809fe4e7ef7d0912e7c5e07ddd43c7e82dfd287a7be71f2,4a1da3d22d494939ed947258e42af05e4ef00153c7dcf2496ed64b4e21aebdf8,ef3f0c89d96ab326ed5c33340210b37033e47b033e9f124811cce7c80ef83b87,False,ok
figure3-wide-r4-20260716T140249Z-99bbe7a-5418d4c3ceae,figure3l,holdout_figure1b,1000000,183767,2,6,figure3-wide-r4-l-z04-a05,,,0.9510248413914085,55.0,55,183607,100,0,0.0,0.0,0.03699349820698568,0.183767,post_freeze_wide_round_4,transition,True,figure1bc|114514|holdout_figure1b|1000000|183767,2462c843689b1b33b809fe4e7ef7d0912e7c5e07ddd43c7e82dfd287a7be71f2,1e3cc988afb14100bcb0a6284f6954acb74ab4e4e5e7ded97972b44694151398,ef3f0c89d96ab326ed5c33340210b37033e47b033e9f124811cce7c80ef83b87,False,ok
figure3-wide-r4-20260716T140249Z-99bbe7a-5418d4c3ceae,figure3l,holdout_figure1b,1000000,183767,2,6,figure3-wide-r4-l-z04-a06,,,0.9814074541817858,55.0,55,183706,100,0,0.0,0.0,0.03699349820698568,0.183767,post_freeze_wide_round_4,transition,True,figure1bc|114514|holdout_figure1b|1000000|183767,2462c843689b1b33b809fe4e7ef7d0912e7c5e07ddd43c7e82dfd287a7be71f2,d5ea7f5850a5d820eac5e8dae1d2fadc569ebcf996731bca5ce6ec9f3a149ed2,ef3f0c89d96ab326ed5c33340210b37033e47b033e9f124811cce7c80ef83b87,False,ok
figure3-wide-r4-20260716T140249Z-99bbe7a-5418d4c3ceae,figure3l,holdout_figure1b,1000000,183767,2,6,figure3-wide-r4-l-z05-a00,,,0.11570232443340224,88.0,88,181942,100,100,1.0,0.9630065017930143,1.0,0.183767,post_freeze_wide_round_4,transition,True,figure1bc|114514|holdout_figure1b|1000000|183767,2462c843689b1b33b809fe4e7ef7d0912e7c5e07ddd43c7e82dfd287a7be71f2,ecd53ec969fb71b758a6eb3c2bc38b0c6b0c57ba1b20e44057cd7cdf74b4b809,ef3f0c89d96ab326ed5c33340210b37033e47b033e9f124811cce7c80ef83b87,False,ok
figure3-wide-r4-20260716T140249Z-99bbe7a-5418d4c3ceae,figure3l,holdout_figure1b,1000000,183767,2,6,figure3-wide-r4-l-z05-a01,,,0.262353279906528,88.0,88,182245,100,100,1.0,0.9630065017930143,1.0,0.183767,post_freeze_wide_round_4,transition,True,figure1bc|114514|holdout_figure1b|1000000|183767,2462c843689b1b33b809fe4e7ef7d0912e7c5e07ddd43c7e82dfd287a7be71f2,16b0049f37596ef63bf86beb398758759ad464c439346110035aaf5e01e41541,ef3f0c89d96ab326ed5c33340210b37033e47b033e9f124811cce7c80ef83b87,False,ok
figure3-wide-r4-20260716T140249Z-99bbe7a-5418d4c3ceae,figure3l,holdout_figure1b,1000000,183767,2,6,figure3-wide-r4-l-z05-a02,,,0.49155754774001204,88.0,88,182718,100,100,1.0,0.9630065017930143,1.0,0.183767,post_freeze_wide_round_4,transition,True,figure1bc|114514|holdout_figure1b|1000000|183767,2462c843689b1b33b809fe4e7ef7d0912e7c5e07ddd43c7e82dfd287a7be71f2,f74eabd2d55c978a97bc339c0290b6a1067ef592f4222d2ee1d11ca18e0e8341,ef3f0c89d96ab326ed5c33340210b37033e47b033e9f124811cce7c80ef83b87,False,ok
figure3-wide-r4-20260716T140249Z-99bbe7a-5418d4c3ceae,figure3l,holdout_figure1b,1000000,183767,2,6,figure3-wide-r4-l-z05-a03,,,0.7243668166820519,88.0,88,183199,100,100,1.0,0.9630065017930143,1.0,0.183767,post_freeze_wide_round_4,transition,True,figure1bc|114514|holdout_figure1b|1000000|183767,2462c843689b1b33b809fe4e7ef7d0912e7c5e07ddd43c7e82dfd287a7be71f2,44ca0852c357f164a60f9bf1019b75d68383bb35d280f8f148b0e54dfd5d124a,ef3f0c89d96ab326ed5c33340210b37033e47b033e9f124811cce7c80ef83b87,False,ok
figure3-wide-r4-20260716T140249Z-99bbe7a-5418d4c3ceae,figure3l,holdout_figure1b,1000000,183767,2,6,figure3-wide-r4-l-z05-a04,,,0.8772052760707243,88.0,88,183514,100,0,0.0,0.0,0.03699349820698568,0.183767,post_freeze_wide_round_4,transition,True,figure1bc|114514|holdout_figure1b|1000000|183767,2462c843689b1b33b809fe4e7ef7d0912e7c5e07ddd43c7e82dfd287a7be71f2,b96b5008a7afd2ea06697fe98db36c39249734c1943d4b59f666d4872458e731,ef3f0c89d96ab326ed5c33340210b37033e47b033e9f124811cce7c80ef83b87,False,ok
figure3-wide-r4-20260716T140249Z-99bbe7a-5418d4c3ceae,figure3l,holdout_figure1b,1000000,183767,2,6,figure3-wide-r4-l-z05-a05,,,0.9510248413914085,88.0,88,183666,100,0,0.0,0.0,0.03699349820698568,0.183767,post_freeze_wide_round_4,transition,True,figure1bc|114514|holdout_figure1b|1000000|183767,2462c843689b1b33b809fe4e7ef7d0912e7c5e07ddd43c7e82dfd287a7be71f2,72bbcc9cda55772797245c0e7d977adfbc9ca099784c686fd26d747731fe448a,ef3f0c89d96ab326ed5c33340210b37033e47b033e9f124811cce7c80ef83b87,False,ok
figure3-wide-r4-20260716T140249Z-99bbe7a-5418d4c3ceae,figure3l,holdout_figure1b,1000000,183767,2,6,figure3-wide-r4-l-z05-a06,,,0.9814074541817858,88.0,88,183729,100,0,0.0,0.0,0.03699349820698568,0.183767,post_freeze_wide_round_4,transition,True,figure1bc|114514|holdout_figure1b|1000000|183767,2462c843689b1b33b809fe4e7ef7d0912e7c5e07ddd43c7e82dfd287a7be71f2,1eecf61f288d9dae6b29453326ba038d00c494334ee61a815e3f88c368e58a0d,ef3f0c89d96ab326ed5c33340210b37033e47b033e9f124811cce7c80ef83b87,False,ok
figure3-wide-r4-20260716T140249Z-99bbe7a-5418d4c3ceae,figure3l,holdout_figure1b,1000000,183767,2,6,figure3-wide-r4-l-z06-a00,,,0.11570232443340224,132.0,132,182546,100,100,1.0,0.9630065017930143,1.0,0.183767,post_freeze_wide_round_4,transition,True,figure1bc|114514|holdout_figure1b|1000000|183767,2462c843689b1b33b809fe4e7ef7d0912e7c5e07ddd43c7e82dfd287a7be71f2,514b520536efd4df4b2d795b27422df7a8ae942d2e3145dcc9a43164bb74a909,ef3f0c89d96ab326ed5c33340210b37033e47b033e9f124811cce7c80ef83b87,False,ok
figure3-wide-r4-20260716T140249Z-99bbe7a-5418d4c3ceae,figure3l,holdout_figure1b,1000000,183767,2,6,figure3-wide-r4-l-z06-a01,,,0.262353279906528,132.0,132,182749,100,100,1.0,0.9630065017930143,1.0,0.183767,post_freeze_wide_round_4,transition,True,figure1bc|114514|holdout_figure1b|1000000|183767,2462c843689b1b33b809fe4e7ef7d0912e7c5e07ddd43c7e82dfd287a7be71f2,ae91bf38e619482de1e65a740a5f820ddd5bd5ee6256b2b564a218e51b15d8da,ef3f0c89d96ab326ed5c33340210b37033e47b033e9f124811cce7c80ef83b87,False,ok
figure3-wide-r4-20260716T140249Z-99bbe7a-5418d4c3ceae,figure3l,holdout_figure1b,1000000,183767,2,6,figure3-wide-r4-l-z06-a02,,,0.49155754774001204,132.0,132,183065,100,100,1.0,0.9630065017930143,1.0,0.183767,post_freeze_wide_round_4,transition,True,figure1bc|114514|holdout_figure1b|1000000|183767,2462c843689b1b33b809fe4e7ef7d0912e7c5e07ddd43c7e82dfd287a7be71f2,5cec1024980994fcc4d8b827c31f116c667c058387d4ff5f268f7dbf9faf5009,ef3f0c89d96ab326ed5c33340210b37033e47b033e9f124811cce7c80ef83b87,False,ok
figure3-wide-r4-20260716T140249Z-99bbe7a-5418d4c3ceae,figure3l,holdout_figure1b,1000000,183767,2,6,figure3-wide-r4-l-z06-a03,,,0.7243668166820519,132.0,132,183387,100,100,1.0,0.9630065017930143,1.0,0.183767,post_freeze_wide_round_4,transition,True,figure1bc|114514|holdout_figure1b|1000000|183767,2462c843689b1b33b809fe4e7ef7d0912e7c5e07ddd43c7e82dfd287a7be71f2,c523e86f2f86e0163e3ced26c9320e82fc548e5c10799d184ec723b46dc166eb,ef3f0c89d96ab326ed5c33340210b37033e47b033e9f124811cce7c80ef83b87,False,ok
figure3-wide-r4-20260716T140249Z-99bbe7a-5418d4c3ceae,figure3l,holdout_figure1b,1000000,183767,2,6,figure3-wide-r4-l-z06-a04,,,0.8772052760707243,132.0,132,183598,100,0,0.0,0.0,0.03699349820698568,0.183767,post_freeze_wide_round_4,transition,True,figure1bc|114514|holdout_figure1b|1000000|183767,2462c843689b1b33b809fe4e7ef7d0912e7c5e07ddd43c7e82dfd287a7be71f2,a45715310622e7cf637885c42a9bffa158b2e2d00efb66fec92e88aae8d3e5d4,ef3f0c89d96ab326ed5c33340210b37033e47b033e9f124811cce7c80ef83b87,False,ok
figure3-wide-r4-20260716T140249Z-99bbe7a-5418d4c3ceae,figure3l,holdout_figure1b,1000000,183767,2,6,figure3-wide-r4-l-z06-a05,,,0.9510248413914085,132.0,132,183700,100,0,0.0,0.0,0.03699349820698568,0.183767,post_freeze_wide_round_4,transition,True,figure1bc|114514|holdout_figure1b|1000000|183767,2462c843689b1b33b809fe4e7ef7d0912e7c5e07ddd43c7e82dfd287a7be71f2,65007d99e5e362dedd11940726e5f1f982b565afa09712b002bd6ed9b41538a7,ef3f0c89d96ab326ed5c33340210b37033e47b033e9f124811cce7c80ef83b87,False,ok
figure3-wide-r4-20260716T140249Z-99bbe7a-5418d4c3ceae,figure3l,holdout_figure1b,1000000,183767,2,6,figure3-wide-r4-l-z06-a06,,,0.9814074541817858,132.0,132,183742,100,0,0.0,0.0,0.03699349820698568,0.183767,post_freeze_wide_round_4,transition,True,figure1bc|114514|holdout_figure1b|1000000|183767,2462c843689b1b33b809fe4e7ef7d0912e7c5e07ddd43c7e82dfd287a7be71f2,98648c074a402a397b3ba1e440e0bff909cc349e4fdf786e253ece6662c95b0a,ef3f0c89d96ab326ed5c33340210b37033e47b033e9f124811cce7c80ef83b87,False,ok
figure3-wide-r4-20260716T140249Z-99bbe7a-5418d4c3ceae,figure3l,holdout_figure1b,1000000,183767,2,6,frozen-prediction,0.875,0.9,0.7243668166820519,21.67135261011856,22,181565,100,100,1.0,0.9630065017930143,1.0,0.183767,post_freeze_wide_round_4,transition,True,figure1bc|114514|holdout_figure1b|1000000|183767,2462c843689b1b33b809fe4e7ef7d0912e7c5e07ddd43c7e82dfd287a7be71f2,20953fd0562c3c41dc0820c94b91a336eb45f225ad60c5f73ec931da49bdaefb,ef3f0c89d96ab326ed5c33340210b37033e47b033e9f124811cce7c80ef83b87,True,ok
